step,step_state_sec,to_numpy_sec,total_step_sec,saved
0,0.006506299949251115,0.0004320000298321247,0.008648799965158105,1
1,0.0003997000167146325,0.0,0.0004062000662088394,0
2,0.0002239999594166875,0.0,0.00022489996626973152,0
3,0.00021739990916103125,0.0,0.00021839991677552462,0
4,0.00018069997895509005,0.0,0.00018159998580813408,0
5,0.00016629998572170734,0.0,0.00016709999181330204,0
6,0.00023419992066919804,0.0,0.00023529992904514074,0
7,0.00021740002557635307,0.0,0.0002183000324293971,0
8,0.0002175000263378024,0.0,0.0002183000324293971,0
9,0.00024319998919963837,0.0003964999923482537,0.002665999927558005,1
10,0.0004814999410882592,0.0,0.0004827999509871006,0
11,0.0003143999492749572,0.0,0.0003154999576508999,0
12,0.0002574000973254442,0.0,0.00025839998852461576,0
13,0.00028010003734380007,0.0,0.00028090004343539476,0
14,0.00016590009909123182,0.0,0.00016670010518282652,0
15,0.00019940000493079424,0.0,0.00020030001178383827,0
16,0.00025049992837011814,0.0,0.0002513999352231622,0
17,0.00024049996864050627,0.0,0.00024119997397065163,0
18,0.0002101999707520008,0.0,0.00021119997836649418,0
19,0.00023719994351267815,0.0004919000202789903,0.0026448999997228384,1
20,0.00044979993253946304,0.0,0.0004520999500527978,0
21,0.000390400062315166,0.0,0.0003917000722140074,0
22,0.0003806999884545803,0.0,0.000381799996830523,0
23,0.00027680001221597195,0.0,0.00027760001830756664,0
24,0.0002677999436855316,0.0,0.00026869995053857565,0
25,0.0002712999703362584,0.0,0.00027219997718930244,0
26,0.00016369996592402458,0.0,0.00016449997201561928,0
27,0.0001710999058559537,0.0,0.0001718999119475484,0
28,0.0001764999469742179,0.0,0.0001772999530658126,0
29,0.0001970999874174595,0.0004080000799149275,0.002842599991708994,1
30,0.00030129996594041586,0.0,0.00030239997431635857,0
31,0.00019869999960064888,0.0,0.00019970000721514225,0
32,0.00018910004291683435,0.0,0.0001900000497698784,0
33,0.0001642999704927206,0.0,0.00016519997734576464,0
34,0.0001626000739634037,0.0,0.00016330007929354906,0
35,0.00023479992523789406,0.0,0.0002356999320909381,0
36,0.00017629994545131922,0.0,0.00017709995154291391,0
37,0.00017589994240552187,0.0,0.0001767999492585659,0
38,0.0001775999553501606,0.0,0.00017849996220320463,0
39,0.000175100052729249,0.0004183999262750149,0.0024838000535964966,1
40,0.0003143999492749572,0.0,0.0003155999584123492,0
41,0.0001713000237941742,0.0,0.0001724000321701169,0
42,0.0002133999951183796,0.0,0.0002145000034943223,0
43,0.00021199998445808887,0.0,0.00021279999054968357,0
44,0.00024640001356601715,0.0,0.0002479999093338847,0
45,0.00029859994538128376,0.0,0.0003000999568030238,0
46,0.0001724000321701169,0.0,0.00017330003902316093,0
47,0.0001876000314950943,0.0,0.000188400037586689,0
48,0.00023250002413988113,0.0,0.0002335000317543745,0
49,0.0001677999971434474,0.000458099995739758,0.0027398000238463283,1
50,0.00033920002169907093,0.0,0.000340400030836463,0
51,0.00017520005349069834,0.0,0.00017610006034374237,0
52,0.00019450008403509855,0.0,0.00019550009164959192,0
53,0.00017150002531707287,0.0,0.0001724000321701169,0
54,0.00020329991821199656,0.0,0.0002041999250650406,0
55,0.00018079997971653938,0.0,0.00018179998733103275,0
56,0.00016639998648315668,0.0,0.00016719999257475138,0
57,0.00016609998419880867,0.0,0.0001669999910518527,0
58,0.00017930008471012115,0.0,0.00018010009080171585,0
59,0.0001650000922381878,0.00046099990140646696,0.0031051000114530325,1
60,0.00035289989318698645,0.0,0.00035449990537017584,0
61,0.0001694000093266368,0.0,0.00017040001694113016,0
62,0.0001900999341160059,0.0,0.00019109994173049927,0
63,0.00016599998343735933,0.0,0.00016679998952895403,0
64,0.00016840000171214342,0.0,0.00016920000780373812,0
65,0.00022090005222707987,0.0,0.0002218000590801239,0
66,0.00016459997277706861,0.0,0.00016549997963011265,0
67,0.0001903000520542264,0.0,0.00019100005738437176,0
68,0.00022460008040070534,0.0,0.00022550008725374937,0
69,0.0001677999971434474,0.00038490002043545246,0.0023244000039994717,1
70,0.0003296000650152564,0.0,0.0003309000749140978,0
71,0.00017060001846402884,0.0,0.00017170002683997154,0
72,0.00018969993107020855,0.0,0.00019079993944615126,0
73,0.00017200002912431955,0.0,0.00017300003673881292,0
74,0.00016470008995383978,0.0,0.0001656000968068838,0
75,0.00017770007252693176,0.0,0.0001786000793799758,0
76,0.00016499997582286596,0.0,0.00016579998191446066,0
77,0.00016419996973127127,0.0,0.00016499997582286596,0
78,0.00017859996296465397,0.0,0.000179499969817698,0
79,0.00016870000399649143,0.0003469999646767974,0.002299700048752129,1
80,0.00032240001019090414,0.0,0.00032350001856684685,0
81,0.00016799999866634607,0.0,0.00016900000628083944,0
82,0.0001892000436782837,0.0,0.0001903000520542264,0
83,0.00020490004681050777,0.0,0.0002058000536635518,0
84,0.00016480009071528912,0.0,0.0001656000968068838,0
85,0.00018040009308606386,0.0,0.00018120009917765856,0
86,0.00016270007472485304,0.0,0.00016350008081644773,0
87,0.000161800067871809,0.0,0.0001626000739634037,0
88,0.00017910008318722248,0.0,0.00018000009004026651,0
89,0.00016080006025731564,0.0004993999609723687,0.0032924000406637788,1
90,0.00035470002330839634,0.0,0.00035610003396868706,0
91,0.00016709999181330204,0.0,0.0001680999994277954,0
92,0.0002101999707520008,0.0,0.00021119997836649418,0
93,0.00016469997353851795,0.0,0.00016559998039156199,0
94,0.00016249995678663254,0.0,0.00016329996287822723,0
95,0.00017539993859827518,0.0,0.00017619994468986988,0
96,0.00016210007015615702,0.0,0.00016289995983242989,0
97,0.00015980005264282227,0.0,0.00016060005873441696,0
98,0.00017710006795823574,0.0,0.00017790007404983044,0
99,0.00016120006330311298,0.00036860001273453236,0.0023359000915661454,1
100,0.00029180001001805067,0.0,0.0002932000206783414,0
101,0.0001694000093266368,0.0,0.00017040001694113016,0
102,0.0001946999691426754,0.0,0.00019559997599571943,0
103,0.00016599998343735933,0.0,0.00016689999029040337,0
104,0.0001620999537408352,0.0,0.00016289995983242989,0
105,0.00017749995458871126,0.0,0.00017849996220320463,0
106,0.0001626999583095312,0.0,0.0001634999644011259,0
107,0.0001653999788686633,0.0,0.000166199984960258,0
108,0.00017739995382726192,0.0,0.00017819995991885662,0
109,0.00016649998724460602,0.0003671000013127923,0.002444599987939,1
110,0.0003370000049471855,0.0,0.00033820001408457756,0
111,0.0001729999203234911,0.0,0.00017389992717653513,0
112,0.0001895000459626317,0.0,0.00019050005357712507,0
113,0.00016719999257475138,0.0,0.00016799999866634607,0
114,0.00016459997277706861,0.0,0.0001653999788686633,0
115,0.00017809995915740728,0.0,0.00017889996524900198,0
116,0.00020999996922910213,0.0,0.00021089997608214617,0
117,0.00016229995526373386,0.0,0.0001631999621167779,0
118,0.0001767999492585659,0.0,0.00017769995611160994,0
119,0.00016359996516257524,0.0003725000424310565,0.002113100024871528,1
120,0.00030399998649954796,0.0,0.00030519999563694,0
121,0.00017399992793798447,0.0,0.00017499993555247784,0
122,0.0001895000459626317,0.0,0.00019059993792325258,0
123,0.0001647999742999673,0.0,0.00016559998039156199,0
124,0.00016389996744692326,0.0,0.0001647999742999673,0
125,0.00017719995230436325,0.0,0.00017809995915740728,0
126,0.00016279995907098055,0.0,0.00016369996592402458,0
127,0.000228599994443357,0.0,0.00023020000662654638,0
128,0.00026020000223070383,0.0,0.00026110000908374786,0
129,0.00016599998343735933,0.0004938000347465277,0.002427999977953732,1
130,0.00033579999580979347,0.0,0.00033710000570863485,0
131,0.00016789999790489674,0.0,0.00016880000475794077,0
132,0.00018900004215538502,0.0,0.00018990004900842905,0
133,0.00016410008538514376,0.0,0.00016489997506141663,0
134,0.00016190006863325834,0.0,0.00016280007548630238,0
135,0.0002145000034943223,0.0,0.00021540001034736633,0
136,0.0001623999560251832,0.0,0.0001631999621167779,0
137,0.00016189995221793652,0.0,0.0001626999583095312,0
138,0.000175100052729249,0.0,0.00017600005958229303,0
139,0.00016320007853209972,0.0003926000790670514,0.0022797000128775835,1
140,0.00031290005426853895,0.0,0.000314100063405931,0
141,0.00016840000171214342,0.0,0.00016929989214986563,0
142,0.00018830003682523966,0.0,0.0001892000436782837,0
143,0.0001674999948590994,0.0,0.00016850000247359276,0
144,0.00016689999029040337,0.0,0.0001677999971434474,0
145,0.0001781000755727291,0.0,0.00017900008242577314,0
146,0.00016300007700920105,0.0,0.00016380008310079575,0
147,0.0001631000777706504,0.0,0.00016390008386224508,0
148,0.00017570005729794502,0.0,0.0001767000649124384,0
149,0.00016329996287822723,0.0003573000431060791,0.002318899962119758,1
150,0.000278000021353364,0.0,0.00027920003049075603,0
151,0.00017040001694113016,0.0,0.00017140002455562353,0
152,0.0001903000520542264,0.0,0.00019130005966871977,0
153,0.00016540009528398514,0.0,0.000166199984960258,0
154,0.00024180009495466948,0.0,0.00024279998615384102,0
155,0.00024269998539239168,0.0,0.00024369999300688505,0
156,0.00018610002007335424,0.0,0.00018700002692639828,0
157,0.00018339999951422215,0.0,0.00018440000712871552,0
158,0.0001938999630510807,0.0,0.00019479996990412474,0
159,0.00018149998504668474,0.00040149991400539875,0.002552199992351234,1
160,0.0004743000026792288,0.0,0.00047560001257807016,0
161,0.00017229991499334574,0.0,0.0001732999226078391,0
162,0.0001911999424919486,0.0,0.0001922999508678913,0
163,0.0001653999788686633,0.0,0.000166199984960258,0
164,0.00017509993631392717,0.0,0.0001759999431669712,0
165,0.0003060000017285347,0.0,0.00030700000934302807,0
166,0.0002704999642446637,0.0,0.0002714999718591571,0
167,0.00016850000247359276,0.0,0.0001694998936727643,0
168,0.00018159998580813408,0.0,0.00018259999342262745,0
169,0.0001650999765843153,0.00036619999445974827,0.002691800007596612,1
170,0.0002869999734684825,0.0,0.00028819998260587454,0
171,0.00016599998343735933,0.0,0.00016709999181330204,0
172,0.00019149994477629662,0.0,0.00019249995239078999,0
173,0.00016189995221793652,0.0,0.00016279995907098055,0
174,0.00015860004350543022,0.0,0.00015950005035847425,0
175,0.0001735000405460596,0.0,0.00017440004739910364,0
176,0.00015919993165880442,0.0,0.00016009993851184845,0
177,0.00015670002903789282,0.0,0.00015739991795271635,0
178,0.000174800050444901,0.0,0.00017570005729794502,0
179,0.0001580000389367342,0.00036529998760670424,0.0024521000450477004,1
180,0.0003018999705091119,0.0,0.00030339998193085194,0
181,0.00016930000856518745,0.0,0.00017030001617968082,0
182,0.000183899886906147,0.0,0.0001846998929977417,0
183,0.0001599000534042716,0.0,0.0001607000594958663,0
184,0.0001583000412210822,0.0,0.0001591000473126769,0
185,0.0001721999142318964,0.0,0.00017309992108494043,0
186,0.00015820004045963287,0.0,0.00015900004655122757,0
187,0.00016300007700920105,0.0,0.00016390008386224508,0
188,0.0001708000199869275,0.0,0.00017170002683997154,0
189,0.00015819992404431105,0.0003717000363394618,0.002574599930085242,1
190,0.00035099999513477087,0.0,0.0003524000057950616,0
191,0.00016709999181330204,0.0,0.0001680999994277954,0
192,0.00018960004672408104,0.0,0.00019070005510002375,0
193,0.00016320007853209972,0.0,0.00016400008462369442,0
194,0.0001599000534042716,0.0,0.00016080006025731564,0
195,0.00017950008623301983,0.0,0.00018040009308606386,0
196,0.00016160006634891033,0.0,0.00016250007320195436,0
197,0.00018690002616494894,0.0,0.00018780003301799297,0
198,0.00017040001694113016,0.0,0.0001713000237941742,0
199,0.00015970005188137293,0.00040060002356767654,0.0024473000084981322,1
200,0.0003418000414967537,0.0,0.0003429999342188239,0
201,0.00019479996990412474,0.0,0.0001957999775186181,0
202,0.0001873000292107463,0.0,0.00018830003682523966,0
203,0.00016629998572170734,0.0,0.00016729999333620071,0
204,0.00017399992793798447,0.0,0.0001748999347910285,0
205,0.00017390004359185696,0.0,0.000174800050444901,0
206,0.0001583000412210822,0.0,0.0001591000473126769,0
207,0.00015989993698894978,0.0,0.00016069994308054447,0
208,0.0001727000344544649,0.0,0.00017359992489218712,0
209,0.00019559997599571943,0.0003581000491976738,0.0026379000628367066,1
210,0.00033279997296631336,0.0,0.0003339999821037054,0
211,0.00017939996905624866,0.0,0.0001805999781936407,0
212,0.00018799991812556982,0.0,0.00018909992650151253,0
213,0.00016569998115301132,0.0,0.00016649998724460602,0
214,0.00016169995069503784,0.0,0.00016259995754808187,0
215,0.0001745999325066805,0.0,0.00017549993935972452,0
216,0.00016229995526373386,0.0,0.00016309996135532856,0
217,0.00017180002760142088,0.0,0.0001727000344544649,0
218,0.00017690006643533707,0.0,0.00017790007404983044,0
219,0.0001629000762477517,0.0003747999435290694,0.002395800082013011,1
220,0.0002983000595122576,0.0,0.00029990007169544697,0
221,0.00016649998724460602,0.0,0.0001674999948590994,0
222,0.00018660002388060093,0.0,0.00018770003225654364,0
223,0.00016220007091760635,0.0,0.00016320007853209972,0
224,0.00016110006254166365,0.0,0.00016190006863325834,0
225,0.00017339992336928844,0.0,0.00017429993022233248,0
226,0.0001647999742999673,0.0,0.00016569998115301132,0
227,0.00015869992785155773,0.0,0.00015949993394315243,0
228,0.0001721000298857689,0.0,0.00017290003597736359,0
229,0.0001588000450283289,0.00033179996535182,0.0027036000974476337,1
230,0.0003697999054566026,0.0,0.00037109991535544395,0
231,0.0002202000468969345,0.0,0.00022120005451142788,0
232,0.00032620003912597895,0.0,0.00032730004750192165,0
233,0.00017850007861852646,0.0,0.00017950008623301983,0
234,0.00016550009604543447,0.0,0.00016629998572170734,0
235,0.00024990004021674395,0.0,0.0002509000478312373,0
236,0.00016729999333620071,0.0,0.00016799999866634607,0
237,0.00020070001482963562,0.0,0.000201700022444129,0
238,0.0002470999024808407,0.0,0.0002479999093338847,0
239,0.00016639998648315668,0.0003197999903932214,0.002464700024574995,1
240,0.0003334999782964587,0.0,0.00033489998895674944,0
241,0.00016929989214986563,0.0,0.00017039990052580833,0
242,0.00026320002507418394,0.0,0.000264400034211576,0
243,0.00017250003293156624,0.0,0.00017330003902316093,0
244,0.00016409996896982193,0.0,0.0001647999742999673,0
245,0.00025239994283765554,0.0,0.0002533999504521489,0
246,0.00016679998952895403,0.0,0.00016759999562054873,0
247,0.00016309996135532856,0.0,0.00016409996896982193,0
248,0.00024539988953620195,0.0,0.00024649989791214466,0
249,0.00016489997506141663,0.0003122000489383936,0.002223400049842894,1
250,0.00036860001273453236,0.0,0.0003700000233948231,0
251,0.00017589994240552187,0.0,0.0001767999492585659,0
252,0.00026160001289099455,0.0,0.00026270002126693726,0
253,0.00017770007252693176,0.0,0.00017850007861852646,0
254,0.00016400008462369442,0.0,0.00016490009147673845,0
255,0.0002455000067129731,0.0,0.00024640001356601715,0
256,0.00016659998800605536,0.0,0.0001674999948590994,0
257,0.00016259995754808187,0.0,0.0001634999644011259,0
258,0.00027989991940557957,0.0,0.00028089992702007294,0
259,0.00016519997734576464,0.0003106000367552042,0.0023541999980807304,1
260,0.0002812000457197428,0.0,0.00028279994148761034,0
261,0.0001689000055193901,0.0,0.00016990001313388348,0
262,0.0002736999886110425,0.0,0.00027489999774843454,0
263,0.00016759999562054873,0.0,0.00016850000247359276,0
264,0.00016259995754808187,0.0,0.00016359996516257524,0
265,0.0001759999431669712,0.0,0.00017699995078146458,0
266,0.00015970005188137293,0.0,0.00016060005873441696,0
267,0.0002044000430032611,0.0,0.00020560005214065313,0
268,0.00020979996770620346,0.0,0.0002106999745592475,0
269,0.00016440008766949177,0.0002736999886110425,0.002342900028452277,1
270,0.00037379993591457605,0.0,0.0003752999473363161,0
271,0.00016930000856518745,0.0,0.00018279999494552612,0
272,0.00018900004215538502,0.0,0.0001900000497698784,0
273,0.00016300007700920105,0.0,0.00016390008386224508,0
274,0.00016160006634891033,0.0,0.00016240007244050503,0
275,0.0001895999303087592,0.0,0.00019069993868470192,0
276,0.00021680002100765705,0.0,0.00021770002786070108,0
277,0.00021570001263171434,0.0,0.00021670002024620771,0
278,0.00021009996999055147,0.0,0.0002109999768435955,0
279,0.00016449997201561928,0.00027520000003278255,0.002217500004917383,1
280,0.00029440002981573343,0.0,0.0002957000397145748,0
281,0.0001669999910518527,0.0,0.0001680999994277954,0
282,0.000188400037586689,0.0,0.0001895000459626317,0
283,0.00016350008081644773,0.0,0.0001645000884309411,0
284,0.0001764999469742179,0.0,0.0001778999576345086,0
285,0.0002592999953776598,0.0,0.00026050000451505184,0
286,0.00016649998724460602,0.0,0.00016739999409765005,0
287,0.00016369996592402458,0.0,0.00016449997201561928,0
288,0.00017500005196779966,0.0,0.00017609994392842054,0
289,0.00016289995983242989,0.00031290005426853895,0.002283100038766861,1
290,0.00031260005198419094,0.0,0.000313800061121583,0
291,0.00016569998115301132,0.0,0.0001666999887675047,0
292,0.00018660002388060093,0.0,0.00018770003225654364,0
293,0.0001623000716790557,0.0,0.00016330007929354906,0
294,0.0001650999765843153,0.0,0.00016599998343735933,0
295,0.00017450004816055298,0.0,0.000175400055013597,0
296,0.0001596999354660511,0.0,0.00016059994231909513,0
297,0.00015909993089735508,0.0,0.0001599999377503991,0
298,0.00017170002683997154,0.0,0.00017250003293156624,0
299,0.0001599000534042716,0.0002986999461427331,0.0021591000258922577,1
300,0.0003397999098524451,0.0,0.00034119992051273584,0
301,0.00016840000171214342,0.0,0.00016950001008808613,0
302,0.00018649990670382977,0.0,0.00018749991431832314,0
303,0.00016469997353851795,0.0,0.00016559998039156199,0
304,0.00016139994841068983,0.0,0.0001623999560251832,0
305,0.00019599997904151678,0.0,0.00019699998665601015,0
306,0.00015959993470460176,0.0,0.0001604999415576458,0
307,0.00015980005264282227,0.0,0.00016069994308054447,0
308,0.00017150002531707287,0.0,0.0001724000321701169,0
309,0.0001596999354660511,0.0003157999599352479,0.0023005999391898513,1
310,0.0003310000756755471,0.0,0.00033249997068196535,0
311,0.00021760002709925175,0.0,0.00021870003547519445,0
312,0.00023550004698336124,0.0,0.00023650005459785461,0
313,0.00016830000095069408,0.0,0.00016920000780373812,0
314,0.00020180002320557833,0.0,0.00020270003005862236,0
315,0.00017749995458871126,0.0,0.00017849996220320463,0
316,0.00016189995221793652,0.0,0.00016279995907098055,0
317,0.00016059994231909513,0.0,0.00016139994841068983,0
318,0.00017380004283040762,0.0,0.00017460004892200232,0
319,0.0001642000861465931,0.0002983000595122576,0.002361500053666532,1
320,0.0003600000636652112,0.0,0.0003611999563872814,0
321,0.0002172000240534544,0.0,0.0002183000324293971,0
322,0.00023279991000890732,0.0,0.00023399991914629936,0
323,0.00016659998800605536,0.0,0.0001674999948590994,0
324,0.0001634999644011259,0.0,0.0001642999704927206,0
325,0.00017549993935972452,0.0,0.00017639994621276855,0
326,0.0001612999476492405,0.0,0.00016219995450228453,0
327,0.0001599999377503991,0.0,0.0001607999438419938,0
328,0.0001778999576345086,0.0,0.00017889996524900198,0
329,0.00016000005416572094,0.00030759989749640226,0.0023168999468907714,1
330,0.0002914000069722533,0.0,0.0003053999971598387,0
331,0.00017190002836287022,0.0,0.00017300003673881292,0
332,0.00019189994782209396,0.0,0.00019289995543658733,0
333,0.00016179995145648718,0.0,0.0001626999583095312,0
334,0.00015989993698894978,0.0,0.0001607999438419938,0
335,0.0001735000405460596,0.0,0.00017440004739910364,0
336,0.00016030005645006895,0.0,0.00016110006254166365,0
337,0.00015950005035847425,0.0,0.00016030005645006895,0
338,0.00021039997227489948,0.0,0.00021139997988939285,0
339,0.00016009993851184845,0.0003013999667018652,0.0024496999103575945,1
340,0.0003784999717026949,0.0,0.0003800999838858843,0
341,0.00016820000018924475,0.0,0.00016920000780373812,0
342,0.00019079993944615126,0.0,0.00019179994706064463,0
343,0.00016249995678663254,0.0,0.00016339996363967657,0
344,0.0001607999438419938,0.0,0.00016179995145648718,0
345,0.00017300003673881292,0.0,0.0001740000443533063,0
346,0.00016549997963011265,0.0,0.00016639998648315668,0
347,0.00015930004883557558,0.0,0.00016010005492717028,0
348,0.00017310003750026226,0.0,0.00017410004511475563,0
349,0.00016069994308054447,0.0003119000466540456,0.0023215999826788902,1
350,0.00034579995553940535,0.0,0.0003469999646767974,0
351,0.00016649998724460602,0.0,0.0001674999948590994,0
352,0.0001865000231191516,0.0,0.00018750003073364496,0
353,0.00016240007244050503,0.0,0.00016330007929354906,0
354,0.00015980005264282227,0.0,0.0001607000594958663,0
355,0.00017870008014142513,0.0,0.00017960008699446917,0
356,0.00016140006482601166,0.0,0.0001623000716790557,0
357,0.00016059994231909513,0.0,0.00016139994841068983,0
358,0.00017529993783682585,0.0,0.00017609994392842054,0
359,0.00015989993698894978,0.0003010000800713897,0.002292299992404878,1
360,0.00034190004225820303,0.0,0.0003431000513955951,0
361,0.00016719999257475138,0.0,0.00016820000018924475,0
362,0.00018710002768784761,0.0,0.00018810003530234098,0
363,0.0001629000762477517,0.0,0.0001637000823393464,0
364,0.0001607000594958663,0.0,0.000161500065587461,0
365,0.00017899996601045132,0.0,0.00017989997286349535,0
366,0.00016109994612634182,0.0,0.00016199995297938585,0
367,0.0001601999392732978,0.0,0.00016099994536489248,0
368,0.00017359992489218712,0.0,0.0001745999325066805,0
369,0.00016030005645006895,0.00037349993363022804,0.0023788000689819455,1
370,0.000354900024831295,0.0,0.00035640003625303507,0
371,0.00021789991296827793,0.0,0.0002188999205827713,0
372,0.00023550004698336124,0.0,0.00023660005535930395,0
373,0.0001724000321701169,0.0,0.00017340003978461027,0
374,0.00016389996744692326,0.0,0.0001647999742999673,0
375,0.00017719995230436325,0.0,0.00017819995991885662,0
376,0.00016350008081644773,0.0,0.00016440008766949177,0
377,0.00016200006939470768,0.0,0.0001629000762477517,0
378,0.00017450004816055298,0.0,0.000175400055013597,0
379,0.00018209998961538076,0.0003035999834537506,0.002583299996331334,1
380,0.00032570003531873226,0.0,0.0003269999288022518,0
381,0.00021710002329200506,0.0,0.00021810003090649843,0
382,0.00019710010383278131,0.0,0.00019809999503195286,0
383,0.00016629998572170734,0.0,0.00016719999257475138,0
384,0.00016329996287822723,0.0,0.00016409996896982193,0
385,0.00017809995915740728,0.0,0.00017919996753335,0
386,0.00016259995754808187,0.0,0.00016339996363967657,0
387,0.00016990001313388348,0.0,0.0001708000199869275,0
388,0.00017600005958229303,0.0,0.00017690006643533707,0
389,0.00016259995754808187,0.00027950003277510405,0.0022583999671041965,1
390,0.0003557000309228897,0.0,0.0003570000408217311,0
391,0.00019589997828006744,0.0,0.00019689998589456081,0
392,0.00019420008175075054,0.0,0.00019540009088814259,0
393,0.00016499997582286596,0.0,0.00016589998267591,0
394,0.0001620999537408352,0.0,0.00016299996059387922,0
395,0.00017580005805939436,0.0,0.00017690006643533707,0
396,0.0001716000260785222,0.0,0.0001724000321701169,0
397,0.00016149994917213917,0.0,0.00016229995526373386,0
398,0.00017579994164407253,0.0,0.00017659994773566723,0
399,0.00016229995526373386,0.0002699000760912895,0.002365599968470633,1
400,0.0002788999117910862,0.0,0.00028009992092847824,0
401,0.00016719999257475138,0.0,0.00016820000018924475,0
402,0.00018879992421716452,0.0,0.00018989993259310722,0
403,0.00016279995907098055,0.0,0.00016379996668547392,0
404,0.00015929993242025375,0.0,0.0001601999392732978,0
405,0.00017420004587620497,0.0,0.000175100052729249,0
406,0.00016569998115301132,0.0,0.00016649998724460602,0
407,0.00016050005797296762,0.0,0.00016140006482601166,0
408,0.00017260003369301558,0.0,0.0001735000405460596,0
409,0.0001588999293744564,0.00030700000934302807,0.0022086999379098415,1
410,0.0003192999865859747,0.0,0.0003350999904796481,0
411,0.00016910000704228878,0.0,0.00017010001465678215,0
412,0.00018589990213513374,0.0,0.00018699991051107645,0
413,0.0001623999560251832,0.0,0.0001631999621167779,0
414,0.0001599000534042716,0.0,0.0001607999438419938,0
415,0.0001743000466376543,0.0,0.000175400055013597,0
416,0.00016470008995383978,0.0,0.00016570009756833315,0
417,0.00015940004959702492,0.0,0.00016020005568861961,0
418,0.00017399992793798447,0.0,0.00017499993555247784,0
419,0.0001596999354660511,0.0003030000953003764,0.0023843999952077866,1
420,0.00032380002085119486,0.0,0.0003252000315114856,0
421,0.00016590009909123182,0.0,0.00016700010746717453,0
422,0.0001857000170275569,0.0,0.0001868000254034996,0
423,0.00016149994917213917,0.0,0.00016249995678663254,0
424,0.00015959993470460176,0.0,0.00016039994079619646,0
425,0.00019289995543658733,0.0,0.00019409996457397938,0
426,0.00016259995754808187,0.0,0.0001634999644011259,0
427,0.00016069994308054447,0.0,0.00016149994917213917,0
428,0.00017170002683997154,0.0,0.0001727000344544649,0
429,0.00015970005188137293,0.00030229997355490923,0.002502300078049302,1
430,0.00028270005714148283,0.0,0.00028380006551742554,0
431,0.00016459997277706861,0.0,0.00016579998191446066,0
432,0.00018750003073364496,0.0,0.00018850003834813833,0
433,0.0001623000716790557,0.0,0.00016330007929354906,0
434,0.00016490009147673845,0.0,0.00016580009832978249,0
435,0.00017360004130750895,0.0,0.00017460004892200232,0
436,0.00016009993851184845,0.0,0.00016099994536489248,0
437,0.00016029994003474712,0.0,0.00016109994612634182,0
438,0.00017370004206895828,0.0,0.0001745999325066805,0
439,0.0001610000617802143,0.00030019995756447315,0.002321799984201789,1
440,0.00028929999098181725,0.0,0.0002906000008806586,0
441,0.00016559998039156199,0.0,0.00016649998724460602,0
442,0.0001865000231191516,0.0,0.00018740002997219563,0
443,0.00016090006101876497,0.0,0.000161800067871809,0
444,0.00016529997810721397,0.0,0.000166199984960258,0
445,0.00017390004359185696,0.0,0.00017490005120635033,0
446,0.0001593999331817031,0.0,0.0001601999392732978,0
447,0.00015970005188137293,0.0,0.00016059994231909513,0
448,0.00017220003064721823,0.0,0.0001732000382617116,0
449,0.00015919993165880442,0.00032650004141032696,0.0022808999055996537,1
450,0.0003299999516457319,0.0,0.00033119996078312397,0
451,0.00016459997277706861,0.0,0.00016549997963011265,0
452,0.0001865000231191516,0.0,0.00018750003073364496,0
453,0.0001631000777706504,0.0,0.00016390008386224508,0
454,0.00016589998267591,0.0,0.00016689999029040337,0
455,0.0001740000443533063,0.0,0.000175100052729249,0
456,0.00016090006101876497,0.0,0.00016170006711035967,0
457,0.00015970005188137293,0.0,0.00016060005873441696,0
458,0.00017279991880059242,0.0,0.0001737999264150858,0
459,0.00016329996287822723,0.00034220004454255104,0.0025342999724671245,1
460,0.00029619992710649967,0.0,0.0002975999377667904,0
461,0.00020169990602880716,0.0,0.00020269991364330053,0
462,0.00020270003005862236,0.0,0.00020370003767311573,0
463,0.00015900004655122757,0.0,0.0001599000534042716,0
464,0.00015739991795271635,0.0,0.00015819992404431105,0
465,0.00016990001313388348,0.0,0.0001708000199869275,0
466,0.00015629990957677364,0.0,0.00015709991566836834,0
467,0.00015520001761615276,0.0,0.00015600002370774746,0
468,0.00019970000721514225,0.0,0.00020059989765286446,0
469,0.00015700003132224083,0.00030319998040795326,0.00232009997125715,1
470,0.0003157000755891204,0.0,0.00031720008701086044,0
471,0.00022689998149871826,0.0,0.00022799998987466097,0
472,0.00019599997904151678,0.0,0.00019719998817890882,0
473,0.00016579998191446066,0.0,0.00016689999029040337,0
474,0.00016309996135532856,0.0,0.0001639999682083726,0
475,0.00017589994240552187,0.0,0.0001767999492585659,0
476,0.00016169995069503784,0.0,0.00016259995754808187,0
477,0.00020659994333982468,0.0,0.00020769995171576738,0
478,0.00021139997988939285,0.0,0.00021239998750388622,0
479,0.0001653999788686633,0.0002728999825194478,0.002361099934205413,1
480,0.0003315999638289213,0.0,0.00033279997296631336,0
481,0.00017529993783682585,0.0,0.00017619994468986988,0
482,0.00018159998580813408,0.0,0.00018269999418407679,0
483,0.00015870004426687956,0.0,0.00015970005188137293,0
484,0.00015620002523064613,0.0,0.00015709991566836834,0
485,0.00016930000856518745,0.0,0.0001702000154182315,0
486,0.00021089997608214617,0.0,0.0002117999829351902,0
487,0.00015629990957677364,0.0,0.00015719991642981768,0
488,0.00017010001465678215,0.0,0.00017100002150982618,0
489,0.00015629990957677364,0.0003068000078201294,0.0025451999390497804,1
490,0.00038079998921602964,0.0,0.00039489998016506433,0
491,0.00022369995713233948,0.0,0.00022479996550828218,0
492,0.0002297000028192997,0.0,0.00023079989477992058,0
493,0.00030239997431635857,0.0,0.0003035999834537506,0
494,0.00019129994325339794,0.0,0.00019209994934499264,0
495,0.00017529993783682585,0.0,0.00017629994545131922,0
496,0.0001898000482469797,0.0,0.0001906000543385744,0
497,0.00017470004968345165,0.0,0.000175400055013597,0
498,0.00021670002024620771,0.0,0.00021760002709925175,0
499,0.00018800003454089165,0.00033760000951588154,0.0026812999276444316,1
500,0.00029879994690418243,0.0,0.00029989995528012514,0
501,0.0001876000314950943,0.0,0.00018860003910958767,0
502,0.00019290007185190916,0.0,0.00019390007946640253,0
503,0.00017280003521591425,0.0,0.00017380004283040762,0
504,0.00015869992785155773,0.0,0.00015959993470460176,0
505,0.00017689995002001524,0.0,0.00017799995839595795,0
506,0.00015870004426687956,0.0,0.00015950005035847425,0
507,0.00015780003741383553,0.0,0.00015860004350543022,0
508,0.00017259991727769375,0.0,0.00017359992489218712,0
509,0.00015900004655122757,0.00033359997905790806,0.002361699938774109,1
510,0.00028249993920326233,0.0,0.0002837999491021037,0
511,0.0001666999887675047,0.0,0.00016759999562054873,0
512,0.00018620002083480358,0.0,0.00018719991203397512,0
513,0.00016309996135532856,0.0,0.0001639999682083726,0
514,0.0001650999765843153,0.0,0.00016599998343735933,0
515,0.00017530005425214767,0.0,0.00017619994468986988,0
516,0.000161800067871809,0.0,0.00016270007472485304,0
517,0.0001596000511199236,0.0,0.00016050005797296762,0
518,0.00017190002836287022,0.0,0.00017280003521591425,0
519,0.0001588999293744564,0.0003074000123888254,0.0024796000216156244,1
520,0.0003206999972462654,0.0,0.00032190000638365746,0
521,0.00016980001237243414,0.0,0.0001708000199869275,0
522,0.00019369996152818203,0.0,0.0001946999691426754,0
523,0.00017939996905624866,0.0,0.00018049997743219137,0
524,0.00016459997277706861,0.0,0.00016559998039156199,0
525,0.0001783999614417553,0.0,0.000179499969817698,0
526,0.00016419996973127127,0.0,0.0001650999765843153,0
527,0.00016210007015615702,0.0,0.00016289995983242989,0
528,0.00017499993555247784,0.0,0.00017589994240552187,0
529,0.0001737999264150858,0.0002842000685632229,0.0026168000185862184,1
530,0.0002946000313386321,0.0,0.0002957999240607023,0
531,0.00018199998885393143,0.0,0.0001829999964684248,0
532,0.00018279999494552612,0.0,0.00018390000332146883,0
533,0.0001572000328451395,0.0,0.00015810003969818354,0
534,0.00015460001304745674,0.0,0.00015550001990050077,0
535,0.0001686000032350421,0.0,0.00016950001008808613,0
536,0.0001542000100016594,0.0,0.0001550000160932541,0
537,0.00019020005129277706,0.0,0.00019100005738437176,0
538,0.0001677999971434474,0.0,0.0001686000032350421,0
539,0.0001550000160932541,0.0003035999834537506,0.0028316000243648887,1
540,0.00029669993091374636,0.0,0.00029779993928968906,0
541,0.00020619994029402733,0.0,0.0002071999479085207,0
542,0.0001949999714270234,0.0,0.00019609997980296612,0
543,0.0001938999630510807,0.0,0.00019479996990412474,0
544,0.000156699912622571,0.0,0.00015759991947561502,0
545,0.00017030001617968082,0.0,0.0001713000237941742,0
546,0.00015579990576952696,0.0,0.000156699912622571,0
547,0.0001550000160932541,0.0,0.00015580002218484879,0
548,0.00016910000704228878,0.0,0.00016990001313388348,0
549,0.00022460008040070534,0.000301100080832839,0.002485100063495338,1
550,0.00028629996813833714,0.0,0.0002875999780371785,0
551,0.00016469997353851795,0.0,0.00016569998115301132,0
552,0.00020649994257837534,0.0,0.00020759995095431805,0
553,0.00016289995983242989,0.0,0.00016379996668547392,0
554,0.0001596999354660511,0.0,0.00016059994231909513,0
555,0.0001727000344544649,0.0,0.00017370004206895828,0
556,0.00016110006254166365,0.0,0.00016190006863325834,0
557,0.00015930004883557558,0.0,0.00016020005568861961,0
558,0.0001729999203234911,0.0,0.00017399992793798447,0
559,0.00015870004426687956,0.0003117999294772744,0.0023720000172033906,1
560,0.0002869999734684825,0.0,0.00028819998260587454,0
561,0.0001639999682083726,0.0,0.00016499997582286596,0
562,0.0001908999402076006,0.0,0.0001919999485835433,0
563,0.00016199995297938585,0.0,0.00016289995983242989,0
564,0.0001607000594958663,0.0,0.000161500065587461,0
565,0.00017440004739910364,0.0,0.000175400055013597,0
566,0.00016649998724460602,0.0,0.00016759999562054873,0
567,0.00016009993851184845,0.0,0.00016099994536489248,0
568,0.00017819995991885662,0.0,0.00017909996677190065,0
569,0.00015900004655122757,0.00030260009225457907,0.0024526999332010746,1
570,0.00038600002881139517,0.0,0.00038730003871023655,0
571,0.0001694000093266368,0.0,0.00017040001694113016,0
572,0.00018890004139393568,0.0,0.0001900000497698784,0
573,0.00016380008310079575,0.0,0.00016470008995383978,0
574,0.00016090006101876497,0.0,0.000161800067871809,0
575,0.00017419992946088314,0.0,0.00017499993555247784,0
576,0.00019829999655485153,0.0,0.00019910000264644623,0
577,0.0001604000572115183,0.0,0.00016120006330311298,0
578,0.00017439993098378181,0.0,0.0001751999370753765,0
579,0.0001612999476492405,0.00030010007321834564,0.0024455999955534935,1
580,0.0004950000438839197,0.0,0.0004968000575900078,0
581,0.0002747999969869852,0.0,0.0002762000076472759,0
582,0.00023570004850625992,0.0,0.0002367999404668808,0
583,0.00017279991880059242,0.0,0.00017389992717653513,0
584,0.00016169995069503784,0.0,0.00016249995678663254,0
585,0.00017550005577504635,0.0,0.00017640006262809038,0
586,0.00015940004959702492,0.0,0.00016020005568861961,0
587,0.00015860004350543022,0.0,0.00015940004959702492,0
588,0.00017689995002001524,0.0,0.00017769995611160994,0
589,0.00015979993622750044,0.0002986000617966056,0.002433600020594895,1
590,0.0003504999913275242,0.0,0.00035200000274926424,0
591,0.0001729999203234911,0.0,0.00017389992717653513,0
592,0.0001873000292107463,0.0,0.00018829992040991783,0
593,0.0001623000716790557,0.0,0.0001631999621167779,0
594,0.00015940004959702492,0.0,0.00016020005568861961,0
595,0.00017470004968345165,0.0,0.00017560005653649569,0
596,0.00016139994841068983,0.0,0.00016229995526373386,0
597,0.00019859999883919954,0.0,0.00019950000569224358,0
598,0.00017280003521591425,0.0,0.00017390004359185696,0
599,0.00015949993394315243,0.0003120000474154949,0.002498399931937456,1
600,0.00034259993117302656,0.0,0.0003440999425947666,0
601,0.0001680999994277954,0.0,0.00016920000780373812,0
602,0.00018860003910958767,0.0,0.00018960004672408104,0
603,0.00016339996363967657,0.0,0.0001642999704927206,0
604,0.0001607999438419938,0.0,0.00016179995145648718,0
605,0.00024019996635615826,0.0,0.0002410999732092023,0
606,0.00016840000171214342,0.0,0.00016920000780373812,0
607,0.000161800067871809,0.0,0.0001626000739634037,0
608,0.00017640006262809038,0.0,0.00017730006948113441,0
609,0.0001612999476492405,0.0003350999904796481,0.002400500001385808,1
610,0.0002978000557050109,0.0,0.00029900006484240294,0
611,0.00016419996973127127,0.0,0.0001650999765843153,0
612,0.00018550001550465822,0.0,0.0001865000231191516,0
613,0.00016179995145648718,0.0,0.00016279995907098055,0
614,0.00016419996973127127,0.0,0.00016519997734576464,0
615,0.0001718999119475484,0.0,0.00017269991803914309,0
616,0.00015900004655122757,0.0,0.00015980005264282227,0
617,0.0001580000389367342,0.0,0.00015890004578977823,0
618,0.00017159990966320038,0.0,0.0001724999165162444,0
619,0.00015950005035847425,0.0003040001029148698,0.0023840999929234385,1
620,0.0002772000152617693,0.0,0.0002785000251606107,0
621,0.00016529997810721397,0.0,0.00016629998572170734,0
622,0.00018699991051107645,0.0,0.00018809991888701916,0
623,0.00016289995983242989,0.0,0.00016379996668547392,0
624,0.000215300009585917,0.0,0.00021630001720041037,0
625,0.00017579994164407253,0.0,0.00017669994849711657,0
626,0.00016089994460344315,0.0,0.00016179995145648718,0
627,0.00015919993165880442,0.0,0.0001599999377503991,0
628,0.00017260003369301558,0.0,0.0001735000405460596,0
629,0.00016400008462369442,0.0003019999712705612,0.002406700048595667,1
630,0.0002850000746548176,0.0,0.00028629996813833714,0
631,0.0001661001006141305,0.0,0.00016709999181330204,0
632,0.00018710002768784761,0.0,0.00018820003606379032,0
633,0.0001674999948590994,0.0,0.00016840000171214342,0
634,0.00016120006330311298,0.0,0.00016210007015615702,0
635,0.00017450004816055298,0.0,0.00017550005577504635,0
636,0.00016029994003474712,0.0,0.00016119994688779116,0
637,0.00016039994079619646,0.0,0.0001612999476492405,0
638,0.0001767999492585659,0.0,0.00017779995687305927,0
639,0.00016149994917213917,0.00030750001315027475,0.0023802999639883637,1
640,0.00030559999868273735,0.0,0.00030670000705868006,0
641,0.00016559998039156199,0.0,0.00016659998800605536,0
642,0.00022579997312277555,0.0,0.00022689998149871826,0
643,0.00016279995907098055,0.0,0.00016369996592402458,0
644,0.00016099994536489248,0.0,0.00016179995145648718,0
645,0.00017559994012117386,0.0,0.0001764999469742179,0
646,0.00015930004883557558,0.0,0.00016020005568861961,0
647,0.0001596000511199236,0.0,0.00016030005645006895,0
648,0.00017539993859827518,0.0,0.00017619994468986988,0
649,0.00015909993089735508,0.000304599991068244,0.0025590999284759164,1
650,0.0003073000116273761,0.0,0.0003090999089181423,0
651,0.0002340000355616212,0.0,0.00023500004317611456,0
652,0.00023800006601959467,0.0,0.0002392000751569867,0
653,0.0001674999948590994,0.0,0.00016840000171214342,0
654,0.00016140006482601166,0.0,0.0001623999560251832,0
655,0.00017770007252693176,0.0,0.00017859996296465397,0
656,0.0001607000594958663,0.0,0.00016160006634891033,0
657,0.0001604000572115183,0.0,0.00016140006482601166,0
658,0.00017370004206895828,0.0,0.00017460004892200232,0
659,0.00015909993089735508,0.0003483999753370881,0.002574299927800894,1
660,0.0003793999785557389,0.0,0.0003806999884545803,0
661,0.0002476999070495367,0.0,0.0002486999146640301,0
662,0.00024159997701644897,0.0,0.00024259998463094234,0
663,0.00016759999562054873,0.0,0.00016850000247359276,0
664,0.0001626000739634037,0.0,0.00016350008081644773,0
665,0.00017560005653649569,0.0,0.00017660006415098906,0
666,0.00016149994917213917,0.0,0.0001623999560251832,0
667,0.0001604999415576458,0.0,0.00016139994841068983,0
668,0.00017609994392842054,0.0,0.00017709995154291391,0
669,0.00015980005264282227,0.0003054001135751605,0.0023991999914869666,1
670,0.0003355999942868948,0.0,0.00033680000342428684,0
671,0.00016549997963011265,0.0,0.00016649998724460602,0
672,0.0001911999424919486,0.0,0.00019219995010644197,0
673,0.0001626999583095312,0.0,0.0001634999644011259,0
674,0.0001596999354660511,0.0,0.0001604999415576458,0
675,0.00017450004816055298,0.0,0.00017560005653649569,0
676,0.00015970005188137293,0.0,0.00016050005797296762,0
677,0.00019470008555799723,0.0,0.00019550009164959192,0
678,0.0001743000466376543,0.0,0.000175100052729249,0
679,0.00016029994003474712,0.000305499997921288,0.0026270999806001782,1
680,0.00034060003235936165,0.0,0.00034190004225820303,0
681,0.00021089997608214617,0.0,0.00021189998369663954,0
682,0.00019369996152818203,0.0,0.00019459996838122606,0
683,0.00016229995526373386,0.0,0.0001631999621167779,0
684,0.00016459997277706861,0.0,0.00016549997963011265,0
685,0.00017579994164407253,0.0,0.00017669994849711657,0
686,0.00016119994688779116,0.0,0.0001620999537408352,0
687,0.00015940004959702492,0.0,0.00016020005568861961,0
688,0.00017300003673881292,0.0,0.00017380004283040762,0
689,0.00015949993394315243,0.0003296000650152564,0.002894599922001362,1
690,0.00029889994766563177,0.0,0.00030019995756447315,0
691,0.00021679990459233522,0.0,0.0002177999122068286,0
692,0.00021950004156678915,0.0,0.00022060004994273186,0
693,0.00019859999883919954,0.0,0.0001996000064536929,0
694,0.0001626999583095312,0.0,0.00016359996516257524,0
695,0.00017419992946088314,0.0,0.00017509993631392717,0
696,0.00019489997066557407,0.0,0.00019599997904151678,0
697,0.00015650002751499414,0.0,0.00015740003436803818,0
698,0.00017110002227127552,0.0,0.00017190002836287022,0
699,0.00015739991795271635,0.00029420002829283476,0.002844100003130734,1
700,0.00037540006451308727,0.0,0.0003766999579966068,0
701,0.00017959997057914734,0.0,0.00018049997743219137,0
702,0.00019409996457397938,0.0,0.00019509997218847275,0
703,0.00016169995069503784,0.0,0.0001626999583095312,0
704,0.00016069994308054447,0.0,0.0001615999499335885,0
705,0.00017470004968345165,0.0,0.00017550005577504635,0
706,0.0001591000473126769,0.0,0.00016010005492717028,0
707,0.00017060001846402884,0.0,0.00017170002683997154,0
708,0.00017989997286349535,0.0,0.00018079997971653938,0
709,0.0001601999392732978,0.00030690000858157873,0.0026603000005707145,1
710,0.0003599999472498894,0.0,0.00036129995714873075,0
711,0.0001647999742999673,0.0,0.00016579998191446066,0
712,0.00018830003682523966,0.0,0.00018940004520118237,0
713,0.00016240007244050503,0.0,0.00016330007929354906,0
714,0.00016080006025731564,0.0,0.00016160006634891033,0
715,0.00031150004360824823,0.0,0.0003127000527456403,0
716,0.0002343999221920967,0.0,0.00023529992904514074,0
717,0.0001620999537408352,0.0,0.00016299996059387922,0
718,0.00017889996524900198,0.0,0.00017969997134059668,0
719,0.00016109994612634182,0.0003130000550299883,0.002717499970458448,1
720,0.0005574999377131462,0.0,0.0005589999491348863,0
721,0.00017469993326812983,0.0,0.0001756999408826232,0
722,0.0001900999341160059,0.0,0.0001911999424919486,0
723,0.00016409996896982193,0.0,0.0001650999765843153,0
724,0.0001612999476492405,0.0,0.0001620999537408352,0
725,0.00018640002235770226,0.0,0.0001873000292107463,0
726,0.000161800067871809,0.0,0.00016270007472485304,0
727,0.00015949993394315243,0.0,0.00016039994079619646,0
728,0.00017369992565363646,0.0,0.00017449993174523115,0
729,0.0001604000572115183,0.0003063998883590102,0.0024237000616267323,1
730,0.00032590003684163094,0.0,0.00032870005816221237,0
731,0.00016830000095069408,0.0,0.00016939989291131496,0
732,0.00019090005662292242,0.0,0.0001919000642374158,0
733,0.0001637000823393464,0.0,0.0001645000884309411,0
734,0.000166199984960258,0.0,0.00016719999257475138,0
735,0.00017669994849711657,0.0,0.00017769995611160994,0
736,0.00016130006406456232,0.0,0.00016210007015615702,0
737,0.0001599000534042716,0.0,0.0001607000594958663,0
738,0.00017340003978461027,0.0,0.0001743000466376543,0
739,0.00015989993698894978,0.00030369998421519995,0.0025188999716192484,1
740,0.0003774999640882015,0.0,0.00037889997474849224,0
741,0.0002183000324293971,0.0,0.00021920003928244114,0
742,0.00022240006364881992,0.0,0.00022330007050186396,0
743,0.00016430008690804243,0.0,0.00016510009299963713,0
744,0.0001623000716790557,0.0,0.0001631000777706504,0
745,0.00017360004130750895,0.0,0.00017460004892200232,0
746,0.00016029994003474712,0.0,0.00016099994536489248,0
747,0.00016029994003474712,0.0,0.00016109994612634182,0
748,0.00017739995382726192,0.0,0.00017829996068030596,0
749,0.00016149994917213917,0.0002994000678882003,0.0028141000075265765,1
750,0.00033680000342428684,0.0,0.0003381000133231282,0
751,0.00016799999866634607,0.0,0.0001689000055193901,0
752,0.00019149994477629662,0.0,0.00019239995162934065,0
753,0.00016259995754808187,0.0,0.0001634999644011259,0
754,0.00016289995983242989,0.0,0.00016379996668547392,0
755,0.00017420004587620497,0.0,0.000175100052729249,0
756,0.00016090006101876497,0.0,0.00016170006711035967,0
757,0.0001583000412210822,0.0,0.00015920004807412624,0
758,0.00017269991803914309,0.0,0.00017349992413073778,0
759,0.0001599000534042716,0.000304599991068244,0.0025696000084280968,1
760,0.00028570007998496294,0.0,0.000286900089122355,0
761,0.00016659998800605536,0.0,0.00016759999562054873,0
762,0.00018780003301799297,0.0,0.00018890004139393568,0
763,0.00016729999333620071,0.0,0.00016820000018924475,0
764,0.00015890004578977823,0.0,0.00015980005264282227,0
765,0.00017410004511475563,0.0,0.000175100052729249,0
766,0.00016000005416572094,0.0,0.00016080006025731564,0
767,0.0001585999270901084,0.0,0.0001593999331817031,0
768,0.00017120002303272486,0.0,0.000175100052729249,0
769,0.00015940004959702492,0.0003053999971598387,0.0026123999850824475,1
770,0.00038860004860907793,0.0,0.0003902000607922673,0
771,0.00017030001617968082,0.0,0.00017140002455562353,0
772,0.00018890004139393568,0.0,0.00018999993335455656,0
773,0.00016469997353851795,0.0,0.00016559998039156199,0
774,0.0001615999499335885,0.0,0.00016249995678663254,0
775,0.0001735000405460596,0.0,0.0001743000466376543,0
776,0.00016270007472485304,0.0,0.00016360008157789707,0
777,0.0001580000389367342,0.0,0.0001588000450283289,0
778,0.00017200002912431955,0.0,0.00017290003597736359,0
779,0.00015940004959702492,0.0002994999522343278,0.002625799970701337,1
780,0.0003056999994441867,0.0,0.00030690000858157873,0
781,0.00018670002464205027,0.0,0.0001879000337794423,0
782,0.00019509997218847275,0.0,0.00019599997904151678,0
783,0.00015679991338402033,0.0,0.00015769992023706436,0
784,0.00018670002464205027,0.0,0.0001876000314950943,0
785,0.0001846000086516142,0.0,0.0001854998990893364,0
786,0.00016110006254166365,0.0,0.00016199995297938585,0
787,0.00016930000856518745,0.0,0.0001702000154182315,0
788,0.0001680999994277954,0.0,0.00016900000628083944,0
789,0.0001680999994277954,0.0003587000537663698,0.002839700086042285,1
790,0.00029880006331950426,0.0,0.0003000999568030238,0
791,0.0002324000233784318,0.0,0.00023340003099292517,0
792,0.00018560001626610756,0.0,0.00018670002464205027,0
793,0.0001596999354660511,0.0,0.0001604999415576458,0
794,0.0001564000267535448,0.0,0.00015730003360658884,0
795,0.0001702000154182315,0.0,0.00017100002150982618,0
796,0.0001868000254034996,0.0,0.0001876000314950943,0
797,0.0001556000206619501,0.0,0.0001564000267535448,0
798,0.0001700000138953328,0.0,0.00017090002074837685,0
799,0.00015750003512948751,0.0003079000161960721,0.00273499998729676,1
800,0.00037679995875805616,0.0,0.0003784999717026949,0
801,0.00021670002024620771,0.0,0.0002177999122068286,0
802,0.0002723999787122011,0.0,0.0002734999870881438,0
803,0.000166199984960258,0.0,0.00016709999181330204,0
804,0.0001615999499335885,0.0,0.0001623999560251832,0
805,0.0001745999325066805,0.0,0.00017549993935972452,0
806,0.00016149994917213917,0.0,0.00016249995678663254,0
807,0.0001596000511199236,0.0,0.0001604000572115183,0
808,0.00017660006415098906,0.0,0.0001775000710040331,0
809,0.00016000005416572094,0.0002951000351458788,0.0026462000096216798,1
810,0.00036539998836815357,0.0,0.00036669999826699495,0
811,0.0001716000260785222,0.0,0.00017250003293156624,0
812,0.00018879992421716452,0.0,0.0001897999318316579,0
813,0.0001604000572115183,0.0,0.0001612999476492405,0
814,0.00015860004350543022,0.0,0.00015940004959702492,0
815,0.00020670006051659584,0.0,0.0002077000681310892,0
816,0.0001593999331817031,0.0,0.0001601999392732978,0
817,0.00015769992023706436,0.0,0.00015849992632865906,0
818,0.00017330003902316093,0.0,0.00017420004587620497,0
819,0.00015820004045963287,0.00030860002152621746,0.0026669000508263707,1
820,0.0003106000367552042,0.0,0.00031180004589259624,0
821,0.00018269999418407679,0.0,0.00020150002092123032,0
822,0.0001962999813258648,0.0,0.0001973999897018075,0
823,0.00016229995526373386,0.0,0.0001631999621167779,0
824,0.00016189995221793652,0.0,0.00016279995907098055,0
825,0.00017499993555247784,0.0,0.0001759999431669712,0
826,0.0001612999476492405,0.0,0.00016229995526373386,0
827,0.00019210006576031446,0.0,0.00019289995543658733,0
828,0.0002085000742226839,0.0,0.0002095999661833048,0
829,0.00021520000882446766,0.0003163999645039439,0.0026576999807730317,1
830,0.00029609992634505033,0.0,0.0002973999362438917,0
831,0.00016489997506141663,0.0,0.00016599998343735933,0
832,0.00018859992269426584,0.0,0.00018969993107020855,0
833,0.0001615999499335885,0.0,0.0001623999560251832,0
834,0.0001588000450283289,0.0,0.0001596000511199236,0
835,0.00017370004206895828,0.0,0.00017450004816055298,0
836,0.00016289995983242989,0.0,0.00016369996592402458,0
837,0.00015819992404431105,0.0,0.00015899993013590574,0
838,0.00017220003064721823,0.0,0.00017310003750026226,0
839,0.0001588000450283289,0.000304599991068244,0.0026231000665575266,1
840,0.00029989995528012514,0.0,0.0003011999651789665,0
841,0.00016759999562054873,0.0,0.00016850000247359276,0
842,0.00019029993563890457,0.0,0.0001911999424919486,0
843,0.00016359996516257524,0.0,0.00016449997201561928,0
844,0.00016579998191446066,0.0,0.00016659998800605536,0
845,0.0001740999286994338,0.0,0.0001748999347910285,0
846,0.00015989993698894978,0.0,0.00016069994308054447,0
847,0.00016010005492717028,0.0,0.0001610000617802143,0
848,0.0001916999462991953,0.0,0.00019269995391368866,0
849,0.00017479993402957916,0.00037700007669627666,0.002827299991622567,1
850,0.0002984000602737069,0.0,0.00029980007093399763,0
851,0.00020270003005862236,0.0,0.00020769995171576738,0
852,0.0002117999829351902,0.0,0.0002128999913111329,0
853,0.00015790003817528486,0.0,0.0001588000450283289,0
854,0.00015590002294629812,0.0,0.00015679991338402033,0
855,0.00017040001694113016,0.0,0.00017140002455562353,0
856,0.0001881999196484685,0.0,0.00018909992650151253,0
857,0.00015430001076310873,0.0,0.00015510001685470343,0
858,0.00016850000247359276,0.0,0.0001694000093266368,0
859,0.00015630002599209547,0.0003093000268563628,0.0032034000614658,1
860,0.00031479995232075453,0.0,0.0003201999934390187,0
861,0.00021440000273287296,0.0,0.00021540001034736633,0
862,0.00018700002692639828,0.0,0.00018800003454089165,0
863,0.000157299917191267,0.0,0.00015829992480576038,0
864,0.00015580002218484879,0.0,0.00015660002827644348,0
865,0.00016900000628083944,0.0,0.00016980001237243414,0
866,0.00021920003928244114,0.0,0.00022010004613548517,0
867,0.00015390000771731138,0.0,0.00015470001380890608,0
868,0.00016729999333620071,0.0,0.0001680999994277954,0
869,0.0001534000039100647,0.00033790001180022955,0.002894099918194115,1
870,0.0003559000324457884,0.0,0.00035710004158318043,0
871,0.00019950000569224358,0.0,0.0002004000125452876,0
872,0.00019489997066557407,0.0,0.0001957999775186181,0
873,0.00016259995754808187,0.0,0.00016339996363967657,0
874,0.0001612999476492405,0.0,0.00016219995450228453,0
875,0.00017260003369301558,0.0,0.00017359992489218712,0
876,0.00015900004655122757,0.0,0.00015980005264282227,0
877,0.00015860004350543022,0.0,0.00015940004959702492,0
878,0.0001772999530658126,0.0,0.00017809995915740728,0
879,0.00016069994308054447,0.0003038999857380986,0.0026907999999821186,1
880,0.00033760000951588154,0.0,0.0003391000209376216,0
881,0.00016719999257475138,0.0,0.00016820000018924475,0
882,0.00018720002844929695,0.0,0.00018820003606379032,0
883,0.00016280007548630238,0.0,0.0001637000823393464,0
884,0.00016110006254166365,0.0,0.00016200006939470768,0
885,0.00017850007861852646,0.0,0.0001794000854715705,0
886,0.00016010005492717028,0.0,0.0001610000617802143,0
887,0.00015909993089735508,0.0,0.00015989993698894978,0
888,0.00017369992565363646,0.0,0.0001745999325066805,0
889,0.0001596000511199236,0.00033569999504834414,0.002716099959798157,1
890,0.00038330000825226307,0.0,0.0003847000189125538,0
891,0.00023930007591843605,0.0,0.00024020008277148008,0
892,0.00022620009258389473,0.0,0.0002272001001983881,0
893,0.0001650999765843153,0.0,0.00016609998419880867,0
894,0.0001604000572115183,0.0,0.00016120006330311298,0
895,0.00017390004359185696,0.0,0.00017490005120635033,0
896,0.0001588999293744564,0.0,0.00015979993622750044,0
897,0.0001647999742999673,0.0,0.00016559998039156199,0
898,0.00017369992565363646,0.0,0.0001745999325066805,0
899,0.00015929993242025375,0.0003184000961482525,0.0028016000287607312,1
900,0.0003302000695839524,0.0,0.00033139996230602264,0
901,0.0001642999704927206,0.0,0.0001653999788686633,0
902,0.00018850003834813833,0.0,0.00018940004520118237,0
903,0.00016220007091760635,0.0,0.00016320007853209972,0
904,0.00016520009376108646,0.0,0.00016609998419880867,0
905,0.00017310003750026226,0.0,0.0001740000443533063,0
906,0.00016080006025731564,0.0,0.00016170006711035967,0
907,0.00015879992861300707,0.0,0.0001596999354660511,0
908,0.00017200002912431955,0.0,0.00017290003597736359,0
909,0.00015870004426687956,0.0003081000177189708,0.0026313000125810504,1
910,0.00035719992592930794,0.0,0.0003584999358281493,0
911,0.00020509993191808462,0.0,0.00020619994029402733,0
912,0.00019080005586147308,0.0,0.00019179994706064463,0
913,0.00016270007472485304,0.0,0.00016369996592402458,0
914,0.00016020005568861961,0.0,0.0001610000617802143,0
915,0.00017460004892200232,0.0,0.00017560005653649569,0
916,0.0001607999438419938,0.0,0.0001615999499335885,0
917,0.0001642999704927206,0.0,0.00016529997810721397,0
918,0.00017279991880059242,0.0,0.00017369992565363646,0
919,0.0001599999377503991,0.0003027000930160284,0.002660400001332164,1
920,0.0003467000788077712,0.0,0.00034799997229129076,0
921,0.00016830000095069408,0.0,0.00016930000856518745,0
922,0.00018809991888701916,0.0,0.00018909992650151253,0
923,0.0001599999377503991,0.0,0.00016089994460344315,0
924,0.00017909996677190065,0.0,0.00018009997438639402,0
925,0.0001772999530658126,0.0,0.00017819995991885662,0
926,0.0001591000473126769,0.0,0.0001599000534042716,0
927,0.00015920004807412624,0.0,0.00016000005416572094,0
928,0.00017230003140866756,0.0,0.00017309992108494043,0
929,0.00015850004274398088,0.0002943000290542841,0.002875200007110834,1
930,0.00031450006645172834,0.0,0.0003157000755891204,0
931,0.0001727000344544649,0.0,0.00017370004206895828,0
932,0.0001876999158412218,0.0,0.00018869992345571518,0
933,0.0001620999537408352,0.0,0.00016289995983242989,0
934,0.0001596000511199236,0.0,0.00016050005797296762,0
935,0.0001732000382617116,0.0,0.00017410004511475563,0
936,0.00016309996135532856,0.0,0.0001639999682083726,0
937,0.00015959993470460176,0.0,0.00016039994079619646,0
938,0.0001724999165162444,0.0,0.0001732999226078391,0
939,0.00016010005492717028,0.00030690000858157873,0.0026145000010728836,1
940,0.00040369993075728416,0.0,0.0004050999414175749,0
941,0.00016769999638199806,0.0,0.0001686000032350421,0
942,0.00019099994096904993,0.0,0.0001919999485835433,0
943,0.00016389996744692326,0.0,0.00016499997582286596,0
944,0.0001981999957934022,0.0,0.00019910000264644623,0
945,0.0001743000466376543,0.0,0.00017520005349069834,0
946,0.0001607999438419938,0.0,0.00016169995069503784,0
947,0.0001601999392732978,0.0,0.00016099994536489248,0
948,0.00017300003673881292,0.0,0.00017390004359185696,0
949,0.00016090006101876497,0.00030640000477433205,0.002675499999895692,1
950,0.00039469997864216566,0.0,0.0003958999877795577,0
951,0.0001849000109359622,0.0,0.00018590001855045557,0
952,0.00018999993335455656,0.0,0.00019099994096904993,0
953,0.00016439997125416994,0.0,0.00016529997810721397,0
954,0.00016309996135532856,0.0,0.00016379996668547392,0
955,0.0001841000048443675,0.0,0.0001849000109359622,0
956,0.00018679990898817778,0.0,0.0001876999158412218,0
957,0.00015670002903789282,0.0,0.00015750003512948751,0
958,0.00016900000628083944,0.0,0.00016980001237243414,0
959,0.00015630002599209547,0.0003027999773621559,0.002926900051534176,1
960,0.0003133999416604638,0.0,0.0003146999515593052,0
961,0.00021820003166794777,0.0,0.00021930004004389048,0
962,0.00020370003767311573,0.0,0.00020480004604905844,0
963,0.00015689991414546967,0.0,0.0001577999209985137,0
964,0.00018720002844929695,0.0,0.00018810003530234098,0
965,0.00020110001787543297,0.0,0.00020210002548992634,0
966,0.00015600002370774746,0.0,0.00015680002979934216,0
967,0.00015410000924021006,0.0,0.0001550000160932541,0
968,0.00023030000738799572,0.0,0.0002313000150024891,0
969,0.00015449989587068558,0.00034360005520284176,0.0030678999610245228,1
970,0.00030499999411404133,0.0,0.0003063000040128827,0
971,0.0001996000064536929,0.0,0.00020060001406818628,0
972,0.0001824999926611781,0.0,0.00019649998284876347,0
973,0.00017560005653649569,0.0,0.00017660006415098906,0
974,0.00015529990196228027,0.0,0.00015609990805387497,0
975,0.00016880000475794077,0.0,0.00016990001313388348,0
976,0.0001550999004393816,0.0,0.00015599990729242563,0
977,0.0001702000154182315,0.0,0.00017100002150982618,0
978,0.00017619994468986988,0.0,0.0001772999530658126,0
979,0.00015959993470460176,0.00030860002152621746,0.0027682000072672963,1
980,0.00033109996002167463,0.0,0.00033249997068196535,0
981,0.00016880000475794077,0.0,0.00016980001237243414,0
982,0.00018919992726296186,0.0,0.0001900999341160059,0
983,0.00016529997810721397,0.0,0.000166199984960258,0
984,0.00016119994688779116,0.0,0.00016199995297938585,0
985,0.00017719995230436325,0.0,0.00017809995915740728,0
986,0.00016139994841068983,0.0,0.0001623999560251832,0
987,0.0001596999354660511,0.0,0.00016059994231909513,0
988,0.00017300003673881292,0.0,0.0001740000443533063,0
989,0.00016759999562054873,0.00030940002761781216,0.0028002000181004405,1
990,0.00036529998760670424,0.0,0.00036669999826699495,0
991,0.00022089993581175804,0.0,0.00022199994418770075,0
992,0.0001954999752342701,0.0,0.00019649998284876347,0
993,0.00016059994231909513,0.0,0.0001615999499335885,0
994,0.00015839992556720972,0.0,0.00015929993242025375,0
995,0.00017230003140866756,0.0,0.0001732000382617116,0
996,0.00015890004578977823,0.0,0.00015970005188137293,0
997,0.0003125999355688691,0.0,0.0003136999439448118,0
998,0.00027089996729046106,0.0,0.0002717999741435051,0
999,0.0001634999644011259,0.000314700067974627,0.002687999978661537,1
1000,0.0004594000056385994,0.0,0.00047470000572502613,0
1001,0.0001689000055193901,0.0,0.00016990001313388348,0
1002,0.00019130005966871977,0.0,0.00019240006804466248,0
1003,0.0001634000800549984,0.0,0.00016440008766949177,0
1004,0.00016060005873441696,0.0,0.000161500065587461,0
1005,0.00017559994012117386,0.0,0.0001764999469742179,0
1006,0.00016069994308054447,0.0,0.0001615999499335885,0
1007,0.00016029994003474712,0.0,0.00016109994612634182,0
1008,0.000175100052729249,0.0,0.0001759999431669712,0
1009,0.0001604000572115183,0.0003053999971598387,0.0027170999674126506,1
1010,0.0003738999366760254,0.0,0.00037509994581341743,0
1011,0.0001674999948590994,0.0,0.00016840000171214342,0
1012,0.00018919992726296186,0.0,0.00019019993487745523,0
1013,0.00016179995145648718,0.0,0.0001626999583095312,0
1014,0.00016029994003474712,0.0,0.00016109994612634182,0
1015,0.00017819995991885662,0.0,0.00017909996677190065,0
1016,0.00015920004807412624,0.0,0.00016010005492717028,0
1017,0.00015820004045963287,0.0,0.00015900004655122757,0
1018,0.0001724999165162444,0.0,0.00017339992336928844,0
1019,0.0001599999377503991,0.00033870001789182425,0.0027797999791800976,1
1020,0.00036800000816583633,0.0,0.00036910001654177904,0
1021,0.00025109993293881416,0.0,0.00025209994055330753,0
1022,0.00019429996609687805,0.0,0.00019529997371137142,0
1023,0.00016830000095069408,0.0,0.00016930000856518745,0
1024,0.0001596999354660511,0.0,0.0001604999415576458,0
1025,0.0001745999325066805,0.0,0.00017549993935972452,0
1026,0.00015980005264282227,0.0,0.00016069994308054447,0
1027,0.00016300007700920105,0.0,0.00016379996668547392,0
1028,0.0001724000321701169,0.0,0.0001732000382617116,0
1029,0.00015819992404431105,0.0003035999834537506,0.0029565999284386635,1
1030,0.0004070999566465616,0.0,0.000408399966545403,0
1031,0.00021510000806301832,0.0,0.00021620001643896103,0
1032,0.0002277999883517623,0.0,0.000228899996727705,0
1033,0.00016329996287822723,0.0,0.0001642999704927206,0
1034,0.00015919993165880442,0.0,0.0001599999377503991,0
1035,0.00017220003064721823,0.0,0.00017310003750026226,0
1036,0.00015940004959702492,0.0,0.00016020005568861961,0
1037,0.00015759991947561502,0.0,0.00015839992556720972,0
1038,0.00017479993402957916,0.0,0.0001756999408826232,0
1039,0.00015730003360658884,0.0003065000055357814,0.0028525000670924783,1
1040,0.0003868999192491174,0.0,0.00038819992914795876,0
1041,0.0002148000057786703,0.0,0.00021580001339316368,0
1042,0.00023559993132948875,0.0,0.00023669993970543146,0
1043,0.00016930000856518745,0.0,0.00017030001617968082,0
1044,0.00016080006025731564,0.0,0.000161800067871809,0
1045,0.0001727000344544649,0.0,0.00017370004206895828,0
1046,0.00015929993242025375,0.0,0.0001601999392732978,0
1047,0.00015670002903789282,0.0,0.00015760003589093685,0
1048,0.00017180002760142088,0.0,0.0001727000344544649,0
1049,0.00019459996838122606,0.0003119000466540456,0.00277489994186908,1
1050,0.0003445999464020133,0.0,0.00034579995553940535,0
1051,0.00016900000628083944,0.0,0.00017010001465678215,0
1052,0.00018800003454089165,0.0,0.00018910004291683435,0
1053,0.0001612999476492405,0.0,0.00016219995450228453,0
1054,0.00015849992632865906,0.0,0.0001593999331817031,0
1055,0.00017380004283040762,0.0,0.000174800050444901,0
1056,0.00016400008462369442,0.0,0.00016490009147673845,0
1057,0.00015840004198253155,0.0,0.00015920004807412624,0
1058,0.00017199991270899773,0.0,0.00017289991956204176,0
1059,0.00015930004883557558,0.00031020003370940685,0.0028098999755457044,1
1060,0.00039009994361549616,0.0,0.0003912999527528882,0
1061,0.0002142000012099743,0.0,0.0002153998939320445,0
1062,0.0002701999619603157,0.0,0.0002711999695748091,0
1063,0.00021550001110881567,0.0,0.0002164000179618597,0
1064,0.00019519997294992208,0.0,0.00019609997980296612,0
1065,0.00017630006186664104,0.0,0.00017730006948113441,0
1066,0.0001607000594958663,0.0,0.00016160006634891033,0
1067,0.00016329996287822723,0.0,0.00016419996973127127,0
1068,0.00017319992184638977,0.0,0.0001740999286994338,0
1069,0.00015929993242025375,0.0003160000778734684,0.0028649000450968742,1
1070,0.0003256000345572829,0.0,0.0003268999280408025,0
1071,0.00020160002168267965,0.0,0.00020260002929717302,0
1072,0.00020219990983605385,0.0,0.00020329991821199656,0
1073,0.0001666999887675047,0.0,0.00016759999562054873,0
1074,0.00015849992632865906,0.0,0.0001593999331817031,0
1075,0.00017250003293156624,0.0,0.00017340003978461027,0
1076,0.00015730003360658884,0.0,0.00015820004045963287,0
1077,0.00015719991642981768,0.0,0.00015799992252141237,0
1078,0.00017090002074837685,0.0,0.00017180002760142088,0
1079,0.00016110006254166365,0.0003266000421717763,0.002813900006003678,1
1080,0.0003105999203398824,0.0,0.00031189993023872375,0
1081,0.0002001000102609396,0.0,0.0002012000186368823,0
1082,0.00018820003606379032,0.0,0.00018910004291683435,0
1083,0.0001601999392732978,0.0,0.00016109994612634182,0
1084,0.0001593999331817031,0.0,0.0001601999392732978,0
1085,0.0001721000298857689,0.0,0.00017290003597736359,0
1086,0.00017040001694113016,0.0,0.00017129990737885237,0
1087,0.00015870004426687956,0.0,0.0001596000511199236,0
1088,0.00017170002683997154,0.0,0.00017250003293156624,0
1089,0.0001585999270901084,0.0003152000717818737,0.002824299968779087,1
1090,0.00045779999345541,0.0,0.0004592000041157007,0
1091,0.0002185999182984233,0.0,0.000219699926674366,0
1092,0.0001922000665217638,0.0,0.00019329995848238468,0
1093,0.000161500065587461,0.0,0.00016250007320195436,0
1094,0.0001607000594958663,0.0,0.00016160006634891033,0
1095,0.00017440004739910364,0.0,0.00017530005425214767,0
1096,0.0001601999392732978,0.0,0.00016109994612634182,0
1097,0.0001639999682083726,0.0,0.00016489997506141663,0
1098,0.0001745999325066805,0.0,0.00017559994012117386,0
1099,0.00015929993242025375,0.0003103000344708562,0.002773699932731688,1
1100,0.0002938999095931649,0.0,0.00029559992253780365,0
1101,0.00022259994875639677,0.0,0.0002234999556094408,0
1102,0.0002447000006213784,0.0,0.0002457000082358718,0
1103,0.00017009989824146032,0.0,0.0001710999058559537,0
1104,0.0001674999948590994,0.0,0.00016850000247359276,0
1105,0.000179499969817698,0.0,0.0001805999781936407,0
1106,0.00016630010213702917,0.0,0.00016719999257475138,0
1107,0.00016449997201561928,0.0,0.00016529997810721397,0
1108,0.00017719995230436325,0.0,0.00017829996068030596,0
1109,0.0001677999971434474,0.0002874999772757292,0.002808599965646863,1
1110,0.00025839998852461576,0.0,0.0002597999991849065,0
1111,0.0001735000405460596,0.0,0.00017450004816055298,0
1112,0.0001946999691426754,0.0,0.00019569997675716877,0
1113,0.00016689999029040337,0.0,0.00016789999790489674,0
1114,0.00016439997125416994,0.0,0.00016529997810721397,0
1115,0.0001799999736249447,0.0,0.00018089998047798872,0
1116,0.0001689000055193901,0.0,0.00016980001237243414,0
1117,0.00016360008157789707,0.0,0.0001645000884309411,0
1118,0.00017690006643533707,0.0,0.00017790007404983044,0
1119,0.00016270007472485304,0.0002764000091701746,0.0032065000850707293,1
1120,0.00030910002533346415,0.0,0.0003104000352323055,0
1121,0.00023500004317611456,0.0,0.00023610005155205727,0
1122,0.0001897999318316579,0.0,0.00019079993944615126,0
1123,0.0001604999415576458,0.0,0.0001612999476492405,0
1124,0.00015850004274398088,0.0,0.00015950005035847425,0
1125,0.00017150002531707287,0.0,0.00017260003369301558,0
1126,0.00016459997277706861,0.0,0.0001653999788686633,0
1127,0.0001593999331817031,0.0,0.0001601999392732978,0
1128,0.0001805000938475132,0.0,0.0001816001022234559,0
1129,0.0001588000450283289,0.00032190000638365746,0.0028937000315636396,1
1130,0.0003037999849766493,0.0,0.00030519999563694,0
1131,0.00018079997971653938,0.0,0.0001818999880924821,0
1132,0.00019149994477629662,0.0,0.00019239995162934065,0
1133,0.00015949993394315243,0.0,0.0001604999415576458,0
1134,0.00015700003132224083,0.0,0.00015790003817528486,0
1135,0.00017170002683997154,0.0,0.00017250003293156624,0
1136,0.0001585999270901084,0.0,0.00015949993394315243,0
1137,0.00015740003436803818,0.0,0.00015820004045963287,0
1138,0.00017340003978461027,0.0,0.0001743000466376543,0
1139,0.0001574999187141657,0.00031690008472651243,0.0029039999935775995,1
1140,0.0003029999788850546,0.0,0.00030429998878389597,0
1141,0.0001984999980777502,0.0,0.00019940000493079424,0
1142,0.00018890004139393568,0.0,0.00019010005053132772,0
1143,0.0001601999392732978,0.0,0.00016119994688779116,0
1144,0.00015929993242025375,0.0,0.0001601999392732978,0
1145,0.00017739995382726192,0.0,0.00017829996068030596,0
1146,0.00015890004578977823,0.0,0.00015970005188137293,0
1147,0.00015630002599209547,0.0,0.0001572000328451395,0
1148,0.00017060001846402884,0.0,0.00017150002531707287,0
1149,0.00015790003817528486,0.0003205999964848161,0.0029011000879108906,1
1150,0.000282099936157465,0.0,0.0002834999468177557,0
1151,0.0002142000012099743,0.0,0.00021520000882446766,0
1152,0.0001900999341160059,0.0,0.0001911999424919486,0
1153,0.00016089994460344315,0.0,0.00016189995221793652,0
1154,0.00015879992861300707,0.0,0.00015959993470460176,0
1155,0.0001727000344544649,0.0,0.00017360004130750895,0
1156,0.0001593999331817031,0.0,0.0001601999392732978,0
1157,0.0001615999499335885,0.0,0.0001623999560251832,0
1158,0.00017090002074837685,0.0,0.00017170002683997154,0
1159,0.00015820004045963287,0.00031269993633031845,0.0028183000395074487,1
1160,0.00030690000858157873,0.0,0.00030830001924186945,0
1161,0.0001976999919861555,0.0,0.00019869999960064888,0
1162,0.000188700039871037,0.0,0.0001898000482469797,0
1163,0.00016449997201561928,0.0,0.0001653999788686633,0
1164,0.00015879992861300707,0.0,0.00015959993470460176,0
1165,0.00017260003369301558,0.0,0.00017349992413073778,0
1166,0.00015780003741383553,0.0,0.00015860004350543022,0
1167,0.00015689991414546967,0.0,0.00015769992023706436,0
1168,0.00017030001617968082,0.0,0.00017120002303272486,0
1169,0.000188700039871037,0.0003087000222876668,0.002971000038087368,1
1170,0.0004689000779762864,0.0,0.00047039997298270464,0
1171,0.00021680002100765705,0.0,0.00021780002862215042,0
1172,0.00023790006525814533,0.0,0.0002389000728726387,0
1173,0.0001642000861465931,0.0,0.00016499997582286596,0
1174,0.00024349999148398638,0.0,0.00024449999909847975,0
1175,0.00021590001415461302,0.0,0.00021680002100765705,0
1176,0.00016249995678663254,0.0,0.00016329996287822723,0
1177,0.0001593999331817031,0.0,0.00016009993851184845,0
1178,0.00017180002760142088,0.0,0.00017280003521591425,0
1179,0.00019869999960064888,0.0003168000839650631,0.0029969000024721026,1
1180,0.00032299989834427834,0.0,0.00032439990900456905,0
1181,0.0002001000102609396,0.0,0.00020110001787543297,0
1182,0.00020150002092123032,0.0,0.00020239991135895252,0
1183,0.0001612999476492405,0.0,0.0001620999537408352,0
1184,0.00016259995754808187,0.0,0.0001634999644011259,0
1185,0.00017380004283040762,0.0,0.000174800050444901,0
1186,0.00015890004578977823,0.0,0.00015980005264282227,0
1187,0.00015819992404431105,0.0,0.00015899993013590574,0
1188,0.00017230003140866756,0.0,0.00017310003750026226,0
1189,0.00015860004350543022,0.00031409994699060917,0.0029401000356301665,1
1190,0.0002664000494405627,0.0,0.00026760005857795477,0
1191,0.00020240002777427435,0.0,0.0002036000369116664,0
1192,0.0001935999607667327,0.0,0.0001946999691426754,0
1193,0.00015989993698894978,0.0,0.0001607999438419938,0
1194,0.00015710003208369017,0.0,0.00015810003969818354,0
1195,0.0001732000382617116,0.0,0.00017420004587620497,0
1196,0.0001620999537408352,0.0,0.00016309996135532856,0
1197,0.00015759991947561502,0.0,0.00015839992556720972,0
1198,0.00017100002150982618,0.0,0.00017190002836287022,0
1199,0.00015810003969818354,0.000313800061121583,0.0029013000894337893,1
1200,0.00031150004360824823,0.0,0.00031290005426853895,0
1201,0.0001984999980777502,0.0,0.0001996000064536929,0
1202,0.00018999993335455656,0.0,0.00019099994096904993,0
1203,0.00019599997904151678,0.0,0.00019689998589456081,0
1204,0.00016009993851184845,0.0,0.00016089994460344315,0
1205,0.00017319992184638977,0.0,0.0001740999286994338,0
1206,0.0001577000366523862,0.0,0.00015840004198253155,0
1207,0.00015780003741383553,0.0,0.0001588000450283289,0
1208,0.00017449993174523115,0.0,0.00017539993859827518,0
1209,0.00015870004426687956,0.0003130999393761158,0.0028774000238627195,1
1210,0.0010701999999582767,0.0,0.0010716000106185675,0
1211,0.00018879992421716452,0.0,0.00018989993259310722,0
1212,0.0001970999874174595,0.0,0.00019829999655485153,0
1213,0.00017479993402957916,0.0,0.00017589994240552187,0
1214,0.0001580999232828617,0.0,0.0001588999293744564,0
1215,0.00017180002760142088,0.0,0.00017290003597736359,0
1216,0.00016249995678663254,0.0,0.00016339996363967657,0
1217,0.000156999914906919,0.0,0.0001577999209985137,0
1218,0.00017070001922547817,0.0,0.00017170002683997154,0
1219,0.00015630002599209547,0.000319099985063076,0.0039412000915035605,1
1220,0.0004187999293208122,0.0,0.00042049994226545095,0
1221,0.0003008999628946185,0.0,0.00030229997355490923,0
1222,0.00034879997838288546,0.0,0.0003501999890431762,0
1223,0.000291300006210804,0.0,0.00029260001610964537,0
1224,0.0002970000496134162,0.0,0.0002983000595122576,0
1225,0.00034149992279708385,0.0,0.00034279993269592524,0
1226,0.0002899999963119626,0.0,0.00029120000544935465,0
1227,0.00029340002220124006,0.0,0.0002946000313386321,0
1228,0.00033760000951588154,0.0,0.0003389000194147229,0
1229,0.0002901999978348613,0.0005187999922782183,0.0045264000073075294,1
1230,0.00042559998109936714,0.0,0.00042729999404400587,0
1231,0.00022300006821751595,0.0,0.000224200077354908,0
1232,0.0002373000606894493,0.0,0.00023840006906539202,0
1233,0.00017680006567388773,0.0,0.0001778000732883811,0
1234,0.00016009993851184845,0.0,0.00016099994536489248,0
1235,0.00017429993022233248,0.0,0.00017529993783682585,0
1236,0.00015929993242025375,0.0,0.0001601999392732978,0
1237,0.00015900004655122757,0.0,0.00015980005264282227,0
1238,0.00017030001617968082,0.0,0.0001713000237941742,0
1239,0.0001949999714270234,0.00031809997744858265,0.0034793999511748552,1
1240,0.00044450000859797,0.0,0.00044600002001971006,0
1241,0.00021359999664127827,0.0,0.0002145000034943223,0
1242,0.00019320007413625717,0.0,0.00019430008251219988,0
1243,0.00016360008157789707,0.0,0.00016460008919239044,0
1244,0.00016030005645006895,0.0,0.00016120006330311298,0
1245,0.00017570005729794502,0.0,0.0001767000649124384,0
1246,0.00016169995069503784,0.0,0.00016259995754808187,0
1247,0.0001650999765843153,0.0,0.00016599998343735933,0
1248,0.00017279991880059242,0.0,0.0001737999264150858,0
1249,0.00015870004426687956,0.00038240000139921904,0.003320500021800399,1
1250,0.0003773999633267522,0.0,0.00037889997474849224,0
1251,0.00016519997734576464,0.0,0.00016609998419880867,0
1252,0.00018710002768784761,0.0,0.00018810003530234098,0
1253,0.00016109994612634182,0.0,0.00016189995221793652,0
1254,0.00015869992785155773,0.0,0.00015959993470460176,0
1255,0.00017120002303272486,0.0,0.00017220003064721823,0
1256,0.00018239999189972878,0.0,0.0001832999987527728,0
1257,0.00015730003360658884,0.0,0.00015820004045963287,0
1258,0.00017060001846402884,0.0,0.00017150002531707287,0
1259,0.00015750003512948751,0.00038410001434385777,0.003482899977825582,1
1260,0.00042090006172657013,0.0,0.0004221000708639622,0
1261,0.00021430000197142363,0.0,0.000215300009585917,0
1262,0.00023580004926770926,0.0,0.00023689994122833014,0
1263,0.00016559998039156199,0.0,0.00016649998724460602,0
1264,0.00016279995907098055,0.0,0.00016369996592402458,0
1265,0.00017260003369301558,0.0,0.00017360004130750895,0
1266,0.00016599998343735933,0.0,0.00016689999029040337,0
1267,0.0001577999209985137,0.0,0.0001585999270901084,0
1268,0.00017220003064721823,0.0,0.00017310003750026226,0
1269,0.00015980005264282227,0.00038410001434385777,0.0034340000711381435,1
1270,0.00027279998175799847,0.0,0.0002738999901339412,0
1271,0.00019669998437166214,0.0,0.00019759999122470617,0
1272,0.00018500001169741154,0.0,0.0001860000193119049,0
1273,0.0001772999530658126,0.0,0.00017819995991885662,0
1274,0.0001588999293744564,0.0,0.0001596999354660511,0
1275,0.00017220003064721823,0.0,0.00017300003673881292,0
1276,0.00015920004807412624,0.0,0.00016010005492717028,0
1277,0.00015950005035847425,0.0,0.00016030005645006895,0
1278,0.00021650001872330904,0.0,0.00021759991068392992,0
1279,0.0001583000412210822,0.0003918999573215842,0.0034869000082835555,1
1280,0.0004401999758556485,0.0,0.0004414999857544899,0
1281,0.00016259995754808187,0.0,0.00016369996592402458,0
1282,0.00020439992658793926,0.0,0.00020539993420243263,0
1283,0.00016910000704228878,0.0,0.0001700000138953328,0
1284,0.0001534000039100647,0.0,0.00015410000924021006,0
1285,0.0002001000102609396,0.0,0.00020100001711398363,0
1286,0.00026929995510727167,0.0,0.00027009996119886637,0
1287,0.0001865000231191516,0.0,0.00018740002997219563,0
1288,0.0001998000079765916,0.0,0.00020080001559108496,0
1289,0.00015470001380890608,0.0004007000243291259,0.0036053999792784452,1
1290,0.0003773000789806247,0.0,0.00037890009116381407,0
1291,0.00015940004959702492,0.0,0.00016050005797296762,0
1292,0.0002148000057786703,0.0,0.00021580001339316368,0
1293,0.0001860000193119049,0.0,0.0001868000254034996,0
1294,0.00015300000086426735,0.0,0.00015389989130198956,0
1295,0.0001933000748977065,0.0,0.00019409996457397938,0
1296,0.0001542000100016594,0.0,0.0001550000160932541,0
1297,0.00015310000162571669,0.0,0.00015390000771731138,0
1298,0.00022740010172128677,0.0,0.00022829999215900898,0
1299,0.00015249999705702066,0.0003626999678090215,0.003439699998125434,1
1300,0.0002938000252470374,0.0,0.00029520003590732813,0
1301,0.0001976999919861555,0.0,0.00019869999960064888,0
1302,0.00018850003834813833,0.0,0.0001895000459626317,0
1303,0.00016089994460344315,0.0,0.00016169995069503784,0
1304,0.00015860004350543022,0.0,0.00015949993394315243,0
1305,0.00017460004892200232,0.0,0.00017560005653649569,0
1306,0.00016000005416572094,0.0,0.00016090006101876497,0
1307,0.0001634999644011259,0.0,0.0001642999704927206,0
1308,0.00017190002836287022,0.0,0.00017279991880059242,0
1309,0.0001588000450283289,0.0003192001022398472,0.003326699952594936,1
1310,0.00027630000840872526,0.0,0.0002775999018922448,0
1311,0.0001832999987527728,0.0,0.00018430000636726618,0
1312,0.00018999993335455656,0.0,0.00019099994096904993,0
1313,0.00016010005492717028,0.0,0.00016110006254166365,0
1314,0.00015820004045963287,0.0,0.0001591000473126769,0
1315,0.00017339992336928844,0.0,0.00017429993022233248,0
1316,0.0001585999270901084,0.0,0.0001593999331817031,0
1317,0.00020520004909485579,0.0,0.00020610005594789982,0
1318,0.00017470004968345165,0.0,0.00017570005729794502,0
1319,0.00016069994308054447,0.0003179999766871333,0.0031869999365881085,1
1320,0.0003562000347301364,0.0,0.00035770004615187645,0
1321,0.0001832999987527728,0.0,0.00018440000712871552,0
1322,0.00018830003682523966,0.0,0.0001892000436782837,0
1323,0.00015980005264282227,0.0,0.00016060005873441696,0
1324,0.00015759991947561502,0.0,0.00015849992632865906,0
1325,0.00017190002836287022,0.0,0.00017290003597736359,0
1326,0.0001577000366523862,0.0,0.00015850004274398088,0
1327,0.0001615999499335885,0.0,0.00016249995678663254,0
1328,0.00017110002227127552,0.0,0.00017199991270899773,0
1329,0.00015920004807412624,0.00030590000096708536,0.0029412000440061092,1
1330,0.0003621000796556473,0.0,0.00036339997313916683,0
1331,0.00016489997506141663,0.0,0.00016589998267591,0
1332,0.00019069993868470192,0.0,0.0001916999462991953,0
1333,0.00015980005264282227,0.0,0.00016080006025731564,0
1334,0.00015840004198253155,0.0,0.00015930004883557558,0
1335,0.00017279991880059242,0.0,0.00017369992565363646,0
1336,0.00015890004578977823,0.0,0.0001596999354660511,0
1337,0.00015890004578977823,0.0,0.00015970005188137293,0
1338,0.00017490005120635033,0.0,0.0001759000588208437,0
1339,0.00015739991795271635,0.00031020003370940685,0.0030741000082343817,1
1340,0.00031809997744858265,0.0,0.00031949998810887337,0
1341,0.00016359996516257524,0.0,0.00016459997277706861,0
1342,0.0001900000497698784,0.0,0.00019090005662292242,0
1343,0.00016009993851184845,0.0,0.00016089994460344315,0
1344,0.00016189995221793652,0.0,0.0001626999583095312,0
1345,0.00017230003140866756,0.0,0.0001732000382617116,0
1346,0.00015780003741383553,0.0,0.00015860004350543022,0
1347,0.00015719991642981768,0.0,0.00015789992175996304,0
1348,0.0001702000154182315,0.0,0.00017100002150982618,0
1349,0.00015819992404431105,0.00030670000705868006,0.003007699968293309,1
1350,0.0003231000155210495,0.0,0.0003244000254198909,0
1351,0.0001631999621167779,0.0,0.00016419996973127127,0
1352,0.0001897999318316579,0.0,0.0001908999402076006,0
1353,0.00017419992946088314,0.0,0.00017509993631392717,0
1354,0.00016030005645006895,0.0,0.00016119994688779116,0
1355,0.00016270007472485304,0.0,0.0001634999644011259,0
1356,0.00017150002531707287,0.0,0.0001724000321701169,0
1357,0.000157299917191267,0.0,0.00015819992404431105,0
1358,0.00015710003208369017,0.0,0.00015790003817528486,0
1359,0.0001694000093266368,0.0003972999984398484,0.0032263000030070543,1
1360,0.0003208999987691641,0.0,0.00032219989225268364,0
1361,0.00016279995907098055,0.0,0.00016369996592402458,0
1362,0.0001876000314950943,0.0,0.00018850003834813833,0
1363,0.0001588000450283289,0.0,0.0001596000511199236,0
1364,0.00015679991338402033,0.0,0.00015769992023706436,0
1365,0.00017220003064721823,0.0,0.00017300003673881292,0
1366,0.00016200006939470768,0.0,0.0001629000762477517,0
1367,0.00015709991566836834,0.0,0.00015799992252141237,0
1368,0.00016930000856518745,0.0,0.0001702000154182315,0
1369,0.00015700003132224083,0.00039439997635781765,0.00308889988809824,1
1370,0.00033240008633583784,0.0,0.0003337000962346792,0
1371,0.00016769999638199806,0.0,0.00016870000399649143,0
1372,0.0001857000170275569,0.0,0.00018670002464205027,0
1373,0.00016000005416572094,0.0,0.00016090006101876497,0
1374,0.00015799992252141237,0.0,0.0001588999293744564,0
1375,0.0001705000177025795,0.0,0.00017140002455562353,0
1376,0.00015710003208369017,0.0,0.0001580000389367342,0
1377,0.0001615999499335885,0.0,0.00016249995678663254,0
1378,0.00016960001084953547,0.0,0.0001705000177025795,0
1379,0.00015850004274398088,0.00039549998473376036,0.003933400032110512,1
1380,0.00030200008768588305,0.0,0.0003035000991076231,0
1381,0.00017690006643533707,0.0,0.00017779995687305927,0
1382,0.00024960003793239594,0.0,0.000250800047069788,0
1383,0.00017259991727769375,0.0,0.00017349992413073778,0
1384,0.0001553000183776021,0.0,0.0001561000244691968,0
1385,0.00018910004291683435,0.0,0.0001900999341160059,0
1386,0.00016759999562054873,0.0,0.00016850000247359276,0
1387,0.00015269999857991934,0.0,0.00015350000467151403,0
1388,0.00022479996550828218,0.0,0.00022569997236132622,0
1389,0.00016769999638199806,0.00044249999336898327,0.0035534000489860773,1
1390,0.00031889998354017735,0.0,0.0003201999934390187,0
1391,0.0002161999000236392,0.0,0.00021709990687668324,0
1392,0.0001838000025600195,0.0,0.00018480001017451286,0
1393,0.00015659991186112165,0.0,0.0001574999187141657,0
1394,0.00015540001913905144,0.0,0.00015620002523064613,0
1395,0.00016769999638199806,0.0,0.0001686000032350421,0
1396,0.0001906000543385744,0.0,0.0001914000604301691,0
1397,0.00015400000847876072,0.0,0.00015490001533180475,0
1398,0.0001680999994277954,0.0,0.00016900000628083944,0
1399,0.00015440001152455807,0.0004120999947190285,0.0034551999997347593,1
1400,0.0003560000332072377,0.0,0.00035720004234462976,0
1401,0.00016250007320195436,0.0,0.0001634999644011259,0
1402,0.00018640002235770226,0.0,0.00018740002997219563,0
1403,0.00015899993013590574,0.0,0.00015979993622750044,0
1404,0.00017469993326812983,0.0,0.00017579994164407253,0
1405,0.0001759999431669712,0.0,0.00017689995002001524,0
1406,0.00015780003741383553,0.0,0.00015869992785155773,0
1407,0.00015630002599209547,0.0,0.00015710003208369017,0
1408,0.00016969989519566298,0.0,0.000170599902048707,0
1409,0.00015600002370774746,0.0003934999695047736,0.0034000000450760126,1
1410,0.00032029999420046806,0.0,0.00032160000409930944,0
1411,0.00016279995907098055,0.0,0.00016369996592402458,0
1412,0.0001903999364003539,0.0,0.00019139994401484728,0
1413,0.0001607999438419938,0.0,0.0001615999499335885,0
1414,0.00015979993622750044,0.0,0.00016059994231909513,0
1415,0.00017289991956204176,0.0,0.00017369992565363646,0
1416,0.00015940004959702492,0.0,0.00016010005492717028,0
1417,0.0001572000328451395,0.0,0.0001580000389367342,0
1418,0.0001713000237941742,0.0,0.0001721000298857689,0
1419,0.00016220007091760635,0.000382099999114871,0.0032657000701874495,1
1420,0.0003522000042721629,0.0,0.00035360001493245363,0
1421,0.00016579998191446066,0.0,0.00016679998952895403,0
1422,0.00018990004900842905,0.0,0.00019090005662292242,0
1423,0.0001666999887675047,0.0,0.00016759999562054873,0
1424,0.00015920004807412624,0.0,0.00016000005416572094,0
1425,0.00017339992336928844,0.0,0.00017429993022233248,0
1426,0.0001596999354660511,0.0,0.00016059994231909513,0
1427,0.00016020005568861961,0.0,0.0001610000617802143,0
1428,0.0001743000466376543,0.0,0.00017520005349069834,0
1429,0.00016329996287822723,0.00038899993523955345,0.0032676999690011144,1
1430,0.00033519999124109745,0.0,0.00033650000113993883,0
1431,0.0001634999644011259,0.0,0.00016449997201561928,0
1432,0.0001876000314950943,0.0,0.00018880004063248634,0
1433,0.000166199984960258,0.0,0.00016709999181330204,0
1434,0.0001599000534042716,0.0,0.00016080006025731564,0
1435,0.00017200002912431955,0.0,0.00017290003597736359,0
1436,0.0001588999293744564,0.0,0.00015979993622750044,0
1437,0.00015580002218484879,0.0,0.00015670002903789282,0
1438,0.00016990001313388348,0.0,0.0001708000199869275,0
1439,0.00016089994460344315,0.0004080000799149275,0.00339590001385659,1
1440,0.00034030003007501364,0.0,0.000341600039973855,0
1441,0.00016390008386224508,0.0,0.00016489997506141663,0
1442,0.00019130005966871977,0.0,0.00019230006728321314,0
1443,0.0001604000572115183,0.0,0.00016120006330311298,0
1444,0.00015829992480576038,0.0,0.00015919993165880442,0
1445,0.00017140002455562353,0.0,0.0001724000321701169,0
1446,0.00015900004655122757,0.0,0.0001599000534042716,0
1447,0.00015709991566836834,0.0,0.00015789992175996304,0
1448,0.0001732000382617116,0.0,0.0001740000443533063,0
1449,0.00015750003512948751,0.0003917999565601349,0.003310800064355135,1
1450,0.00028499995823949575,0.0,0.00028639996889978647,0
1451,0.00017689995002001524,0.0,0.0001778999576345086,0
1452,0.00019429996609687805,0.0,0.00019529997371137142,0
1453,0.00016149994917213917,0.0,0.0001623999560251832,0
1454,0.00015820004045963287,0.0,0.0001591000473126769,0
1455,0.00017220003064721823,0.0,0.00017310003750026226,0
1456,0.00015709991566836834,0.0,0.00015789992175996304,0
1457,0.00015670002903789282,0.0,0.00015750003512948751,0
1458,0.00017429993022233248,0.0,0.0001751999370753765,0
1459,0.00015789992175996304,0.0003782000858336687,0.0032230999786406755,1
1460,0.00028710009064525366,0.0,0.0002883999841287732,0
1461,0.00017500005196779966,0.0,0.00017600005958229303,0
1462,0.00018610002007335424,0.0,0.00018700002692639828,0
1463,0.00016379996668547392,0.0,0.0001647999742999673,0
1464,0.00015789992175996304,0.0,0.00015879992861300707,0
1465,0.00017150002531707287,0.0,0.00017250003293156624,0
1466,0.00015760003589093685,0.0,0.00015850004274398088,0
1467,0.00015769992023706436,0.0,0.0001585999270901084,0
1468,0.0001705000177025795,0.0,0.00017140002455562353,0
1469,0.00016179995145648718,0.00037130003329366446,0.0033123999601230025,1
1470,0.00032240001019090414,0.0,0.0003236000193282962,0
1471,0.0001634999644011259,0.0,0.00016449997201561928,0
1472,0.00018829992040991783,0.0,0.0001892999280244112,0
1473,0.00016469997353851795,0.0,0.00016579998191446066,0
1474,0.0001596999354660511,0.0,0.00016059994231909513,0
1475,0.0001721000298857689,0.0,0.00017290003597736359,0
1476,0.00015890004578977823,0.0,0.00015970005188137293,0
1477,0.00015759991947561502,0.0,0.00015839992556720972,0
1478,0.00017110002227127552,0.0,0.00017200002912431955,0
1479,0.00016220007091760635,0.00038109999150037766,0.0032640000572428107,1
1480,0.00029180001001805067,0.0,0.00029310001991689205,0
1481,0.00016279995907098055,0.0,0.00016389996744692326,0
1482,0.0001876000314950943,0.0,0.00018859992269426584,0
1483,0.00016559998039156199,0.0,0.00016659998800605536,0
1484,0.00015760003589093685,0.0,0.00015850004274398088,0
1485,0.00017260003369301558,0.0,0.00017340003978461027,0
1486,0.00015759991947561502,0.0,0.00015849992632865906,0
1487,0.00015760003589093685,0.0,0.00015850004274398088,0
1488,0.00017040001694113016,0.0,0.0001713000237941742,0
1489,0.00016069994308054447,0.0003727000439539552,0.003222999977879226,1
1490,0.00030610000248998404,0.0,0.0003073000116273761,0
1491,0.00016289995983242989,0.0,0.00016379996668547392,0
1492,0.00018820003606379032,0.0,0.00018930004443973303,0
1493,0.00016559998039156199,0.0,0.00016659998800605536,0
1494,0.00016099994536489248,0.0,0.00016199995297938585,0
1495,0.00017220003064721823,0.0,0.0001732000382617116,0
1496,0.00015820004045963287,0.0,0.0001591000473126769,0
1497,0.00015630002599209547,0.0,0.00015709991566836834,0
1498,0.00017830007709562778,0.0,0.00017919996753335,0
1499,0.0001892000436782837,0.0004140000091865659,0.0037528000539168715,1
1500,0.0004751000087708235,0.0,0.00047640001866966486,0
1501,0.00016160006634891033,0.0,0.00016250007320195436,0
1502,0.00018550001550465822,0.0,0.00018640002235770226,0
1503,0.00015579990576952696,0.0,0.000156699912622571,0
1504,0.00015410000924021006,0.0,0.0001550000160932541,0
1505,0.00018390000332146883,0.0,0.0001849000109359622,0
1506,0.00015549990348517895,0.0,0.00015639991033822298,0
1507,0.00015410000924021006,0.0,0.00015490001533180475,0
1508,0.00016789999790489674,0.0,0.0001689000055193901,0
1509,0.0001550000160932541,0.00041179999243468046,0.0035309999948367476,1
1510,0.0002927000168710947,0.0,0.00029390002600848675,0
1511,0.00019859999883919954,0.0,0.00019950000569224358,0
1512,0.00019599997904151678,0.0,0.0001970999874174595,0
1513,0.0001601999392732978,0.0,0.00016109994612634182,0
1514,0.0001620999537408352,0.0,0.00016299996059387922,0
1515,0.00017180002760142088,0.0,0.0001727000344544649,0
1516,0.00015790003817528486,0.0,0.00015890004578977823,0
1517,0.00015629990957677364,0.0,0.00015709991566836834,0
1518,0.00017010001465678215,0.0,0.00017110002227127552,0
1519,0.00015799992252141237,0.00039240007754415274,0.0032673999667167664,1
1520,0.0002902999985963106,0.0,0.00029150000773370266,0
1521,0.00016229995526373386,0.0,0.0001631999621167779,0
1522,0.0001873000292107463,0.0,0.00018830003682523966,0
1523,0.0001588000450283289,0.0,0.0001596000511199236,0
1524,0.00016109994612634182,0.0,0.00016199995297938585,0
1525,0.0001708000199869275,0.0,0.00017180002760142088,0
1526,0.0001569000305607915,0.0,0.00015780003741383553,0
1527,0.00015629990957677364,0.0,0.00015709991566836834,0
1528,0.00017030001617968082,0.0,0.00017120002303272486,0
1529,0.00015709991566836834,0.00039080006536096334,0.0033206999069079757,1
1530,0.00031759997364133596,0.0,0.0003189999843016267,0
1531,0.00016360008157789707,0.0,0.00016460008919239044,0
1532,0.0002001000102609396,0.0,0.0002012000186368823,0
1533,0.0001556000206619501,0.0,0.00015650002751499414,0
1534,0.00015920004807412624,0.0,0.00016000005416572094,0
1535,0.0001669999910518527,0.0,0.0001677999971434474,0
1536,0.0001542000100016594,0.0,0.0001550000160932541,0
1537,0.00015330000314861536,0.0,0.00015410000924021006,0
1538,0.00016440008766949177,0.0,0.00016519997734576464,0
1539,0.00015410000924021006,0.00044650002382695675,0.003521600039675832,1
1540,0.00033030007034540176,0.0,0.00033160008024424314,0
1541,0.00018350000027567148,0.0,0.00018450000789016485,0
1542,0.0001919999485835433,0.0,0.00019299995619803667,0
1543,0.00015609990805387497,0.0,0.000156999914906919,0
1544,0.00015410000924021006,0.0,0.00015480001457035542,0
1545,0.00016679998952895403,0.0,0.00016769999638199806,0
1546,0.00015380000695586205,0.0,0.0001545000122860074,0
1547,0.00015109998639672995,0.0,0.00015189999248832464,0
1548,0.00020250002853572369,0.0,0.00020330003462731838,0
1549,0.00015209999401122332,0.00039579998701810837,0.00358260003849864,1
1550,0.0002775000175461173,0.0,0.0002788000274449587,0
1551,0.00020489993039518595,0.0,0.000206099939532578,0
1552,0.00018350000027567148,0.0,0.00018450000789016485,0
1553,0.00015649991109967232,0.0,0.000157299917191267,0
1554,0.00015360000543296337,0.0,0.00015440001152455807,0
1555,0.0001677999971434474,0.0,0.00016870000399649143,0
1556,0.00017230003140866756,0.0,0.0001732000382617116,0
1557,0.00015470001380890608,0.0,0.00015570002142339945,0
1558,0.00016480009071528912,0.0,0.00016569998115301132,0
1559,0.00015219999477267265,0.00040120002813637257,0.003578400006517768,1
1560,0.00037620007060468197,0.0,0.000377400079742074,0
1561,0.00019360007718205452,0.0,0.00019470008555799723,0
1562,0.00025480007752776146,0.0,0.00025580008514225483,0
1563,0.00016870000399649143,0.0,0.00016950001008808613,0
1564,0.0001892000436782837,0.0,0.00018999993335455656,0
1565,0.00016589998267591,0.0,0.0001666999887675047,0
1566,0.00015259999781847,0.0,0.0001534000039100647,0
1567,0.00015239999629557133,0.0,0.00015320000238716602,0
1568,0.00016490009147673845,0.0,0.00016580009832978249,0
1569,0.00015239999629557133,0.0004116999916732311,0.0036854000063613057,1
1570,0.0004635000368580222,0.0,0.00046490004751831293,0
1571,0.00016629998572170734,0.0,0.00016719999257475138,0
1572,0.00018480001017451286,0.0,0.0001857000170275569,0
1573,0.0001569000305607915,0.0,0.00015780003741383553,0
1574,0.00015480001457035542,0.0,0.00015570002142339945,0
1575,0.00016719999257475138,0.0,0.00016799999866634607,0
1576,0.00015750003512948751,0.0,0.0001583000412210822,0
1577,0.00015350000467151403,0.0,0.00015440001152455807,0
1578,0.00016630010213702917,0.0,0.00016710010822862387,0
1579,0.00015380000695586205,0.0004054000601172447,0.0035280000884085894,1
1580,0.00034559995401650667,0.0,0.00034689996391534805,0
1581,0.0001852000132203102,0.0,0.00018620002083480358,0
1582,0.00018350000027567148,0.0,0.00018440000712871552,0
1583,0.00015520001761615276,0.0,0.00015620002523064613,0
1584,0.00015380000695586205,0.0,0.0001545000122860074,0
1585,0.00017550005577504635,0.0,0.00017639994621276855,0
1586,0.00015520001761615276,0.0,0.00015600002370774746,0
1587,0.00015300000086426735,0.0,0.00015380000695586205,0
1588,0.00016510009299963713,0.0,0.0001661001006141305,0
1589,0.00015470001380890608,0.0004555999767035246,0.003757899976335466,1
1590,0.0002967000473290682,0.0,0.00029799994081258774,0
1591,0.00019809999503195286,0.0,0.0001990000018849969,0
1592,0.00023440003860741854,0.0,0.00023550004698336124,0
1593,0.00018420000560581684,0.0,0.00018510001245886087,0
1594,0.00015330000314861536,0.0,0.0001542000100016594,0
1595,0.00016620010137557983,0.0,0.00016719999257475138,0
1596,0.00015380000695586205,0.0,0.00015460001304745674,0
1597,0.00015390000771731138,0.0,0.00015470001380890608,0
1598,0.00016930000856518745,0.0,0.00017010001465678215,0
1599,0.00015460001304745674,0.00040359992999583483,0.003595600021071732,1
1600,0.0003103000344708562,0.0,0.00031150004360824823,0
1601,0.00018440000712871552,0.0,0.00018540001474320889,0
1602,0.00018420000560581684,0.0,0.00018530001398175955,0
1603,0.00015519990120083094,0.0,0.00015609990805387497,0
1604,0.00015239999629557133,0.0,0.00015320000238716602,0
1605,0.00016719999257475138,0.0,0.0001680999994277954,0
1606,0.00018940004520118237,0.0,0.00019020005129277706,0
1607,0.00015219999477267265,0.0,0.00015310000162571669,0
1608,0.00016630010213702917,0.0,0.00016709999181330204,0
1609,0.00015320000238716602,0.0004278999986127019,0.00352190004196018,1
1610,0.0002886999864131212,0.0,0.00028989999555051327,0
1611,0.0001631999621167779,0.0,0.0001642999704927206,0
1612,0.00018770003225654364,0.0,0.00018860003910958767,0
1613,0.00016060005873441696,0.0,0.000161500065587461,0
1614,0.00016380008310079575,0.0,0.00016460008919239044,0
1615,0.0001716000260785222,0.0,0.00017260003369301558,0
1616,0.00015759991947561502,0.0,0.00015839992556720972,0
1617,0.00015660002827644348,0.0,0.00015750003512948751,0
1618,0.00017060001846402884,0.0,0.00017150002531707287,0
1619,0.0001591000473126769,0.0003795999800786376,0.003366400022059679,1
1620,0.0004816999426111579,0.0,0.0004830999532714486,0
1621,0.0002161999000236392,0.0,0.00021719990763813257,0
1622,0.00024209998082369566,0.0,0.00024319998919963837,0
1623,0.0001642999704927206,0.0,0.00016519997734576464,0
1624,0.0001604999415576458,0.0,0.0001612999476492405,0
1625,0.00017260003369301558,0.0,0.0001735000405460596,0
1626,0.00016050005797296762,0.0,0.00016140006482601166,0
1627,0.00015900004655122757,0.0,0.00015980005264282227,0
1628,0.00017529993783682585,0.0,0.00017609994392842054,0
1629,0.0001588000450283289,0.0003701000241562724,0.003875599941238761,1
1630,0.0003388000186532736,0.0,0.00034009991213679314,0
1631,0.0001935999607667327,0.0,0.00019459996838122606,0
1632,0.0001832999987527728,0.0,0.00018430000636726618,0
1633,0.00015540001913905144,0.0,0.00015620002523064613,0
1634,0.00015360000543296337,0.0,0.00015440001152455807,0
1635,0.00017120002303272486,0.0,0.0001721000298857689,0
1636,0.00015480001457035542,0.0,0.00015570002142339945,0
1637,0.00015279999934136868,0.0,0.00015360000543296337,0
1638,0.00016520009376108646,0.0,0.00016600009985268116,0
1639,0.00015219999477267265,0.0004331000382080674,0.004565300070680678,1
1640,0.0003218000056222081,0.0,0.0003231000155210495,0
1641,0.0002009000163525343,0.0,0.0002017999067902565,0
1642,0.00018880004063248634,0.0,0.0001898000482469797,0
1643,0.00016769999638199806,0.0,0.00016870000399649143,0
1644,0.0001604000572115183,0.0,0.00016130006406456232,0
1645,0.00017360004130750895,0.0,0.00017460004892200232,0
1646,0.00015869992785155773,0.0,0.00015949993394315243,0
1647,0.00015799992252141237,0.0,0.00015879992861300707,0
1648,0.00017380004283040762,0.0,0.00017470004968345165,0
1649,0.00015750003512948751,0.0003828000044450164,0.004382600076496601,1
1650,0.00045870000030845404,0.0,0.0004602000117301941,0
1651,0.0001998000079765916,0.0,0.00020100001711398363,0
1652,0.00019189994782209396,0.0,0.00019299995619803667,0
1653,0.0001631999621167779,0.0,0.00016409996896982193,0
1654,0.00016089994460344315,0.0,0.00016179995145648718,0
1655,0.00017560005653649569,0.0,0.0001764999469742179,0
1656,0.0001762000611051917,0.0,0.00017720006871968508,0
1657,0.00021359999664127827,0.0,0.0002145000034943223,0
1658,0.00021059997379779816,0.0,0.0002114999806508422,0
1659,0.00016499997582286596,0.00035280000884085894,0.0044003999792039394,1
1660,0.00033110007643699646,0.0,0.0003323000855743885,0
1661,0.00019040005281567574,0.0,0.0001914000604301691,0
1662,0.00018449989147484303,0.0,0.0001854998990893364,0
1663,0.00015620002523064613,0.0,0.0001572000328451395,0
1664,0.00015279999934136868,0.0,0.00015379989054054022,0
1665,0.00016980001237243414,0.0,0.00017070001922547817,0
1666,0.00015460001304745674,0.0,0.00015540001913905144,0
1667,0.00015249999705702066,0.0,0.0001534000039100647,0
1668,0.00016569998115301132,0.0,0.00016649998724460602,0
1669,0.00015360000543296337,0.0004175999201834202,0.004707599990069866,1
1670,0.0003239000216126442,0.0,0.0003253000322729349,0
1671,0.00020180002320557833,0.0,0.0002028000308200717,0
1672,0.00023340003099292517,0.0,0.00023469992447644472,0
1673,0.00018720002844929695,0.0,0.00018810003530234098,0
1674,0.0001542000100016594,0.0,0.00015510001685470343,0
1675,0.00020789995323866606,0.0,0.0002087999600917101,0
1676,0.00018279999494552612,0.0,0.00018360000103712082,0
1677,0.00015739991795271635,0.0,0.00015819992404431105,0
1678,0.00017520005349069834,0.0,0.00017610006034374237,0
1679,0.00015750003512948751,0.00035360001493245363,0.004655900062061846,1
1680,0.00031379994470626116,0.0,0.00031509995460510254,0
1681,0.00016449997201561928,0.0,0.00016549997963011265,0
1682,0.0001892000436782837,0.0,0.00019020005129277706,0
1683,0.0001585999270901084,0.0,0.0001593999331817031,0
1684,0.00015650002751499414,0.0,0.00015740003436803818,0
1685,0.0001927000703290105,0.0,0.0001938000787049532,0
1686,0.00015900004655122757,0.0,0.00015980005264282227,0
1687,0.00015599990729242563,0.0,0.00015679991338402033,0
1688,0.0001724000321701169,0.0,0.0001732000382617116,0
1689,0.00015810003969818354,0.00038410001434385777,0.004743299912661314,1
1690,0.00047289999201893806,0.0,0.00047420000191777945,0
1691,0.00018269999418407679,0.0,0.00018370000179857016,0
1692,0.0001865000231191516,0.0,0.00018750003073364496,0
1693,0.00015620002523064613,0.0,0.0001572000328451395,0
1694,0.0001550999004393816,0.0,0.00015599990729242563,0
1695,0.00016789999790489674,0.0,0.00016880000475794077,0
1696,0.00015520001761615276,0.0,0.00015600002370774746,0
1697,0.00015430001076310873,0.0,0.00015520001761615276,0
1698,0.0001702000154182315,0.0,0.00017110002227127552,0
1699,0.00015470001380890608,0.0003999000182375312,0.0048896000953391194,1
1700,0.0003117999294772744,0.0,0.00031319994013756514,0
1701,0.00020589993800967932,0.0,0.0002068999456241727,0
1702,0.00022649997845292091,0.0,0.00022769998759031296,0
1703,0.00018049997743219137,0.0,0.00018159998580813408,0
1704,0.00016719999257475138,0.0,0.0001680999994277954,0
1705,0.00020140002015978098,0.0,0.000202300027012825,0
1706,0.0001542000100016594,0.0,0.00015520001761615276,0
1707,0.00015350000467151403,0.0,0.00015430001076310873,0
1708,0.00018440000712871552,0.0,0.0001852000132203102,0
1709,0.00019639998208731413,0.0004120999947190285,0.004652399918995798,1
1710,0.0003415999235585332,0.0,0.00034289993345737457,0
1711,0.0001686000032350421,0.0,0.00016960001084953547,0
1712,0.00019020005129277706,0.0,0.00019120005890727043,0
1713,0.0001607999438419938,0.0,0.0001615999499335885,0
1714,0.00015769992023706436,0.0,0.0001585999270901084,0
1715,0.00017230003140866756,0.0,0.0001732000382617116,0
1716,0.0001580000389367342,0.0,0.00015870004426687956,0
1717,0.00016029994003474712,0.0,0.00016119994688779116,0
1718,0.00017030001617968082,0.0,0.00017110002227127552,0
1719,0.00015760003589093685,0.0004008000250905752,0.004414900089614093,1
1720,0.0003912999527528882,0.0,0.0003926999634131789,0
1721,0.00027660001069307327,0.0,0.000277700019069016,0
1722,0.00021080009173601866,0.0,0.00021190010011196136,0
1723,0.00017310003750026226,0.0,0.00017390004359185696,0
1724,0.00015599990729242563,0.0,0.00015679991338402033,0
1725,0.0003423999296501279,0.0,0.00034339993726462126,0
1726,0.00017230003140866756,0.0,0.0001732000382617116,0
1727,0.00015440001152455807,0.0,0.00015520001761615276,0
1728,0.00018800003454089165,0.0,0.00018890004139393568,0
1729,0.0002044000430032611,0.0004547999706119299,0.005059399991296232,1
1730,0.00039709999691694975,0.0,0.00039840000681579113,0
1731,0.00021820003166794777,0.0,0.0002191000385209918,0
1732,0.0001838000025600195,0.0,0.00018480001017451286,0
1733,0.00015630002599209547,0.0,0.00015700003132224083,0
1734,0.00015789992175996304,0.0,0.00015869992785155773,0
1735,0.00016709999181330204,0.0,0.00016799999866634607,0
1736,0.00015360000543296337,0.0,0.00015430001076310873,0
1737,0.00015380000695586205,0.0,0.00015460001304745674,0
1738,0.00017829996068030596,0.0,0.00017909996677190065,0
1739,0.00015850004274398088,0.0004039999330416322,0.004459999967366457,1
1740,0.0003027999773621559,0.0,0.00030399998649954796,0
1741,0.00016280007548630238,0.0,0.00016380008310079575,0
1742,0.00018910004291683435,0.0,0.00019010005053132772,0
1743,0.00016559998039156199,0.0,0.00016649998724460602,0
1744,0.00015930004883557558,0.0,0.00016020005568861961,0
1745,0.00017369992565363646,0.0,0.0001745999325066805,0
1746,0.00016069994308054447,0.0,0.0001615999499335885,0
1747,0.00015810003969818354,0.0,0.00015890004578977823,0
1748,0.0001708000199869275,0.0,0.0001716000260785222,0
1749,0.00016409996896982193,0.0004061999497935176,0.004745299927890301,1
1750,0.0003389000194147229,0.0,0.0003401999128982425,0
1751,0.00020380003843456507,0.0,0.00020460004452615976,0
1752,0.00018409988842904568,0.0,0.00018509989604353905,0
1753,0.00015650002751499414,0.0,0.00015740003436803818,0
1754,0.0001534000039100647,0.0,0.00015409989282488823,0
1755,0.00016629998572170734,0.0,0.00016709999181330204,0
1756,0.00022389995865523815,0.0,0.00022479996550828218,0
1757,0.00015440001152455807,0.0,0.0001553000183776021,0
1758,0.00016799999866634607,0.0,0.00016880000475794077,0
1759,0.00015470001380890608,0.00045579997822642326,0.005067600053735077,1
1760,0.0003038999857380986,0.0,0.00030529999639838934,0
1761,0.00022109993733465672,0.0,0.00022209994494915009,0
1762,0.0001832999987527728,0.0,0.00018420000560581684,0
1763,0.00015499989967793226,0.0,0.00015579990576952696,0
1764,0.00015259999781847,0.0,0.00015360000543296337,0
1765,0.00016689999029040337,0.0,0.0001677999971434474,0
1766,0.00015439989510923624,0.0,0.00015519990120083094,0
1767,0.00015790003817528486,0.0,0.00015870004426687956,0
1768,0.00016630010213702917,0.0,0.00016710010822862387,0
1769,0.00015279999934136868,0.00043320003896951675,0.004932000068947673,1
1770,0.0004061999497935176,0.0,0.00040749995969235897,0
1771,0.00023989996407181025,0.0,0.00024089997168630362,0
1772,0.00024939991999417543,0.0,0.0002503999276086688,0
1773,0.00015760003589093685,0.0,0.00015860004350543022,0
1774,0.00015390000771731138,0.0,0.00015460001304745674,0
1775,0.00016850000247359276,0.0,0.00016930000856518745,0
1776,0.00015380000695586205,0.0,0.00015470001380890608,0
1777,0.0001534000039100647,0.0,0.0001542000100016594,0
1778,0.00018690002616494894,0.0,0.00018780003301799297,0
1779,0.0001550000160932541,0.00042310007847845554,0.004764400073327124,1
1780,0.00034359993878751993,0.0,0.00034499994944781065,0
1781,0.00016419996973127127,0.0,0.00016529997810721397,0
1782,0.00018800003454089165,0.0,0.00018890004139393568,0
1783,0.0001610000617802143,0.0,0.00016200006939470768,0
1784,0.0001572000328451395,0.0,0.00015810003969818354,0
1785,0.0001759999431669712,0.0,0.0001767999492585659,0
1786,0.00015899993013590574,0.0,0.00015989993698894978,0
1787,0.0001572000328451395,0.0,0.0001580000389367342,0
1788,0.0001694000093266368,0.0,0.00017030001617968082,0
1789,0.0001580000389367342,0.0003958999877795577,0.004559900029562414,1
1790,0.000368500011973083,0.0,0.00036990002263337374,0
1791,0.00016320007853209972,0.0,0.00016419996973127127,0
1792,0.00018810003530234098,0.0,0.00018910004291683435,0
1793,0.00016499997582286596,0.0,0.00016589998267591,0
1794,0.0001593999331817031,0.0,0.0001601999392732978,0
1795,0.00017070001922547817,0.0,0.00017150002531707287,0
1796,0.00015670002903789282,0.0,0.00015750003512948751,0
1797,0.0001580999232828617,0.0,0.0001588999293744564,0
1798,0.00017070001922547817,0.0,0.00017150002531707287,0
1799,0.0003512999974191189,0.0005799999926239252,0.005194199969992042,1
1800,0.0003589000552892685,0.0,0.00036019994877278805,0
1801,0.00016419996973127127,0.0,0.0001650999765843153,0
1802,0.0001911999424919486,0.0,0.00019219995010644197,0
1803,0.000166199984960258,0.0,0.00016709999181330204,0
1804,0.00015839992556720972,0.0,0.00015909993089735508,0
1805,0.0001732000382617116,0.0,0.00017410004511475563,0
1806,0.00016010005492717028,0.0,0.00016090006101876497,0
1807,0.00015799992252141237,0.0,0.0001588999293744564,0
1808,0.0001716000260785222,0.0,0.00017250003293156624,0
1809,0.0001949000870808959,0.0003964999923482537,0.004494900000281632,1
1810,0.0003749000607058406,0.0,0.0003763000713661313,0
1811,0.0001952000893652439,0.0,0.00019620009697973728,0
1812,0.00019130005966871977,0.0,0.00019230006728321314,0
1813,0.00016020005568861961,0.0,0.0001610000617802143,0
1814,0.0001596000511199236,0.0,0.0001604999415576458,0
1815,0.00017319992184638977,0.0,0.00017429993022233248,0
1816,0.00015950005035847425,0.0,0.0001604000572115183,0
1817,0.0001629000762477517,0.0,0.00016380008310079575,0
1818,0.00018119998276233673,0.0,0.0001821999903768301,0
1819,0.00015949993394315243,0.00038590002804994583,0.004823199938982725,1
1820,0.00032920006196945906,0.0,0.0003306000726297498,0
1821,0.0001631000777706504,0.0,0.00016410008538514376,0
1822,0.00018800003454089165,0.0,0.00018890004139393568,0
1823,0.00016409996896982193,0.0,0.00016489997506141663,0
1824,0.00015799992252141237,0.0,0.0001588999293744564,0
1825,0.0001713000237941742,0.0,0.00017220003064721823,0
1826,0.0001591000473126769,0.0,0.0001599000534042716,0
1827,0.000156999914906919,0.0,0.0001577999209985137,0
1828,0.0001702000154182315,0.0,0.00017110002227127552,0
1829,0.00016250007320195436,0.00040090002585202456,0.004995000082999468,1
1830,0.00034369993954896927,0.0,0.00034499994944781065,0
1831,0.00018450000789016485,0.0,0.00018540001474320889,0
1832,0.00018289999570697546,0.0,0.000183899886906147,0
1833,0.0001564000267535448,0.0,0.00015730003360658884,0
1834,0.00015310000162571669,0.0,0.00015390000771731138,0
1835,0.00017140002455562353,0.0,0.0001724000321701169,0
1836,0.00015460001304745674,0.0,0.00015540001913905144,0
1837,0.00015470001380890608,0.0,0.00015550001990050077,0
1838,0.00016609998419880867,0.0,0.00016689999029040337,0
1839,0.00015470001380890608,0.00045870000030845404,0.004929799935780466,1
1840,0.00039359997026622295,0.0,0.00039489998016506433,0
1841,0.00021460000425577164,0.0,0.000215600011870265,0
1842,0.00018860003910958767,0.0,0.00018970004748553038,0
1843,0.00015920004807412624,0.0,0.00016020005568861961,0
1844,0.00015890004578977823,0.0,0.00015970005188137293,0
1845,0.00017209991347044706,0.0,0.0001729999203234911,0
1846,0.00016279995907098055,0.0,0.00016369996592402458,0
1847,0.00015730003360658884,0.0,0.00015810003969818354,0
1848,0.00017060001846402884,0.0,0.00017140002455562353,0
1849,0.00015750003512948751,0.00039549998473376036,0.0046440999722108245,1
1850,0.0003960999893024564,0.0,0.0003974999999627471,0
1851,0.000215300009585917,0.0,0.00021630001720041037,0
1852,0.00023640005383640528,0.0,0.00023740006145089865,0
1853,0.00016799999866634607,0.0,0.00016880000475794077,0
1854,0.0001591000473126769,0.0,0.00016010005492717028,0
1855,0.00017170002683997154,0.0,0.00017260003369301558,0
1856,0.00015760003589093685,0.0,0.00015839992556720972,0
1857,0.00015790003817528486,0.0,0.0001588000450283289,0
1858,0.00017060001846402884,0.0,0.00017149990890175104,0
1859,0.00016179995145648718,0.00039430009201169014,0.004748999956063926,1
1860,0.00031379994470626116,0.0,0.0003149999538436532,0
1861,0.00018269999418407679,0.0,0.00018360000103712082,0
1862,0.0001818999880924821,0.0,0.00018279999494552612,0
1863,0.00015520001761615276,0.0,0.00015600002370774746,0
1864,0.00015209999401122332,0.0,0.00015279999934136868,0
1865,0.00016589998267591,0.0,0.00016679998952895403,0
1866,0.0001572000328451395,0.0,0.00015810003969818354,0
1867,0.00015239999629557133,0.0,0.00015320000238716602,0
1868,0.00016579998191446066,0.0,0.00016659998800605536,0
1869,0.00015400000847876072,0.000422299955971539,0.00489370001014322,1
1870,0.0003349999897181988,0.0,0.0003361999988555908,0
1871,0.0001865000231191516,0.0,0.0001876000314950943,0
1872,0.00020720006432384253,0.0,0.00020830007269978523,0
1873,0.00017200002912431955,0.0,0.00017290003597736359,0
1874,0.00015559990424662828,0.0,0.00015639991033822298,0
1875,0.00016910000704228878,0.0,0.0001700000138953328,0
1876,0.00015540001913905144,0.0,0.0001561999088153243,0
1877,0.00015520001761615276,0.0,0.00015620002523064613,0
1878,0.00020549993496388197,0.0,0.000206399941816926,0
1879,0.00015490001533180475,0.00043189991265535355,0.004806600045412779,1
1880,0.00034099991898983717,0.0,0.0003424999304115772,0
1881,0.00018810003530234098,0.0,0.0001892000436782837,0
1882,0.0001838000025600195,0.0,0.00018480001017451286,0
1883,0.00015650002751499414,0.0,0.00015750003512948751,0
1884,0.0001550000160932541,0.0,0.00015600002370774746,0
1885,0.00017229991499334574,0.0,0.0001732999226078391,0
1886,0.0001534000039100647,0.0,0.00015430001076310873,0
1887,0.00015320000238716602,0.0,0.00015410000924021006,0
1888,0.00016540009528398514,0.0,0.00016620010137557983,0
1889,0.00015390000771731138,0.0004521000664681196,0.0049211999867111444,1
1890,0.0003845000173896551,0.0,0.00038590002804994583,0
1891,0.00017229991499334574,0.0,0.00017339992336928844,0
1892,0.00018590001855045557,0.0,0.00018700002692639828,0
1893,0.0001572000328451395,0.0,0.0001580000389367342,0
1894,0.00015649991109967232,0.0,0.000157299917191267,0
1895,0.00016920000780373812,0.0,0.0001702000154182315,0
1896,0.00015380000695586205,0.0,0.00015460001304745674,0
1897,0.00015760003589093685,0.0,0.00015850004274398088,0
1898,0.00016679998952895403,0.0,0.00016759999562054873,0
1899,0.00015320000238716602,0.0004411999834701419,0.00489370001014322,1
1900,0.0003322999691590667,0.0,0.0003334999782964587,0
1901,0.00018500001169741154,0.0,0.0001860000193119049,0
1902,0.0001849000109359622,0.0,0.00018590001855045557,0
1903,0.00018820003606379032,0.0,0.0001892000436782837,0
1904,0.00015430001076310873,0.0,0.00015520001761615276,0
1905,0.0001677999971434474,0.0,0.00016880000475794077,0
1906,0.00015510001685470343,0.0,0.0001561000244691968,0
1907,0.00015379989054054022,0.0,0.00015459989663213491,0
1908,0.00016549997963011265,0.0,0.00016629998572170734,0
1909,0.00024510000366717577,0.00043400004506111145,0.0051923999562859535,1
1910,0.00041099998634308577,0.0,0.0004124999977648258,0
1911,0.00021039997227489948,0.0,0.00021139997988939285,0
1912,0.0002348999259993434,0.0,0.00023589993361383677,0
1913,0.00015879992861300707,0.0,0.00015979993622750044,0
1914,0.00015490001533180475,0.0,0.00015570002142339945,0
1915,0.00016840000171214342,0.0,0.00016930000856518745,0
1916,0.00015470001380890608,0.0,0.0001556000206619501,0
1917,0.00015249999705702066,0.0,0.00015330000314861536,0
1918,0.00028220005333423615,0.0,0.0002831999445334077,0
1919,0.0001778999576345086,0.00045930000487715006,0.005030300002545118,1
1920,0.0003421000437811017,0.0,0.0003434000536799431,0
1921,0.0001626000739634037,0.0,0.00016350008081644773,0
1922,0.0001879000337794423,0.0,0.00018890004139393568,0
1923,0.00016369996592402458,0.0,0.00016469997353851795,0
1924,0.00015739991795271635,0.0,0.00015829992480576038,0
1925,0.00017200002912431955,0.0,0.00017280003521591425,0
1926,0.00015920004807412624,0.0,0.00016000005416572094,0
1927,0.00015689991414546967,0.0,0.00015769992023706436,0
1928,0.00016950001008808613,0.0,0.0001705000177025795,0
1929,0.00016109994612634182,0.00040110002737492323,0.004719399963505566,1
1930,0.00033240008633583784,0.0,0.00033379998058080673,0
1931,0.00016579998191446066,0.0,0.00016679998952895403,0
1932,0.00018710002768784761,0.0,0.00018810003530234098,0
1933,0.00015950005035847425,0.0,0.0001604000572115183,0
1934,0.00015660002827644348,0.0,0.00015740003436803818,0
1935,0.0001708000199869275,0.0,0.00017170002683997154,0
1936,0.00016210007015615702,0.0,0.0001629000762477517,0
1937,0.00015670002903789282,0.0,0.00015760003589093685,0
1938,0.00016950001008808613,0.0,0.00017060001846402884,0
1939,0.0001577000366523862,0.0003893000539392233,0.004619500017724931,1
1940,0.0003296999493613839,0.0,0.0003309999592602253,0
1941,0.00016299996059387922,0.0,0.00016389996744692326,0
1942,0.00018779991660267115,0.0,0.00018879992421716452,0
1943,0.00015989993698894978,0.0,0.00016089994460344315,0
1944,0.0001626999583095312,0.0,0.00016369996592402458,0
1945,0.00017260003369301558,0.0,0.00017370004206895828,0
1946,0.0001591000473126769,0.0,0.00016000005416572094,0
1947,0.00015769992023706436,0.0,0.00015869992785155773,0
1948,0.00016980001237243414,0.0,0.0001708000199869275,0
1949,0.0001583000412210822,0.00039060006383806467,0.004782699979841709,1
1950,0.00032819993793964386,0.0,0.00032949994783848524,0
1951,0.00017719995230436325,0.0,0.00017819995991885662,0
1952,0.00018480001017451286,0.0,0.00018580001778900623,0
1953,0.00015679991338402033,0.0,0.00015769992023706436,0
1954,0.0001542000100016594,0.0,0.0001550000160932541,0
1955,0.00016739999409765005,0.0,0.00016830000095069408,0
1956,0.00016289995983242989,0.0,0.00016389996744692326,0
1957,0.0001916999462991953,0.0,0.00019259995315223932,0
1958,0.00016789999790489674,0.0,0.0001689000055193901,0
1959,0.0001697000116109848,0.00043299992103129625,0.005023599951528013,1
1960,0.0003244999097660184,0.0,0.00032579991966485977,0
1961,0.0001998000079765916,0.0,0.00020070001482963562,0
1962,0.0002749999985098839,0.0,0.0002761000068858266,0
1963,0.0001838000025600195,0.0,0.0001846000086516142,0
1964,0.00015470001380890608,0.0,0.00015550001990050077,0
1965,0.00018710002768784761,0.0,0.00018820003606379032,0
1966,0.00016759999562054873,0.0,0.00016850000247359276,0
1967,0.00018230010755360126,0.0,0.00018319999799132347,0
1968,0.0001849000109359622,0.0,0.00018580001778900623,0
1969,0.0001642999704927206,0.00043120002374053,0.00502399995457381,1
1970,0.00034520006738603115,0.0,0.00034650007728487253,0
1971,0.00018510001245886087,0.0,0.00018610002007335424,0
1972,0.00018789991736412048,0.0,0.0001889999257400632,0
1973,0.00015700003132224083,0.0,0.00015780003741383553,0
1974,0.00015279999934136868,0.0,0.00015369988977909088,0
1975,0.0001680999994277954,0.0,0.0001689000055193901,0
1976,0.00015400000847876072,0.0,0.00015480001457035542,0
1977,0.00015239999629557133,0.0,0.00015320000238716602,0
1978,0.0002394999610260129,0.0,0.00024049996864050627,0
1979,0.00015350000467151403,0.0004138000076636672,0.004972800030373037,1
1980,0.0003208999987691641,0.0,0.00032210000790655613,0
1981,0.0001976999919861555,0.0,0.00019869999960064888,0
1982,0.00018450000789016485,0.0,0.00018550001550465822,0
1983,0.00016060005873441696,0.0,0.000161500065587461,0
1984,0.00015230011194944382,0.0,0.00015310000162571669,0
1985,0.00016599998343735933,0.0,0.00016679998952895403,0
1986,0.00015470001380890608,0.0,0.0001556000206619501,0
1987,0.00015320000238716602,0.0,0.00015409989282488823,0
1988,0.00016559998039156199,0.0,0.00016649998724460602,0
1989,0.00015630002599209547,0.00039709999691694975,0.005069699953310192,1
1990,0.0003464000765234232,0.0,0.00034769997000694275,0
1991,0.00018400000408291817,0.0,0.0001849000109359622,0
1992,0.00018350000027567148,0.0,0.00018440000712871552,0
1993,0.00015519990120083094,0.0,0.00015599990729242563,0
1994,0.00015199999324977398,0.0,0.00015279999934136868,0
1995,0.0002001000102609396,0.0,0.00020100001711398363,0
1996,0.00015350000467151403,0.0,0.00015430001076310873,0
1997,0.00015239999629557133,0.0,0.00015330000314861536,0
1998,0.00016549997963011265,0.0,0.00016629998572170734,0
1999,0.00015219999477267265,0.0004517000634223223,0.005019400035962462,1
