step,step_state_sec,to_numpy_sec,total_step_sec,saved
0,0.006358599988743663,0.00047179998364299536,0.009091999963857234,1
1,0.0003763999557122588,0.0,0.00037789996713399887,0
2,0.00016980001237243414,0.0,0.0001708000199869275,0
3,0.0002082999562844634,0.0,0.00020929996389895678,0
4,0.00024970003869384527,0.0,0.00025070004630833864,0
5,0.00016559998039156199,0.0,0.00016659998800605536,0
6,0.00025749998167157173,0.0,0.00025839998852461576,0
7,0.00024319998919963837,0.0,0.0002440999960526824,0
8,0.000219699926674366,0.0,0.00022069993428885937,0
9,0.00020679994486272335,0.00046790007036179304,0.0032960999524220824,1
10,0.00040280004031956196,0.0,0.000404300051741302,0
11,0.00022000004537403584,0.0,0.00022110005374997854,0
12,0.00025120005011558533,0.0,0.0002522999420762062,0
13,0.00020699994638562202,0.0,0.00020789995323866606,0
14,0.00017749995458871126,0.0,0.00019749999046325684,0
15,0.0001970999874174595,0.0,0.00019809999503195286,0
16,0.00016880000475794077,0.0,0.00016960001084953547,0
17,0.0001700000138953328,0.0,0.0001708000199869275,0
18,0.00018030009232461452,0.0,0.00018120009917765856,0
19,0.0001666999887675047,0.00037320004776120186,0.0024355000350624323,1
20,0.0003299000672996044,0.0,0.00033110007643699646,0
21,0.00017140002455562353,0.0,0.0001724000321701169,0
22,0.00019159994553774595,0.0,0.00019259995315223932,0
23,0.0001674999948590994,0.0,0.00016850000247359276,0
24,0.00016679998952895403,0.0,0.00016759999562054873,0
25,0.00018309999722987413,0.0,0.00018400000408291817,0
26,0.00016679998952895403,0.0,0.00016759999562054873,0
27,0.00017259991727769375,0.0,0.00017339992336928844,0
28,0.00018049997743219137,0.0,0.00018129998352378607,0
29,0.0001674999948590994,0.00037100003100931644,0.00233070005197078,1
30,0.0005370000144466758,0.0,0.0005390000296756625,0
31,0.0002343999221920967,0.0,0.00023559993132948875,0
32,0.0002463000128045678,0.0,0.0002476000227034092,0
33,0.0002932000206783414,0.0,0.00029450003057718277,0
34,0.0001903999364003539,0.0,0.0001911999424919486,0
35,0.00028039992321282625,0.0,0.0002813999308273196,0
36,0.00018480001017451286,0.0,0.00018580001778900623,0
37,0.0002375999465584755,0.0,0.00023849995341151953,0
38,0.00022179994266480207,0.0,0.0002226999495178461,0
39,0.00016769999638199806,0.00038590002804994583,0.002558699925430119,1
40,0.00032670004293322563,0.0,0.0003279000520706177,0
41,0.00016920000780373812,0.0,0.00017010001465678215,0
42,0.0001903000520542264,0.0,0.0001914000604301691,0
43,0.00016570009756833315,0.0,0.00016649998724460602,0
44,0.0001697000116109848,0.0,0.0001705000177025795,0
45,0.00017929996829479933,0.0,0.00018009997438639402,0
46,0.00016599998343735933,0.0,0.00016689999029040337,0
47,0.00016490009147673845,0.0,0.00016570009756833315,0
48,0.00019170006271451712,0.0,0.0001927000703290105,0
49,0.00016600009985268116,0.0004156999057158828,0.0026520000537857413,1
50,0.0004651000490412116,0.0,0.000466400058940053,0
51,0.00019830011297017336,0.0,0.00019920000340789557,0
52,0.00019449996761977673,0.0,0.00019539997447282076,0
53,0.00016870000399649143,0.0,0.00016950001008808613,0
54,0.0001669999910518527,0.0,0.00016789999790489674,0
55,0.00017959997057914734,0.0,0.0001805999781936407,0
56,0.00017110002227127552,0.0,0.00017190002836287022,0
57,0.0001653000945225358,0.0,0.0001661001006141305,0
58,0.00017680006567388773,0.0,0.00017770007252693176,0
59,0.0001669999910518527,0.00036310008727014065,0.0022495000157505274,1
60,0.0003007999621331692,0.0,0.00030209997203201056,0
61,0.0001740999286994338,0.0,0.00017499993555247784,0
62,0.00018949992954730988,0.0,0.00019059993792325258,0
63,0.00016649998724460602,0.0,0.0001674999948590994,0
64,0.0001647999742999673,0.0,0.00016559998039156199,0
65,0.00017929996829479933,0.0,0.00018019997514784336,0
66,0.00016900000628083944,0.0,0.0001697998959571123,0
67,0.00016369996592402458,0.0,0.00016449997201561928,0
68,0.00018089998047798872,0.0,0.00018169998656958342,0
69,0.00016579998191446066,0.00034449994564056396,0.0025258000241592526,1
70,0.00031290005426853895,0.0,0.0003143999492749572,0
71,0.0001876999158412218,0.0,0.00018869992345571518,0
72,0.00020450004376471043,0.0,0.00020549993496388197,0
73,0.00020760006736963987,0.0,0.0002085000742226839,0
74,0.00018470000941306353,0.0,0.00018560001626610756,0
75,0.00021899992134422064,0.0,0.00021989992819726467,0
76,0.00017829996068030596,0.0,0.00017909996677190065,0
77,0.00016439997125416994,0.0,0.0001650999765843153,0
78,0.00021710002329200506,0.0,0.0002180000301450491,0
79,0.00021540001034736633,0.00036860001273453236,0.0029458000790327787,1
80,0.0005843999097123742,0.0,0.0005857999203726649,0
81,0.00022569997236132622,0.0,0.0002266999799758196,0
82,0.00023969996254891157,0.0,0.00024079997092485428,0
83,0.0001767999492585659,0.0,0.00017769995611160994,0
84,0.000202000024728477,0.0,0.00020279991440474987,0
85,0.0002004000125452876,0.0,0.00020130001939833164,0
86,0.0002087999600917101,0.0,0.0002095999661833048,0
87,0.0001612999476492405,0.0,0.00016219995450228453,0
88,0.00021359999664127827,0.0,0.00021430000197142363,0
89,0.00016199995297938585,0.000372899929061532,0.0022524999221786857,1
90,0.0003527000080794096,0.0,0.0003541000187397003,0
91,0.0001702000154182315,0.0,0.00017110002227127552,0
92,0.00019529997371137142,0.0,0.0001962999813258648,0
93,0.00016609998419880867,0.0,0.0001669999910518527,0
94,0.00016599998343735933,0.0,0.00016689999029040337,0
95,0.00017699995078146458,0.0,0.00017779995687305927,0
96,0.0001639999682083726,0.0,0.00016469997353851795,0
97,0.00016219995450228453,0.0,0.00016299996059387922,0
98,0.00018069997895509005,0.0,0.00018149998504668474,0
99,0.00016359996516257524,0.00035989994648844004,0.0024627000093460083,1
100,0.0004681999562308192,0.0,0.00046959996689110994,0
101,0.00022310006897896528,0.0,0.00022419996093958616,0
102,0.00023769994731992483,0.0,0.00023889995645731688,0
103,0.00016850000247359276,0.0,0.0001694998936727643,0
104,0.00016389996744692326,0.0,0.00016489997506141663,0
105,0.00018119998276233673,0.0,0.00018209998961538076,0
106,0.0001639999682083726,0.0,0.00016489997506141663,0
107,0.0001631999621167779,0.0,0.0001639999682083726,0
108,0.00017699995078146458,0.0,0.00017779995687305927,0
109,0.00030640000477433205,0.00038380001205950975,0.003222999977879226,1
110,0.0003560000332072377,0.0,0.0003573000431060791,0
111,0.00016680010594427586,0.0,0.00016789999790489674,0
112,0.00018700002692639828,0.0,0.0001879000337794423,0
113,0.0001631999621167779,0.0,0.0001639999682083726,0
114,0.00016009993851184845,0.0,0.00016099994536489248,0
115,0.00017809995915740728,0.0,0.00017909996677190065,0
116,0.00016139994841068983,0.0,0.00016229995526373386,0
117,0.00016009993851184845,0.0,0.00016099994536489248,0
118,0.0001727000344544649,0.0,0.0001735000405460596,0
119,0.00016000005416572094,0.0003890999360010028,0.0022830000380054116,1
120,0.00028490007389336824,0.0,0.00028630008455365896,0
121,0.00016880000475794077,0.0,0.00016980001237243414,0
122,0.00018890004139393568,0.0,0.00018990004900842905,0
123,0.00016589998267591,0.0,0.0001666999887675047,0
124,0.0001620999537408352,0.0,0.00016279995907098055,0
125,0.00018019997514784336,0.0,0.00018099998123943806,0
126,0.00016379996668547392,0.0,0.00016459997277706861,0
127,0.00016179995145648718,0.0,0.00016259995754808187,0
128,0.00017469993326812983,0.0,0.00017549993935972452,0
129,0.0001631999621167779,0.0003622000804170966,0.002168299979530275,1
130,0.000255499966442585,0.0,0.00025679997634142637,0
131,0.00016969989519566298,0.0,0.000170599902048707,0
132,0.00018900004215538502,0.0,0.0001900000497698784,0
133,0.0001642000861465931,0.0,0.00016520009376108646,0
134,0.0001626000739634037,0.0,0.00016330007929354906,0
135,0.00017460004892200232,0.0,0.00017550005577504635,0
136,0.00016819988377392292,0.0,0.00016899988986551762,0
137,0.00016170006711035967,0.0,0.0001626000739634037,0
138,0.000175100052729249,0.0,0.0001759000588208437,0
139,0.00016240007244050503,0.00036149995867162943,0.0025597000494599342,1
140,0.0004455000162124634,0.0,0.0004469000268727541,0
141,0.00022110005374997854,0.0,0.0002221000613644719,0
142,0.00020429992582648993,0.0,0.0002052999334409833,0
143,0.00017410004511475563,0.0,0.00017499993555247784,0
144,0.00016739999409765005,0.0,0.00016820000018924475,0
145,0.00029310001991689205,0.0,0.00029420002829283476,0
146,0.00018530001398175955,0.0,0.00018630002159625292,0
147,0.00018440000712871552,0.0,0.0001852000132203102,0
148,0.0002634000265970826,0.0,0.0002642000326886773,0
149,0.0001639999682083726,0.0004558999789878726,0.0025095000164583325,1
150,0.00029520003590732813,0.0,0.00029640004504472017,0
151,0.0001700000138953328,0.0,0.00017110002227127552,0
152,0.0001911999424919486,0.0,0.0001922999508678913,0
153,0.00016739999409765005,0.0,0.00016820000018924475,0
154,0.0001647999742999673,0.0,0.00016559998039156199,0
155,0.00017640006262809038,0.0,0.00017740007024258375,0
156,0.00017079990357160568,0.0,0.00017169991042464972,0
157,0.00016389996744692326,0.0,0.00016469997353851795,0
158,0.0001764999469742179,0.0,0.00017739995382726192,0
159,0.00016439997125416994,0.0003845000173896551,0.002225399948656559,1
160,0.000417600036598742,0.0,0.00041889993008226156,0
161,0.00017120002303272486,0.0,0.00017220003064721823,0
162,0.0001892000436782837,0.0,0.0001903000520542264,0
163,0.00016559998039156199,0.0,0.00016639998648315668,0
164,0.00016329996287822723,0.0,0.00016409996896982193,0
165,0.00018099998123943806,0.0,0.0001818999880924821,0
166,0.00016360008157789707,0.0,0.00016440008766949177,0
167,0.00016240007244050503,0.0,0.00016320007853209972,0
168,0.00017580005805939436,0.0,0.0001767000649124384,0
169,0.00016300007700920105,0.0003504999913275242,0.002460000105202198,1
170,0.0003488999791443348,0.0,0.0003502999898046255,0
171,0.00021700002253055573,0.0,0.0002180000301450491,0
172,0.00023490004241466522,0.0,0.0002359999343752861,0
173,0.00017100002150982618,0.0,0.00017200002912431955,0
174,0.00015979993622750044,0.0,0.00016059994231909513,0
175,0.00017239991575479507,0.0,0.0001732999226078391,0
176,0.00015970005188137293,0.0,0.00016060005873441696,0
177,0.0001580000389367342,0.0,0.0001588000450283289,0
178,0.0001708000199869275,0.0,0.00017169991042464972,0
179,0.00021770002786070108,0.00043789995834231377,0.0029262000462040305,1
180,0.00046250002924352884,0.0,0.00046410004142671824,0
181,0.0003630000865086913,0.0,0.0003752000629901886,0
182,0.00032490002922713757,0.0,0.00032600003760308027,0
183,0.0001808000961318612,0.0,0.00018180010374635458,0
184,0.0001604000572115183,0.0,0.00016120006330311298,0
185,0.00017570005729794502,0.0,0.00017650006338953972,0
186,0.00016069994308054447,0.0,0.00016149994917213917,0
187,0.00015919993165880442,0.0,0.00016009993851184845,0
188,0.0002082999562844634,0.0,0.0002093999646604061,0
189,0.0001591000473126769,0.0004116001073271036,0.0027431000489741564,1
190,0.00031430006492882967,0.0,0.0003157000755891204,0
191,0.0001694000093266368,0.0,0.00017040001694113016,0
192,0.0001895000459626317,0.0,0.00019049993716180325,0
193,0.00016419996973127127,0.0,0.00016499997582286596,0
194,0.00017899996601045132,0.0,0.00017989997286349535,0
195,0.00019419996533542871,0.0,0.00019519997294992208,0
196,0.0001604999415576458,0.0,0.0001612999476492405,0
197,0.00015970005188137293,0.0,0.00016060005873441696,0
198,0.0002308000111952424,0.0,0.00023170001804828644,0
199,0.00016039994079619646,0.00040300004184246063,0.002716299961321056,1
200,0.0007180999964475632,0.0,0.0007199000101536512,0
201,0.00039329996798187494,0.0,0.000394499977119267,0
202,0.0002578999847173691,0.0,0.0002718000905588269,0
203,0.0002253000857308507,0.0,0.00022629997693002224,0
204,0.00016339996363967657,0.0,0.0001642999704927206,0
205,0.0001770000671967864,0.0,0.00017799995839595795,0
206,0.0001610000617802143,0.0,0.000161800067871809,0
207,0.00016020005568861961,0.0,0.0001610000617802143,0
208,0.0001732000382617116,0.0,0.0001740000443533063,0
209,0.0001829999964684248,0.00033710000570863485,0.0025878000305965543,1
210,0.0005454000784084201,0.0,0.0005468000890687108,0
211,0.00017010001465678215,0.0,0.00017110002227127552,0
212,0.00019329995848238468,0.0,0.0001943999668583274,0
213,0.00016199995297938585,0.0,0.00016289995983242989,0
214,0.00015949993394315243,0.0,0.00016039994079619646,0
215,0.00017420004587620497,0.0,0.000175100052729249,0
216,0.00016519997734576464,0.0,0.00016609998419880867,0
217,0.0001583000412210822,0.0,0.0001591000473126769,0
218,0.00017290003597736359,0.0,0.00017390004359185696,0
219,0.00017619994468986988,0.0004938000347465277,0.0025274999206885695,1
220,0.0004707000916823745,0.0,0.00047209998592734337,0
221,0.00021780002862215042,0.0,0.00021890003699809313,0
222,0.0002690000692382455,0.0,0.00027000007685273886,0
223,0.00016590009909123182,0.0,0.0001666999887675047,0
224,0.0001607000594958663,0.0,0.00016160006634891033,0
225,0.00017490005120635033,0.0,0.00017580005805939436,0
226,0.00016029994003474712,0.0,0.00016109994612634182,0
227,0.00015949993394315243,0.0,0.00016029994003474712,0
228,0.0001767999492585659,0.0,0.00017779995687305927,0
229,0.00016030005645006895,0.0003467999631538987,0.002565799979493022,1
230,0.00028279994148761034,0.0,0.00028389994986355305,0
231,0.00017079990357160568,0.0,0.00017179991118609905,0
232,0.00018510001245886087,0.0,0.00018620002083480358,0
233,0.0001612999476492405,0.0,0.0001620999537408352,0
234,0.0001596999354660511,0.0,0.00016059994231909513,0
235,0.00017190002836287022,0.0,0.00017280003521591425,0
236,0.0001599000534042716,0.0,0.0001607000594958663,0
237,0.00016330007929354906,0.0,0.00016410008538514376,0
238,0.00017180002760142088,0.0,0.00017260003369301558,0
239,0.00015929993242025375,0.0003755000652745366,0.0022974000312387943,1
240,0.0003333999775350094,0.0,0.0003344999859109521,0
241,0.0001838000025600195,0.0,0.00018470000941306353,0
242,0.0001865000231191516,0.0,0.00018750003073364496,0
243,0.00016169995069503784,0.0,0.00016259995754808187,0
244,0.00015949993394315243,0.0,0.00016039994079619646,0
245,0.00017140002455562353,0.0,0.00017220003064721823,0
246,0.00015829992480576038,0.0,0.00015909993089735508,0
247,0.0002655999269336462,0.0,0.0002666999353095889,0
248,0.00017879996448755264,0.0,0.00017969997134059668,0
249,0.00016139994841068983,0.00037640007212758064,0.00259719998575747,1
250,0.00028719997499138117,0.0,0.00028849998489022255,0
251,0.0001653999788686633,0.0,0.00016639998648315668,0
252,0.0001881999196484685,0.0,0.00018919992726296186,0
253,0.0001615999499335885,0.0,0.0001623999560251832,0
254,0.0001973999897018075,0.0,0.00019829999655485153,0
255,0.0001764999469742179,0.0,0.00017739995382726192,0
256,0.00019529997371137142,0.0,0.00019619998056441545,0
257,0.0001596999354660511,0.0,0.0001604999415576458,0
258,0.00017230003140866756,0.0,0.0001732000382617116,0
259,0.00016000005416572094,0.0003671000013127923,0.002444499987177551,1
260,0.0003165999660268426,0.0,0.0003179999766871333,0
261,0.00016449997201561928,0.0,0.00016559998039156199,0
262,0.00018770003225654364,0.0,0.00018880004063248634,0
263,0.00019289995543658733,0.0,0.0001938999630510807,0
264,0.00015799992252141237,0.0,0.0001588999293744564,0
265,0.00017060001846402884,0.0,0.0001716000260785222,0
266,0.00015919993165880442,0.0,0.0001601999392732978,0
267,0.00015799992252141237,0.0,0.00015879992861300707,0
268,0.00017440004739910364,0.0,0.00017530005425214767,0
269,0.0001591000473126769,0.0003692000173032284,0.0024201000342145562,1
270,0.00036830001045018435,0.0,0.0003698000218719244,0
271,0.00021159998141229153,0.0,0.00021269998978823423,0
272,0.00018660002388060093,0.0,0.00018770003225654364,0
273,0.0001623999560251832,0.0,0.00016339996363967657,0
274,0.00016069994308054447,0.0,0.00016169995069503784,0
275,0.00017100002150982618,0.0,0.00017190002836287022,0
276,0.00015860004350543022,0.0,0.00015950005035847425,0
277,0.00018009997438639402,0.0,0.0001810999820008874,0
278,0.00017319992184638977,0.0,0.0001740999286994338,0
279,0.00015979993622750044,0.0003608000697568059,0.0023769999388605356,1
280,0.0003304999554529786,0.0,0.00033189996611326933,0
281,0.00017819995991885662,0.0,0.00017919996753335,0
282,0.00018420000560581684,0.0,0.00018540001474320889,0
283,0.0001740999286994338,0.0,0.00017529993783682585,0
284,0.0001620999537408352,0.0,0.00016289995983242989,0
285,0.0001775999553501606,0.0,0.00017849996220320463,0
286,0.00016449997201561928,0.0,0.0001653999788686633,0
287,0.00015799992252141237,0.0,0.00015899993013590574,0
288,0.00017150002531707287,0.0,0.00017250003293156624,0
289,0.00015950005035847425,0.0003575000446289778,0.0024017000105232,1
290,0.0002758000046014786,0.0,0.0002770000137388706,0
291,0.0001642000861465931,0.0,0.00016519997734576464,0
292,0.0001857000170275569,0.0,0.00018670002464205027,0
293,0.00016179995145648718,0.0,0.0001626999583095312,0
294,0.00015959993470460176,0.0,0.00016039994079619646,0
295,0.00021730002481490374,0.0,0.00021820003166794777,0
296,0.00016030005645006895,0.0,0.00016130006406456232,0
297,0.00015890004578977823,0.0,0.00015979993622750044,0
298,0.00017100002150982618,0.0,0.00017180002760142088,0
299,0.00015850004274398088,0.00036069995258003473,0.0024374000495299697,1
300,0.00031839997973293066,0.0,0.00031969998963177204,0
301,0.0001642999704927206,0.0,0.00016529997810721397,0
302,0.00018440000712871552,0.0,0.00018550001550465822,0
303,0.00016080006025731564,0.0,0.00016170006711035967,0
304,0.00016309996135532856,0.0,0.0001639999682083726,0
305,0.00017209991347044706,0.0,0.0001729999203234911,0
306,0.00015900004655122757,0.0,0.00015980005264282227,0
307,0.00015820004045963287,0.0,0.0001591000473126769,0
308,0.000170599902048707,0.0,0.00017159990966320038,0
309,0.00015850004274398088,0.00038330000825226307,0.00255430000834167,1
310,0.00037340004928410053,0.0,0.00037480005994439125,0
311,0.00021760002709925175,0.0,0.00021860003471374512,0
312,0.00020509993191808462,0.0,0.00020619994029402733,0
313,0.00016299996059387922,0.0,0.00016389996744692326,0
314,0.00016009993851184845,0.0,0.00016109994612634182,0
315,0.00017380004283040762,0.0,0.00017470004968345165,0
316,0.00015870004426687956,0.0,0.00015950005035847425,0
317,0.00016219995450228453,0.0,0.00016309996135532856,0
318,0.0001729999203234911,0.0,0.0001740999286994338,0
319,0.00015890004578977823,0.0003494999837130308,0.0024432999780401587,1
320,0.000292200013063848,0.0,0.00029360002372413874,0
321,0.00017310003750026226,0.0,0.00017420004587620497,0
322,0.00018890004139393568,0.0,0.0001900000497698784,0
323,0.00016250007320195436,0.0,0.00016350008081644773,0
324,0.00015950005035847425,0.0,0.0001604000572115183,0
325,0.00017199991270899773,0.0,0.00017289991956204176,0
326,0.00015970005188137293,0.0,0.00016060005873441696,0
327,0.0001637000823393464,0.0,0.00016459997277706861,0
328,0.0001735000405460596,0.0,0.00017440004739910364,0
329,0.00015940004959702492,0.0003551000263541937,0.002384600113146007,1
330,0.00031269993633031845,0.0,0.0003138999454677105,0
331,0.00016549997963011265,0.0,0.00016649998724460602,0
332,0.00018470000941306353,0.0,0.0001857000170275569,0
333,0.00016030005645006895,0.0,0.00016120006330311298,0
334,0.00015940004959702492,0.0,0.0001604000572115183,0
335,0.00017369992565363646,0.0,0.0001745999325066805,0
336,0.0001650999765843153,0.0,0.00016589998267591,0
337,0.00015849992632865906,0.0,0.00015929993242025375,0
338,0.0001708000199869275,0.0,0.00017180002760142088,0
339,0.00015819992404431105,0.00036040006671100855,0.002560499939136207,1
340,0.0003033000975847244,0.0,0.00030450010672211647,0
341,0.00016329996287822723,0.0,0.0001642999704927206,0
342,0.00018440000712871552,0.0,0.00018540001474320889,0
343,0.00016109994612634182,0.0,0.00016199995297938585,0
344,0.0001620999537408352,0.0,0.00016309996135532856,0
345,0.00017339992336928844,0.0,0.00017429993022233248,0
346,0.00015900004655122757,0.0,0.00016000005416572094,0
347,0.0001580000389367342,0.0,0.0001588000450283289,0
348,0.00016990001313388348,0.0,0.00017089990433305502,0
349,0.00015850004274398088,0.00037949997931718826,0.002346100052818656,1
350,0.00031020003370940685,0.0,0.0003114000428467989,0
351,0.00016410008538514376,0.0,0.00016510009299963713,0
352,0.00018470000941306353,0.0,0.00018580001778900623,0
353,0.00016229995526373386,0.0,0.0001631999621167779,0
354,0.00016339996363967657,0.0,0.0001642999704927206,0
355,0.0001732999226078391,0.0,0.00017429993022233248,0
356,0.00015780003741383553,0.0,0.00015870004426687956,0
357,0.00015780003741383553,0.0,0.00015860004350543022,0
358,0.00017070001922547817,0.0,0.0001716000260785222,0
359,0.00015850004274398088,0.0003700000233948231,0.0027531000087037683,1
360,0.0003806999884545803,0.0,0.0003819999983534217,0
361,0.00017259991727769375,0.0,0.00017359992489218712,0
362,0.0001895000459626317,0.0,0.0001906000543385744,0
363,0.00016380008310079575,0.0,0.00016460008919239044,0
364,0.00016110006254166365,0.0,0.00016200006939470768,0
365,0.0001743000466376543,0.0,0.00017530005425214767,0
366,0.00016069994308054447,0.0,0.0001615999499335885,0
367,0.00016359996516257524,0.0,0.00016439997125416994,0
368,0.00017129990737885237,0.0,0.0001721999142318964,0
369,0.00016010005492717028,0.00036800000816583633,0.0024394000647589564,1
370,0.00036419997923076153,0.0,0.0003654999891296029,0
371,0.00016710010822862387,0.0,0.00016820000018924475,0
372,0.00018690002616494894,0.0,0.00018800003454089165,0
373,0.00016119994688779116,0.0,0.00016219995450228453,0
374,0.00015919993165880442,0.0,0.0001599999377503991,0
375,0.00017220003064721823,0.0,0.00017319992184638977,0
376,0.00016009993851184845,0.0,0.00016099994536489248,0
377,0.0001580000389367342,0.0,0.00015890004578977823,0
378,0.0001713000237941742,0.0,0.00017230003140866756,0
379,0.00016059994231909513,0.00036200007889419794,0.002610199968330562,1
380,0.0003431999357417226,0.0,0.00034449994564056396,0
381,0.00016249995678663254,0.0,0.0001634999644011259,0
382,0.00018510001245886087,0.0,0.00018619990441948175,0
383,0.00016569998115301132,0.0,0.0001666999887675047,0
384,0.00015890004578977823,0.0,0.00015979993622750044,0
385,0.00017140002455562353,0.0,0.00017230003140866756,0
386,0.00015919993165880442,0.0,0.00016009993851184845,0
387,0.00015740003436803818,0.0,0.00015820004045963287,0
388,0.0001708000199869275,0.0,0.00017180002760142088,0
389,0.00016289995983242989,0.0003512999974191189,0.002437199931591749,1
390,0.00032190000638365746,0.0,0.00032320001628249884,0
391,0.00016529997810721397,0.0,0.00016639998648315668,0
392,0.00019160006195306778,0.0,0.00019259995315223932,0
393,0.00016389996744692326,0.0,0.0001647999742999673,0
394,0.00016060005873441696,0.0,0.00016149994917213917,0
395,0.00017390004359185696,0.0,0.000174800050444901,0
396,0.00016030005645006895,0.0,0.00016120006330311298,0
397,0.00015909993089735508,0.0,0.00015989993698894978,0
398,0.00020469992887228727,0.0,0.00020569993648678064,0
399,0.00019339995924383402,0.00042669998947530985,0.0028647000435739756,1
400,0.0003293999470770359,0.0,0.00033059995621442795,0
401,0.0001650999765843153,0.0,0.000166199984960258,0
402,0.00018919992726296186,0.0,0.00019029993563890457,0
403,0.00016189995221793652,0.0,0.00016279995907098055,0
404,0.00015940004959702492,0.0,0.00016030005645006895,0
405,0.00017720006871968508,0.0,0.00017820007633417845,0
406,0.0001591000473126769,0.0,0.00016010005492717028,0
407,0.0001593999331817031,0.0,0.0001601999392732978,0
408,0.0001721000298857689,0.0,0.00017300003673881292,0
409,0.00016050005797296762,0.00038410001434385777,0.0027313000755384564,1
410,0.0003220000071451068,0.0,0.0003233000170439482,0
411,0.00016510009299963713,0.0,0.000166199984960258,0
412,0.0001906000543385744,0.0,0.00019150006119161844,0
413,0.00016160006634891033,0.0,0.00016250007320195436,0
414,0.00015950005035847425,0.0,0.0001604000572115183,0
415,0.0001721999142318964,0.0,0.0001729999203234911,0
416,0.00016020005568861961,0.0,0.00016099994536489248,0
417,0.00015890004578977823,0.0,0.00015980005264282227,0
418,0.00021180009935051203,0.0,0.0002128001069650054,0
419,0.0001610000617802143,0.00035749992821365595,0.0025450000539422035,1
420,0.00031070003751665354,0.0,0.00031210004817694426,0
421,0.00016609998419880867,0.0,0.00016709999181330204,0
422,0.00018690002616494894,0.0,0.0001879000337794423,0
423,0.00017410004511475563,0.0,0.00017520005349069834,0
424,0.00016259995754808187,0.0,0.00016359996516257524,0
425,0.00017919996753335,0.0,0.0001802999759092927,0
426,0.0001599999377503991,0.0,0.00016089994460344315,0
427,0.0001585999270901084,0.0,0.0001593999331817031,0
428,0.0001705000177025795,0.0,0.0001713000237941742,0
429,0.0001580999232828617,0.00034650007728487253,0.0026164998998865485,1
430,0.00039320008363574743,0.0,0.0003947000950574875,0
431,0.0002175000263378024,0.0,0.00021850003395229578,0
432,0.0002614000113680959,0.0,0.0002622999018058181,0
433,0.00017969997134059668,0.0,0.00018069997895509005,0
434,0.00016010005492717028,0.0,0.00016099994536489248,0
435,0.00017290003597736359,0.0,0.00017390004359185696,0
436,0.0001596999354660511,0.0,0.0001604999415576458,0
437,0.00015989993698894978,0.0,0.00016069994308054447,0
438,0.000175100052729249,0.0,0.00017609994392842054,0
439,0.00015920004807412624,0.00035529991146177053,0.0027686000103130937,1
440,0.0003112000413239002,0.0,0.0003125000512227416,0
441,0.00016579998191446066,0.0,0.00016679998952895403,0
442,0.00018850003834813833,0.0,0.0001895000459626317,0
443,0.00016359996516257524,0.0,0.00016449997201561928,0
444,0.0001604999415576458,0.0,0.00016139994841068983,0
445,0.00017919996753335,0.0,0.00018009997438639402,0
446,0.00016259995754808187,0.0,0.0001634999644011259,0
447,0.00016179995145648718,0.0,0.00016259995754808187,0
448,0.00017369992565363646,0.0,0.0001745999325066805,0
449,0.0001615999499335885,0.0003640000941231847,0.0025800999719649553,1
450,0.0003608999541029334,0.0,0.0003622999647632241,0
451,0.000166199984960258,0.0,0.00016719999257475138,0
452,0.0001868000254034996,0.0,0.00018799991812556982,0
453,0.00016789999790489674,0.0,0.00016880000475794077,0
454,0.0001601999392732978,0.0,0.00016099994536489248,0
455,0.00017159990966320038,0.0,0.0001724999165162444,0
456,0.00015890004578977823,0.0,0.00015980005264282227,0
457,0.0001596000511199236,0.0,0.0001604000572115183,0
458,0.0001718999119475484,0.0,0.00017279991880059242,0
459,0.00016389996744692326,0.00037750008050352335,0.0027664999943226576,1
460,0.0003662999952211976,0.0,0.00036780000664293766,0
461,0.00016729999333620071,0.0,0.00016850000247359276,0
462,0.00018690002616494894,0.0,0.0001879000337794423,0
463,0.0001615999499335885,0.0,0.00016259995754808187,0
464,0.0001601999392732978,0.0,0.00016099994536489248,0
465,0.00017360004130750895,0.0,0.00017450004816055298,0
466,0.00016489997506141663,0.0,0.00016589998267591,0
467,0.00015820004045963287,0.0,0.00015900004655122757,0
468,0.0001708000199869275,0.0,0.00017180002760142088,0
469,0.0001583000412210822,0.00037789996713399887,0.003398300032131374,1
470,0.0004005999071523547,0.0,0.00040199991781264544,0
471,0.000215300009585917,0.0,0.00021650001872330904,0
472,0.00024040008429437876,0.0,0.00024140009190887213,0
473,0.0001653999788686633,0.0,0.00016629998572170734,0
474,0.00016629998572170734,0.0,0.00016709999181330204,0
475,0.00017449993174523115,0.0,0.00017539993859827518,0
476,0.00015980005264282227,0.0,0.0001607000594958663,0
477,0.0001599000534042716,0.0,0.00016090006101876497,0
478,0.0001713999081403017,0.0,0.00017229991499334574,0
479,0.00015850004274398088,0.0003825000021606684,0.002558400039561093,1
480,0.00039579998701810837,0.0,0.0003971999976783991,0
481,0.00022130005527287722,0.0,0.00022240006364881992,0
482,0.00019350007642060518,0.0,0.00019450008403509855,0
483,0.0001642000861465931,0.0,0.00016510009299963713,0
484,0.000161800067871809,0.0,0.00016280007548630238,0
485,0.00017300003673881292,0.0,0.00017390004359185696,0
486,0.00016119994688779116,0.0,0.00016219995450228453,0
487,0.00016279995907098055,0.0,0.00016369996592402458,0
488,0.0001732999226078391,0.0,0.00017419992946088314,0
489,0.0001580000389367342,0.0003667999990284443,0.0025647999718785286,1
490,0.0003233000170439482,0.0,0.00032460002694278955,0
491,0.000166199984960258,0.0,0.00016719999257475138,0
492,0.00018580001778900623,0.0,0.00018690002616494894,0
493,0.00016190006863325834,0.0,0.00016270007472485304,0
494,0.00016010005492717028,0.0,0.0001610000617802143,0
495,0.00017689995002001524,0.0,0.0001778999576345086,0
496,0.0001596999354660511,0.0,0.0001604999415576458,0
497,0.0001583000412210822,0.0,0.0001591000473126769,0
498,0.0001713000237941742,0.0,0.0001721000298857689,0
499,0.00016039994079619646,0.00036669999826699495,0.0024576999712735415,1
500,0.0004120999947190285,0.0,0.00041360000614076853,0
501,0.0002183000324293971,0.0,0.00021930004004389048,0
502,0.0002362999366596341,0.0,0.00023739994503557682,0
503,0.00017220003064721823,0.0,0.0001732000382617116,0
504,0.00016220007091760635,0.0,0.0001631000777706504,0
505,0.00017440004739910364,0.0,0.00017530005425214767,0
506,0.00016039994079619646,0.0,0.00016119994688779116,0
507,0.00015909993089735508,0.0,0.0001599999377503991,0
508,0.0001724000321701169,0.0,0.00017330003902316093,0
509,0.00016510009299963713,0.0003564999205991626,0.002436600043438375,1
510,0.0003980000037699938,0.0,0.00039930001366883516,0
511,0.00022059993352741003,0.0,0.00022149994038045406,0
512,0.0001916999462991953,0.0,0.00019269995391368866,0
513,0.00016359996516257524,0.0,0.00016439997125416994,0
514,0.00016119994688779116,0.0,0.0001620999537408352,0
515,0.00017389992717653513,0.0,0.00017469993326812983,0
516,0.0001599000534042716,0.0,0.0001607000594958663,0
517,0.00017980008851736784,0.0,0.00018069997895509005,0
518,0.00017200002912431955,0.0,0.00017290003597736359,0
519,0.0001585999270901084,0.00036419997923076153,0.0026170999044552445,1
520,0.0004331000382080674,0.0,0.00043460004962980747,0
521,0.0002164999023079872,0.0,0.00021749990992248058,0
522,0.0002343000378459692,0.0,0.0002354000462219119,0
523,0.00016550009604543447,0.0,0.00016629998572170734,0
524,0.00016439997125416994,0.0,0.0001653999788686633,0
525,0.00017390004359185696,0.0,0.000174800050444901,0
526,0.00015940004959702492,0.0,0.00016030005645006895,0
527,0.00015909993089735508,0.0,0.00015989993698894978,0
528,0.00017140002455562353,0.0,0.00017230003140866756,0
529,0.0001583000412210822,0.00037150003481656313,0.0025682999985292554,1
530,0.0003798999823629856,0.0,0.00038129999302327633,0
531,0.0002191000385209918,0.0,0.00022030004765838385,0
532,0.00019260006956756115,0.0,0.00019360007718205452,0
533,0.00016360008157789707,0.0,0.00016460008919239044,0
534,0.000161800067871809,0.0,0.00016280007548630238,0
535,0.00017380004283040762,0.0,0.000174800050444901,0
536,0.00015949993394315243,0.0,0.00016039994079619646,0
537,0.00016199995297938585,0.0,0.00016279995907098055,0
538,0.0001713000237941742,0.0,0.00017230003140866756,0
539,0.00015780003741383553,0.0003562000347301364,0.0028413000982254744,1
540,0.00028249993920326233,0.0,0.0002837999491021037,0
541,0.00019729998894035816,0.0,0.0001981999957934022,0
542,0.0001911999424919486,0.0,0.00019219995010644197,0
543,0.0001623999560251832,0.0,0.0001631999621167779,0
544,0.0001653999788686633,0.0,0.000166199984960258,0
545,0.00017279991880059242,0.0,0.0001737999264150858,0
546,0.00016029994003474712,0.0,0.00016119994688779116,0
547,0.00015930004883557558,0.0,0.00016010005492717028,0
548,0.00017170002683997154,0.0,0.00017250003293156624,0
549,0.0002562999725341797,0.0004447000101208687,0.0030487999320030212,1
550,0.0003464999608695507,0.0,0.0003477999707683921,0
551,0.00016649998724460602,0.0,0.00016759999562054873,0
552,0.00018770003225654364,0.0,0.00018890004139393568,0
553,0.00016270007472485304,0.0,0.00016360008157789707,0
554,0.00016010005492717028,0.0,0.0001610000617802143,0
555,0.0001783999614417553,0.0,0.00017929996829479933,0
556,0.00015949993394315243,0.0,0.00016039994079619646,0
557,0.00015909993089735508,0.0,0.00015989993698894978,0
558,0.00017180002760142088,0.0,0.0001727000344544649,0
559,0.0001591000473126769,0.0003768999595195055,0.0033107000635936856,1
560,0.0003530000103637576,0.0,0.00035440002102404833,0
561,0.00016709999181330204,0.0,0.00016820000018924475,0
562,0.0001852000132203102,0.0,0.00018630002159625292,0
563,0.00016189995221793652,0.0,0.00016289995983242989,0
564,0.0001716000260785222,0.0,0.00017250003293156624,0
565,0.00017529993783682585,0.0,0.00017619994468986988,0
566,0.00015949993394315243,0.0,0.00016029994003474712,0
567,0.0001583000412210822,0.0,0.00015920004807412624,0
568,0.00017030001617968082,0.0,0.00017120002303272486,0
569,0.00015689991414546967,0.0004078000783920288,0.0029613999649882317,1
570,0.0003712000325322151,0.0,0.0003728000447154045,0
571,0.00030800001695752144,0.0,0.00030940002761781216,0
572,0.0003429999342188239,0.0,0.0003442999441176653,0
573,0.0002509000478312373,0.0,0.0002519999397918582,0
574,0.00016289995983242989,0.0,0.00016389996744692326,0
575,0.00020270003005862236,0.0,0.00020370003767311573,0
576,0.00016160006634891033,0.0,0.00016250007320195436,0
577,0.00017129990737885237,0.0,0.00017209991347044706,0
578,0.00017530005425214767,0.0,0.00017619994468986988,0
579,0.00016210007015615702,0.0003752999473363161,0.002656899974681437,1
580,0.0003208999987691641,0.0,0.00032220000866800547,0
581,0.00019539997447282076,0.0,0.00019639998208731413,0
582,0.00018770003225654364,0.0,0.00018880004063248634,0
583,0.00016330007929354906,0.0,0.0001642000861465931,0
584,0.00015970005188137293,0.0,0.00016060005873441696,0
585,0.00017479993402957916,0.0,0.00017589994240552187,0
586,0.0001599999377503991,0.0,0.00016089994460344315,0
587,0.00016409996896982193,0.0,0.00016499997582286596,0
588,0.00017399992793798447,0.0,0.00017499993555247784,0
589,0.00016050005797296762,0.0003599999472498894,0.0025797999696806073,1
590,0.0003700999077409506,0.0,0.00037139991763979197,0
591,0.00024369999300688505,0.0,0.0002449000021442771,0
592,0.0002660999307408929,0.0,0.0002674999414011836,0
593,0.00035809993278235197,0.0,0.000359599944204092,0
594,0.00018619990441948175,0.0,0.00018719991203397512,0
595,0.00020110001787543297,0.0,0.00020220002625137568,0
596,0.00016220007091760635,0.0,0.0001631000777706504,0
597,0.0001596000511199236,0.0,0.00016050005797296762,0
598,0.00018009997438639402,0.0,0.00018099998123943806,0
599,0.00016030005645006895,0.000345699954777956,0.0029144000727683306,1
600,0.0003163999645039439,0.0,0.0003176999744027853,0
601,0.00016499997582286596,0.0,0.00016609998419880867,0
602,0.0001895999303087592,0.0,0.00019059993792325258,0
603,0.00016289995983242989,0.0,0.00016379996668547392,0
604,0.0002853999612852931,0.0,0.00028689997270703316,0
605,0.0002592999953776598,0.0,0.00026050000451505184,0
606,0.0001629000762477517,0.0,0.00016379996668547392,0
607,0.00016130006406456232,0.0,0.00016210007015615702,0
608,0.00022600009106099606,0.0,0.00022709998302161694,0
609,0.0001610000617802143,0.000560699962079525,0.0033834000350907445,1
610,0.00032670004293322563,0.0,0.0003408000338822603,0
611,0.00016229995526373386,0.0,0.00016329996287822723,0
612,0.00019519997294992208,0.0,0.00019619998056441545,0
613,0.00016149994917213917,0.0,0.0001623999560251832,0
614,0.0001599999377503991,0.0,0.00016089994460344315,0
615,0.00017289991956204176,0.0,0.00017389992717653513,0
616,0.00015930004883557558,0.0,0.00016020005568861961,0
617,0.00015920004807412624,0.0,0.00016010005492717028,0
618,0.00017330003902316093,0.0,0.00017410004511475563,0
619,0.0001593999331817031,0.0003645999822765589,0.002650699927471578,1
620,0.0003000999568030238,0.0,0.0003013999667018652,0
621,0.0001943999668583274,0.0,0.00019539997447282076,0
622,0.00018669990822672844,0.0,0.00018779991660267115,0
623,0.000161800067871809,0.0,0.0001626999583095312,0
624,0.0001604000572115183,0.0,0.00016130006406456232,0
625,0.00017730006948113441,0.0,0.00017820007633417845,0
626,0.0001596000511199236,0.0,0.0001604000572115183,0
627,0.00015719991642981768,0.0,0.00015799992252141237,0
628,0.00017200002912431955,0.0,0.00017290003597736359,0
629,0.00015980005264282227,0.0005101999267935753,0.003357000066898763,1
630,0.00035310001112520695,0.0,0.000354300020262599,0
631,0.00016440008766949177,0.0,0.0001653000945225358,0
632,0.00018720002844929695,0.0,0.00018810003530234098,0
633,0.0001601999392732978,0.0,0.00016109994612634182,0
634,0.0001588999293744564,0.0,0.00015979993622750044,0
635,0.0001759000588208437,0.0,0.00017680006567388773,0
636,0.00015860004350543022,0.0,0.0001596000511199236,0
637,0.00015849992632865906,0.0,0.00015949993394315243,0
638,0.00017040001694113016,0.0,0.0001713000237941742,0
639,0.0001583000412210822,0.00038760004099458456,0.002821400063112378,1
640,0.00034659996163100004,0.0,0.0003477999707683921,0
641,0.00017529993783682585,0.0,0.00017639994621276855,0
642,0.00018610002007335424,0.0,0.00018710002768784761,0
643,0.0001599000534042716,0.0,0.00016090006101876497,0
644,0.00015799992252141237,0.0,0.00015879992861300707,0
645,0.00017190002836287022,0.0,0.00017290003597736359,0
646,0.0001591000473126769,0.0,0.0001599000534042716,0
647,0.0001686000032350421,0.0,0.00016960001084953547,0
648,0.0001713000237941742,0.0,0.00017220003064721823,0
649,0.00015899993013590574,0.0003279000520706177,0.0027199999894946814,1
650,0.0003016999689862132,0.0,0.0003029999788850546,0
651,0.00016389996744692326,0.0,0.00016489997506141663,0
652,0.0001889999257400632,0.0,0.0001900999341160059,0
653,0.00016249995678663254,0.0,0.00016339996363967657,0
654,0.00015790003817528486,0.0,0.0001588000450283289,0
655,0.00017770007252693176,0.0,0.00017850007861852646,0
656,0.00015940004959702492,0.0,0.00016030005645006895,0
657,0.00015799992252141237,0.0,0.0001588999293744564,0
658,0.00017140002455562353,0.0,0.00017230003140866756,0
659,0.00015790003817528486,0.00032730004750192165,0.0027132000541314483,1
660,0.0003331999760121107,0.0,0.00033469998743385077,0
661,0.00018690002616494894,0.0,0.0001879000337794423,0
662,0.0004409999819472432,0.0,0.00044269999489188194,0
663,0.00024149997625499964,0.0,0.00024269998539239168,0
664,0.0002563000889495015,0.0,0.00025729998014867306,0
665,0.0002973000518977642,0.0,0.0002984000602737069,0
666,0.0001620999537408352,0.0,0.00016299996059387922,0
667,0.00016009993851184845,0.0,0.00016099994536489248,0
668,0.00017279991880059242,0.0,0.0001737999264150858,0
669,0.00015860004350543022,0.0004026999231427908,0.002925700042396784,1
670,0.00043789995834231377,0.0,0.00043919996824115515,0
671,0.0001677999971434474,0.0,0.00016880000475794077,0
672,0.00018880004063248634,0.0,0.00018990004900842905,0
673,0.00016080006025731564,0.0,0.00016160006634891033,0
674,0.00015989993698894978,0.0,0.00016089994460344315,0
675,0.00017309992108494043,0.0,0.00017399992793798447,0
676,0.00016419996973127127,0.0,0.00016499997582286596,0
677,0.0001588000450283289,0.0,0.00015970005188137293,0
678,0.00017180002760142088,0.0,0.00017260003369301558,0
679,0.0001585999270901084,0.00037650007288903,0.0026907999999821186,1
680,0.0003421000437811017,0.0,0.0003434000536799431,0
681,0.00016419996973127127,0.0,0.0001650999765843153,0
682,0.00018700002692639828,0.0,0.00018800003454089165,0
683,0.00016520009376108646,0.0,0.00016630010213702917,0
684,0.00015950005035847425,0.0,0.00016050005797296762,0
685,0.00017170002683997154,0.0,0.00017260003369301558,0
686,0.00015820004045963287,0.0,0.00015899993013590574,0
687,0.0001577000366523862,0.0,0.00015850004274398088,0
688,0.00017129990737885237,0.0,0.00017209991347044706,0
689,0.00016339996363967657,0.0003568000392988324,0.002786700031720102,1
690,0.00032730004750192165,0.0,0.0003285000566393137,0
691,0.00016280007548630238,0.0,0.00016380008310079575,0
692,0.0001846000086516142,0.0,0.00018550001550465822,0
693,0.0001593999331817031,0.0,0.00016029994003474712,0
694,0.00015740003436803818,0.0,0.0001583000412210822,0
695,0.00017680006567388773,0.0,0.0001778000732883811,0
696,0.00016250007320195436,0.0,0.00016350008081644773,0
697,0.00015650002751499414,0.0,0.00015730003360658884,0
698,0.0001700000138953328,0.0,0.00017100002150982618,0
699,0.00015630002599209547,0.0003648999845609069,0.003175900084897876,1
700,0.00040310004260390997,0.0,0.00040449993684887886,0
701,0.00017749995458871126,0.0,0.0001786999637261033,0
702,0.00018800003454089165,0.0,0.00018900004215538502,0
703,0.00016270007472485304,0.0,0.0001637000823393464,0
704,0.00015980005264282227,0.0,0.00016060005873441696,0
705,0.00019369996152818203,0.0,0.00019479996990412474,0
706,0.0003336999798193574,0.0,0.00033489998895674944,0
707,0.0001631999621167779,0.0,0.00016419996973127127,0
708,0.0001775000710040331,0.0,0.00017850007861852646,0
709,0.00015940004959702492,0.00036860001273453236,0.0028586999978870153,1
710,0.0004273999948054552,0.0,0.0004288000054657459,0
711,0.00016589998267591,0.0,0.00016679998952895403,0
712,0.0001873000292107463,0.0,0.000188400037586689,0
713,0.00016330007929354906,0.0,0.0001642999704927206,0
714,0.0001607000594958663,0.0,0.000161500065587461,0
715,0.00017200002912431955,0.0,0.00017300003673881292,0
716,0.00016389996744692326,0.0,0.0001647999742999673,0
717,0.0001577999209985137,0.0,0.0001585999270901084,0
718,0.00017040001694113016,0.0,0.0001713000237941742,0
719,0.00015860004350543022,0.00035450002178549767,0.002691800007596612,1
720,0.0004427999956533313,0.0,0.0004440000047907233,0
721,0.00016769999638199806,0.0,0.00016880000475794077,0
722,0.000188400037586689,0.0,0.00018949992954730988,0
723,0.00016599998343735933,0.0,0.00016679998952895403,0
724,0.0001596000511199236,0.0,0.00016059994231909513,0
725,0.0001727000344544649,0.0,0.00017360004130750895,0
726,0.0001599000534042716,0.0,0.00016089994460344315,0
727,0.00015739991795271635,0.0,0.00015819992404431105,0
728,0.00017110002227127552,0.0,0.0001721000298857689,0
729,0.00016439997125416994,0.0003469999646767974,0.0027163999620825052,1
730,0.0003171999705955386,0.0,0.00031849998049438,0
731,0.00018530001398175955,0.0,0.0001865000231191516,0
732,0.00022080005146563053,0.0,0.0002218000590801239,0
733,0.00022139993961900473,0.0,0.0002223999472334981,0
734,0.00019269995391368866,0.0,0.00019349996000528336,0
735,0.0002068999456241727,0.0,0.00020789995323866606,0
736,0.00020459992811083794,0.0,0.00020539993420243263,0
737,0.00022240006364881992,0.0,0.0002231999533250928,0
738,0.0001721000298857689,0.0,0.00017300003673881292,0
739,0.00015869992785155773,0.00041960005182772875,0.0035001999931409955,1
740,0.0004602000117301941,0.0,0.0004616000223904848,0
741,0.000166199984960258,0.0,0.00016719999257475138,0
742,0.00023560004774481058,0.0,0.00023659993894398212,0
743,0.0001626999583095312,0.0,0.00016359996516257524,0
744,0.00016030005645006895,0.0,0.00016120006330311298,0
745,0.00017500005196779966,0.0,0.00017600005958229303,0
746,0.00016240007244050503,0.0,0.00016330007929354906,0
747,0.00015879992861300707,0.0,0.00015959993470460176,0
748,0.00020020001102238894,0.0,0.00020110001787543297,0
749,0.00015930004883557558,0.00040090002585202456,0.0030990000814199448,1
750,0.0004654999356716871,0.0,0.0004667999455705285,0
751,0.00020459992811083794,0.0,0.00020579993724822998,0
752,0.00019890000112354755,0.0,0.00019990000873804092,0
753,0.00016309996135532856,0.0,0.0001639999682083726,0
754,0.0001601999392732978,0.0,0.00016099994536489248,0
755,0.00017359992489218712,0.0,0.00017449993174523115,0
756,0.00015730003360658884,0.0,0.00015820004045963287,0
757,0.00015870004426687956,0.0,0.00015970005188137293,0
758,0.00017339992336928844,0.0,0.00017429993022233248,0
759,0.00015760003589093685,0.00039790000300854445,0.0030628000386059284,1
760,0.00030159996822476387,0.0,0.0003029999788850546,0
761,0.00017859996296465397,0.0,0.00017959997057914734,0
762,0.0001919999485835433,0.0,0.00019299995619803667,0
763,0.00016499997582286596,0.0,0.00016589998267591,0
764,0.00015829992480576038,0.0,0.00015929993242025375,0
765,0.00017290003597736359,0.0,0.00017380004283040762,0
766,0.0001789000816643238,0.0,0.000179799972102046,0
767,0.00023570004850625992,0.0,0.00023660005535930395,0
768,0.00020650005899369717,0.0,0.0002077000681310892,0
769,0.00023150001652538776,0.0005267000524327159,0.003772700089029968,1
770,0.00035310001112520695,0.0,0.00035450002178549767,0
771,0.00016550009604543447,0.0,0.0001666999887675047,0
772,0.00019290007185190916,0.0,0.00019399996381253004,0
773,0.00016140006482601166,0.0,0.0001623000716790557,0
774,0.00015870004426687956,0.0,0.00015970005188137293,0
775,0.00017749995458871126,0.0,0.0001783999614417553,0
776,0.00015949993394315243,0.0,0.00016039994079619646,0
777,0.00015739991795271635,0.0,0.00015819992404431105,0
778,0.0001689000055193901,0.0,0.0001697000116109848,0
779,0.0001574999187141657,0.000367600005120039,0.002868399955332279,1
780,0.0003065000055357814,0.0,0.00030770001467317343,0
781,0.00016589998267591,0.0,0.00016689999029040337,0
782,0.00019369996152818203,0.0,0.0001946999691426754,0
783,0.00016249995678663254,0.0,0.00016339996363967657,0
784,0.0001601999392732978,0.0,0.00016099994536489248,0
785,0.00017339992336928844,0.0,0.00017429993022233248,0
786,0.00015930004883557558,0.0,0.00016010005492717028,0
787,0.00016200006939470768,0.0,0.00016280007548630238,0
788,0.00017170002683997154,0.0,0.00017260003369301558,0
789,0.00015909993089735508,0.0003600000636652112,0.0027894999366253614,1
790,0.00036750000435858965,0.0,0.00036889989860355854,0
791,0.00016529997810721397,0.0,0.00016629998572170734,0
792,0.00018910004291683435,0.0,0.0001900999341160059,0
793,0.000161500065587461,0.0,0.00016250007320195436,0
794,0.0001927000703290105,0.0,0.00019360007718205452,0
795,0.00017290003597736359,0.0,0.00017390004359185696,0
796,0.0001604999415576458,0.0,0.0001612999476492405,0
797,0.00015979993622750044,0.0,0.00016059994231909513,0
798,0.00017330003902316093,0.0,0.0001743000466376543,0
799,0.00016060005873441696,0.0003572999266907573,0.0035582000855356455,1
800,0.0005723000504076481,0.0,0.0005740000633522868,0
801,0.00030319998040795326,0.0,0.000304599991068244,0
802,0.0003171999705955386,0.0,0.00031839997973293066,0
803,0.00018049997743219137,0.0,0.00018149998504668474,0
804,0.00016259995754808187,0.0,0.0001634999644011259,0
805,0.0001857999013736844,0.0,0.00018679990898817778,0
806,0.0001610000617802143,0.0,0.00016189995221793652,0
807,0.00016000005416572094,0.0,0.0001610000617802143,0
808,0.00017230003140866756,0.0,0.00017330003902316093,0
809,0.00016059994231909513,0.0003567000385373831,0.002868099953047931,1
810,0.00031869998201727867,0.0,0.0003198999911546707,0
811,0.0001700000138953328,0.0,0.00017090002074837685,0
812,0.00018989993259310722,0.0,0.00019099994096904993,0
813,0.00016249995678663254,0.0,0.00016339996363967657,0
814,0.0001588999293744564,0.0,0.0001596999354660511,0
815,0.00017180002760142088,0.0,0.0001727000344544649,0
816,0.00015949993394315243,0.0,0.00016039994079619646,0
817,0.00016189995221793652,0.0,0.0001626999583095312,0
818,0.00017180002760142088,0.0,0.0001727000344544649,0
819,0.00015890004578977823,0.00035440002102404833,0.0028720999835059047,1
820,0.00037650007288903,0.0,0.0003779000835493207,0
821,0.00016440008766949177,0.0,0.00016540009528398514,0
822,0.00018910004291683435,0.0,0.0001900000497698784,0
823,0.00016740011051297188,0.0,0.00016840000171214342,0
824,0.0001607000594958663,0.0,0.00016160006634891033,0
825,0.00017290003597736359,0.0,0.00017370004206895828,0
826,0.00015929993242025375,0.0,0.00016009993851184845,0
827,0.00015730003360658884,0.0,0.00015820004045963287,0
828,0.00017180002760142088,0.0,0.0001727000344544649,0
829,0.00018149998504668474,0.0003533000126481056,0.0028388999635353684,1
830,0.00035009998828172684,0.0,0.0003513999981805682,0
831,0.0002068999456241727,0.0,0.00020779995247721672,0
832,0.00022169994190335274,0.0,0.0002226999495178461,0
833,0.0001821999903768301,0.0,0.0001832999987527728,0
834,0.000206099939532578,0.0,0.00020729994866997004,0
835,0.0004123999970033765,0.0,0.00041360000614076853,0
836,0.000250800047069788,0.0,0.000251700053922832,0
837,0.00017739995382726192,0.0,0.00017819995991885662,0
838,0.00027950003277510405,0.0,0.0002805000403895974,0
839,0.0001740000443533063,0.0003891999367624521,0.002989599946886301,1
840,0.0003389000194147229,0.0,0.0003400000277906656,0
841,0.00016300007700920105,0.0,0.00016400008462369442,0
842,0.00018770003225654364,0.0,0.00018880004063248634,0
843,0.00016579998191446066,0.0,0.00016689999029040337,0
844,0.00016030005645006895,0.0,0.00016130006406456232,0
845,0.0001721999142318964,0.0,0.00017319992184638977,0
846,0.00016689999029040337,0.0,0.0001677999971434474,0
847,0.00016010005492717028,0.0,0.00016090006101876497,0
848,0.0001735000405460596,0.0,0.00017440004739910364,0
849,0.00016359996516257524,0.00035610003396868706,0.0027619999600574374,1
850,0.00029530003666877747,0.0,0.00029660004656761885,0
851,0.00016629998572170734,0.0,0.00016739999409765005,0
852,0.00019050005357712507,0.0,0.00019150006119161844,0
853,0.00016430008690804243,0.0,0.00016520009376108646,0
854,0.00016140006482601166,0.0,0.00016220007091760635,0
855,0.00017500005196779966,0.0,0.00017580005805939436,0
856,0.00016569998115301132,0.0,0.00016659998800605536,0
857,0.00016050005797296762,0.0,0.00016140006482601166,0
858,0.00017439993098378181,0.0,0.0001751999370753765,0
859,0.00016089994460344315,0.00036010006442666054,0.0029992000199854374,1
860,0.0003434000536799431,0.0,0.000344799947924912,0
861,0.00021980004385113716,0.0,0.00022080005146563053,0
862,0.00019370007794350386,0.0,0.00019470008555799723,0
863,0.0001634000800549984,0.0,0.00016439997125416994,0
864,0.0001607000594958663,0.0,0.00016160006634891033,0
865,0.00017490005120635033,0.0,0.0001759000588208437,0
866,0.00016119994688779116,0.0,0.00016219995450228453,0
867,0.00016329996287822723,0.0,0.0001642999704927206,0
868,0.00017289991956204176,0.0,0.0001737999264150858,0
869,0.00016139994841068983,0.0003755000652745366,0.0035849999403581023,1
870,0.00034509995020926,0.0,0.0003464999608695507,0
871,0.00016739999409765005,0.0,0.00016840000171214342,0
872,0.00018770003225654364,0.0,0.00018880004063248634,0
873,0.00016219995450228453,0.0,0.00016309996135532856,0
874,0.00015989993698894978,0.0,0.00016069994308054447,0
875,0.00017739995382726192,0.0,0.0001783999614417553,0
876,0.0001601999392732978,0.0,0.00016099994536489248,0
877,0.00015930004883557558,0.0,0.00016010005492717028,0
878,0.00017290003597736359,0.0,0.00017370004206895828,0
879,0.00015929993242025375,0.00037560006603598595,0.003044899902306497,1
880,0.0002935000229626894,0.0,0.0002949000336229801,0
881,0.0001818999880924821,0.0,0.00018289999570697546,0
882,0.00018660002388060093,0.0,0.00018750003073364496,0
883,0.00016190006863325834,0.0,0.00016280007548630238,0
884,0.00015970005188137293,0.0,0.00016050005797296762,0
885,0.00017369992565363646,0.0,0.00017469993326812983,0
886,0.00016459997277706861,0.0,0.00016549997963011265,0
887,0.00015949993394315243,0.0,0.00016039994079619646,0
888,0.00017290003597736359,0.0,0.0001740000443533063,0
889,0.00016000005416572094,0.0003519000019878149,0.0029187999898567796,1
890,0.0003272999310865998,0.0,0.00032849994022399187,0
891,0.00016529997810721397,0.0,0.00016629998572170734,0
892,0.00018799991812556982,0.0,0.00018909992650151253,0
893,0.00021890003699809313,0.0,0.0002199000446125865,0
894,0.00016090006101876497,0.0,0.000161800067871809,0
895,0.00017539993859827518,0.0,0.00017629994545131922,0
896,0.00016099994536489248,0.0,0.00016189995221793652,0
897,0.0001596999354660511,0.0,0.0001604999415576458,0
898,0.00017640006262809038,0.0,0.0001772999530658126,0
899,0.00016210007015615702,0.0003565999213606119,0.003663900075480342,1
900,0.00035200000274926424,0.0,0.0003535000141710043,0
901,0.00016649998724460602,0.0,0.0001674999948590994,0
902,0.00018580001778900623,0.0,0.00018670002464205027,0
903,0.00016289995983242989,0.0,0.00016379996668547392,0
904,0.0001607999438419938,0.0,0.00016179995145648718,0
905,0.0001778999576345086,0.0,0.00017919996753335,0
906,0.0001647999742999673,0.0,0.00016569998115301132,0
907,0.00016069994308054447,0.0,0.0001615999499335885,0
908,0.00017520005349069834,0.0,0.00017609994392842054,0
909,0.00016210007015615702,0.0003763000713661313,0.00297949998639524,1
910,0.0003961001057177782,0.0,0.0003974999999627471,0
911,0.00017899996601045132,0.0,0.0001799999736249447,0
912,0.00019079993944615126,0.0,0.00019179994706064463,0
913,0.0001631999621167779,0.0,0.00016409996896982193,0
914,0.00016199995297938585,0.0,0.00016279995907098055,0
915,0.00017410004511475563,0.0,0.00017500005196779966,0
916,0.00016430008690804243,0.0,0.00016520009376108646,0
917,0.00016060005873441696,0.0,0.000161500065587461,0
918,0.00017220003064721823,0.0,0.0001732000382617116,0
919,0.00016009993851184845,0.000354900024831295,0.00286679994314909,1
920,0.0003816999960690737,0.0,0.00038309989031404257,0
921,0.00021730002481490374,0.0,0.0002183000324293971,0
922,0.00023040000814944506,0.0,0.00023150001652538776,0
923,0.00016709999181330204,0.0,0.0001680999994277954,0
924,0.0001639999682083726,0.0,0.0001650999765843153,0
925,0.00017710006795823574,0.0,0.00017799995839595795,0
926,0.00016309996135532856,0.0,0.00016389996744692326,0
927,0.0001612999476492405,0.0,0.0001620999537408352,0
928,0.00017849996220320463,0.0,0.00017939996905624866,0
929,0.00016119994688779116,0.00035720004234462976,0.0029039999935775995,1
930,0.0003242000238969922,0.0,0.00032540003303438425,0
931,0.0001666999887675047,0.0,0.0001677999971434474,0
932,0.00018860003910958767,0.0,0.00018960004672408104,0
933,0.00021770002786070108,0.0,0.00021860003471374512,0
934,0.00023609993513673544,0.0,0.00023689994122833014,0
935,0.0001973999897018075,0.0,0.00019839999731630087,0
936,0.0002391999587416649,0.0,0.00023999996483325958,0
937,0.000192799954675138,0.0,0.00019369996152818203,0
938,0.0002120999852195382,0.0,0.00021299999207258224,0
939,0.00017450004816055298,0.00047339999582618475,0.0030992000829428434,1
940,0.00033740000799298286,0.0,0.00033870001789182425,0
941,0.00016580009832978249,0.0,0.0001666999887675047,0
942,0.00018820003606379032,0.0,0.00018910004291683435,0
943,0.00016650010365992785,0.0,0.00016740011051297188,0
944,0.00015890004578977823,0.0,0.00015970005188137293,0
945,0.0001724000321701169,0.0,0.0001732000382617116,0
946,0.00015919993165880442,0.0,0.00016009993851184845,0
947,0.00015780003741383553,0.0,0.00015860004350543022,0
948,0.0001702000154182315,0.0,0.00017110002227127552,0
949,0.00016259995754808187,0.0003565000370144844,0.002855299971997738,1
950,0.0003605000674724579,0.0,0.00036180007737129927,0
951,0.00016639998648315668,0.0,0.00016739999409765005,0
952,0.00018750003073364496,0.0,0.00018860003910958767,0
953,0.00016140006482601166,0.0,0.00016220007091760635,0
954,0.00015930004883557558,0.0,0.00016010005492717028,0
955,0.00017640006262809038,0.0,0.00017730006948113441,0
956,0.0001599999377503991,0.0,0.00016069994308054447,0
957,0.0001588999293744564,0.0,0.00015979993622750044,0
958,0.0001716000260785222,0.0,0.00017250003293156624,0
959,0.0001588000450283289,0.0003741000546142459,0.0029736000578850508,1
960,0.00028300005942583084,0.0,0.0002842000685632229,0
961,0.0002028000308200717,0.0,0.00020380003843456507,0
962,0.0001873999135568738,0.0,0.00018839992117136717,0
963,0.00016000005416572094,0.0,0.0001607999438419938,0
964,0.00015900004655122757,0.0,0.00016000005416572094,0
965,0.0001716000260785222,0.0,0.00017260003369301558,0
966,0.0001596999354660511,0.0,0.0001604999415576458,0
967,0.00016229995526373386,0.0,0.00016329996287822723,0
968,0.00017070001922547817,0.0,0.0001716000260785222,0
969,0.0001601999392732978,0.00035310001112520695,0.0034734999062493443,1
970,0.0003877999261021614,0.0,0.0003891999367624521,0
971,0.00016840000171214342,0.0,0.0001694000093266368,0
972,0.00018750003073364496,0.0,0.00018860003910958767,0
973,0.0001642999704927206,0.0,0.00016519997734576464,0
974,0.00016119994688779116,0.0,0.00016219995450228453,0
975,0.00017739995382726192,0.0,0.0001783999614417553,0
976,0.00016099994536489248,0.0,0.00016199995297938585,0
977,0.00015989993698894978,0.0,0.0001607999438419938,0
978,0.00017330003902316093,0.0,0.00017410004511475563,0
979,0.00016050005797296762,0.0003671000013127923,0.002962800092063844,1
980,0.00033179996535182,0.0,0.0003330999752506614,0
981,0.0001943999668583274,0.0,0.0001954999752342701,0
982,0.0001868000254034996,0.0,0.00018780003301799297,0
983,0.00016170006711035967,0.0,0.0001626000739634037,0
984,0.00015850004274398088,0.0,0.00015940004959702492,0
985,0.00017269991803914309,0.0,0.0001737999264150858,0
986,0.00015959993470460176,0.0,0.00016039994079619646,0
987,0.0001702000154182315,0.0,0.0001713000237941742,0
988,0.00017390004359185696,0.0,0.000174800050444901,0
989,0.00015930004883557558,0.00036589999217540026,0.0028561000945046544,1
990,0.0004056999459862709,0.0,0.0004069999558851123,0
991,0.00021759991068392992,0.0,0.00021869991905987263,0
992,0.00029340002220124006,0.0,0.00029440002981573343,0
993,0.00017030001617968082,0.0,0.0001713000237941742,0
994,0.0001615999499335885,0.0,0.00016249995678663254,0
995,0.00017689995002001524,0.0,0.00017779995687305927,0
996,0.0001612999476492405,0.0,0.0001620999537408352,0
997,0.00016140006482601166,0.0,0.0001623000716790557,0
998,0.00017820007633417845,0.0,0.00017910008318722248,0
999,0.00015900004655122757,0.00036890001501888037,0.002951500006020069,1
1000,0.00039439997635781765,0.0,0.0003958999877795577,0
1001,0.0002612000098451972,0.0,0.0002802999224513769,0
1002,0.0003139000618830323,0.0,0.00031510007102042437,0
1003,0.00016769999638199806,0.0,0.00016870000399649143,0
1004,0.00019079993944615126,0.0,0.00019159994553774595,0
1005,0.00020859995856881142,0.0,0.0002095999661833048,0
1006,0.00016099994536489248,0.0,0.00016199995297938585,0
1007,0.0001639999682083726,0.0,0.00016489997506141663,0
1008,0.00017230003140866756,0.0,0.0001732000382617116,0
1009,0.0001583000412210822,0.00038840004708617926,0.003130100085400045,1
1010,0.00032949994783848524,0.0,0.0003306999569758773,0
1011,0.0001634999644011259,0.0,0.00016449997201561928,0
1012,0.0001908999402076006,0.0,0.00019189994782209396,0
1013,0.00016179995145648718,0.0,0.00016279995907098055,0
1014,0.00015790003817528486,0.0,0.00015890004578977823,0
1015,0.0001735000405460596,0.0,0.00017450004816055298,0
1016,0.00016009993851184845,0.0,0.00016099994536489248,0
1017,0.00015869992785155773,0.0,0.00015959993470460176,0
1018,0.000175100052729249,0.0,0.00017610006034374237,0
1019,0.0001588000450283289,0.00035829993430525064,0.002923400024883449,1
1020,0.00032380002085119486,0.0,0.0003250000299885869,0
1021,0.00016559998039156199,0.0,0.00016659998800605536,0
1022,0.00018829992040991783,0.0,0.00018939992878586054,0
1023,0.00016679998952895403,0.0,0.00016759999562054873,0
1024,0.00016459997277706861,0.0,0.00016549997963011265,0
1025,0.00017360004130750895,0.0,0.00017450004816055298,0
1026,0.0001599999377503991,0.0,0.0001607999438419938,0
1027,0.00015959993470460176,0.0,0.0001604999415576458,0
1028,0.00017110002227127552,0.0,0.00017200002912431955,0
1029,0.0001596999354660511,0.0004743000026792288,0.0030597998993471265,1
1030,0.00043590005952864885,0.0,0.00043729995377361774,0
1031,0.00021359999664127827,0.0,0.00021460000425577164,0
1032,0.00023470004089176655,0.0,0.00023570004850625992,0
1033,0.00016540009528398514,0.0,0.00016639998648315668,0
1034,0.00016499997582286596,0.0,0.00016589998267591,0
1035,0.00017330003902316093,0.0,0.00017420004587620497,0
1036,0.00016020005568861961,0.0,0.00016110006254166365,0
1037,0.0001580999232828617,0.0,0.00015909993089735508,0
1038,0.00017010001465678215,0.0,0.00017110002227127552,0
1039,0.0002440999960526824,0.00043510005343705416,0.003831900074146688,1
1040,0.0004392999690026045,0.0,0.00044079998042434454,0
1041,0.00016630010213702917,0.0,0.00016730010975152254,0
1042,0.00018860003910958767,0.0,0.0001895000459626317,0
1043,0.00016060005873441696,0.0,0.00016140006482601166,0
1044,0.00015929993242025375,0.0,0.0001601999392732978,0
1045,0.0001745999325066805,0.0,0.00017559994012117386,0
1046,0.00016369996592402458,0.0,0.0001647999742999673,0
1047,0.00016009993851184845,0.0,0.00016099994536489248,0
1048,0.00017140002455562353,0.0,0.00017230003140866756,0
1049,0.00015909993089735508,0.0003630999708548188,0.0029373998986557126,1
1050,0.0003466999623924494,0.0,0.0003478999715298414,0
1051,0.00016339996363967657,0.0,0.00016439997125416994,0
1052,0.00019149994477629662,0.0,0.00019249995239078999,0
1053,0.00015929993242025375,0.0,0.00016039994079619646,0
1054,0.00015820004045963287,0.0,0.00015930004883557558,0
1055,0.00017140002455562353,0.0,0.0001724000321701169,0
1056,0.0001572000328451395,0.0,0.0001580999232828617,0
1057,0.0001572000328451395,0.0,0.0001580000389367342,0
1058,0.00017479993402957916,0.0,0.00017559994012117386,0
1059,0.00015710003208369017,0.0003656001063063741,0.003080699942074716,1
1060,0.00038490002043545246,0.0,0.0003864000318571925,0
1061,0.00016569998115301132,0.0,0.00016659998800605536,0
1062,0.00018880004063248634,0.0,0.00018990004900842905,0
1063,0.00016629998572170734,0.0,0.00016739999409765005,0
1064,0.00015930004883557558,0.0,0.00016010005492717028,0
1065,0.00017439993098378181,0.0,0.00017529993783682585,0
1066,0.0001596999354660511,0.0,0.00016059994231909513,0
1067,0.00016000005416572094,0.0,0.00016090006101876497,0
1068,0.0001713000237941742,0.0,0.00017220003064721823,0
1069,0.00016389996744692326,0.00035260000731796026,0.00332759995944798,1
1070,0.00028200005181133747,0.0,0.00028330006171017885,0
1071,0.0001984999980777502,0.0,0.00019940000493079424,0
1072,0.00018810003530234098,0.0,0.00018910004291683435,0
1073,0.00016270007472485304,0.0,0.0001637000823393464,0
1074,0.00016090006101876497,0.0,0.000161800067871809,0
1075,0.0001740000443533063,0.0,0.00017490005120635033,0
1076,0.0001593999331817031,0.0,0.00016039994079619646,0
1077,0.00015870004426687956,0.0,0.00015959993470460176,0
1078,0.000174800050444901,0.0,0.00017580005805939436,0
1079,0.00016080006025731564,0.0003597999457269907,0.003039400093257427,1
1080,0.00038599991239607334,0.0,0.00038739992305636406,0
1081,0.00021520000882446766,0.0,0.00021620001643896103,0
1082,0.00023639993742108345,0.0,0.00023739994503557682,0
1083,0.00017179991118609905,0.0,0.00017269991803914309,0
1084,0.00016189995221793652,0.0,0.00016279995907098055,0
1085,0.000174800050444901,0.0,0.00017580005805939436,0
1086,0.00016120006330311298,0.0,0.00016200006939470768,0
1087,0.00015980005264282227,0.0,0.00016060005873441696,0
1088,0.00017129990737885237,0.0,0.0001721999142318964,0
1089,0.00016309996135532856,0.00036170007660984993,0.0031036000000312924,1
1090,0.00040689995512366295,0.0,0.00040829996578395367,0
1091,0.00021540001034736633,0.0,0.00021630001720041037,0
1092,0.00023660005535930395,0.0,0.00023760006297379732,0
1093,0.00019609997980296612,0.0,0.00019719998817890882,0
1094,0.0001610000617802143,0.0,0.000161800067871809,0
1095,0.00017470004968345165,0.0,0.00017560005653649569,0
1096,0.0001604999415576458,0.0,0.00016139994841068983,0
1097,0.00016009993851184845,0.0,0.00016089994460344315,0
1098,0.00017390004359185696,0.0,0.00017490005120635033,0
1099,0.0001588000450283289,0.0003573999274522066,0.002975500072352588,1
1100,0.00037340004928410053,0.0,0.0003749999450519681,0
1101,0.00026240001898258924,0.0,0.00026350002735853195,0
1102,0.00034950010012835264,0.0,0.0003505999920889735,0
1103,0.0001802999759092927,0.0,0.0001813999842852354,0
1104,0.00018860003910958767,0.0,0.0001895999303087592,0
1105,0.0002077000681310892,0.0,0.00020870007574558258,0
1106,0.0001604000572115183,0.0,0.00016130006406456232,0
1107,0.00015740003436803818,0.0,0.0001583000412210822,0
1108,0.0001764999469742179,0.0,0.00017739995382726192,0
1109,0.00015879992861300707,0.00038400001358240843,0.003188899951055646,1
1110,0.0003978000022470951,0.0,0.000399199896492064,0
1111,0.0002161000156775117,0.0,0.00021730002481490374,0
1112,0.00019459996838122606,0.0,0.0001996000064536929,0
1113,0.00016110006254166365,0.0,0.0001620999537408352,0
1114,0.00016020005568861961,0.0,0.00016110006254166365,0
1115,0.0001724000321701169,0.0,0.00017330003902316093,0
1116,0.00015829992480576038,0.0,0.00015909993089735508,0
1117,0.00016359996516257524,0.0,0.00016449997201561928,0
1118,0.00017140002455562353,0.0,0.00017230003140866756,0
1119,0.00015740003436803818,0.0003530000103637576,0.0035177000099793077,1
1120,0.0003358999965712428,0.0,0.0003372998908162117,0
1121,0.00016559998039156199,0.0,0.00016659998800605536,0
1122,0.00018879992421716452,0.0,0.0001897999318316579,0
1123,0.00016110006254166365,0.0,0.00016210007015615702,0
1124,0.00015930004883557558,0.0,0.00016010005492717028,0
1125,0.00018640002235770226,0.0,0.00018740002997219563,0
1126,0.000161800067871809,0.0,0.00016270007472485304,0
1127,0.00015900004655122757,0.0,0.00016000005416572094,0
1128,0.00017100002150982618,0.0,0.0001718999119475484,0
1129,0.00015780003741383553,0.00037080002948641777,0.0031597999623045325,1
1130,0.0003795999800786376,0.0,0.0003809999907389283,0
1131,0.00016550009604543447,0.0,0.00016659998800605536,0
1132,0.00018860003910958767,0.0,0.00018970004748553038,0
1133,0.00016120006330311298,0.0,0.00016210007015615702,0
1134,0.0001585999270901084,0.0,0.00015949993394315243,0
1135,0.00022829999215900898,0.0,0.00022950000129640102,0
1136,0.00019430008251219988,0.0,0.00019530009012669325,0
1137,0.0001946000847965479,0.0,0.00019550009164959192,0
1138,0.0002607000060379505,0.0,0.0002618000144138932,0
1139,0.00017809995915740728,0.0003994000144302845,0.0031878999434411526,1
1140,0.0003304999554529786,0.0,0.00033179996535182,0
1141,0.00016499997582286596,0.0,0.00016609998419880867,0
1142,0.00018939992878586054,0.0,0.00019049993716180325,0
1143,0.0001601999392732978,0.0,0.00016109994612634182,0
1144,0.00016039994079619646,0.0,0.00016139994841068983,0
1145,0.0001770000671967864,0.0,0.0001778999576345086,0
1146,0.00016010005492717028,0.0,0.00016110006254166365,0
1147,0.00015970005188137293,0.0,0.0001607000594958663,0
1148,0.0001721999142318964,0.0,0.00017309992108494043,0
1149,0.00015989993698894978,0.0003624000819399953,0.0031246000435203314,1
1150,0.0003109999233856797,0.0,0.00031219993252307177,0
1151,0.00016569998115301132,0.0,0.0001666999887675047,0
1152,0.00018839992117136717,0.0,0.00018949992954730988,0
1153,0.00016229995526373386,0.0,0.0001631999621167779,0
1154,0.00016050005797296762,0.0,0.00016140006482601166,0
1155,0.00017390004359185696,0.0,0.00017490005120635033,0
1156,0.00016569998115301132,0.0,0.0001666999887675047,0
1157,0.0001596000511199236,0.0,0.00016050005797296762,0
1158,0.0001724999165162444,0.0,0.00017339992336928844,0
1159,0.00015929993242025375,0.0003551000263541937,0.0036349999718368053,1
1160,0.0003570000408217311,0.0,0.00035820004995912313,0
1161,0.00021430000197142363,0.0,0.00021520000882446766,0
1162,0.00023440003860741854,0.0,0.00023550004698336124,0
1163,0.00017040001694113016,0.0,0.00017140002455562353,0
1164,0.00016199995297938585,0.0,0.00016289995983242989,0
1165,0.00017439993098378181,0.0,0.00017529993783682585,0
1166,0.00016090006101876497,0.0,0.000161800067871809,0
1167,0.0001607000594958663,0.0,0.00016160006634891033,0
1168,0.00017190002836287022,0.0,0.00017290003597736359,0
1169,0.00016379996668547392,0.0003594000590965152,0.004639699938707054,1
1170,0.0003546999068930745,0.0,0.00035609991755336523,0
1171,0.00016559998039156199,0.0,0.00016659998800605536,0
1172,0.0001897999318316579,0.0,0.0001908999402076006,0
1173,0.0001607999438419938,0.0,0.00016169995069503784,0
1174,0.00015970005188137293,0.0,0.00016050005797296762,0
1175,0.0001732000382617116,0.0,0.00017420004587620497,0
1176,0.0001653999788686633,0.0,0.00016639998648315668,0
1177,0.00015850004274398088,0.0,0.00015930004883557558,0
1178,0.00017179991118609905,0.0,0.00017269991803914309,0
1179,0.0001583000412210822,0.00036700000055134296,0.0037429999792948365,1
1180,0.00045199994929134846,0.0,0.0004533999599516392,0
1181,0.0002148000057786703,0.0,0.00021590001415461302,0
1182,0.0002544999588280916,0.0,0.00025559996720403433,0
1183,0.00016549997963011265,0.0,0.00016639998648315668,0
1184,0.00016029994003474712,0.0,0.0001612999476492405,0
1185,0.0001740000443533063,0.0,0.0001748999347910285,0
1186,0.00015980005264282227,0.0,0.00016080006025731564,0
1187,0.00015900004655122757,0.0,0.00015980005264282227,0
1188,0.0001810999820008874,0.0,0.00018209998961538076,0
1189,0.00016170006711035967,0.0003899999428540468,0.0037528000539168715,1
1190,0.00033950002398341894,0.0,0.0003407999174669385,0
1191,0.0001642999704927206,0.0,0.00016529997810721397,0
1192,0.00019189994782209396,0.0,0.00019289995543658733,0
1193,0.00016059994231909513,0.0,0.0001615999499335885,0
1194,0.0001583000412210822,0.0,0.0001591000473126769,0
1195,0.0002210000529885292,0.0,0.00022200006060302258,0
1196,0.0002316000172868371,0.0,0.00023250002413988113,0
1197,0.00017699995078146458,0.0,0.00017799995839595795,0
1198,0.00019019993487745523,0.0,0.0001911999424919486,0
1199,0.00023410003632307053,0.0005068000173196197,0.004401199985295534,1
1200,0.0003527000080794096,0.0,0.00035390001721680164,0
1201,0.00016519997734576464,0.0,0.000166199984960258,0
1202,0.00019019993487745523,0.0,0.00019129994325339794,0
1203,0.00016719999257475138,0.0,0.00016820000018924475,0
1204,0.0001599999377503991,0.0,0.00016089994460344315,0
1205,0.00017380004283040762,0.0,0.000174800050444901,0
1206,0.0001599000534042716,0.0,0.00016080006025731564,0
1207,0.00015870004426687956,0.0,0.0001596000511199236,0
1208,0.00017259991727769375,0.0,0.00017349992413073778,0
1209,0.00016339996363967657,0.00035640003625303507,0.004057300044223666,1
1210,0.0010871000122278929,0.0,0.001088600023649633,0
1211,0.00016960001084953547,0.0,0.00017070001922547817,0
1212,0.00019209994934499264,0.0,0.00019329995848238468,0
1213,0.00016179995145648718,0.0,0.0001626999583095312,0
1214,0.0001599999377503991,0.0,0.00016099994536489248,0
1215,0.00017660006415098906,0.0,0.00017760007176548243,0
1216,0.00016000005416572094,0.0,0.00016090006101876497,0
1217,0.00015900004655122757,0.0,0.00015980005264282227,0
1218,0.0001729999203234911,0.0,0.00017389992717653513,0
1219,0.00015879992861300707,0.00035820004995912313,0.004279599990695715,1
1220,0.0003557999152690172,0.0,0.00035719992592930794,0
1221,0.0001680999994277954,0.0,0.00016920000780373812,0
1222,0.0001843998907133937,0.0,0.0001854998990893364,0
1223,0.00016160006634891033,0.0,0.00016259995754808187,0
1224,0.00015890004578977823,0.0,0.0001599000534042716,0
1225,0.0001781000755727291,0.0,0.00017900008242577314,0
1226,0.00015980005264282227,0.0,0.0001607000594958663,0
1227,0.00016009993851184845,0.0,0.00016089994460344315,0
1228,0.0001724000321701169,0.0,0.0001732999226078391,0
1229,0.00015930004883557558,0.0003733999328687787,0.00399900006595999,1
1230,0.00036449998151510954,0.0,0.0003695000195875764,0
1231,0.0002850000746548176,0.0,0.0002861000830307603,0
1232,0.00018990004900842905,0.0,0.00019080005586147308,0
1233,0.00016130006406456232,0.0,0.0001623000716790557,0
1234,0.00016409996896982193,0.0,0.00016499997582286596,0
1235,0.00017330003902316093,0.0,0.0001743000466376543,0
1236,0.00016379996668547392,0.0,0.00016459997277706861,0
1237,0.0001588999293744564,0.0,0.0001596999354660511,0
1238,0.00017180002760142088,0.0,0.0001727000344544649,0
1239,0.0001591000473126769,0.00035969994496554136,0.004053900018334389,1
1240,0.00039739999920129776,0.0,0.0003989000106230378,0
1241,0.00016789999790489674,0.0,0.00016900000628083944,0
1242,0.00018879992421716452,0.0,0.0001897999318316579,0
1243,0.00016109994612634182,0.0,0.00016199995297938585,0
1244,0.0001577000366523862,0.0,0.00015870004426687956,0
1245,0.00017260003369301558,0.0,0.0001735000405460596,0
1246,0.00016409996896982193,0.0,0.00016489997506141663,0
1247,0.0001593999331817031,0.0,0.00016029994003474712,0
1248,0.0001705000177025795,0.0,0.00017150002531707287,0
1249,0.00015750003512948751,0.00035630003549158573,0.004716200055554509,1
1250,0.0003352999920025468,0.0,0.0003367000026628375,0
1251,0.00016389996744692326,0.0,0.00016489997506141663,0
1252,0.00018449989147484303,0.0,0.0001854998990893364,0
1253,0.00016089994460344315,0.0,0.00016179995145648718,0
1254,0.00016329996287822723,0.0,0.00016419996973127127,0
1255,0.00017190002836287022,0.0,0.00017290003597736359,0
1256,0.00015850004274398088,0.0,0.00015940004959702492,0
1257,0.00015799992252141237,0.0,0.00015899993013590574,0
1258,0.00017040001694113016,0.0,0.0001713000237941742,0
1259,0.00015849992632865906,0.00036040006671100855,0.004269399913027883,1
1260,0.00045769999269396067,0.0,0.0004591000033542514,0
1261,0.00016549997963011265,0.0,0.00016649998724460602,0
1262,0.00019189994782209396,0.0,0.00019299995619803667,0
1263,0.0001724000321701169,0.0,0.00017340003978461027,0
1264,0.00016010005492717028,0.0,0.00016110006254166365,0
1265,0.00017420004587620497,0.0,0.000175100052729249,0
1266,0.00015899993013590574,0.0,0.00015979993622750044,0
1267,0.0001572000328451395,0.0,0.0001580000389367342,0
1268,0.00017420004587620497,0.0,0.000175100052729249,0
1269,0.00015919993165880442,0.0004195000510662794,0.004022999899461865,1
1270,0.00034119992051273584,0.0,0.0003424999304115772,0
1271,0.00016549997963011265,0.0,0.00016659998800605536,0
1272,0.0001889999257400632,0.0,0.00018999993335455656,0
1273,0.00016089994460344315,0.0,0.00016179995145648718,0
1274,0.00016449997201561928,0.0,0.00016529997810721397,0
1275,0.00017170002683997154,0.0,0.00017260003369301558,0
1276,0.0001583000412210822,0.0,0.00015920004807412624,0
1277,0.000157299917191267,0.0,0.00015819992404431105,0
1278,0.0001708000199869275,0.0,0.00017180002760142088,0
1279,0.00015810003969818354,0.0005093000363558531,0.004734400077722967,1
1280,0.0004525999538600445,0.0,0.00045870000030845404,0
1281,0.0001740000443533063,0.0,0.00017500005196779966,0
1282,0.00021189998369663954,0.0,0.00021299999207258224,0
1283,0.00021049997303634882,0.0,0.00021139997988939285,0
1284,0.00015980005264282227,0.0,0.00016060005873441696,0
1285,0.0001732000382617116,0.0,0.00017410004511475563,0
1286,0.00019719998817890882,0.0,0.0001981999957934022,0
1287,0.00016050005797296762,0.0,0.00016140006482601166,0
1288,0.0001729999203234911,0.0,0.00017389992717653513,0
1289,0.00015849992632865906,0.0004070000723004341,0.004158600000664592,1
1290,0.0003565000370144844,0.0,0.0003578000469133258,0
1291,0.00016440008766949177,0.0,0.0001653000945225358,0
1292,0.00019090005662292242,0.0,0.0001919000642374158,0
1293,0.00016140006482601166,0.0,0.00016219995450228453,0
1294,0.00015849992632865906,0.0,0.00015949993394315243,0
1295,0.00017180002760142088,0.0,0.0001727000344544649,0
1296,0.00016380008310079575,0.0,0.00016469997353851795,0
1297,0.0001596000511199236,0.0,0.0001604000572115183,0
1298,0.0001732000382617116,0.0,0.00017410004511475563,0
1299,0.0001596999354660511,0.00037210003938525915,0.0038047999842092395,1
1300,0.0003621999640017748,0.0,0.0003635999746620655,0
1301,0.0001650999765843153,0.0,0.00016609998419880867,0
1302,0.0003349999897181988,0.0,0.0003361999988555908,0
1303,0.00017959997057914734,0.0,0.0001805999781936407,0
1304,0.00021279999054968357,0.0,0.00021399999968707561,0
1305,0.00023499992676079273,0.0,0.00023589993361383677,0
1306,0.00016189995221793652,0.0,0.00016279995907098055,0
1307,0.0002313000150024891,0.0,0.00023210002109408379,0
1308,0.00021100009325891733,0.0,0.00021199998445808887,0
1309,0.0001716000260785222,0.00040659995283931494,0.004242300055921078,1
1310,0.0005377999041229486,0.0,0.000539699918590486,0
1311,0.0003287999425083399,0.0,0.00033029995393007994,0
1312,0.00036839989479631186,0.0,0.00036999990697950125,0
1313,0.0003624999662861228,0.0,0.0003638999769464135,0
1314,0.0002804000396281481,0.0,0.00028170004952698946,0
1315,0.00026199989952147007,0.0,0.0002630999078974128,0
1316,0.00018159998580813408,0.0,0.0001824999926611781,0
1317,0.00016009993851184845,0.0,0.00016089994460344315,0
1318,0.0001727000344544649,0.0,0.00017370004206895828,0
1319,0.00015870004426687956,0.00041149999015033245,0.0036880000261589885,1
1320,0.0004526999546214938,0.0,0.00045409996528178453,0
1321,0.00016649998724460602,0.0,0.0001674999948590994,0
1322,0.00019399996381253004,0.0,0.0001949999714270234,0
1323,0.0001976999919861555,0.0,0.00019859999883919954,0
1324,0.00015890004578977823,0.0,0.00015980005264282227,0
1325,0.00017259991727769375,0.0,0.00017359992489218712,0
1326,0.00015870004426687956,0.0,0.00015959993470460176,0
1327,0.00015900004655122757,0.0,0.0001599000534042716,0
1328,0.00019679998513311148,0.0,0.00019779999274760485,0
1329,0.0001727000344544649,0.0004105999832972884,0.004061099956743419,1
1330,0.0004496999317780137,0.0,0.0004510999424383044,0
1331,0.0002172999083995819,0.0,0.00021829991601407528,0
1332,0.00025859999004751444,0.0,0.0002597999991849065,0
1333,0.00018459989223629236,0.0,0.00018559989985078573,0
1334,0.00016240007244050503,0.0,0.0001631999621167779,0
1335,0.00017380004283040762,0.0,0.000174800050444901,0
1336,0.00015840004198253155,0.0,0.00015940004959702492,0
1337,0.0001577999209985137,0.0,0.00015869992785155773,0
1338,0.00017380004283040762,0.0,0.00017470004968345165,0
1339,0.00015970005188137293,0.00038159999530762434,0.0033013999927788973,1
1340,0.0003293000627309084,0.0,0.0003306000726297498,0
1341,0.0001642000861465931,0.0,0.00016520009376108646,0
1342,0.00019420008175075054,0.0,0.00019519997294992208,0
1343,0.00016190006863325834,0.0,0.00016280007548630238,0
1344,0.00015870004426687956,0.0,0.0001596000511199236,0
1345,0.00017090002074837685,0.0,0.00017180002760142088,0
1346,0.0001591000473126769,0.0,0.0001599999377503991,0
1347,0.0001583000412210822,0.0,0.0001591000473126769,0
1348,0.0001745999325066805,0.0,0.00017559994012117386,0
1349,0.00015919993165880442,0.0003581000491976738,0.0032380999764427543,1
1350,0.0003576000453904271,0.0,0.0003589000552892685,0
1351,0.00016400008462369442,0.0,0.0001650000922381878,0
1352,0.0001930000726133585,0.0,0.0001941000809893012,0
1353,0.00017370004206895828,0.0,0.00017460004892200232,0
1354,0.00015839992556720972,0.0,0.0001593999331817031,0
1355,0.00015829992480576038,0.0,0.00015909993089735508,0
1356,0.00017170002683997154,0.0,0.0001727000344544649,0
1357,0.00015900004655122757,0.0,0.00016000005416572094,0
1358,0.0001623999560251832,0.0,0.00016329996287822723,0
1359,0.00017159990966320038,0.00033710000570863485,0.003237099968828261,1
1360,0.0005564999300986528,0.0,0.0005581999430432916,0
1361,0.00020399992354214191,0.0,0.00020519993267953396,0
1362,0.000358699937351048,0.0,0.00035989994648844004,0
1363,0.00023490004241466522,0.0,0.00023589993361383677,0
1364,0.000161800067871809,0.0,0.00016270007472485304,0
1365,0.0003997000167146325,0.0,0.00040110002737492323,0
1366,0.00033760000951588154,0.0,0.0003391000209376216,0
1367,0.0003393999068066478,0.0,0.0003407999174669385,0
1368,0.0004251999780535698,0.0,0.0004265999887138605,0
1369,0.00033740000799298286,0.0003899000585079193,0.003552400041371584,1
1370,0.0004194000503048301,0.0,0.00042090006172657013,0
1371,0.00021870003547519445,0.0,0.00021970004308968782,0
1372,0.00031700008548796177,0.0,0.000318199978210032,0
1373,0.00017460004892200232,0.0,0.00017550005577504635,0
1374,0.00016190006863325834,0.0,0.00016280007548630238,0
1375,0.00024500000290572643,0.0,0.0002460000105202198,0
1376,0.00016409996896982193,0.0,0.0001650999765843153,0
1377,0.0001601999392732978,0.0,0.00016109994612634182,0
1378,0.00024419999681413174,0.0,0.0002452000044286251,0
1379,0.0001629000762477517,0.0003279999364167452,0.003455400001257658,1
1380,0.0003334999782964587,0.0,0.00033489998895674944,0
1381,0.0001674999948590994,0.0,0.00016840000171214342,0
1382,0.00018940004520118237,0.0,0.00019050005357712507,0
1383,0.00016320007853209972,0.0,0.00016400008462369442,0
1384,0.00016110006254166365,0.0,0.00016190006863325834,0
1385,0.00017390004359185696,0.0,0.0001748999347910285,0
1386,0.0001824999926611781,0.0,0.00018360000103712082,0
1387,0.00016060005873441696,0.0,0.000161500065587461,0
1388,0.00017369992565363646,0.0,0.0001745999325066805,0
1389,0.0001588999293744564,0.0003829000052064657,0.0037935000145807862,1
1390,0.0005284999497234821,0.0,0.0005300999619066715,0
1391,0.00022030004765838385,0.0,0.00022130005527287722,0
1392,0.00018729991279542446,0.0,0.00018839992117136717,0
1393,0.00016139994841068983,0.0,0.00016229995526373386,0
1394,0.0001583000412210822,0.0,0.00015920004807412624,0
1395,0.00017120002303272486,0.0,0.00017220003064721823,0
1396,0.0001599999377503991,0.0,0.0001607999438419938,0
1397,0.00016649998724460602,0.0,0.00016739999409765005,0
1398,0.00017180002760142088,0.0,0.0001727000344544649,0
1399,0.0001583000412210822,0.0004010000266134739,0.0034995999885722995,1
1400,0.00036720000207424164,0.0,0.0003687998978421092,0
1401,0.0001626999583095312,0.0,0.00016379996668547392,0
1402,0.00019950000569224358,0.0,0.00020060001406818628,0
1403,0.00016149994917213917,0.0,0.0001623999560251832,0
1404,0.00015849992632865906,0.0,0.00015929993242025375,0
1405,0.00017609994392842054,0.0,0.00017709995154291391,0
1406,0.00015920004807412624,0.0,0.00016020005568861961,0
1407,0.00015760003589093685,0.0,0.00015850004274398088,0
1408,0.000170599902048707,0.0,0.00017149990890175104,0
1409,0.00015850004274398088,0.00039119995199143887,0.0032062999671325088,1
1410,0.0003763999557122588,0.0,0.00037779996637254953,0
1411,0.00016449997201561928,0.0,0.00016549997963011265,0
1412,0.00018820003606379032,0.0,0.0001892000436782837,0
1413,0.00016169995069503784,0.0,0.00016259995754808187,0
1414,0.00016009993851184845,0.0,0.00016099994536489248,0
1415,0.00017739995382726192,0.0,0.0001783999614417553,0
1416,0.00015980005264282227,0.0,0.00016060005873441696,0
1417,0.00015740003436803818,0.0,0.0001583000412210822,0
1418,0.00016960001084953547,0.0,0.00017039990052580833,0
1419,0.00015750003512948751,0.0004039999330416322,0.0034060999751091003,1
1420,0.00046500004827976227,0.0,0.00046680006198585033,0
1421,0.0003018999705091119,0.0,0.0003030999796465039,0
1422,0.00022549997083842754,0.0,0.00022649997845292091,0
1423,0.00016229995526373386,0.0,0.00016309996135532856,0
1424,0.00016069994308054447,0.0,0.00016149994917213917,0
1425,0.0001729999203234911,0.0,0.0001737999264150858,0
1426,0.00016020005568861961,0.0,0.0001610000617802143,0
1427,0.00015850004274398088,0.0,0.00015930004883557558,0
1428,0.00017429993022233248,0.0,0.0001751999370753765,0
1429,0.0001580999232828617,0.0004088000860065222,0.003498799982480705,1
1430,0.00037940009497106075,0.0,0.00038059998769313097,0
1431,0.00018319999799132347,0.0,0.00018420000560581684,0
1432,0.00018909992650151253,0.0,0.0001900999341160059,0
1433,0.00016139994841068983,0.0,0.00016229995526373386,0
1434,0.0001601999392732978,0.0,0.00016109994612634182,0
1435,0.00017140002455562353,0.0,0.00017220003064721823,0
1436,0.00016300007700920105,0.0,0.00016390008386224508,0
1437,0.00015870004426687956,0.0,0.0001596000511199236,0
1438,0.0001705000177025795,0.0,0.00017150002531707287,0
1439,0.00015790003817528486,0.00039039994589984417,0.003340100054629147,1
1440,0.000340700033120811,0.0,0.00034200004301965237,0
1441,0.00016320007853209972,0.0,0.00016430008690804243,0
1442,0.00018770003225654364,0.0,0.000188700039871037,0
1443,0.00016149994917213917,0.0,0.0001623999560251832,0
1444,0.00015879992861300707,0.0,0.00015959993470460176,0
1445,0.00017310003750026226,0.0,0.00017410004511475563,0
1446,0.00016510009299963713,0.0,0.00016590009909123182,0
1447,0.00015820004045963287,0.0,0.00015900004655122757,0
1448,0.00017229991499334574,0.0,0.00017319992184638977,0
1449,0.00015970005188137293,0.00039600010495632887,0.0032995999790728092,1
1450,0.0006204999517649412,0.0,0.0006228999700397253,0
1451,0.000866499962285161,0.0,0.0008680999744683504,0
1452,0.0003714999184012413,0.0,0.0003730999305844307,0
1453,0.00037299992982298136,0.0,0.00037429993972182274,0
1454,0.00021829991601407528,0.0,0.0002191999228671193,0
1455,0.00027920003049075603,0.0,0.00028030003886669874,0
1456,0.0001976999919861555,0.0,0.00019869999960064888,0
1457,0.000161500065587461,0.0,0.00016229995526373386,0
1458,0.00024580000899732113,0.0,0.00024670001585036516,0
1459,0.00017389992717653513,0.0004026000387966633,0.003679499961435795,1
1460,0.0002785000251606107,0.0,0.0002799000358209014,0
1461,0.00019479996990412474,0.0,0.0001957999775186181,0
1462,0.00018909992650151253,0.0,0.0001900999341160059,0
1463,0.00016179995145648718,0.0,0.00016259995754808187,0
1464,0.0001588999293744564,0.0,0.00015979993622750044,0
1465,0.00017799995839595795,0.0,0.00017889996524900198,0
1466,0.0001591000473126769,0.0,0.00016010005492717028,0
1467,0.00015900004655122757,0.0,0.00016000005416572094,0
1468,0.00017159990966320038,0.0,0.0001724999165162444,0
1469,0.0001601999392732978,0.0004414001014083624,0.00400029995944351,1
1470,0.00040140002965927124,0.0,0.0004039999330416322,0
1471,0.00024229998234659433,0.0,0.00024319998919963837,0
1472,0.000264700036495924,0.0,0.00026570004411041737,0
1473,0.00017230003140866756,0.0,0.0001732999226078391,0
1474,0.00017150002531707287,0.0,0.00017250003293156624,0
1475,0.00018909992650151253,0.0,0.0001900999341160059,0
1476,0.0001705000177025795,0.0,0.0001716000260785222,0
1477,0.00016759999562054873,0.0,0.00016850000247359276,0
1478,0.0001805999781936407,0.0,0.00018169998656958342,0
1479,0.00016289995983242989,0.00030399998649954796,0.0036820999812334776,1
1480,0.0004616000223904848,0.0,0.00046300003305077553,0
1481,0.0002468000166118145,0.0,0.00024780002422630787,0
1482,0.00018719991203397512,0.0,0.0001881999196484685,0
1483,0.00016030005645006895,0.0,0.00016120006330311298,0
1484,0.00015920004807412624,0.0,0.00016000005416572094,0
1485,0.00017150002531707287,0.0,0.0001724000321701169,0
1486,0.00015909993089735508,0.0,0.0001599999377503991,0
1487,0.0001935999607667327,0.0,0.00019459996838122606,0
1488,0.0001716000260785222,0.0,0.00017260003369301558,0
1489,0.00015849992632865906,0.00043640006333589554,0.0034577999031171203,1
1490,0.000332099967636168,0.0,0.0003333999775350094,0
1491,0.0001965999836102128,0.0,0.0001976999919861555,0
1492,0.00018909992650151253,0.0,0.00018999993335455656,0
1493,0.00015899993013590574,0.0,0.00015979993622750044,0
1494,0.00015860004350543022,0.0,0.00015950005035847425,0
1495,0.00021650001872330904,0.0,0.0002175000263378024,0
1496,0.00015849992632865906,0.0,0.00015929993242025375,0
1497,0.00015730003360658884,0.0,0.00015820004045963287,0
1498,0.0001702000154182315,0.0,0.00017120002303272486,0
1499,0.00015750003512948751,0.0004262999864295125,0.003423399990424514,1
1500,0.000278900028206408,0.0,0.00028010003734380007,0
1501,0.00016459997277706861,0.0,0.00016569998115301132,0
1502,0.00020969996694475412,0.0,0.00021089997608214617,0
1503,0.0001767000649124384,0.0,0.00017770007252693176,0
1504,0.00016889988910406828,0.0,0.00016989989671856165,0
1505,0.00019409996457397938,0.0,0.0001949999714270234,0
1506,0.00017530005425214767,0.0,0.0001762000611051917,0
1507,0.00015900004655122757,0.0,0.0001599000534042716,0
1508,0.000193099956959486,0.0,0.00019399996381253004,0
1509,0.00018129998352378607,0.00041999993845820427,0.0037502999184653163,1
1510,0.0004447000101208687,0.0,0.0004466000245884061,0
1511,0.00017470004968345165,0.0,0.00017560005653649569,0
1512,0.00018319999799132347,0.0,0.00018430000636726618,0
1513,0.00015920004807412624,0.0,0.00016010005492717028,0
1514,0.00015840004198253155,0.0,0.00015920004807412624,0
1515,0.00017119990661740303,0.0,0.00017209991347044706,0
1516,0.0001957999775186181,0.0,0.00019669998437166214,0
1517,0.00015850004274398088,0.0,0.00015930004883557558,0
1518,0.00017120002303272486,0.0,0.00017200002912431955,0
1519,0.00015799992252141237,0.00045779999345541,0.003525799955241382,1
1520,0.0004937000339850783,0.0,0.000495100044645369,0
1521,0.0001650000922381878,0.0,0.00016599998343735933,0
1522,0.00018890004139393568,0.0,0.00018990004900842905,0
1523,0.00019759999122470617,0.0,0.0001984999980777502,0
1524,0.00015920004807412624,0.0,0.00016020005568861961,0
1525,0.00017279991880059242,0.0,0.0001737999264150858,0
1526,0.00015799992252141237,0.0,0.00015899993013590574,0
1527,0.00015790003817528486,0.0,0.00015890004578977823,0
1528,0.00016950001008808613,0.0,0.00017040001694113016,0
1529,0.00019369996152818203,0.000440400093793869,0.00342399999499321,1
1530,0.00045629998203366995,0.0,0.00045769999269396067,0
1531,0.0002142000012099743,0.0,0.00021520000882446766,0
1532,0.00019230006728321314,0.0,0.00019340007565915585,0
1533,0.00016160006634891033,0.0,0.00016250007320195436,0
1534,0.0001599000534042716,0.0,0.0001607000594958663,0
1535,0.00017159990966320038,0.0,0.00017259991727769375,0
1536,0.0001596000511199236,0.0,0.00016050005797296762,0
1537,0.0001941000809893012,0.0,0.0001949999714270234,0
1538,0.00017070001922547817,0.0,0.00017170002683997154,0
1539,0.00015759991947561502,0.0004377000732347369,0.004041199921630323,1
1540,0.0004175999201834202,0.0,0.0004192999331280589,0
1541,0.00023560004774481058,0.0,0.00023659993894398212,0
1542,0.00018620002083480358,0.0,0.0001873000292107463,0
1543,0.00016259995754808187,0.0,0.00016369996592402458,0
1544,0.00016059994231909513,0.0,0.00016149994917213917,0
1545,0.00017169991042464972,0.0,0.00017259991727769375,0
1546,0.00016090006101876497,0.0,0.000161800067871809,0
1547,0.0001634000800549984,0.0,0.00016430008690804243,0
1548,0.00017280003521591425,0.0,0.00017380004283040762,0
1549,0.00016099994536489248,0.000435599940828979,0.0037340999115258455,1
1550,0.0004608000162988901,0.0,0.00046230002772063017,0
1551,0.00021490000654011965,0.0,0.00021590001415461302,0
1552,0.0002685000654309988,0.0,0.0002696000738069415,0
1553,0.00017930008471012115,0.0,0.00018019997514784336,0
1554,0.00015950005035847425,0.0,0.00016050005797296762,0
1555,0.0001732000382617116,0.0,0.00017410004511475563,0
1556,0.0001601999392732978,0.0,0.00016099994536489248,0
1557,0.0001588999293744564,0.0,0.0001596999354660511,0
1558,0.00021349999587982893,0.0,0.00021460000425577164,0
1559,0.00015959993470460176,0.00043890008237212896,0.003543199971318245,1
1560,0.0004187000449746847,0.0,0.00042010005563497543,0
1561,0.00016629998572170734,0.0,0.00016729999333620071,0
1562,0.0001892000436782837,0.0,0.00019020005129277706,0
1563,0.00016170006711035967,0.0,0.0001626000739634037,0
1564,0.00015970005188137293,0.0,0.00016050005797296762,0
1565,0.00019349996000528336,0.0,0.00019449996761977673,0
1566,0.00038780004251748323,0.0,0.00038890005089342594,0
1567,0.00016599998343735933,0.0,0.00016679998952895403,0
1568,0.0001789000816643238,0.0,0.00017980008851736784,0
1569,0.00016080006025731564,0.00044510001316666603,0.0040083000203594565,1
1570,0.00034829997457563877,0.0,0.0003497999859973788,0
1571,0.00022629997693002224,0.0,0.00022749998606741428,0
1572,0.00018500001169741154,0.0,0.0001860000193119049,0
1573,0.00016170006711035967,0.0,0.0001626000739634037,0
1574,0.00015900004655122757,0.0,0.00015980005264282227,0
1575,0.00017589994240552187,0.0,0.00017689995002001524,0
1576,0.00015879992861300707,0.0,0.00015959993470460176,0
1577,0.00015860004350543022,0.0,0.00015950005035847425,0
1578,0.00017190002836287022,0.0,0.0001727000344544649,0
1579,0.00015769992023706436,0.0004341000458225608,0.0035185000160709023,1
1580,0.0003074000123888254,0.0,0.0003087000222876668,0
1581,0.00019829999655485153,0.0,0.00019929988775402308,0
1582,0.0001900000497698784,0.0,0.00019090005662292242,0
1583,0.00019880000036209822,0.0,0.00019970000721514225,0
1584,0.00015820004045963287,0.0,0.00015900004655122757,0
1585,0.0001713000237941742,0.0,0.00017220003064721823,0
1586,0.00015879992861300707,0.0,0.00015959993470460176,0
1587,0.00015840004198253155,0.0,0.00015920004807412624,0
1588,0.00017040001694113016,0.0,0.0001713000237941742,0
1589,0.00019609997980296612,0.0004434000002220273,0.003590499982237816,1
1590,0.00042239995673298836,0.0,0.0004238999681547284,0
1591,0.00024480000138282776,0.0,0.000245999894104898,0
1592,0.00019289995543658733,0.0,0.0001938999630510807,0
1593,0.00016229995526373386,0.0,0.0001631999621167779,0
1594,0.00016010005492717028,0.0,0.0001610000617802143,0
1595,0.00017200002912431955,0.0,0.00017290003597736359,0
1596,0.00019689998589456081,0.0,0.00019779999274760485,0
1597,0.00015950005035847425,0.0,0.00016030005645006895,0
1598,0.00017179991118609905,0.0,0.00017259991727769375,0
1599,0.00015890004578977823,0.00043969997204840183,0.004076799959875643,1
1600,0.00033549999352544546,0.0,0.00033680000342428684,0
1601,0.00021840003319084644,0.0,0.0002194000408053398,0
1602,0.00018729991279542446,0.0,0.00018829992040991783,0
1603,0.00016229995526373386,0.0,0.00016329996287822723,0
1604,0.00016179995145648718,0.0,0.0001626999583095312,0
1605,0.00017380004283040762,0.0,0.00017470004968345165,0
1606,0.0001708000199869275,0.0,0.00017170002683997154,0
1607,0.00015959993470460176,0.0,0.00016059994231909513,0
1608,0.00017450004816055298,0.0,0.000175400055013597,0
1609,0.00015900004655122757,0.0004763000179082155,0.0037338000256568193,1
1610,0.000458399998024106,0.0,0.0004600000102072954,0
1611,0.00016789999790489674,0.0,0.0001689000055193901,0
1612,0.0001914000604301691,0.0,0.00019230006728321314,0
1613,0.00020380003843456507,0.0,0.00020490004681050777,0
1614,0.00016009993851184845,0.0,0.00016099994536489248,0
1615,0.0001732999226078391,0.0,0.00017419992946088314,0
1616,0.0001599000534042716,0.0,0.0001607999438419938,0
1617,0.00015790003817528486,0.0,0.00015870004426687956,0
1618,0.0002153998939320445,0.0,0.00021629990078508854,0
1619,0.00016010005492717028,0.00043329992331564426,0.003660900052636862,1
1620,0.00046959996689110994,0.0,0.00047099997755140066,0
1621,0.00016729999333620071,0.0,0.00016820000018924475,0
1622,0.00019130005966871977,0.0,0.0001922000665217638,0
1623,0.00016120006330311298,0.0,0.00016220007091760635,0
1624,0.00016050005797296762,0.0,0.00016140006482601166,0
1625,0.00021130009554326534,0.0,0.00021220010239630938,0
1626,0.000161500065587461,0.0,0.0001623000716790557,0
1627,0.00015930004883557558,0.0,0.00016010005492717028,0
1628,0.00017389992717653513,0.0,0.00017479993402957916,0
1629,0.00016039994079619646,0.00032650004141032696,0.004256299929693341,1
1630,0.0003472999669611454,0.0,0.00034849997609853745,0
1631,0.00016589998267591,0.0,0.00016709999181330204,0
1632,0.00020800007041543722,0.0,0.00020910007879137993,0
1633,0.00017360004130750895,0.0,0.00017460004892200232,0
1634,0.0001993000041693449,0.0,0.00020029989536851645,0
1635,0.00020640005823224783,0.0,0.00020730006508529186,0
1636,0.00015980005264282227,0.0,0.0001607000594958663,0
1637,0.00015760003589093685,0.0,0.00015840004198253155,0
1638,0.0002036000369116664,0.0,0.00020459992811083794,0
1639,0.00015840004198253155,0.00046060001477599144,0.0035091000609099865,1
1640,0.0003288999432697892,0.0,0.0003303999546915293,0
1641,0.00022849999368190765,0.0,0.00022950000129640102,0
1642,0.0002641999162733555,0.0,0.00026519992388784885,0
1643,0.0001756999408826232,0.0,0.00017669994849711657,0
1644,0.00016000005416572094,0.0,0.00016090006101876497,0
1645,0.00020020001102238894,0.0,0.00020110001787543297,0
1646,0.00015899993013590574,0.0,0.00015979993622750044,0
1647,0.00019419996533542871,0.0,0.00019519997294992208,0
1648,0.00020000000949949026,0.0,0.00020100001711398363,0
1649,0.0001588000450283289,0.00035969994496554136,0.003739600069820881,1
1650,0.00033569999504834414,0.0,0.0003370000049471855,0
1651,0.00016659998800605536,0.0,0.00016769999638199806,0
1652,0.00022559997159987688,0.0,0.0002266999799758196,0
1653,0.0001865000231191516,0.0,0.00018740002997219563,0
1654,0.00016120006330311298,0.0,0.00016200006939470768,0
1655,0.00019319995772093534,0.0,0.00019409996457397938,0
1656,0.00017319992184638977,0.0,0.0001740999286994338,0
1657,0.00015879992861300707,0.0,0.00015959993470460176,0
1658,0.00019200006499886513,0.0,0.00019290007185190916,0
1659,0.00017989997286349535,0.00036940001882612705,0.0039001000113785267,1
1660,0.00033519999124109745,0.0,0.0003364000003784895,0
1661,0.0001805999781936407,0.0,0.00018159998580813408,0
1662,0.00019149994477629662,0.0,0.00019249995239078999,0
1663,0.00016259995754808187,0.0,0.0001634999644011259,0
1664,0.0001599999377503991,0.0,0.00016089994460344315,0
1665,0.00021500000730156898,0.0,0.0002161000156775117,0
1666,0.0001599999377503991,0.0,0.00016089994460344315,0
1667,0.00015819992404431105,0.0,0.00015909993089735508,0
1668,0.00017120002303272486,0.0,0.0001721000298857689,0
1669,0.00015710003208369017,0.00032410002313554287,0.003590600099414587,1
1670,0.0003648999845609069,0.0,0.0003662999952211976,0
1671,0.00021599989850074053,0.0,0.0002169999061152339,0
1672,0.0002834999468177557,0.0,0.0002845999551936984,0
1673,0.000166199984960258,0.0,0.00016709999181330204,0
1674,0.0001593999331817031,0.0,0.00016029994003474712,0
1675,0.00017530005425214767,0.0,0.0001762000611051917,0
1676,0.00015940004959702492,0.0,0.00016030005645006895,0
1677,0.00016000005416572094,0.0,0.00016090006101876497,0
1678,0.000256099971011281,0.0,0.00027009996119886637,0
1679,0.0001965999836102128,0.00028739997651427984,0.0033858000533655286,1
1680,0.000327100045979023,0.0,0.00032839993946254253,0
1681,0.0002405999694019556,0.0,0.00024159997701644897,0
1682,0.00018999993335455656,0.0,0.00019099994096904993,0
1683,0.000161500065587461,0.0,0.00016249995678663254,0
1684,0.00015820004045963287,0.0,0.0001591000473126769,0
1685,0.00017070001922547817,0.0,0.00017170002683997154,0
1686,0.0002012000186368823,0.0,0.00020220002625137568,0
1687,0.0001591000473126769,0.0,0.00016000005416572094,0
1688,0.00017179991118609905,0.0,0.00017269991803914309,0
1689,0.00015890004578977823,0.0004130000015720725,0.0045062999706715345,1
1690,0.0004520000657066703,0.0,0.000453400076366961,0
1691,0.0001708000199869275,0.0,0.00017180002760142088,0
1692,0.0001911999424919486,0.0,0.0001922999508678913,0
1693,0.00018239999189972878,0.0,0.0001832999987527728,0
1694,0.0001623000716790557,0.0,0.00016320007853209972,0
1695,0.00017520005349069834,0.0,0.0001762000611051917,0
1696,0.00016099994536489248,0.0,0.00016199995297938585,0
1697,0.0001607999438419938,0.0,0.00016169995069503784,0
1698,0.0001740999286994338,0.0,0.00017499993555247784,0
1699,0.00016589998267591,0.00042990001384168863,0.004457899951376021,1
1700,0.0003616999601945281,0.0,0.00036319997161626816,0
1701,0.00019970000721514225,0.0,0.00020080001559108496,0
1702,0.0002148000057786703,0.0,0.00021590001415461302,0
1703,0.00016169995069503784,0.0,0.00016279995907098055,0
1704,0.00016039994079619646,0.0,0.00016139994841068983,0
1705,0.00017419992946088314,0.0,0.00017529993783682585,0
1706,0.00015970005188137293,0.0,0.0001607000594958663,0
1707,0.0001669999910518527,0.0,0.00016789999790489674,0
1708,0.00017220003064721823,0.0,0.00017300003673881292,0
1709,0.0001591000473126769,0.0004464000230655074,0.0038030000869184732,1
1710,0.00037699996028095484,0.0,0.00037839997094124556,0
1711,0.00016559998039156199,0.0,0.00016639998648315668,0
1712,0.00018999993335455656,0.0,0.0001908999402076006,0
1713,0.00016139994841068983,0.0,0.0001623999560251832,0
1714,0.0001908999402076006,0.0,0.00019189994782209396,0
1715,0.00020130001939833164,0.0,0.000202300027012825,0
1716,0.00029120000544935465,0.0,0.00029260001610964537,0
1717,0.00033329997677356005,0.0,0.0003344999859109521,0
1718,0.00025319994892925024,0.0,0.00025429995730519295,0
1719,0.00021359999664127827,0.000610999995842576,0.004396899952553213,1
1720,0.00031999999191612005,0.0,0.0003296000650152564,0
1721,0.00016900000628083944,0.0,0.0001700000138953328,0
1722,0.00019179994706064463,0.0,0.00019289995543658733,0
1723,0.00016130006406456232,0.0,0.00016229995526373386,0
1724,0.0001591000473126769,0.0,0.0001599000534042716,0
1725,0.00017280003521591425,0.0,0.00017370004206895828,0
1726,0.0001708000199869275,0.0,0.00017170002683997154,0
1727,0.00015980005264282227,0.0,0.0001607000594958663,0
1728,0.00017120002303272486,0.0,0.00017220003064721823,0
1729,0.00015879992861300707,0.00046490004751831293,0.004672999959439039,1
1730,0.00030670000705868006,0.0,0.0003081000177189708,0
1731,0.0001764999469742179,0.0,0.00017749995458871126,0
1732,0.0001911999424919486,0.0,0.00019239995162934065,0
1733,0.00017170002683997154,0.0,0.00017260003369301558,0
1734,0.0001623999560251832,0.0,0.00016329996287822723,0
1735,0.00018639990594238043,0.0,0.00018729991279542446,0
1736,0.00016689999029040337,0.0,0.0001677999971434474,0
1737,0.00015219999477267265,0.0,0.00015300000086426735,0
1738,0.00018550001550465822,0.0,0.00018640002235770226,0
1739,0.00017420004587620497,0.00043599994387477636,0.005469699972309172,1
1740,0.0002805000403895974,0.0,0.00028190005104988813,0
1741,0.00017699995078146458,0.0,0.0001778999576345086,0
1742,0.0002120999852195382,0.0,0.00021309999283403158,0
1743,0.0002047000452876091,0.0,0.00020570005290210247,0
1744,0.00015679991338402033,0.0,0.00015769992023706436,0
1745,0.00019020005129277706,0.0,0.00019120005890727043,0
1746,0.0001689000055193901,0.0,0.00016980001237243414,0
1747,0.0001553000183776021,0.0,0.0001561000244691968,0
1748,0.0001960000954568386,0.0,0.00019700010307133198,0
1749,0.00016880000475794077,0.00043560005724430084,0.005449000047519803,1
1750,0.00033579999580979347,0.0,0.0003372000064700842,0
1751,0.00019920000340789557,0.0,0.00020020001102238894,0
1752,0.00020750006660819054,0.0,0.00020860007498413324,0
1753,0.00017360004130750895,0.0,0.00017460004892200232,0
1754,0.00015540001913905144,0.0,0.00015629990957677364,0
1755,0.00018780003301799297,0.0,0.000188700039871037,0
1756,0.0001775000710040331,0.0,0.00017840007785707712,0
1757,0.0001542000100016594,0.0,0.0001550000160932541,0
1758,0.0001876000314950943,0.0,0.000188400037586689,0
1759,0.00016689999029040337,0.00044890004210174084,0.005857700016349554,1
1760,0.00045789999421685934,0.0,0.0004599000094458461,0
1761,0.0004970000591129065,0.0,0.0004989000735804439,0
1762,0.0004333000397309661,0.0,0.000435299938544631,0
1763,0.00036319997161626816,0.0,0.0003648999845609069,0
1764,0.0003448000643402338,0.0,0.0003464000765234232,0
1765,0.0003693000180646777,0.0,0.0003709000302478671,0
1766,0.0003654999891296029,0.0,0.00036700000055134296,0
1767,0.0003475999692454934,0.0,0.00034909998066723347,0
1768,0.00042390008457005024,0.0,0.00042550009675323963,0
1769,0.00041099998634308577,0.0005513000069186091,0.006002599955536425,1
1770,0.00030250009149312973,0.0,0.0003038001013919711,0
1771,0.00020870007574558258,0.0,0.0002098000841215253,0
1772,0.00020520004909485579,0.0,0.00020610005594789982,0
1773,0.0001708000199869275,0.0,0.00017170002683997154,0
1774,0.00016499997582286596,0.0,0.00016579998191446066,0
1775,0.00018839992117136717,0.0,0.0001892999280244112,0
1776,0.0001674999948590994,0.0,0.00016830000095069408,0
1777,0.00015300000086426735,0.0,0.00015390000771731138,0
1778,0.0001862999051809311,0.0,0.0001870999112725258,0
1779,0.00019409996457397938,0.0004094999749213457,0.005066800047643483,1
1780,0.0006796000525355339,0.0,0.0006816000677645206,0
1781,0.00030890002381056547,0.0,0.0003101000329479575,0
1782,0.00034199992660433054,0.0,0.0003429999342188239,0
1783,0.00022329995408654213,0.0,0.00022419996093958616,0
1784,0.00020160002168267965,0.0,0.00020250002853572369,0
1785,0.00018470000941306353,0.0,0.00018560001626610756,0
1786,0.0001650999765843153,0.0,0.00016599998343735933,0
1787,0.0001585999270901084,0.0,0.00015949993394315243,0
1788,0.0001721000298857689,0.0,0.00017300003673881292,0
1789,0.00015940004959702492,0.00043020001612603664,0.00489079998806119,1
1790,0.0003700999077409506,0.0,0.00037139991763979197,0
1791,0.00016439997125416994,0.0,0.00016529997810721397,0
1792,0.00019289995543658733,0.0,0.0001938999630510807,0
1793,0.00016219995450228453,0.0,0.0001631999621167779,0
1794,0.00015899993013590574,0.0,0.00015989993698894978,0
1795,0.00017440004739910364,0.0,0.000175400055013597,0
1796,0.00015900004655122757,0.0,0.00015980005264282227,0
1797,0.0001580999232828617,0.0,0.00015899993013590574,0
1798,0.0001751999370753765,0.0,0.00017609994392842054,0
1799,0.0001591000473126769,0.0004005999071523547,0.004594500060193241,1
1800,0.0003386000171303749,0.0,0.0003399000270292163,0
1801,0.00020530004985630512,0.0,0.00020620005670934916,0
1802,0.00020460004452615976,0.0,0.0002055000513792038,0
1803,0.00017239991575479507,0.0,0.00017339992336928844,0
1804,0.00015510001685470343,0.0,0.00015600002370774746,0
1805,0.00019189994782209396,0.0,0.000192799954675138,0
1806,0.00017039990052580833,0.0,0.00017129990737885237,0
1807,0.00015430001076310873,0.0,0.00015510001685470343,0
1808,0.00018699991051107645,0.0,0.00018789991736412048,0
1809,0.00021009996999055147,0.0004724999889731407,0.0050394999561831355,1
1810,0.0003260999219492078,0.0,0.00032739993184804916,0
1811,0.00028579996433109045,0.0,0.0002867999719455838,0
1812,0.00024289998691529036,0.0,0.00024399999529123306,0
1813,0.00021500000730156898,0.0,0.00021590001415461302,0
1814,0.0001669999910518527,0.0,0.0001677999971434474,0
1815,0.00020269991364330053,0.0,0.00020359992049634457,0
1816,0.00017150002531707287,0.0,0.0001724000321701169,0
1817,0.00016579998191446066,0.0,0.00016679998952895403,0
1818,0.00017199991270899773,0.0,0.00017289991956204176,0
1819,0.0001620999537408352,0.000367900007404387,0.004580399952828884,1
1820,0.00036259996704757214,0.0,0.0003638999769464135,0
1821,0.00017699995078146458,0.0,0.00017809995915740728,0
1822,0.00018969993107020855,0.0,0.00019079993944615126,0
1823,0.0001653999788686633,0.0,0.00016639998648315668,0
1824,0.00015899993013590574,0.0,0.00015989993698894978,0
1825,0.00017360004130750895,0.0,0.0001745999325066805,0
1826,0.00016060005873441696,0.0,0.000161500065587461,0
1827,0.00015850004274398088,0.0,0.00015930004883557558,0
1828,0.00017049990128725767,0.0,0.0001713999081403017,0
1829,0.00016339996363967657,0.0003674000035971403,0.004889999981969595,1
1830,0.00036559998989105225,0.0,0.00036700000055134296,0
1831,0.0002128999913111329,0.0,0.00021379999816417694,0
1832,0.00020589993800967932,0.0,0.0002068999456241727,0
1833,0.00020849995780736208,0.0,0.00020929996389895678,0
1834,0.00016329996287822723,0.0,0.00016419996973127127,0
1835,0.00019289995543658733,0.0,0.00019379996228963137,0
1836,0.00017509993631392717,0.0,0.0001759999431669712,0
1837,0.0001580999232828617,0.0,0.0001588999293744564,0
1838,0.00019100005738437176,0.0,0.00019200006499886513,0
1839,0.000175400055013597,0.00041390000842511654,0.004804500029422343,1
1840,0.0003597000613808632,0.0,0.00036100007127970457,0
1841,0.0001895000459626317,0.0,0.00019040005281567574,0
1842,0.00024610001128166914,0.0,0.0002471000188961625,0
1843,0.0001729999203234911,0.0,0.00017389992717653513,0
1844,0.00016920000780373812,0.0,0.00017010001465678215,0
1845,0.00017369992565363646,0.0,0.0001745999325066805,0
1846,0.00016439997125416994,0.0,0.0001653999788686633,0
1847,0.00015979993622750044,0.0,0.00016059994231909513,0
1848,0.00017290003597736359,0.0,0.00017380004283040762,0
1849,0.0001599000534042716,0.0003885000478476286,0.004749700077809393,1
1850,0.0003081000177189708,0.0,0.00030940002761781216,0
1851,0.00019829999655485153,0.0,0.00019920000340789557,0
1852,0.00018830003682523966,0.0,0.00018930004443973303,0
1853,0.00017390004359185696,0.0,0.000174800050444901,0
1854,0.00015759991947561502,0.0,0.00015849992632865906,0
1855,0.0001727000344544649,0.0,0.00017360004130750895,0
1856,0.00015700003132224083,0.0,0.0001580000389367342,0
1857,0.0001577999209985137,0.0,0.0001585999270901084,0
1858,0.00017030001617968082,0.0,0.00017120002303272486,0
1859,0.00022200006060302258,0.0005895999493077397,0.005541900056414306,1
1860,0.00034200004301965237,0.0,0.00034360005520284176,0
1861,0.00025150005239993334,0.0,0.00025260006077587605,0
1862,0.00019200006499886513,0.0,0.0001930000726133585,0
1863,0.00016110006254166365,0.0,0.00016200006939470768,0
1864,0.00015920004807412624,0.0,0.00016009993851184845,0
1865,0.00017349992413073778,0.0,0.00017439993098378181,0
1866,0.00016870000399649143,0.0,0.00016950001008808613,0
1867,0.00015849992632865906,0.0,0.0001593999331817031,0
1868,0.00017230003140866756,0.0,0.00017310003750026226,0
1869,0.00016030005645006895,0.00037020002491772175,0.004944100044667721,1
1870,0.00037759996484965086,0.0,0.0003787999739870429,0
1871,0.00016409996896982193,0.0,0.0001650999765843153,0
1872,0.0001998000079765916,0.0,0.0002009000163525343,0
1873,0.00016080006025731564,0.0,0.000161800067871809,0
1874,0.00015959993470460176,0.0,0.0001604999415576458,0
1875,0.00017289991956204176,0.0,0.00017389992717653513,0
1876,0.0001610000617802143,0.0,0.00016190006863325834,0
1877,0.00016020005568861961,0.0,0.00016110006254166365,0
1878,0.00020150002092123032,0.0,0.00020240002777427435,0
1879,0.0001599999377503991,0.0003684000112116337,0.005734100006520748,1
1880,0.00045549997594207525,0.0,0.0004569999873638153,0
1881,0.00021780002862215042,0.0,0.00021890003699809313,0
1882,0.00024179997853934765,0.0,0.00024289998691529036,0
1883,0.00017039990052580833,0.0,0.0001713999081403017,0
1884,0.0001623999560251832,0.0,0.00016339996363967657,0
1885,0.00017410004511475563,0.0,0.000175100052729249,0
1886,0.0001610000617802143,0.0,0.00016200006939470768,0
1887,0.00015740003436803818,0.0,0.0001583000412210822,0
1888,0.00017060001846402884,0.0,0.00017150002531707287,0
1889,0.00016080006025731564,0.00039790000300854445,0.004679200006648898,1
1890,0.0003969999961555004,0.0,0.00039820000529289246,0
1891,0.000188400037586689,0.0,0.00018940004520118237,0
1892,0.00018900004215538502,0.0,0.0001900000497698784,0
1893,0.00016110006254166365,0.0,0.00016210007015615702,0
1894,0.0001574999187141657,0.0,0.00015839992556720972,0
1895,0.0001708000199869275,0.0,0.00017180002760142088,0
1896,0.00016280007548630238,0.0,0.0001637000823393464,0
1897,0.00015870004426687956,0.0,0.00015970005188137293,0
1898,0.00017179991118609905,0.0,0.00017269991803914309,0
1899,0.0001588000450283289,0.00039249996189028025,0.0047972999745979905,1
1900,0.0005618000868707895,0.0,0.0005636999849230051,0
1901,0.00043020001612603664,0.0,0.00043159991037100554,0
1902,0.0002538999542593956,0.0,0.0002549999626353383,0
1903,0.00019789999350905418,0.0,0.00019880000036209822,0
1904,0.00021199998445808887,0.0,0.0002128999913111329,0
1905,0.00027630000840872526,0.0,0.00027719989884644747,0
1906,0.00018640002235770226,0.0,0.0001873000292107463,0
1907,0.00015300000086426735,0.0,0.00015380000695586205,0
1908,0.00018480001017451286,0.0,0.0001857000170275569,0
1909,0.0001846000086516142,0.0004195999354124069,0.005439199972897768,1
1910,0.0003719000378623605,0.0,0.00037350005004554987,0
1911,0.00017200002912431955,0.0,0.00017300003673881292,0
1912,0.00018530001398175955,0.0,0.00018630002159625292,0
1913,0.00019440008327364922,0.0,0.00019540009088814259,0
1914,0.0001553000183776021,0.0,0.0001561000244691968,0
1915,0.00016850000247359276,0.0,0.0001694000093266368,0
1916,0.00015620002523064613,0.0,0.00015700003132224083,0
1917,0.00016759999562054873,0.0,0.00016850000247359276,0
1918,0.00017179991118609905,0.0,0.00017269991803914309,0
1919,0.0001631999621167779,0.00039499998092651367,0.004636100027710199,1
1920,0.0004116999916732311,0.0,0.0004130000015720725,0
1921,0.00016790011432021856,0.0,0.00016880000475794077,0
1922,0.00018900004215538502,0.0,0.00019010005053132772,0
1923,0.00016170006711035967,0.0,0.0001626000739634037,0
1924,0.00015950005035847425,0.0,0.0001604000572115183,0
1925,0.00017309992108494043,0.0,0.0001740999286994338,0
1926,0.00016339996363967657,0.0,0.00016419996973127127,0
1927,0.00015959993470460176,0.0,0.0001604999415576458,0
1928,0.00017070001922547817,0.0,0.0001716000260785222,0
1929,0.00015979993622750044,0.00047109997831285,0.005724299931898713,1
1930,0.00037610006984323263,0.0,0.000377400079742074,0
1931,0.0001612999476492405,0.0,0.00016219995450228453,0
1932,0.00018529989756643772,0.0,0.00018639990594238043,0
1933,0.00025809998624026775,0.0,0.00025889999233186245,0
1934,0.00015550001990050077,0.0,0.00015630002599209547,0
1935,0.0001686000032350421,0.0,0.0001694000093266368,0
1936,0.00015510001685470343,0.0,0.00015590002294629812,0
1937,0.0001539998920634389,0.0,0.00015489989891648293,0
1938,0.00018820003606379032,0.0,0.00018930004443973303,0
1939,0.00016820000018924475,0.00044130010064691305,0.005600900040008128,1
1940,0.00048289995174854994,0.0,0.00048439996317029,0
1941,0.00021770002786070108,0.0,0.0002188000362366438,0
1942,0.00025829998776316643,0.0,0.0002592999953776598,0
1943,0.0001642999704927206,0.0,0.0001650999765843153,0
1944,0.00016039994079619646,0.0,0.00016119994688779116,0
1945,0.00017959997057914734,0.0,0.00018049997743219137,0
1946,0.0001593999331817031,0.0,0.00016029994003474712,0
1947,0.00015979993622750044,0.0,0.0001607999438419938,0
1948,0.0001713000237941742,0.0,0.00017220003064721823,0
1949,0.0001599999377503991,0.0004556999774649739,0.005644799908623099,1
1950,0.0004184000426903367,0.0,0.0004197000525891781,0
1951,0.0002166999038308859,0.0,0.0002177999122068286,0
1952,0.0002313000150024891,0.0,0.0002324000233784318,0
1953,0.0001775000710040331,0.0,0.00017850007861852646,0
1954,0.00016030005645006895,0.0,0.00016130006406456232,0
1955,0.0001748999347910285,0.0,0.00017579994164407253,0
1956,0.00016739999409765005,0.0,0.00016840000171214342,0
1957,0.0002378999488428235,0.0,0.00023889995645731688,0
1958,0.0002093999646604061,0.0,0.00021029997151345015,0
1959,0.0001604999415576458,0.00029850006103515625,0.005155000020749867,1
1960,0.0003263999242335558,0.0,0.00032759993337094784,0
1961,0.00023579993285238743,0.0,0.00023689994122833014,0
1962,0.0001898000482469797,0.0,0.00019090005662292242,0
1963,0.00016060005873441696,0.0,0.00016140006482601166,0
1964,0.00015870004426687956,0.0,0.00015970005188137293,0
1965,0.00017259991727769375,0.0,0.00017349992413073778,0
1966,0.0001694000093266368,0.0,0.00017040001694113016,0
1967,0.0001599000534042716,0.0,0.00016090006101876497,0
1968,0.00017229991499334574,0.0,0.00017319992184638977,0
1969,0.0001577000366523862,0.00028249993920326233,0.005531399976462126,1
1970,0.0003233999013900757,0.0,0.00032489991281181574,0
1971,0.00016489997506141663,0.0,0.00016579998191446066,0
1972,0.00018630002159625292,0.0,0.00018729991279542446,0
1973,0.00016259995754808187,0.0,0.00016359996516257524,0
1974,0.00015870004426687956,0.0,0.0001596000511199236,0
1975,0.0001781000755727291,0.0,0.0001789000816643238,0
1976,0.00016020005568861961,0.0,0.0001610000617802143,0
1977,0.00015919993165880442,0.0,0.00016009993851184845,0
1978,0.00021239998750388622,0.0,0.00021329999435693026,0
1979,0.00015929993242025375,0.00048749998677521944,0.005300099961459637,1
1980,0.00034499994944781065,0.0,0.00034639996010810137,0
1981,0.00016459997277706861,0.0,0.00016559998039156199,0
1982,0.0001897999318316579,0.0,0.00019079993944615126,0
1983,0.00016139994841068983,0.0,0.0001623999560251832,0
1984,0.0001588000450283289,0.0,0.00015970005188137293,0
1985,0.00017730006948113441,0.0,0.00017820007633417845,0
1986,0.0001583000412210822,0.0,0.0001591000473126769,0
1987,0.00015759991947561502,0.0,0.00015849992632865906,0
1988,0.0001713000237941742,0.0,0.00017220003064721823,0
1989,0.00015789992175996304,0.00042779999785125256,0.004954699892550707,1
1990,0.00035149999894201756,0.0,0.00035280000884085894,0
1991,0.0001647999742999673,0.0,0.00016569998115301132,0
1992,0.0001903000520542264,0.0,0.00019130005966871977,0
1993,0.00016010005492717028,0.0,0.00016110006254166365,0
1994,0.00015820004045963287,0.0,0.0001591000473126769,0
1995,0.0001713000237941742,0.0,0.00017220003064721823,0
1996,0.00022479996550828218,0.0,0.00022569997236132622,0
1997,0.0002063000574707985,0.0,0.00020720006432384253,0
1998,0.00020810007117688656,0.0,0.00020890007726848125,0
1999,0.00019160006195306778,0.0005354000022634864,0.005270100082270801,1
2000,0.00034609995782375336,0.0,0.0003474999684840441,0
2001,0.00016219995450228453,0.0,0.0001631999621167779,0
2002,0.00018830003682523966,0.0,0.0001892999280244112,0
2003,0.00016190006863325834,0.0,0.00016289995983242989,0
2004,0.00015870004426687956,0.0,0.0001596000511199236,0
2005,0.000175400055013597,0.0,0.00017640006262809038,0
2006,0.00015839992556720972,0.0,0.00015929993242025375,0
2007,0.00015730003360658884,0.0,0.00015820004045963287,0
2008,0.00017040001694113016,0.0,0.0001713000237941742,0
2009,0.00015759991947561502,0.0004100000951439142,0.004973399918526411,1
2010,0.0005407000426203012,0.0,0.0005420999368652701,0
2011,0.00017419992946088314,0.0,0.0001751999370753765,0
2012,0.00021770002786070108,0.0,0.00021870003547519445,0
2013,0.00015590002294629812,0.0,0.00015670002903789282,0
2014,0.00015380000695586205,0.0,0.00015460001304745674,0
2015,0.00018810003530234098,0.0,0.00018900004215538502,0
2016,0.00016880000475794077,0.0,0.0001697000116109848,0
2017,0.00015540001913905144,0.0,0.0001561000244691968,0
2018,0.00016579998191446066,0.0,0.0001666999887675047,0
2019,0.00015330000314861536,0.00046019989531487226,0.005985999945551157,1
2020,0.00032270001247525215,0.0,0.00032410002313554287,0
2021,0.00022759998682886362,0.0,0.00022869999520480633,0
2022,0.00018339999951422215,0.0,0.00018450000789016485,0
2023,0.00015840004198253155,0.0,0.00015940004959702492,0
2024,0.00015580002218484879,0.0,0.00015660002827644348,0
2025,0.0001697000116109848,0.0,0.00017070001922547817,0
2026,0.00015480001457035542,0.0,0.0001556000206619501,0
2027,0.00018540001474320889,0.0,0.00018620002083480358,0
2028,0.00016710010822862387,0.0,0.0001680001150816679,0
2029,0.00015730003360658884,0.000417600036598742,0.004838400054723024,1
2030,0.00031969998963177204,0.0,0.0003208999987691641,0
2031,0.0001634999644011259,0.0,0.00016449997201561928,0
2032,0.00018939992878586054,0.0,0.00019049993716180325,0
2033,0.00016009993851184845,0.0,0.00016109994612634182,0
2034,0.00022419996093958616,0.0,0.00022519996855407953,0
2035,0.0001743000466376543,0.0,0.00017530005425214767,0
2036,0.0001577000366523862,0.0,0.00015850004274398088,0
2037,0.000156699912622571,0.0,0.0001574999187141657,0
2038,0.0001700000138953328,0.0,0.0001708000199869275,0
2039,0.0001620999537408352,0.00037729996256530285,0.005117999971844256,1
2040,0.00037619995418936014,0.0,0.00037759996484965086,0
2041,0.00021540001034736633,0.0,0.00021650001872330904,0
2042,0.0002370000584051013,0.0,0.000238100066781044,0
2043,0.000202300027012825,0.0,0.00020330003462731838,0
2044,0.00016089994460344315,0.0,0.00016169995069503784,0
2045,0.00017439993098378181,0.0,0.00017529993783682585,0
2046,0.00016109994612634182,0.0,0.00016199995297938585,0
2047,0.0001604000572115183,0.0,0.00016120006330311298,0
2048,0.0001716000260785222,0.0,0.0001724000321701169,0
2049,0.00016339996363967657,0.00038049998693168163,0.004881299915723503,1
2050,0.0003562999190762639,0.0,0.00035749992821365595,0
2051,0.00016369996592402458,0.0,0.00016469997353851795,0
2052,0.00019069993868470192,0.0,0.00019179994706064463,0
2053,0.00015870004426687956,0.0,0.0001596999354660511,0
2054,0.00017230003140866756,0.0,0.00017330003902316093,0
2055,0.00019369996152818203,0.0,0.00019459996838122606,0
2056,0.00015579990576952696,0.0,0.00015659991186112165,0
2057,0.00016950001008808613,0.0,0.00017030001617968082,0
2058,0.00015639991033822298,0.0,0.000157299917191267,0
2059,0.00016980001237243414,0.0004333999240770936,0.006029500043950975,1
2060,0.0005253999261185527,0.0,0.0005266999360173941,0
2061,0.0002095999661833048,0.0,0.00021059997379779816,0
2062,0.0002455000067129731,0.0,0.0002466000150889158,0
2063,0.00020860007498413324,0.0,0.00020950008183717728,0
2064,0.00018229999113827944,0.0,0.0001832999987527728,0
2065,0.00022309995256364346,0.0,0.0002239999594166875,0
2066,0.00016709999181330204,0.0,0.00016789999790489674,0
2067,0.00015300000086426735,0.0,0.00015380000695586205,0
2068,0.00020480004604905844,0.0,0.00020570005290210247,0
2069,0.00018719991203397512,0.0003880000440403819,0.0051793999737128615,1
2070,0.00034280004911124706,0.0,0.00034410005901008844,0
2071,0.00016220007091760635,0.0,0.00016320007853209972,0
2072,0.00018740002997219563,0.0,0.000188400037586689,0
2073,0.0001593999331817031,0.0,0.0001601999392732978,0
2074,0.00016219995450228453,0.0,0.00016309996135532856,0
2075,0.00017090002074837685,0.0,0.00017180002760142088,0
2076,0.00015780003741383553,0.0,0.00015860004350543022,0
2077,0.00015689991414546967,0.0,0.0001577999209985137,0
2078,0.00017040001694113016,0.0,0.0001713000237941742,0
2079,0.00015879992861300707,0.0003643999807536602,0.005463599925860763,1
2080,0.00033030007034540176,0.0,0.00033189996611326933,0
2081,0.00021730002481490374,0.0,0.00021840003319084644,0
2082,0.00029479991644620895,0.0,0.0002957999240607023,0
2083,0.0001772999530658126,0.0,0.00017819995991885662,0
2084,0.00016069994308054447,0.0,0.00016169995069503784,0
2085,0.00020759995095431805,0.0,0.00020849995780736208,0
2086,0.00015930004883557558,0.0,0.00016009993851184845,0
2087,0.00019449996761977673,0.0,0.0001954999752342701,0
2088,0.00020350003615021706,0.0,0.00020450004376471043,0
2089,0.00015920004807412624,0.0004249999765306711,0.00615920010022819,1
2090,0.0003342999843880534,0.0,0.00033569999504834414,0
2091,0.0002087999600917101,0.0,0.00020979996770620346,0
2092,0.00020539993420243263,0.0,0.000206399941816926,0
2093,0.00017110002227127552,0.0,0.00017190002836287022,0
2094,0.00016119994688779116,0.0,0.00016219995450228453,0
2095,0.00018850003834813833,0.0,0.00018940004520118237,0
2096,0.00016050005797296762,0.0,0.00016140006482601166,0
2097,0.0001634000800549984,0.0,0.00016430008690804243,0
2098,0.00017040001694113016,0.0,0.00017140002455562353,0
2099,0.00015849992632865906,0.00043560005724430084,0.0055253999307751656,1
2100,0.00036479998379945755,0.0,0.0003659999929368496,0
2101,0.00016499997582286596,0.0,0.00016599998343735933,0
2102,0.0001898000482469797,0.0,0.00019080005586147308,0
2103,0.00016160006634891033,0.0,0.00016250007320195436,0
2104,0.00015760003589093685,0.0,0.00015860004350543022,0
2105,0.0001759999431669712,0.0,0.00017689995002001524,0
2106,0.00015769992023706436,0.0,0.00015869992785155773,0
2107,0.0001561000244691968,0.0,0.00015700003132224083,0
2108,0.0001694000093266368,0.0,0.00017019989900290966,0
2109,0.00015710003208369017,0.0003898999420925975,0.005344600067473948,1
2110,0.0006446999032050371,0.0,0.0006462999153882265,0
2111,0.0002479000249877572,0.0,0.00024910003412514925,0
2112,0.0003263000398874283,0.0,0.000327400048263371,0
2113,0.00023280002642422915,0.0,0.00023380003403872252,0
2114,0.00018780003301799297,0.0,0.00018879992421716452,0
2115,0.00024830002803355455,0.0,0.0002492000348865986,0
2116,0.0002695999573916197,0.0,0.00027059996500611305,0
2117,0.00019910000264644623,0.0,0.00019999989308416843,0
2118,0.00020800007041543722,0.0,0.00020889996085315943,0
2119,0.0001580000389367342,0.0006418999982997775,0.005434400052763522,1
2120,0.000345699954777956,0.0,0.0003469999646767974,0
2121,0.00016389996744692326,0.0,0.00016489997506141663,0
2122,0.00018999993335455656,0.0,0.00019099994096904993,0
2123,0.00016179995145648718,0.0,0.0001626999583095312,0
2124,0.00016459997277706861,0.0,0.00016549997963011265,0
2125,0.0001727000344544649,0.0,0.00017370004206895828,0
2126,0.0001604000572115183,0.0,0.00016140006482601166,0
2127,0.00015780003741383553,0.0,0.00015870004426687956,0
2128,0.0001721000298857689,0.0,0.0001729999203234911,0
2129,0.00015890004578977823,0.00038330000825226307,0.005789100076071918,1
2130,0.00038380001205950975,0.0,0.0003853000234812498,0
2131,0.00021379999816417694,0.0,0.0002148000057786703,0
2132,0.00018660002388060093,0.0,0.0001876000314950943,0
2133,0.00016089994460344315,0.0,0.00016179995145648718,0
2134,0.00015900004655122757,0.0,0.00015979993622750044,0
2135,0.000228599994443357,0.0,0.00022960000205785036,0
2136,0.0001716000260785222,0.0,0.0001724000321701169,0
2137,0.0001770000671967864,0.0,0.00017800007481127977,0
2138,0.00021710002329200506,0.0,0.0002180000301450491,0
2139,0.00016459997277706861,0.0004141000099480152,0.006340199965052307,1
2140,0.0003765999572351575,0.0,0.0003779999678954482,0
2141,0.00017330003902316093,0.0,0.00017439993098378181,0
2142,0.0001846000086516142,0.0,0.0001857000170275569,0
2143,0.00015670002903789282,0.0,0.00015760003589093685,0
2144,0.00015470001380890608,0.0,0.0001556000206619501,0
2145,0.00017040001694113016,0.0,0.00017150002531707287,0
2146,0.0001561999088153243,0.0,0.000156999914906919,0
2147,0.00015480001457035542,0.0,0.0001556000206619501,0
2148,0.00016739999409765005,0.0,0.00016820000018924475,0
2149,0.00015390000771731138,0.0004643000429496169,0.0057064000284299254,1
2150,0.00039039994589984417,0.0,0.0003920999588444829,0
2151,0.00027459999546408653,0.0,0.0002756000030785799,0
2152,0.00018830003682523966,0.0,0.0001895000459626317,0
2153,0.00016240007244050503,0.0,0.00016330007929354906,0
2154,0.00016029994003474712,0.0,0.00016119994688779116,0
2155,0.0001751999370753765,0.0,0.00017609994392842054,0
2156,0.00016069994308054447,0.0,0.00016149994917213917,0
2157,0.00016579998191446066,0.0,0.0001666999887675047,0
2158,0.00021550001110881567,0.0,0.00021660001948475838,0
2159,0.00019040005281567574,0.0004260999849066138,0.005567000014707446,1
2160,0.0003290000604465604,0.0,0.00033030007034540176,0
2161,0.00016380008310079575,0.0,0.00016480009071528912,0
2162,0.00019050005357712507,0.0,0.00019160006195306778,0
2163,0.0002261000918224454,0.0,0.00022710009943693876,0
2164,0.00024560000747442245,0.0,0.0002466000150889158,0
2165,0.00022689998149871826,0.0,0.00022789998911321163,0
2166,0.00017289991956204176,0.0,0.0001737999264150858,0
2167,0.0001569000305607915,0.0,0.00015780003741383553,0
2168,0.00016920000780373812,0.0,0.00017010001465678215,0
2169,0.00016179995145648718,0.0003538000164553523,0.0050261999713256955,1
2170,0.00047209998592734337,0.0,0.00047339999582618475,0
2171,0.00017040001694113016,0.0,0.0001716000260785222,0
2172,0.0001927000703290105,0.0,0.0001938000787049532,0
2173,0.00016320007853209972,0.0,0.0001642000861465931,0
2174,0.00016400008462369442,0.0,0.00016510009299963713,0
2175,0.00019729998894035816,0.0,0.00019829999655485153,0
2176,0.0002568999771028757,0.0,0.00025809998624026775,0
2177,0.00017799995839595795,0.0,0.00017909996677190065,0
2178,0.000255199964158237,0.0,0.000256099971011281,0
2179,0.00022069993428885937,0.0005089000333100557,0.0065385999623686075,1
2180,0.00044730002991855145,0.0,0.00044870004057884216,0
2181,0.00016850000247359276,0.0,0.00016950001008808613,0
2182,0.00018780003301799297,0.0,0.00018879992421716452,0
2183,0.0001604000572115183,0.0,0.000161500065587461,0
2184,0.00015980005264282227,0.0,0.00016080006025731564,0
2185,0.00017250003293156624,0.0,0.0001735000405460596,0
2186,0.0001647999742999673,0.0,0.00016579998191446066,0
2187,0.0001585999270901084,0.0,0.00015949993394315243,0
2188,0.00017040001694113016,0.0,0.00017140002455562353,0
2189,0.00015950005035847425,0.00038159999530762434,0.005255000083707273,1
2190,0.0003559000324457884,0.0,0.00035719992592930794,0
2191,0.0001631999621167779,0.0,0.00016419996973127127,0
2192,0.00019010005053132772,0.0,0.00019100005738437176,0
2193,0.00016210007015615702,0.0,0.0001629000762477517,0
2194,0.00015890004578977823,0.0,0.00015980005264282227,0
2195,0.00017039990052580833,0.0,0.00017129990737885237,0
2196,0.00016179995145648718,0.0,0.00016259995754808187,0
2197,0.00015780003741383553,0.0,0.00015870004426687956,0
2198,0.0001694000093266368,0.0,0.00017030001617968082,0
2199,0.00015840004198253155,0.0003828000044450164,0.006082499981857836,1
2200,0.0003880999283865094,0.0,0.0003895999398082495,0
2201,0.00018590001855045557,0.0,0.00018699991051107645,0
2202,0.00019159994553774595,0.0,0.00019269995391368866,0
2203,0.00019240006804466248,0.0,0.00019329995848238468,0
2204,0.00015940004959702492,0.0,0.00016030005645006895,0
2205,0.00017200002912431955,0.0,0.00017300003673881292,0
2206,0.0001593999331817031,0.0,0.00016029994003474712,0
2207,0.0001580999232828617,0.0,0.00015909993089735508,0
2208,0.0001716000260785222,0.0,0.00017250003293156624,0
2209,0.00015890004578977823,0.00038700003642588854,0.005232500028796494,1
2210,0.00034259993117302656,0.0,0.0003440999425947666,0
2211,0.00020140002015978098,0.0,0.00020240002777427435,0
2212,0.0001876000314950943,0.0,0.00018860003910958767,0
2213,0.00015989993698894978,0.0,0.00016089994460344315,0
2214,0.0001580000389367342,0.0,0.00015900004655122757,0
2215,0.00017070001922547817,0.0,0.00017170002683997154,0
2216,0.00016299996059387922,0.0,0.0001639999682083726,0
2217,0.00015879992861300707,0.0,0.00015959993470460176,0
2218,0.0001705000177025795,0.0,0.00017140002455562353,0
2219,0.00016000005416572094,0.00038029998540878296,0.006054599885828793,1
2220,0.00040950009133666754,0.0,0.00041089998558163643,0
2221,0.0001740000443533063,0.0,0.00017490005120635033,0
2222,0.00019239995162934065,0.0,0.00019349996000528336,0
2223,0.0001935999607667327,0.0,0.00019449996761977673,0
2224,0.00015740003436803818,0.0,0.0001583000412210822,0
2225,0.00017180002760142088,0.0,0.0001727000344544649,0
2226,0.00015790003817528486,0.0,0.00015869992785155773,0
2227,0.00016200006939470768,0.0,0.00016280007548630238,0
2228,0.00017070001922547817,0.0,0.00017150002531707287,0
2229,0.00015739991795271635,0.00043610006105154753,0.0062451999401673675,1
2230,0.00034659996163100004,0.0,0.0003478999715298414,0
2231,0.00019970000721514225,0.0,0.00020070001482963562,0
2232,0.0001970999874174595,0.0,0.0001981999957934022,0
2233,0.00016020005568861961,0.0,0.00016130006406456232,0
2234,0.00015840004198253155,0.0,0.00015930004883557558,0
2235,0.00017179991118609905,0.0,0.00017269991803914309,0
2236,0.00016249995678663254,0.0,0.0001634999644011259,0
2237,0.00015760003589093685,0.0,0.00015840004198253155,0
2238,0.0001705000177025795,0.0,0.00017140002455562353,0
2239,0.00015730003360658884,0.00040449993684887886,0.005905400030314922,1
2240,0.00037319993134588003,0.0,0.0003746999427676201,0
2241,0.0002153998939320445,0.0,0.00021639990154653788,0
2242,0.00024910003412514925,0.0,0.00025020004250109196,0
2243,0.00020160002168267965,0.0,0.00020270003005862236,0
2244,0.00026599992997944355,0.0,0.0002669999375939369,0
2245,0.0002530999481678009,0.0,0.0002541999565437436,0
2246,0.0002443999983370304,0.0,0.0002454000059515238,0
2247,0.0001916999462991953,0.0,0.00019259995315223932,0
2248,0.00017150002531707287,0.0,0.00017239991575479507,0
2249,0.00015850004274398088,0.0004992999602109194,0.006027500028721988,1
2250,0.00037379993591457605,0.0,0.0003752999473363161,0
2251,0.00020150002092123032,0.0,0.00020260002929717302,0
2252,0.00021890003699809313,0.0,0.00022000004537403584,0
2253,0.00017730006948113441,0.0,0.00017840007785707712,0
2254,0.0003127000527456403,0.0,0.00031400006264448166,0
2255,0.0002927000168710947,0.0,0.0002938000252470374,0
2256,0.00017100002150982618,0.0,0.00017190002836287022,0
2257,0.0001781000755727291,0.0,0.00017900008242577314,0
2258,0.00020920007955282927,0.0,0.0002101000864058733,0
2259,0.00015970005188137293,0.000471399980597198,0.007314300048165023,1
2260,0.0004138000076636672,0.0,0.00041530001908540726,0
2261,0.00023880007211118937,0.0,0.00025260006077587605,0
2262,0.0002645000349730253,0.0,0.0002655000425875187,0
2263,0.00021440000273287296,0.0,0.000215600011870265,0
2264,0.00042459997348487377,0.0,0.0004257999826222658,0
2265,0.00019369996152818203,0.0,0.0001946999691426754,0
2266,0.0001732999226078391,0.0,0.00017429993022233248,0
2267,0.00017559994012117386,0.0,0.00017659994773566723,0
2268,0.00020869995933026075,0.0,0.00020949996542185545,0
2269,0.00016080006025731564,0.00046849995851516724,0.005700999987311661,1
2270,0.00043020001612603664,0.0,0.0004317000275477767,0
2271,0.0001647999742999673,0.0,0.00016579998191446066,0
2272,0.0001903999364003539,0.0,0.00019149994477629662,0
2273,0.00016629998572170734,0.0,0.00016719999257475138,0
2274,0.00015829992480576038,0.0,0.00015929993242025375,0
2275,0.00017100002150982618,0.0,0.0001721000298857689,0
2276,0.00015899993013590574,0.0,0.00015989993698894978,0
2277,0.00015700003132224083,0.0,0.00015789992175996304,0
2278,0.00018039997667074203,0.0,0.0001813999842852354,0
2279,0.00016139994841068983,0.0004005000228062272,0.0059640000108629465,1
2280,0.0005098000401630998,0.0,0.0005113999359309673,0
2281,0.00020430004224181175,0.0,0.00020530004985630512,0
2282,0.0002666000509634614,0.0,0.0002677000593394041,0
2283,0.00021089997608214617,0.0,0.0002117999829351902,0
2284,0.00019239995162934065,0.0,0.00019319995772093534,0
2285,0.00017370004206895828,0.0,0.00017460004892200232,0
2286,0.00019950000569224358,0.0,0.00020030001178383827,0
2287,0.00015850004274398088,0.0,0.00015930004883557558,0
2288,0.0002093000803142786,0.0,0.00021020008716732264,0
2289,0.00015940004959702492,0.0003866999177262187,0.0055188999976962805,1
2290,0.0003744999412447214,0.0,0.00037569995038211346,0
2291,0.00016519997734576464,0.0,0.00016629998572170734,0
2292,0.0001903000520542264,0.0,0.00019130005966871977,0
2293,0.00016189995221793652,0.0,0.00016279995907098055,0
2294,0.0001596999354660511,0.0,0.0001607999438419938,0
2295,0.00017260003369301558,0.0,0.00017359992489218712,0
2296,0.00018259999342262745,0.0,0.00018360000103712082,0
2297,0.0001585999270901084,0.0,0.00015949993394315243,0
2298,0.00017070001922547817,0.0,0.00017170002683997154,0
2299,0.00015769992023706436,0.0003842000151053071,0.005615399917587638,1
2300,0.0005304000806063414,0.0,0.0005318999756127596,0
2301,0.00022439996246248484,0.0,0.00022549997083842754,0
2302,0.0002466000150889158,0.0,0.00024780002422630787,0
2303,0.00016739999409765005,0.0,0.00016830000095069408,0
2304,0.00022030004765838385,0.0,0.00022110005374997854,0
2305,0.00017630006186664104,0.0,0.00017740007024258375,0
2306,0.000188700039871037,0.0,0.0001898000482469797,0
2307,0.00027520000003278255,0.0,0.0002764000091701746,0
2308,0.00028169993311166763,0.0,0.00028279994148761034,0
2309,0.00023829995188862085,0.0005106000462546945,0.005442199995741248,1
2310,0.00039409997407346964,0.0,0.00039549998473376036,0
2311,0.0002148000057786703,0.0,0.00021580001339316368,0
2312,0.00023820006754249334,0.0,0.0002392000751569867,0
2313,0.0001770000671967864,0.0,0.0001781000755727291,0
2314,0.00016030005645006895,0.0,0.00016120006330311298,0
2315,0.00017260003369301558,0.0,0.0001735000405460596,0
2316,0.00015989993698894978,0.0,0.00016089994460344315,0
2317,0.00015650002751499414,0.0,0.00015730003360658884,0
2318,0.00017030001617968082,0.0,0.00017120002303272486,0
2319,0.00016279995907098055,0.0004264999879524112,0.0056714999955147505,1
2320,0.0005472999764606357,0.0,0.000548899988643825,0
2321,0.00027279998175799847,0.0,0.00027379998937249184,0
2322,0.00039569998625665903,0.0,0.0003966999938711524,0
2323,0.0002479000249877572,0.0,0.00024889991618692875,0
2324,0.0002405999694019556,0.0,0.00024159997701644897,0
2325,0.00018850003834813833,0.0,0.0001895000459626317,0
2326,0.00015940004959702492,0.0,0.00016020005568861961,0
2327,0.00015799992252141237,0.0,0.00015879992861300707,0
2328,0.00017559994012117386,0.0,0.00017659994773566723,0
2329,0.00016000005416572094,0.0003936999710276723,0.005933300009928644,1
2330,0.00034449994564056396,0.0,0.00034579995553940535,0
2331,0.00016219995450228453,0.0,0.0001631999621167779,0
2332,0.00018859992269426584,0.0,0.00018969993107020855,0
2333,0.0001607999438419938,0.0,0.00016169995069503784,0
2334,0.0001623999560251832,0.0,0.0001631999621167779,0
2335,0.0001727000344544649,0.0,0.00017360004130750895,0
2336,0.00015710003208369017,0.0,0.0001580000389367342,0
2337,0.00015730003360658884,0.0,0.0001580999232828617,0
2338,0.00016980001237243414,0.0,0.0001708000199869275,0
2339,0.00015879992861300707,0.0003779000835493207,0.005951899918727577,1
2340,0.0003803999861702323,0.0,0.00038219999987632036,0
2341,0.000296299927867949,0.0,0.00029779993928968906,0
2342,0.00023580004926770926,0.0,0.00023699994198977947,0
2343,0.00016339996363967657,0.0,0.00016439997125416994,0
2344,0.00015799992252141237,0.0,0.00015899993013590574,0
2345,0.0001778999576345086,0.0,0.00017889996524900198,0
2346,0.0001599999377503991,0.0,0.00016089994460344315,0
2347,0.00015950005035847425,0.0,0.00016020005568861961,0
2348,0.00017090002074837685,0.0,0.00017190002836287022,0
2349,0.00015909993089735508,0.0004988000728189945,0.0058766999281942844,1
2350,0.0005191999953240156,0.0,0.000520800007507205,0
2351,0.0002050000475719571,0.0,0.000206099939532578,0
2352,0.00019070005510002375,0.0,0.00019180006347596645,0
2353,0.0002012000186368823,0.0,0.00020210002548992634,0
2354,0.00015979993622750044,0.0,0.00016059994231909513,0
2355,0.00017749995458871126,0.0,0.0001783999614417553,0
2356,0.00015900004655122757,0.0,0.00015970005188137293,0
2357,0.00015890004578977823,0.0,0.00015980005264282227,0
2358,0.00017170002683997154,0.0,0.00017259991727769375,0
2359,0.00015840004198253155,0.0003961999900639057,0.005325300036929548,1
2360,0.00033199996687471867,0.0,0.00033329997677356005,0
2361,0.00016289995983242989,0.0,0.0001639999682083726,0
2362,0.0001862999051809311,0.0,0.0001873999135568738,0
2363,0.0001599000534042716,0.0,0.00016069994308054447,0
2364,0.0001577000366523862,0.0,0.00015860004350543022,0
2365,0.0001745999325066805,0.0,0.00017539993859827518,0
2366,0.0002440999960526824,0.0,0.00024510000366717577,0
2367,0.0002324000233784318,0.0,0.00023310002870857716,0
2368,0.00021329999435693026,0.0,0.0002142000012099743,0
2369,0.00024530000519007444,0.0005497001111507416,0.0068703999277204275,1
2370,0.00035119999665766954,0.0,0.00035260000731796026,0
2371,0.0001645000884309411,0.0,0.00016570009756833315,0
2372,0.00018810003530234098,0.0,0.00018910004291683435,0
2373,0.00016189995221793652,0.0,0.00016279995907098055,0
2374,0.00015869992785155773,0.0,0.00015959993470460176,0
2375,0.00017260003369301558,0.0,0.0001735000405460596,0
2376,0.0001623000716790557,0.0,0.00016320007853209972,0
2377,0.0001572000328451395,0.0,0.00015810003969818354,0
2378,0.00017089990433305502,0.0,0.00017179991118609905,0
2379,0.00016000005416572094,0.000386199913918972,0.005773000069893897,1
2380,0.000421699951402843,0.0,0.00042319996282458305,0
2381,0.0002921998966485262,0.0,0.0002932999050244689,0
2382,0.0002183000324293971,0.0,0.00021930004004389048,0
2383,0.00016430008690804243,0.0,0.00016520009376108646,0
2384,0.00026830006390810013,0.0,0.0002693000715225935,0
2385,0.00022550008725374937,0.0,0.0002264000941067934,0
2386,0.00017110002227127552,0.0,0.00017200002912431955,0
2387,0.00020539993420243263,0.0,0.00020629994105547667,0
2388,0.00024199998006224632,0.0,0.0002429999876767397,0
2389,0.00022289995104074478,0.0005245000356808305,0.006735399947501719,1
2390,0.00039060006383806467,0.0,0.0003920000744983554,0
2391,0.00021590001415461302,0.0,0.0002169000217691064,0
2392,0.00022980000358074903,0.0,0.00023070001043379307,0
2393,0.00016350008081644773,0.0,0.00016440008766949177,0
2394,0.0001591000473126769,0.0,0.00016010005492717028,0
2395,0.0001713999081403017,0.0,0.00017229991499334574,0
2396,0.0001591000473126769,0.0,0.00016000005416572094,0
2397,0.0001580000389367342,0.0,0.00015890004578977823,0
2398,0.00017499993555247784,0.0,0.00017589994240552187,0
2399,0.000157299917191267,0.00038139999378472567,0.005553300026804209,1
2400,0.0003491999814286828,0.0,0.00035069999285042286,0
2401,0.00016639998648315668,0.0,0.00016729999333620071,0
2402,0.0002055999357253313,0.0,0.000206699944101274,0
2403,0.00017479993402957916,0.0,0.00017579994164407253,0
2404,0.0001599000534042716,0.0,0.00016080006025731564,0
2405,0.0001789000816643238,0.0,0.00017989997286349535,0
2406,0.00016050005797296762,0.0,0.000161500065587461,0
2407,0.00015780003741383553,0.0,0.00015860004350543022,0
2408,0.00019099994096904993,0.0,0.0001919999485835433,0
2409,0.00022980000358074903,0.00040419993456453085,0.005754199926741421,1
2410,0.00034659996163100004,0.0,0.0003478999715298414,0
2411,0.00016570009756833315,0.0,0.00016679998952895403,0
2412,0.0001900000497698784,0.0,0.0001911000581458211,0
2413,0.00016650010365992785,0.0,0.00016740011051297188,0
2414,0.0001591000473126769,0.0,0.00016000005416572094,0
2415,0.0001724000321701169,0.0,0.00017330003902316093,0
2416,0.00015949993394315243,0.0,0.00016029994003474712,0
2417,0.0001561000244691968,0.0,0.00015700003132224083,0
2418,0.00017069990281015635,0.0,0.00017159990966320038,0
2419,0.0001599999377503991,0.00040110002737492323,0.005492899916134775,1
2420,0.00034339993726462126,0.0,0.0003445999464020133,0
2421,0.00022289995104074478,0.0,0.0002245999639853835,0
2422,0.0002668999368324876,0.0,0.00026789994444698095,0
2423,0.0001772999530658126,0.0,0.00017819995991885662,0
2424,0.00015989993698894978,0.0,0.00016069994308054447,0
2425,0.00021430000197142363,0.0,0.00021540001034736633,0
2426,0.00017659994773566723,0.0,0.0001775999553501606,0
2427,0.00015759991947561502,0.0,0.00015849992632865906,0
2428,0.00016960001084953547,0.0,0.0001705000177025795,0
2429,0.000157299917191267,0.0005614000838249922,0.007762699970044196,1
2430,0.0004314000252634287,0.0,0.00043299992103129625,0
2431,0.00023529992904514074,0.0,0.00023639993742108345,0
2432,0.00021540001034736633,0.0,0.0002164000179618597,0
2433,0.00016380008310079575,0.0,0.00016470008995383978,0
2434,0.00016120006330311298,0.0,0.00016210007015615702,0
2435,0.00021020008716732264,0.0,0.00021110009402036667,0
2436,0.00016050005797296762,0.0,0.00016130006406456232,0
2437,0.00018940004520118237,0.0,0.0001903000520542264,0
2438,0.00017239991575479507,0.0,0.0001732999226078391,0
2439,0.00016050005797296762,0.000408399966545403,0.006178900017403066,1
2440,0.000358999939635396,0.0,0.00036069995258003473,0
2441,0.00024089997168630362,0.0,0.00024209998082369566,0
2442,0.00023369991686195135,0.0,0.00023479992523789406,0
2443,0.00016769999638199806,0.0,0.00016870000399649143,0
2444,0.00017479993402957916,0.0,0.0001756999408826232,0
2445,0.00019239995162934065,0.0,0.00019339995924383402,0
2446,0.0001943999668583274,0.0,0.00019539997447282076,0
2447,0.0001577999209985137,0.0,0.00015869992785155773,0
2448,0.0002231999533250928,0.0,0.00022409996017813683,0
2449,0.0001708000199869275,0.00040879996959120035,0.006930000032298267,1
2450,0.0006253999890759587,0.0,0.0006267999997362494,0
2451,0.00023520004469901323,0.0,0.0002362999366596341,0
2452,0.00025889999233186245,0.0,0.0002598999999463558,0
2453,0.0001772999530658126,0.0,0.00017819995991885662,0
2454,0.00015929993242025375,0.0,0.00016009993851184845,0
2455,0.00023969996254891157,0.0,0.00024069997016340494,0
2456,0.00016199995297938585,0.0,0.00016289995983242989,0
2457,0.00015930004883557558,0.0,0.00016020005568861961,0
2458,0.00020320003386586905,0.0,0.00020410004071891308,0
2459,0.00015799992252141237,0.00044169998727738857,0.005984199931845069,1
2460,0.0004938000347465277,0.0,0.0004953000461682677,0
2461,0.00025230005849152803,0.0,0.0002533000661060214,0
2462,0.00024089997168630362,0.0,0.00024199998006224632,0
2463,0.00016579998191446066,0.0,0.0001666999887675047,0
2464,0.00017449993174523115,0.0,0.00017539993859827518,0
2465,0.00017410004511475563,0.0,0.00017520005349069834,0
2466,0.00015900004655122757,0.0,0.00015980005264282227,0
2467,0.00017990008927881718,0.0,0.0001808000961318612,0
2468,0.00019749999046325684,0.0,0.00019859999883919954,0
2469,0.00016719999257475138,0.0007193000055849552,0.0062299000564962626,1
2470,0.00035859993658959866,0.0,0.0003597999457269907,0
2471,0.00017819995991885662,0.0,0.00017919996753335,0
2472,0.0001922999508678913,0.0,0.00019319995772093534,0
2473,0.0001604999415576458,0.0,0.00016139994841068983,0
2474,0.00018910004291683435,0.0,0.00019010005053132772,0
2475,0.00032240001019090414,0.0,0.0003236000193282962,0
2476,0.0002082999562844634,0.0,0.00020919996313750744,0
2477,0.00020969996694475412,0.0,0.00021059997379779816,0
2478,0.00021689990535378456,0.0,0.0002177999122068286,0
2479,0.00015840004198253155,0.00044899992644786835,0.006237099994905293,1
2480,0.0003727000439539552,0.0,0.0003741000546142459,0
2481,0.00017709995154291391,0.0,0.00017809995915740728,0
2482,0.00024749990552663803,0.0,0.0002484999131411314,0
2483,0.00016000005416572094,0.0,0.00016080006025731564,0
2484,0.00015630002599209547,0.0,0.0001572000328451395,0
2485,0.00017179991118609905,0.0,0.00017269991803914309,0
2486,0.0001580000389367342,0.0,0.0001588000450283289,0
2487,0.00016400008462369442,0.0,0.00016490009147673845,0
2488,0.00021430000197142363,0.0,0.000215300009585917,0
2489,0.00016709999181330204,0.0004659999394789338,0.006481899996288121,1
2490,0.00039739999920129776,0.0,0.0003989000106230378,0
2491,0.00016729999333620071,0.0,0.00016830000095069408,0
2492,0.00019340007565915585,0.0,0.00019450008403509855,0
2493,0.00020610005594789982,0.0,0.0002071000635623932,0
2494,0.00018720002844929695,0.0,0.00018810003530234098,0
2495,0.00018149998504668474,0.0,0.00018259999342262745,0
2496,0.000197900109924376,0.0,0.0001990000018849969,0
2497,0.0001631999621167779,0.0,0.0001639999682083726,0
2498,0.00019619998056441545,0.0,0.0001973999897018075,0
2499,0.00020409992430359125,0.00040380004793405533,0.006655899924226105,1
2500,0.00040339992847293615,0.0,0.00040469993837177753,0
2501,0.0001694000093266368,0.0,0.00017040001694113016,0
2502,0.00023230002261698246,0.0,0.00023330003023147583,0
2503,0.00020599993877112865,0.0,0.00020699994638562202,0
2504,0.00016289995983242989,0.0,0.00016379996668547392,0
2505,0.00037589995190501213,0.0,0.0003771999618038535,0
2506,0.00040500005707144737,0.0,0.00040630006697028875,0
2507,0.0002587999915704131,0.0,0.00025969999842345715,0
2508,0.0002837999491021037,0.0,0.0002848999574780464,0
2509,0.00018350000027567148,0.0004130000015720725,0.0070321999955922365,1
2510,0.0003529000096023083,0.0,0.000354300020262599,0
2511,0.0001623999560251832,0.0,0.00016339996363967657,0
2512,0.00021799991372972727,0.0,0.00021899992134422064,0
2513,0.0002114999806508422,0.0,0.0002125999890267849,0
2514,0.00017499993555247784,0.0,0.0001759999431669712,0
2515,0.00018800003454089165,0.0,0.0001892000436782837,0
2516,0.00018860003910958767,0.0,0.00018960004672408104,0
2517,0.00016170006711035967,0.0,0.0001626000739634037,0
2518,0.00023690005764365196,0.0,0.00023790006525814533,0
2519,0.00022130005527287722,0.0004027000395581126,0.006336700054816902,1
2520,0.0005253000417724252,0.0,0.0005271000554785132,0
2521,0.00038570002652704716,0.0,0.0003872999222949147,0
2522,0.0004996999632567167,0.0,0.0005013999762013555,0
2523,0.00034680007956922054,0.0,0.0003480000887066126,0
2524,0.00023250002413988113,0.0,0.0002335000317543745,0
2525,0.00020979996770620346,0.0,0.00021089997608214617,0
2526,0.000300500076264143,0.0,0.00030209997203201056,0
2527,0.00022010004613548517,0.0,0.00022110005374997854,0
2528,0.00017899996601045132,0.0,0.00018019997514784336,0
2529,0.00019420008175075054,0.00034149992279708385,0.006123200058937073,1
2530,0.0003738999366760254,0.0,0.0003754999488592148,0
2531,0.0002706999657675624,0.0,0.00027169997338205576,0
2532,0.00019729998894035816,0.0,0.0001984999980777502,0
2533,0.0002009000163525343,0.0,0.000202000024728477,0
2534,0.00016339996363967657,0.0,0.0001642999704927206,0
2535,0.0002145000034943223,0.0,0.000215600011870265,0
2536,0.000174800050444901,0.0,0.0001759000588208437,0
2537,0.00016559998039156199,0.0,0.00016639998648315668,0
2538,0.00021850003395229578,0.0,0.0002194000408053398,0
2539,0.00016579998191446066,0.00034739996772259474,0.007382099982351065,1
2540,0.0006076999707147479,0.0,0.0006099999882280827,0
2541,0.00042289996054023504,0.0,0.0004243999719619751,0
2542,0.0002552000805735588,0.0,0.00025640008971095085,0
2543,0.00021410000044852495,0.0,0.00021520000882446766,0
2544,0.0003060000017285347,0.0,0.00030750001315027475,0
2545,0.00037150003481656313,0.0,0.0003728000447154045,0
2546,0.0001852000132203102,0.0,0.00018630002159625292,0
2547,0.00017919996753335,0.0,0.0001799999736249447,0
2548,0.00022689998149871826,0.0,0.0002277999883517623,0
2549,0.00016629998572170734,0.0005540999118238688,0.007202999899163842,1
2550,0.0004078000783920288,0.0,0.00040930008981376886,0
2551,0.00028629996813833714,0.0,0.00028739997651427984,0
2552,0.00025120005011558533,0.0,0.00025230005849152803,0
2553,0.000179499969817698,0.0,0.00018039997667074203,0
2554,0.0001674999948590994,0.0,0.00016840000171214342,0
2555,0.00018510001245886087,0.0,0.00018610002007335424,0
2556,0.0001666999887675047,0.0,0.00016769999638199806,0
2557,0.00016409996896982193,0.0,0.0001650999765843153,0
2558,0.00018350000027567148,0.0,0.00018440000712871552,0
2559,0.00016630010213702917,0.0003736999351531267,0.007160400040447712,1
2560,0.0005576999392360449,0.0,0.0005596999544650316,0
2561,0.00038590002804994583,0.0,0.0003874000394716859,0
2562,0.00040449993684887886,0.0,0.0004058999475091696,0
2563,0.0004029000410810113,0.0,0.00040440005250275135,0
2564,0.00030780001543462276,0.0,0.00030910002533346415,0
2565,0.00024010008201003075,0.0,0.00024120009038597345,0
2566,0.0002995000686496496,0.0,0.000301100080832839,0
2567,0.00024019996635615826,0.0,0.00024149997625499964,0
2568,0.00024119997397065163,0.0,0.00024229998234659433,0
2569,0.0001674999948590994,0.0003250999143347144,0.007112099905498326,1
2570,0.0005402000388130546,0.0,0.0005417000502347946,0
2571,0.00017660006415098906,0.0,0.0001778000732883811,0
2572,0.00021590001415461302,0.0,0.0002169000217691064,0
2573,0.00019859999883919954,0.0,0.00019950000569224358,0
2574,0.00028250005561858416,0.0,0.0002835000632330775,0
2575,0.0002699000760912895,0.0,0.00027139997109770775,0
2576,0.0005972000071778893,0.0,0.0005990000208839774,0
2577,0.0003592000575736165,0.0,0.0003608999541029334,0
2578,0.0003253999166190624,0.0,0.0003266999265179038,0
2579,0.00017560005653649569,0.000391000066883862,0.007567799999378622,1
2580,0.000583500019274652,0.0,0.0005850000306963921,0
2581,0.0002617000136524439,0.0,0.00026300002355128527,0
2582,0.00023909995798021555,0.0,0.0002402999671176076,0
2583,0.0002490999177098274,0.0,0.00025019992608577013,0
2584,0.00019689998589456081,0.0,0.00019789999350905418,0
2585,0.00028879998717457056,0.0,0.00029009999707341194,0
2586,0.0002245999639853835,0.0,0.00022559997159987688,0
2587,0.0002218000590801239,0.0,0.0002229000674560666,0
2588,0.00023550004698336124,0.0,0.00023660005535930395,0
2589,0.0001724000321701169,0.001658500055782497,0.008884500013664365,1
2590,0.0005640999879688025,0.0,0.0005658000009134412,0
2591,0.00024120009038597345,0.0,0.00024260010104626417,0
2592,0.00032410002313554287,0.0,0.0003253000322729349,0
2593,0.0002997000701725483,0.0,0.000301400083117187,0
2594,0.00047690002247691154,0.0,0.00047880003694444895,0
2595,0.0005141999572515488,0.0,0.0005160999717190862,0
2596,0.000386199913918972,0.0,0.0003877999261021614,0
2597,0.0003988000098615885,0.0,0.00040009990334510803,0
2598,0.0002929000183939934,0.0,0.00029390002600848675,0
2599,0.00017280003521591425,0.0003513999981805682,0.006554400082677603,1
2600,0.0003100000321865082,0.0,0.0003114999271929264,0
2601,0.0001740000443533063,0.0,0.000175100052729249,0
2602,0.0002004000125452876,0.0,0.00020140002015978098,0
2603,0.00016759999562054873,0.0,0.0001686000032350421,0
2604,0.00016510009299963713,0.0,0.0001661001006141305,0
2605,0.00022000004537403584,0.0,0.00022120005451142788,0
2606,0.0001735000405460596,0.0,0.00017440004739910364,0
2607,0.00016659998800605536,0.0,0.0001674999948590994,0
2608,0.00018190010450780392,0.0,0.0001829001121222973,0
2609,0.0001666999887675047,0.0003325999714434147,0.00804210000205785,1
2610,0.00029520003590732813,0.0,0.0002965000458061695,0
2611,0.00018949992954730988,0.0,0.0001903999364003539,0
2612,0.0002145000034943223,0.0,0.00021550001110881567,0
2613,0.0001786000793799758,0.0,0.00017960008699446917,0
2614,0.0001810999820008874,0.0,0.00018199998885393143,0
2615,0.00021470000501722097,0.0,0.00021570001263171434,0
2616,0.0002145000034943223,0.0,0.00021550001110881567,0
2617,0.00015970005188137293,0.0,0.00016060005873441696,0
2618,0.00020600005518645048,0.0,0.00020700006280094385,0
2619,0.00016090006101876497,0.00042349996510893106,0.006732700043357909,1
2620,0.00028989999555051327,0.0,0.0002914000069722533,0
2621,0.00023070001043379307,0.0,0.00023170001804828644,0
2622,0.00024960003793239594,0.0,0.00025070004630833864,0
2623,0.0001737999264150858,0.0,0.00017469993326812983,0
2624,0.00025319994892925024,0.0,0.0002544999588280916,0
2625,0.00019529997371137142,0.0,0.0001962999813258648,0
2626,0.00035859993658959866,0.0,0.0003599999472498894,0
2627,0.00040209991857409477,0.0,0.00040359992999583483,0
2628,0.00032819993793964386,0.0,0.0003295999485999346,0
2629,0.0002481999108567834,0.0003942999755963683,0.006955199991352856,1
2630,0.000332699972204864,0.0,0.0003342999843880534,0
2631,0.0001735000405460596,0.0,0.00017450004816055298,0
2632,0.00020000000949949026,0.0,0.00020100001711398363,0
2633,0.00016679998952895403,0.0,0.0001677999971434474,0
2634,0.0001642999704927206,0.0,0.0001650999765843153,0
2635,0.0002620000159367919,0.0,0.00026290002278983593,0
2636,0.00016020005568861961,0.0,0.0001610000617802143,0
2637,0.0001770000671967864,0.0,0.00017790007404983044,0
2638,0.0002194000408053398,0.0,0.00022050004918128252,0
2639,0.00018129998352378607,0.000484999967738986,0.007221899926662445,1
2640,0.0005725999362766743,0.0,0.000574599951505661,0
2641,0.00023429992143064737,0.0,0.00023529992904514074,0
2642,0.00024199998006224632,0.0,0.00024319998919963837,0
2643,0.0001713999081403017,0.0,0.0001724999165162444,0
2644,0.00016469997353851795,0.0,0.00016549997963011265,0
2645,0.0002093999646604061,0.0,0.00021029997151345015,0
2646,0.00017419992946088314,0.0,0.00017499993555247784,0
2647,0.00020619994029402733,0.0,0.0002071999479085207,0
2648,0.0002117999829351902,0.0,0.00021269998978823423,0
2649,0.00016119994688779116,0.0004195000510662794,0.00645240000449121,1
2650,0.0005407999269664288,0.0,0.0005427999421954155,0
2651,0.00053909991402179,0.0,0.0005407999269664288,0
2652,0.0005347999976947904,0.0,0.0005366000114008784,0
2653,0.00039489998016506433,0.0,0.00039659999310970306,0
2654,0.0003312999615445733,0.0,0.00033279997296631336,0
2655,0.00025809998624026775,0.0,0.00025919999461621046,0
2656,0.00019950000569224358,0.0,0.00020060001406818628,0
2657,0.00019649998284876347,0.0,0.00019759999122470617,0
2658,0.00024940003640949726,0.0,0.00025050004478543997,0
2659,0.000161500065587461,0.0004466999089345336,0.007191300042904913,1
2660,0.0005138999549672008,0.0,0.0005159999709576368,0
2661,0.00038790004327893257,0.0,0.00038920005317777395,0
2662,0.00035180000122636557,0.0,0.0003532000118866563,0
2663,0.00022279995027929544,0.0,0.0002239999594166875,0
2664,0.00024069997016340494,0.0,0.0002416999777778983,0
2665,0.00021389999892562628,0.0,0.00021490000654011965,0
2666,0.00016270007472485304,0.0,0.00016360008157789707,0
2667,0.00018060009460896254,0.0,0.00018150010146200657,0
2668,0.00017870008014142513,0.0,0.00017969997134059668,0
2669,0.00016799999866634607,0.00036149995867162943,0.006544900010339916,1
2670,0.0004477000329643488,0.0,0.00044920004438608885,0
2671,0.0002519000554457307,0.0,0.00025310006458312273,0
2672,0.000403700047172606,0.0,0.0004054000601172447,0
2673,0.00036349997390061617,0.0,0.0003646999830380082,0
2674,0.00024089997168630362,0.0,0.00024199998006224632,0
2675,0.0002172999083995819,0.0,0.00021829991601407528,0
2676,0.00016329996287822723,0.0,0.0001642999704927206,0
2677,0.0001949999714270234,0.0,0.00019589997828006744,0
2678,0.00021049997303634882,0.0,0.0002114999806508422,0
2679,0.0002164000179618597,0.0005589999491348863,0.007629400002770126,1
2680,0.00048100005369633436,0.0,0.0004829999525099993,0
2681,0.00025839998852461576,0.0,0.0002598999999463558,0
2682,0.0002546999603509903,0.0,0.000255799968726933,0
2683,0.000175100052729249,0.0,0.00017600005958229303,0
2684,0.00016930000856518745,0.0,0.00017419992946088314,0
2685,0.0002093999646604061,0.0,0.00021029997151345015,0
2686,0.00016799999866634607,0.0,0.0001689000055193901,0
2687,0.0001661001006141305,0.0,0.00016700010746717453,0
2688,0.0001865000231191516,0.0,0.00018750003073364496,0
2689,0.00016649998724460602,0.000317899975925684,0.007125700009055436,1
2690,0.0005076999077573419,0.0,0.0005092999199405313,0
2691,0.00023120001424103975,0.0,0.0002324000233784318,0
2692,0.0003130000550299883,0.0,0.00031420006416738033,0
2693,0.00043320003896951675,0.0,0.00043530005495995283,0
2694,0.0004645000444725156,0.0,0.00046630005817860365,0
2695,0.0003350999904796481,0.0,0.00033650000113993883,0
2696,0.00022559997159987688,0.0,0.00022659997921437025,0
2697,0.00027959991712123156,0.0,0.0002807999262586236,0
2698,0.00032919994555413723,0.0,0.0003303999546915293,0
2699,0.00039089994970709085,0.00042100006248801947,0.006851300015114248,1
2700,0.0003836000105366111,0.0,0.0004029000410810113,0
2701,0.00017840007785707712,0.0,0.00017950008623301983,0
2702,0.0002764000091701746,0.0,0.00027740001678466797,0
2703,0.00020269991364330053,0.0,0.00020359992049634457,0
2704,0.0001962999813258648,0.0,0.00019719998817890882,0
2705,0.00019129994325339794,0.0,0.00019209994934499264,0
2706,0.00015970005188137293,0.0,0.00016050005797296762,0
2707,0.00016000005416572094,0.0,0.00016080006025731564,0
2708,0.00017180002760142088,0.0,0.00017260003369301558,0
2709,0.0001954999752342701,0.00030700000934302807,0.006009200005792081,1
2710,0.0006429000059142709,0.0,0.0006446000188589096,0
2711,0.0003872000379487872,0.0,0.00038849993143230677,0
2712,0.0001957999775186181,0.0,0.00019669998437166214,0
2713,0.00016529997810721397,0.0,0.000166199984960258,0
2714,0.00016119994688779116,0.0,0.0001620999537408352,0
2715,0.00017420004587620497,0.0,0.000175100052729249,0
2716,0.00016060005873441696,0.0,0.000161500065587461,0
2717,0.00018960004672408104,0.0,0.00019050005357712507,0
2718,0.00017149990890175104,0.0,0.0001724999165162444,0
2719,0.00016010005492717028,0.0003033000975847244,0.006145499995909631,1
2720,0.00031100003980100155,0.0,0.0003122000489383936,0
2721,0.0001642999704927206,0.0,0.00016529997810721397,0
2722,0.00022320006974041462,0.0,0.00022430007811635733,0
2723,0.00016160006634891033,0.0,0.00016250007320195436,0
2724,0.00015940004959702492,0.0,0.00016020005568861961,0
2725,0.00017259991727769375,0.0,0.00017349992413073778,0
2726,0.00015860004350543022,0.0,0.0001596000511199236,0
2727,0.0001762000611051917,0.0,0.00017710006795823574,0
2728,0.0001846000086516142,0.0,0.0001857000170275569,0
2729,0.00015780003741383553,0.00028709997422993183,0.0060653999680653214,1
2730,0.00032890005968511105,0.0,0.00033030007034540176,0
2731,0.00017340003978461027,0.0,0.00017440004739910364,0
2732,0.00019689998589456081,0.0,0.00019789999350905418,0
2733,0.00018370000179857016,0.0,0.0001846000086516142,0
2734,0.00016139994841068983,0.0,0.00016229995526373386,0
2735,0.00020759995095431805,0.0,0.00020849995780736208,0
2736,0.0001607000594958663,0.0,0.00016160006634891033,0
2737,0.00016000005416572094,0.0,0.00016080006025731564,0
2738,0.00020410004071891308,0.0,0.00020510004833340645,0
2739,0.0001620999537408352,0.00033299997448921204,0.006483200006186962,1
2740,0.000278000021353364,0.0,0.00027930003125220537,0
2741,0.00021700002253055573,0.0,0.0002180000301450491,0
2742,0.00019069993868470192,0.0,0.00019179994706064463,0
2743,0.0001607999438419938,0.0,0.00016169995069503784,0
2744,0.00015899993013590574,0.0,0.00015979993622750044,0
2745,0.0001732000382617116,0.0,0.00017410004511475563,0
2746,0.0001797000877559185,0.0,0.00018060009460896254,0
2747,0.00015890004578977823,0.0,0.00015980005264282227,0
2748,0.0001729999203234911,0.0,0.00017399992793798447,0
2749,0.00015900004655122757,0.00028339994605630636,0.00581969995982945,1
2750,0.0003677000058814883,0.0,0.0003690999001264572,0
2751,0.0002071999479085207,0.0,0.00020839995704591274,0
2752,0.00022829999215900898,0.0,0.00022950000129640102,0
2753,0.00022990000434219837,0.0,0.00023100001271814108,0
2754,0.00017110002227127552,0.0,0.0001721000298857689,0
2755,0.00022409996017813683,0.0,0.00022529996931552887,0
2756,0.00018740002997219563,0.0,0.00018820003606379032,0
2757,0.0001946999691426754,0.0,0.00019569997675716877,0
2758,0.00022249994799494743,0.0,0.0002234999556094408,0
2759,0.00021620001643896103,0.0004123999970033765,0.006053699995391071,1
2760,0.00033489998895674944,0.0,0.00033629999961704016,0
2761,0.00016499997582286596,0.0,0.00016599998343735933,0
2762,0.00023909995798021555,0.0,0.0002402999671176076,0
2763,0.00017460004892200232,0.0,0.00017549993935972452,0
2764,0.0001585999270901084,0.0,0.00015949993394315243,0
2765,0.00017440004739910364,0.0,0.00017530005425214767,0
2766,0.00015840004198253155,0.0,0.00015930004883557558,0
2767,0.00015829992480576038,0.0,0.00015919993165880442,0
2768,0.00020330003462731838,0.0,0.00020420004148036242,0
2769,0.0001781000755727291,0.0004778000293299556,0.00631309999153018,1
2770,0.00036349997390061617,0.0,0.00036479998379945755,0
2771,0.00021430000197142363,0.0,0.00021540001034736633,0
2772,0.00019209994934499264,0.0,0.00019319995772093534,0
2773,0.00016249995678663254,0.0,0.00016339996363967657,0
2774,0.00016090006101876497,0.0,0.000161800067871809,0
2775,0.00030069996137171984,0.0,0.0003016999689862132,0
2776,0.00020240002777427435,0.0,0.00020330003462731838,0
2777,0.00018500001169741154,0.0,0.0001860000193119049,0
2778,0.0003003999590873718,0.0,0.0003013999667018652,0
2779,0.0001650999765843153,0.0004990999586880207,0.006267299992032349,1
2780,0.0003252000315114856,0.0,0.0003266000421717763,0
2781,0.00016709999181330204,0.0,0.00016799999866634607,0
2782,0.00019120005890727043,0.0,0.0001922000665217638,0
2783,0.0001631000777706504,0.0,0.00016410008538514376,0
2784,0.00015980005264282227,0.0,0.0001607000594958663,0
2785,0.00017809995915740728,0.0,0.00017899996601045132,0
2786,0.0001674999948590994,0.0,0.00016850000247359276,0
2787,0.00015989993698894978,0.0,0.0001607999438419938,0
2788,0.00017509993631392717,0.0,0.0001759999431669712,0
2789,0.0001588000450283289,0.00040229992009699345,0.006507799960672855,1
2790,0.0003513999981805682,0.0,0.0003527000080794096,0
2791,0.00018800003454089165,0.0,0.00018900004215538502,0
2792,0.0001843998907133937,0.0,0.00018539989832788706,0
2793,0.0002226000651717186,0.0,0.00022339995484799147,0
2794,0.00018450000789016485,0.0,0.00018540001474320889,0
2795,0.00027489999774843454,0.0,0.0002758000046014786,0
2796,0.00020530004985630512,0.0,0.0002063000574707985,0
2797,0.00022069993428885937,0.0,0.00022169994190335274,0
2798,0.00025349995121359825,0.0,0.0002543999580666423,0
2799,0.00022529996931552887,0.00044950004667043686,0.006618699990212917,1
2800,0.0003415000392124057,0.0,0.00034280004911124706,0
2801,0.00016589998267591,0.0,0.00016689999029040337,0
2802,0.00019040005281567574,0.0,0.0001914000604301691,0
2803,0.00016200006939470768,0.0,0.0001629000762477517,0
2804,0.00016439997125416994,0.0,0.00016519997734576464,0
2805,0.0001727000344544649,0.0,0.00017360004130750895,0
2806,0.00016029994003474712,0.0,0.00016109994612634182,0
2807,0.00015959993470460176,0.0,0.0001604999415576458,0
2808,0.0001724000321701169,0.0,0.00017330003902316093,0
2809,0.00016029994003474712,0.0004278999986127019,0.005920399911701679,1
2810,0.0003730999305844307,0.0,0.00037429993972182274,0
2811,0.00016299996059387922,0.0,0.0001639999682083726,0
2812,0.00024039996787905693,0.0,0.0002413999754935503,0
2813,0.000202300027012825,0.0,0.00020320003386586905,0
2814,0.0002036000369116664,0.0,0.00020450004376471043,0
2815,0.0002937000244855881,0.0,0.0002948000328615308,0
2816,0.00017069990281015635,0.0,0.00017169991042464972,0
2817,0.00023490004241466522,0.0,0.00023570004850625992,0
2818,0.0003098000306636095,0.0,0.0003109000390395522,0
2819,0.00018149998504668474,0.0004135000053793192,0.0060381999937817454,1
2820,0.00033459998667240143,0.0,0.0003358999965712428,0
2821,0.0001656000968068838,0.0,0.00016649998724460602,0
2822,0.0001922000665217638,0.0,0.00019320007413625717,0
2823,0.00016270007472485304,0.0,0.00016360008157789707,0
2824,0.00016449997201561928,0.0,0.00016529997810721397,0
2825,0.00017420004587620497,0.0,0.00017520005349069834,0
2826,0.00015970005188137293,0.0,0.00016060005873441696,0
2827,0.00015959993470460176,0.0,0.00016039994079619646,0
2828,0.00017279991880059242,0.0,0.00017369992565363646,0
2829,0.00015950005035847425,0.0005001999670639634,0.007278200006112456,1
2830,0.00028380006551742554,0.0,0.0002853000769391656,0
2831,0.0002114999806508422,0.0,0.00021279999054968357,0
2832,0.0002799000358209014,0.0,0.0002810000441968441,0
2833,0.0003999000182375312,0.0,0.00040140002965927124,0
2834,0.0003421000437811017,0.0,0.0003434000536799431,0
2835,0.00023349991533905268,0.0,0.00023469992447644472,0
2836,0.00016659998800605536,0.0,0.0001674999948590994,0
2837,0.00016589998267591,0.0,0.00016679998952895403,0
2838,0.0001772999530658126,0.0,0.00017809995915740728,0
2839,0.00016010005492717028,0.0005130999488756061,0.00711470004171133,1
2840,0.0003375000087544322,0.0,0.0003389000194147229,0
2841,0.0002424000995233655,0.0,0.0002435001078993082,0
2842,0.00019360007718205452,0.0,0.00019459996838122606,0
2843,0.00016289995983242989,0.0,0.00016379996668547392,0
2844,0.00016080006025731564,0.0,0.00016170006711035967,0
2845,0.00017380004283040762,0.0,0.000174800050444901,0
2846,0.00016039994079619646,0.0,0.0001612999476492405,0
2847,0.00016449997201561928,0.0,0.00016529997810721397,0
2848,0.00017419992946088314,0.0,0.00017509993631392717,0
2849,0.00016169995069503784,0.0004344000481069088,0.006625999929383397,1
2850,0.000534999999217689,0.0,0.0005365000106394291,0
2851,0.0003646999830380082,0.0,0.0003657999914139509,0
2852,0.0002324000233784318,0.0,0.0002335000317543745,0
2853,0.00019750010687857866,0.0,0.00019850011449307203,0
2854,0.00016419996973127127,0.0,0.00016529997810721397,0
2855,0.00017939996905624866,0.0,0.00018039997667074203,0
2856,0.00020180002320557833,0.0,0.0002028000308200717,0
2857,0.00017120002303272486,0.0,0.00017220003064721823,0
2858,0.00017749995458871126,0.0,0.0001783999614417553,0
2859,0.00016179995145648718,0.0004494000459089875,0.006674999953247607,1
2860,0.00035099999513477087,0.0,0.0003525000065565109,0
2861,0.00021389999892562628,0.0,0.00021490000654011965,0
2862,0.00019159994553774595,0.0,0.00019269995391368866,0
2863,0.0001620999537408352,0.0,0.00016309996135532856,0
2864,0.00018279999494552612,0.0,0.00018370000179857016,0
2865,0.00018820003606379032,0.0,0.0001892000436782837,0
2866,0.00015979993622750044,0.0,0.00016069994308054447,0
2867,0.00015840004198253155,0.0,0.00015919993165880442,0
2868,0.00017170002683997154,0.0,0.00017260003369301558,0
2869,0.00016039994079619646,0.0004184000426903367,0.006733199930749834,1
2870,0.00035800004843622446,0.0,0.0003595000598579645,0
2871,0.00020160002168267965,0.0,0.00020260002929717302,0
2872,0.0002101999707520008,0.0,0.00021119997836649418,0
2873,0.0001762000611051917,0.0,0.00017710006795823574,0
2874,0.00016099994536489248,0.0,0.00016179995145648718,0
2875,0.0002055999357253313,0.0,0.000206399941816926,0
2876,0.00018360000103712082,0.0,0.00018450000789016485,0
2877,0.00016369996592402458,0.0,0.00016449997201561928,0
2878,0.0002277999883517623,0.0,0.00022899999748915434,0
2879,0.000278300023637712,0.0004897000035271049,0.007023900048807263,1
2880,0.0003149999538436532,0.0,0.00031619996298104525,0
2881,0.00023280002642422915,0.0,0.00023380003403872252,0
2882,0.00018970004748553038,0.0,0.00019080005586147308,0
2883,0.00016030005645006895,0.0,0.00016120006330311298,0
2884,0.00015839992556720972,0.0,0.00015929993242025375,0
2885,0.00017220003064721823,0.0,0.0001732000382617116,0
2886,0.00015870004426687956,0.0,0.00015970005188137293,0
2887,0.00016139994841068983,0.0,0.00016249995678663254,0
2888,0.0002055999357253313,0.0,0.00020649994257837534,0
2889,0.00015989993698894978,0.0004467000253498554,0.00677690003067255,1
2890,0.0005582000594586134,0.0,0.0005600000731647015,0
2891,0.00041450001299381256,0.0,0.0004162000259384513,0
2892,0.0004140000091865659,0.0,0.00041580002289265394,0
2893,0.0003822001162916422,0.0,0.00038379989564418793,0
2894,0.000457499991171062,0.0,0.0004594000056385994,0
2895,0.0004034999292343855,0.0,0.0004050999414175749,0
2896,0.0003826000029221177,0.0,0.00038430001586675644,0
2897,0.00041099998634308577,0.0,0.00041259999852627516,0
2898,0.0005633000982925296,0.0,0.0005648999940603971,0
2899,0.0005186999915167689,0.0007565999403595924,0.007900099968537688,1
2900,0.000377700082026422,0.0,0.0003790000919252634,0
2901,0.00021590001415461302,0.0,0.00021700002253055573,0
2902,0.00024079997092485428,0.0,0.00024189997930079699,0
2903,0.00017630006186664104,0.0,0.00017740007024258375,0
2904,0.00016089994460344315,0.0,0.00016179995145648718,0
2905,0.00017439993098378181,0.0,0.00017529993783682585,0
2906,0.00016199995297938585,0.0,0.00016289995983242989,0
2907,0.00015920004807412624,0.0,0.00016009993851184845,0
2908,0.000179799972102046,0.0,0.00018089998047798872,0
2909,0.00016179995145648718,0.00037530006375163794,0.007423199946060777,1
2910,0.0006207000697031617,0.0,0.0006229999708011746,0
2911,0.0005651999963447452,0.0,0.0005668000085279346,0
2912,0.0004691999638453126,0.0,0.0004708999767899513,0
2913,0.00046309991739690304,0.0,0.00046479993034154177,0
2914,0.0003656999906525016,0.0,0.000367300002835691,0
2915,0.0004140000091865659,0.0,0.00041550002060830593,0
2916,0.00020709994714707136,0.0,0.00020819995552301407,0
2917,0.00021430000197142363,0.0,0.00021540001034736633,0
2918,0.000286900089122355,0.0,0.0002880000974982977,0
2919,0.00019539997447282076,0.0004493000451475382,0.007581999991089106,1
2920,0.0005811000009998679,0.0,0.0005827000131830573,0
2921,0.00023800006601959467,0.0,0.00023930007591843605,0
2922,0.0002712000859901309,0.0,0.00027240009512752295,0
2923,0.0002981000579893589,0.0,0.0002994000678882003,0
2924,0.0002452000044286251,0.0,0.0002463000128045678,0
2925,0.0002269999822601676,0.0,0.0002280999906361103,0
2926,0.00017100002150982618,0.0,0.00017190002836287022,0
2927,0.00018000009004026651,0.0,0.00018100009765475988,0
2928,0.00019799999427050352,0.0,0.0001990000018849969,0
2929,0.00016609998419880867,0.0003394000232219696,0.0075634999666363,1
2930,0.0003347999881953001,0.0,0.0003364000003784895,0
2931,0.0001805999781936407,0.0,0.00018149998504668474,0
2932,0.00018789991736412048,0.0,0.0001889999257400632,0
2933,0.0002449000021442771,0.0,0.0002460000105202198,0
2934,0.0001631000777706504,0.0,0.00016400008462369442,0
2935,0.0002501000417396426,0.0,0.000251100049354136,0
2936,0.00016439997125416994,0.0,0.00016529997810721397,0
2937,0.0001607999438419938,0.0,0.00016169995069503784,0
2938,0.00024359999224543571,0.0,0.0002445999998599291,0
2939,0.00016840000171214342,0.0003757000667974353,0.007487000082619488,1
2940,0.0004392999690026045,0.0,0.0004408999811857939,0
2941,0.000238100066781044,0.0,0.0002392000751569867,0
2942,0.0002351000439375639,0.0,0.0002359999343752861,0
2943,0.0001762000611051917,0.0,0.00017720006871968508,0
2944,0.00016010005492717028,0.0,0.0001610000617802143,0
2945,0.00020480004604905844,0.0,0.00020570005290210247,0
2946,0.00015979993622750044,0.0,0.00016069994308054447,0
2947,0.0001764999469742179,0.0,0.00017719995230436325,0
2948,0.00020320003386586905,0.0,0.00020399992354214191,0
2949,0.0001583000412210822,0.000447999918833375,0.007743800058960915,1
2950,0.0004744000034406781,0.0,0.00047580001410096884,0
2951,0.000161800067871809,0.0,0.00016280007548630238,0
2952,0.0002266999799758196,0.0,0.00022769998759031296,0
2953,0.00021780002862215042,0.0,0.0002188000362366438,0
2954,0.00015550001990050077,0.0,0.0001564000267535448,0
2955,0.00018780003301799297,0.0,0.00018880004063248634,0
2956,0.00017150002531707287,0.0,0.00017230003140866756,0
2957,0.0001556000206619501,0.0,0.0001564000267535448,0
2958,0.0002578999847173691,0.0,0.0002586999908089638,0
2959,0.0002758000046014786,0.00035889993887394667,0.007243599975481629,1
2960,0.0004254999803379178,0.0,0.00042719999328255653,0
2961,0.00038819992914795876,0.0,0.00038979994133114815,0
2962,0.0003149999538436532,0.0,0.0003162999637424946,0
2963,0.00040300004184246063,0.0,0.000404300051741302,0
2964,0.00016989989671856165,0.0,0.00017099990509450436,0
2965,0.00022879999596625566,0.0,0.00022980000358074903,0
2966,0.00019209994934499264,0.0,0.000193099956959486,0
2967,0.0001585999270901084,0.0,0.0001593999331817031,0
2968,0.00021399999968707561,0.0,0.00021500000730156898,0
2969,0.0002258999738842249,0.0004120999947190285,0.007158999913372099,1
2970,0.0003432000521570444,0.0,0.00034470006357878447,0
2971,0.0002429999876767397,0.0,0.00024419999681413174,0
2972,0.0003448999486863613,0.0,0.00034609995782375336,0
2973,0.00022179994266480207,0.0,0.0002226999495178461,0
2974,0.0002142000012099743,0.0,0.00021510000806301832,0
2975,0.00025509996339678764,0.0,0.0002559999702498317,0
2976,0.00020129990298300982,0.0,0.00020219990983605385,0
2977,0.00016030005645006895,0.0,0.0001612999476492405,0
2978,0.00020600005518645048,0.0,0.00020690006203949451,0
2979,0.00016000005416572094,0.00043100002221763134,0.007738000014796853,1
2980,0.0004288000054657459,0.0,0.000430300016887486,0
2981,0.00021739990916103125,0.0,0.00021849991753697395,0
2982,0.00028030003886669874,0.0,0.0002813000464811921,0
2983,0.0002117999829351902,0.0,0.00021269998978823423,0
2984,0.00016110006254166365,0.0,0.00016200006939470768,0
2985,0.00019400008022785187,0.0,0.00019489997066557407,0
2986,0.00017580005805939436,0.0,0.0001767000649124384,0
2987,0.00016470008995383978,0.0,0.00016570009756833315,0
2988,0.0001927000703290105,0.0,0.00019360007718205452,0
2989,0.00017420004587620497,0.00037189992144703865,0.006961200037039816,1
2990,0.00030239997431635857,0.0,0.0003038999857380986,0
2991,0.0001862999051809311,0.0,0.00018749991431832314,0
2992,0.00020300003234297037,0.0,0.00020410004071891308,0
2993,0.00016689999029040337,0.0,0.00016769999638199806,0
2994,0.0001626999583095312,0.0,0.00016359996516257524,0
2995,0.00017799995839595795,0.0,0.00017889996524900198,0
2996,0.00016359996516257524,0.0,0.00016459997277706861,0
2997,0.00016249995678663254,0.0,0.00016339996363967657,0
2998,0.0001802999759092927,0.0,0.00018129998352378607,0
2999,0.00016459997277706861,0.0003559000324457884,0.007255599950440228,1
