step,step_state_sec,to_numpy_sec,total_step_sec,saved
0,0.006570999976247549,0.00040030002128332853,0.009293899987824261,1
1,0.0005806999979540706,0.0,0.0005827000131830573,0
2,0.0002579999854788184,0.0,0.0002590999938547611,0
3,0.0003170999698340893,0.0,0.0003182999789714813,0
4,0.00019040005281567574,0.0,0.00019130005966871977,0
5,0.00017230003140866756,0.0,0.00017310003750026226,0
6,0.00021709990687668324,0.0,0.0002180999144911766,0
7,0.00016990001313388348,0.0,0.00017070001922547817,0
8,0.00021659990306943655,0.0,0.00021749990992248058,0
9,0.00019379996228963137,0.0004721999866887927,0.0025237000081688166,1
10,0.00038590002804994583,0.0,0.00038730003871023655,0
11,0.00018910004291683435,0.0,0.00019010005053132772,0
12,0.00022069993428885937,0.0,0.00022169994190335274,0
13,0.00017749995458871126,0.0,0.00017829996068030596,0
14,0.00018480001017451286,0.0,0.00018560001626610756,0
15,0.0002687000669538975,0.0,0.0002696000738069415,0
16,0.0002516000531613827,0.0,0.00025240005925297737,0
17,0.0002120999852195382,0.0,0.00021279999054968357,0
18,0.00024099997244775295,0.0,0.00024189997930079699,0
19,0.00032110000029206276,0.00046499993186444044,0.0030662999488413334,1
20,0.0003880000440403819,0.0,0.0003891000524163246,0
21,0.00022810010705143213,0.0,0.000229199999012053,0
22,0.0002460000105202198,0.0,0.0002471000188961625,0
23,0.00019069993868470192,0.0,0.00019209994934499264,0
24,0.0002607000060379505,0.0,0.00026189989876002073,0
25,0.00023020000662654638,0.0,0.00023120001424103975,0
26,0.0001745999325066805,0.0,0.00017539993859827518,0
27,0.0001786999637261033,0.0,0.00017959997057914734,0
28,0.00019079993944615126,0.0,0.0001916999462991953,0
29,0.00017090002074837685,0.0003920999588444829,0.002294900012202561,1
30,0.0003163999645039439,0.0,0.00031759997364133596,0
31,0.00017429993022233248,0.0,0.00017529993783682585,0
32,0.00019920000340789557,0.0,0.00020020001102238894,0
33,0.0001713000237941742,0.0,0.00017220003064721823,0
34,0.00016850000247359276,0.0,0.00016930000856518745,0
35,0.00018269999418407679,0.0,0.00018360000103712082,0
36,0.00016799999866634607,0.0,0.00016880000475794077,0
37,0.00023120001424103975,0.0,0.000232999911531806,0
38,0.0002837999491021037,0.0,0.0002850999590009451,0
39,0.0001873999135568738,0.0004357000580057502,0.0024784000124782324,1
40,0.0003391000209376216,0.0,0.00034060003235936165,0
41,0.00017429993022233248,0.0,0.0001751999370753765,0
42,0.00019789999350905418,0.0,0.0001990000018849969,0
43,0.0001689000055193901,0.0,0.0001697000116109848,0
44,0.00016739999409765005,0.0,0.00016820000018924475,0
45,0.00018690002616494894,0.0,0.00018789991736412048,0
46,0.00016549997963011265,0.0,0.000166199984960258,0
47,0.00016559998039156199,0.0,0.00016629998572170734,0
48,0.00018079997971653938,0.0,0.00018169998656958342,0
49,0.00016709999181330204,0.00046040001325309277,0.00254829996265471,1
50,0.00042799999937415123,0.0,0.0004292000085115433,0
51,0.0003269000444561243,0.0,0.00032789993565529585,0
52,0.0003026999766007066,0.0,0.00030369998421519995,0
53,0.00023969996254891157,0.0,0.0002405999694019556,0
54,0.00026999996043741703,0.0,0.00027089996729046106,0
55,0.00035419990308582783,0.0,0.00035539991222321987,0
56,0.00023939996026456356,0.0,0.00024049996864050627,0
57,0.00029090000316500664,0.0,0.0002921000123023987,0
58,0.0004045000532642007,0.0,0.00040600006468594074,0
59,0.00038139999378472567,0.00046090001706033945,0.0027042001020163298,1
60,0.0003635999746620655,0.0,0.00036479998379945755,0
61,0.0001737999264150858,0.0,0.00017469993326812983,0
62,0.00019459996838122606,0.0,0.00019569997675716877,0
63,0.0001700000138953328,0.0,0.00017090002074837685,0
64,0.00016709999181330204,0.0,0.00016789999790489674,0
65,0.00018510001245886087,0.0,0.0001860000193119049,0
66,0.00016759999562054873,0.0,0.00016849988605827093,0
67,0.0001653999788686633,0.0,0.000166199984960258,0
68,0.0001852000132203102,0.0,0.0001860000193119049,0
69,0.00016629998572170734,0.00041729991789907217,0.0023319999454542994,1
70,0.0003160000778734684,0.0,0.0003173000877723098,0
71,0.0001724000321701169,0.0,0.00017330003902316093,0
72,0.00019459996838122606,0.0,0.0001954999752342701,0
73,0.00016679998952895403,0.0,0.00016759999562054873,0
74,0.00017190002836287022,0.0,0.00017290003597736359,0
75,0.00018099998123943806,0.0,0.00018179998733103275,0
76,0.00016960001084953547,0.0,0.00017040001694113016,0
77,0.00016659998800605536,0.0,0.00016739999409765005,0
78,0.0001805000938475132,0.0,0.0001813000999391079,0
79,0.00017070001922547817,0.0003999000182375312,0.002241400070488453,1
80,0.00036079995334148407,0.0,0.0003619999624788761,0
81,0.0002250999677926302,0.0,0.00022609997540712357,0
82,0.0002416999777778983,0.0,0.00024259998463094234,0
83,0.00017879996448755264,0.0,0.00017969997134059668,0
84,0.00016870000399649143,0.0,0.00016960001084953547,0
85,0.00018540001474320889,0.0,0.00018630002159625292,0
86,0.00016729999333620071,0.0,0.0001680999994277954,0
87,0.00016480009071528912,0.0,0.00016570009756833315,0
88,0.00018119998276233673,0.0,0.00018209998961538076,0
89,0.0001799999736249447,0.000381499994546175,0.002430900000035763,1
90,0.00043329992331564426,0.0,0.00043459993321448565,0
91,0.00022559997159987688,0.0,0.00022649997845292091,0
92,0.0001930000726133585,0.0,0.00019400008022785187,0
93,0.00016840000171214342,0.0,0.00016920000780373812,0
94,0.00016579998191446066,0.0,0.0001666999887675047,0
95,0.00017959997057914734,0.0,0.0001805999781936407,0
96,0.00017099990509450436,0.0,0.00017199991270899773,0
97,0.0001650999765843153,0.0,0.00016589998267591,0
98,0.0001775999553501606,0.0,0.00017859996296465397,0
99,0.00016489997506141663,0.00038620003033429384,0.002469999948516488,1
100,0.00041480001527816057,0.0,0.00041619990952312946,0
101,0.00022389995865523815,0.0,0.00022489996626973152,0
102,0.00024039996787905693,0.0,0.00024149997625499964,0
103,0.0001716000260785222,0.0,0.00017250003293156624,0
104,0.0001708000199869275,0.0,0.00017180002760142088,0
105,0.00017919996753335,0.0,0.00018009997438639402,0
106,0.00016559998039156199,0.0,0.00016639998648315668,0
107,0.00016519997734576464,0.0,0.00016609998419880867,0
108,0.00017690006643533707,0.0,0.00017790007404983044,0
109,0.0001740000443533063,0.00044600002001971006,0.002404400031082332,1
110,0.0002960000419989228,0.0,0.00029710005037486553,0
111,0.00017129990737885237,0.0,0.0001721999142318964,0
112,0.00019130005966871977,0.0,0.0001922000665217638,0
113,0.00019990000873804092,0.0,0.0002009000163525343,0
114,0.00016519997734576464,0.0,0.00016609998419880867,0
115,0.0001802999759092927,0.0,0.0001810999820008874,0
116,0.0001669001067057252,0.0,0.00016769999638199806,0
117,0.00016549997963011265,0.0,0.00016629998572170734,0
118,0.00018119998276233673,0.0,0.00018209998961538076,0
119,0.00016459997277706861,0.00036319997161626816,0.0024744999827817082,1
120,0.0003486999776214361,0.0,0.0003499999875202775,0
121,0.00018900004215538502,0.0,0.0001900000497698784,0
122,0.00019219995010644197,0.0,0.00019319995772093534,0
123,0.0001666999887675047,0.0,0.00016769999638199806,0
124,0.00016480009071528912,0.0,0.00016559998039156199,0
125,0.0001770000671967864,0.0,0.00017800007481127977,0
126,0.00016589998267591,0.0,0.00016689999029040337,0
127,0.00018690002616494894,0.0,0.0001879000337794423,0
128,0.00017950008623301983,0.0,0.0001805000938475132,0
129,0.00016459997277706861,0.0003757000667974353,0.002548700082115829,1
130,0.00043519993778318167,0.0,0.0004363999469205737,0
131,0.00022389995865523815,0.0,0.00022499996703118086,0
132,0.00023999996483325958,0.0,0.00024099997244775295,0
133,0.0001759999431669712,0.0,0.00017689995002001524,0
134,0.00016739999409765005,0.0,0.00016820000018924475,0
135,0.00017829996068030596,0.0,0.00017919996753335,0
136,0.00016489997506141663,0.0,0.00016579998191446066,0
137,0.00016430008690804243,0.0,0.00016510009299963713,0
138,0.00017660006415098906,0.0,0.00017740007024258375,0
139,0.00016820000018924475,0.00039629999082535505,0.0024107000790536404,1
140,0.00030509999487549067,0.0,0.0003063000040128827,0
141,0.00017060001846402884,0.0,0.0001716000260785222,0
142,0.00020729994866997004,0.0,0.00020849995780736208,0
143,0.0002785000251606107,0.0,0.0002796000335365534,0
144,0.00024910003412514925,0.0,0.0002501000417396426,0
145,0.00019179994706064463,0.0,0.000193099956959486,0
146,0.00031450006645172834,0.0,0.0003158000763505697,0
147,0.00019690010230988264,0.0,0.00019779999274760485,0
148,0.0001832999987527728,0.0,0.00018420000560581684,0
149,0.00016499997582286596,0.00041610002517700195,0.002689699991606176,1
150,0.0003119000466540456,0.0,0.00031320005655288696,0
151,0.00017220003064721823,0.0,0.00017310003750026226,0
152,0.00019299995619803667,0.0,0.00019399996381253004,0
153,0.00017229991499334574,0.0,0.0001732999226078391,0
154,0.00016649998724460602,0.0,0.00016729999333620071,0
155,0.00017899996601045132,0.0,0.0001799999736249447,0
156,0.00016609998419880867,0.0,0.00016689999029040337,0
157,0.00016519997734576464,0.0,0.00016609998419880867,0
158,0.00017659994773566723,0.0,0.00017749995458871126,0
159,0.0001697000116109848,0.00036150007508695126,0.002445199992507696,1
160,0.00044079998042434454,0.0,0.0004419999895617366,0
161,0.00017669994849711657,0.0,0.00017769995611160994,0
162,0.0001900999341160059,0.0,0.0001911999424919486,0
163,0.00016609998419880867,0.0,0.0001669999910518527,0
164,0.00016379996668547392,0.0,0.00016459997277706861,0
165,0.00017819995991885662,0.0,0.00017909996677190065,0
166,0.00016489997506141663,0.0,0.00016579998191446066,0
167,0.00016870000399649143,0.0,0.0001694998936727643,0
168,0.00017720006871968508,0.0,0.0001781000755727291,0
169,0.0001637000823393464,0.0003700999077409506,0.00249660003464669,1
170,0.00031180004589259624,0.0,0.0003130000550299883,0
171,0.0001650999765843153,0.0,0.00016599998343735933,0
172,0.00018590001855045557,0.0,0.00018679990898817778,0
173,0.00016119994688779116,0.0,0.0001620999537408352,0
174,0.00015860004350543022,0.0,0.00015950005035847425,0
175,0.0001705000177025795,0.0,0.0001713000237941742,0
176,0.00016199995297938585,0.0,0.00016289995983242989,0
177,0.00015870004426687956,0.0,0.00015949993394315243,0
178,0.0001702000154182315,0.0,0.00017100002150982618,0
179,0.00015829992480576038,0.0004118999931961298,0.0029510000022128224,1
180,0.0003098000306636095,0.0,0.00031100003980100155,0
181,0.00016629998572170734,0.0,0.00016719999257475138,0
182,0.00019519997294992208,0.0,0.00019619998056441545,0
183,0.00016059994231909513,0.0,0.00016139994841068983,0
184,0.00016000005416572094,0.0,0.00016080006025731564,0
185,0.00017290003597736359,0.0,0.00017390004359185696,0
186,0.00015879992861300707,0.0,0.00015959993470460176,0
187,0.00015909993089735508,0.0,0.0001599999377503991,0
188,0.00017610006034374237,0.0,0.00017720006871968508,0
189,0.00015890004578977823,0.000367600005120039,0.0023608000483363867,1
190,0.0002921000123023987,0.0,0.0002933000214397907,0
191,0.00017060001846402884,0.0,0.00017159990966320038,0
192,0.0001903000520542264,0.0,0.00019130005966871977,0
193,0.00016270007472485304,0.0,0.0001637000823393464,0
194,0.000161500065587461,0.0,0.0001623000716790557,0
195,0.00017420004587620497,0.0,0.00017520005349069834,0
196,0.00015989993698894978,0.0,0.0001607999438419938,0
197,0.00016299996059387922,0.0,0.00016379996668547392,0
198,0.0001713000237941742,0.0,0.00017220003064721823,0
199,0.0001583000412210822,0.0003809999907389283,0.002405200037173927,1
200,0.00032750004902482033,0.0,0.00032870005816221237,0
201,0.00016579998191446066,0.0,0.00016679998952895403,0
202,0.0001841000048443675,0.0,0.0001852000132203102,0
203,0.0001604999415576458,0.0,0.00016139994841068983,0
204,0.00015860004350543022,0.0,0.00015940004959702492,0
205,0.00017180002760142088,0.0,0.0001727000344544649,0
206,0.00016519997734576464,0.0,0.00016609998419880867,0
207,0.00015849992632865906,0.0,0.0001593999331817031,0
208,0.0001721000298857689,0.0,0.00017300003673881292,0
209,0.0001591000473126769,0.0003915999550372362,0.003032800043001771,1
210,0.0003040999872609973,0.0,0.00030519999563694,0
211,0.00016729999333620071,0.0,0.00016840000171214342,0
212,0.00019269995391368866,0.0,0.00019369996152818203,0
213,0.00016249995678663254,0.0,0.00016329996287822723,0
214,0.00016059994231909513,0.0,0.0001612999476492405,0
215,0.00017250003293156624,0.0,0.00017340003978461027,0
216,0.0001596000511199236,0.0,0.0001604000572115183,0
217,0.00015890004578977823,0.0,0.00015970005188137293,0
218,0.00017549993935972452,0.0,0.00017629994545131922,0
219,0.00015879992861300707,0.0003576000453904271,0.0024378999369218946,1
220,0.00037489994429051876,0.0,0.0003760999534279108,0
221,0.00017580005805939436,0.0,0.0001767000649124384,0
222,0.00018880004063248634,0.0,0.0001898000482469797,0
223,0.00016520009376108646,0.0,0.00016620010137557983,0
224,0.0001626000739634037,0.0,0.00016330007929354906,0
225,0.00017440004739910364,0.0,0.00017520005349069834,0
226,0.00016769999638199806,0.0,0.0001686000032350421,0
227,0.00016120006330311298,0.0,0.00016210007015615702,0
228,0.0001721000298857689,0.0,0.00017290003597736359,0
229,0.00016109994612634182,0.00035880005452781916,0.0024689999409019947,1
230,0.00029310001991689205,0.0,0.0002943000290542841,0
231,0.00016430008690804243,0.0,0.00016519997734576464,0
232,0.00018510001245886087,0.0,0.00018610002007335424,0
233,0.00016119994688779116,0.0,0.0001620999537408352,0
234,0.00015829992480576038,0.0,0.00015919993165880442,0
235,0.00017529993783682585,0.0,0.00017629994545131922,0
236,0.0001599000534042716,0.0,0.0001607000594958663,0
237,0.00015870004426687956,0.0,0.00015950005035847425,0
238,0.00016990001313388348,0.0,0.00017069990281015635,0
239,0.00015840004198253155,0.00037399993743747473,0.002517100074328482,1
240,0.00027980003505945206,0.0,0.0002810000441968441,0
241,0.00016489997506141663,0.0,0.00016589998267591,0
242,0.0001852000132203102,0.0,0.00018630002159625292,0
243,0.00016139994841068983,0.0,0.00016219995450228453,0
244,0.0001639999682083726,0.0,0.00016489997506141663,0
245,0.00017359992489218712,0.0,0.00017439993098378181,0
246,0.0001588999293744564,0.0,0.0001596999354660511,0
247,0.00015820004045963287,0.0,0.00015900004655122757,0
248,0.00016950001008808613,0.0,0.00017040001694113016,0
249,0.0001588000450283289,0.00036069995258003473,0.0026485000271350145,1
250,0.00033439998514950275,0.0,0.0003355999942868948,0
251,0.00016589998267591,0.0,0.00016679998952895403,0
252,0.0001919999485835433,0.0,0.00019289995543658733,0
253,0.0001623999560251832,0.0,0.0001631999621167779,0
254,0.00015899993013590574,0.0,0.00015989993698894978,0
255,0.0001724000321701169,0.0,0.00017340003978461027,0
256,0.0001588000450283289,0.0,0.0001599000534042716,0
257,0.0001580999232828617,0.0,0.00015909993089735508,0
258,0.0001751999370753765,0.0,0.00017609994392842054,0
259,0.00015930004883557558,0.0003776999656111002,0.002511700033210218,1
260,0.0003217000048607588,0.0,0.00032300001475960016,0
261,0.0001666999887675047,0.0,0.00016769999638199806,0
262,0.0001868999097496271,0.0,0.00018789991736412048,0
263,0.00016199995297938585,0.0,0.00016279995907098055,0
264,0.00015790003817528486,0.0,0.00015890004578977823,0
265,0.0001713000237941742,0.0,0.00017220003064721823,0
266,0.00016299996059387922,0.0,0.00016379996668547392,0
267,0.00015680002979934216,0.0,0.00015769992023706436,0
268,0.00016950001008808613,0.0,0.00017040001694113016,0
269,0.00015769992023706436,0.00036880001425743103,0.0024833999341353774,1
270,0.0003081999020650983,0.0,0.000309599912725389,0
271,0.00016469997353851795,0.0,0.00016579998191446066,0
272,0.0001852000132203102,0.0,0.00018630002159625292,0
273,0.00016240007244050503,0.0,0.0001634000800549984,0
274,0.00015930004883557558,0.0,0.00016020005568861961,0
275,0.00017609994392842054,0.0,0.00017699995078146458,0
276,0.00016069994308054447,0.0,0.0001615999499335885,0
277,0.00015959993470460176,0.0,0.00016039994079619646,0
278,0.00017200002912431955,0.0,0.00017290003597736359,0
279,0.0001580000389367342,0.0003782999701797962,0.002492200001142919,1
280,0.0003819999983534217,0.0,0.00038330000825226307,0
281,0.0002196000423282385,0.0,0.00022060004994273186,0
282,0.00023760006297379732,0.0,0.00023870007134974003,0
283,0.000206099939532578,0.0,0.00020709994714707136,0
284,0.00017360004130750895,0.0,0.00017470004968345165,0
285,0.00018010009080171585,0.0,0.00018110009841620922,0
286,0.00016250007320195436,0.0,0.00016350008081644773,0
287,0.00015950005035847425,0.0,0.00016050005797296762,0
288,0.0003152000717818737,0.0,0.0003163000801578164,0
289,0.00021780002862215042,0.00036259996704757214,0.002658100100234151,1
290,0.0002975000534206629,0.0,0.0002989000640809536,0
291,0.00016499997582286596,0.0,0.00016609998419880867,0
292,0.00018910004291683435,0.0,0.00019020005129277706,0
293,0.0001634000800549984,0.0,0.0001642999704927206,0
294,0.00015980005264282227,0.0,0.0001607000594958663,0
295,0.00017960008699446917,0.0,0.0001805000938475132,0
296,0.0001607000594958663,0.0,0.000161500065587461,0
297,0.00016080006025731564,0.0,0.00016160006634891033,0
298,0.00017199991270899773,0.0,0.0001729999203234911,0
299,0.00016029994003474712,0.0004190000472590327,0.00265220005530864,1
300,0.0003760999534279108,0.0,0.00037729996256530285,0
301,0.0002188999205827713,0.0,0.00021989992819726467,0
302,0.00022449996322393417,0.0,0.00022569997236132622,0
303,0.0001647999742999673,0.0,0.00016579998191446066,0
304,0.00016139994841068983,0.0,0.00016229995526373386,0
305,0.00017619994468986988,0.0,0.00017709995154291391,0
306,0.00016130006406456232,0.0,0.00016229995526373386,0
307,0.00015900004655122757,0.0,0.0001599000534042716,0
308,0.00017720006871968508,0.0,0.00017800007481127977,0
309,0.00015890004578977823,0.0003755999496206641,0.0026866000844165683,1
310,0.00030239997431635857,0.0,0.00030369998421519995,0
311,0.00016549997963011265,0.0,0.0001666999887675047,0
312,0.00018619990441948175,0.0,0.00018729991279542446,0
313,0.00016279995907098055,0.0,0.00016369996592402458,0
314,0.00016030005645006895,0.0,0.00016140006482601166,0
315,0.00017950008623301983,0.0,0.0001805999781936407,0
316,0.00016130006406456232,0.0,0.00016220007091760635,0
317,0.00016769999638199806,0.0,0.0001686000032350421,0
318,0.00017419992946088314,0.0,0.00017529993783682585,0
319,0.00016120006330311298,0.00038139999378472567,0.0027525000041350722,1
320,0.000308999908156693,0.0,0.000310199917294085,0
321,0.00016549997963011265,0.0,0.00016659998800605536,0
322,0.0001897999318316579,0.0,0.0001908999402076006,0
323,0.00016199995297938585,0.0,0.00016289995983242989,0
324,0.00015940004959702492,0.0,0.00016039994079619646,0
325,0.00017460004892200232,0.0,0.00017550005577504635,0
326,0.00016080006025731564,0.0,0.000161800067871809,0
327,0.0001593999331817031,0.0,0.00016029994003474712,0
328,0.0001748999347910285,0.0,0.00017589994240552187,0
329,0.00016009993851184845,0.000376800075173378,0.002687999978661537,1
330,0.000295699923299253,0.0,0.00029719993472099304,0
331,0.00016549997963011265,0.0,0.00016649998724460602,0
332,0.0001852000132203102,0.0,0.00018620002083480358,0
333,0.00016130006406456232,0.0,0.00016210007015615702,0
334,0.00015790003817528486,0.0,0.00015870004426687956,0
335,0.0001721999142318964,0.0,0.0001729999203234911,0
336,0.00016459997277706861,0.0,0.00016549997963011265,0
337,0.00015820004045963287,0.0,0.00015909993089735508,0
338,0.00017040001694113016,0.0,0.0001713000237941742,0
339,0.0001588999293744564,0.0003730000462383032,0.002602399908937514,1
340,0.0003000999568030238,0.0,0.0003013999667018652,0
341,0.00016419996973127127,0.0,0.00016519997734576464,0
342,0.00018420000560581684,0.0,0.00018530001398175955,0
343,0.0001623000716790557,0.0,0.00016330007929354906,0
344,0.0001639999682083726,0.0,0.00016499997582286596,0
345,0.00017310003750026226,0.0,0.00017410004511475563,0
346,0.00015860004350543022,0.0,0.00015940004959702492,0
347,0.0001577999209985137,0.0,0.0001585999270901084,0
348,0.00017100002150982618,0.0,0.00017190002836287022,0
349,0.00015930004883557558,0.0003557000309228897,0.0026740001048892736,1
350,0.00038159999530762434,0.0,0.00038300000596791506,0
351,0.0002202000468969345,0.0,0.00022120005451142788,0
352,0.0001906000543385744,0.0,0.00019170006271451712,0
353,0.0001642999704927206,0.0,0.00016519997734576464,0
354,0.00015980005264282227,0.0,0.00016060005873441696,0
355,0.0001724999165162444,0.0,0.00017349992413073778,0
356,0.00015940004959702492,0.0,0.00016020005568861961,0
357,0.0001631000777706504,0.0,0.00016400008462369442,0
358,0.00017060001846402884,0.0,0.00017150002531707287,0
359,0.00015829992480576038,0.00036910001654177904,0.0029383000219240785,1
360,0.00033850001636892557,0.0,0.00033980002626776695,0
361,0.0001677999971434474,0.0,0.00016880000475794077,0
362,0.00018960004672408104,0.0,0.00019070005510002375,0
363,0.0002044999273493886,0.0,0.0002055999357253313,0
364,0.00015989993698894978,0.0,0.0001607999438419938,0
365,0.00017370004206895828,0.0,0.00017470004968345165,0
366,0.00015950005035847425,0.0,0.0001604000572115183,0
367,0.0001585999270901084,0.0,0.00015949993394315243,0
368,0.00017150002531707287,0.0,0.00017260003369301558,0
369,0.0001637000823393464,0.0003687998978421092,0.0026233000680804253,1
370,0.00029550003819167614,0.0,0.00029660004656761885,0
371,0.00019770010840147734,0.0,0.00019880000036209822,0
372,0.0001876000314950943,0.0,0.00018850003834813833,0
373,0.00016130006406456232,0.0,0.0001620999537408352,0
374,0.00015769992023706436,0.0,0.00015849992632865906,0
375,0.0001727000344544649,0.0,0.0001735000405460596,0
376,0.00016330007929354906,0.0,0.00016409996896982193,0
377,0.00015670002903789282,0.0,0.00015750003512948751,0
378,0.00017069990281015635,0.0,0.00017149990890175104,0
379,0.00015900004655122757,0.0003752999473363161,0.002702099969610572,1
380,0.00028819998260587454,0.0,0.0002894999925047159,0
381,0.00016480009071528912,0.0,0.00016570009756833315,0
382,0.00018700002692639828,0.0,0.00018800003454089165,0
383,0.00016139994841068983,0.0,0.00016229995526373386,0
384,0.00016379996668547392,0.0,0.00016469997353851795,0
385,0.0001737999264150858,0.0,0.00017469993326812983,0
386,0.00016099994536489248,0.0,0.00016189995221793652,0
387,0.00015890004578977823,0.0,0.00015980005264282227,0
388,0.00017120002303272486,0.0,0.0001721000298857689,0
389,0.0001596999354660511,0.0003635999746620655,0.0027187999803572893,1
390,0.00030770001467317343,0.0,0.00030890002381056547,0
391,0.00016549997963011265,0.0,0.00016649998724460602,0
392,0.0004143998958170414,0.0,0.0004156999057158828,0
393,0.00017140002455562353,0.0,0.00017250003293156624,0
394,0.00016200006939470768,0.0,0.00016280007548630238,0
395,0.00019689998589456081,0.0,0.00019779999274760485,0
396,0.0001846000086516142,0.0,0.00018560001626610756,0
397,0.00015869992785155773,0.0,0.00015959993470460176,0
398,0.00017220003064721823,0.0,0.0001732000382617116,0
399,0.00015980005264282227,0.00035580003168433905,0.002951700007542968,1
400,0.0003611999563872814,0.0,0.00036259996704757214,0
401,0.0002210000529885292,0.0,0.00022200006060302258,0
402,0.00019339995924383402,0.0,0.0001943999668583274,0
403,0.0001639999682083726,0.0,0.00016499997582286596,0
404,0.00016000005416572094,0.0,0.0001610000617802143,0
405,0.00017359992489218712,0.0,0.0001745999325066805,0
406,0.0001604999415576458,0.0,0.00016149994917213917,0
407,0.00016339996363967657,0.0,0.0001642999704927206,0
408,0.00017290003597736359,0.0,0.00017380004283040762,0
409,0.0001610000617802143,0.0003714000340551138,0.0027139000594615936,1
410,0.00037779996637254953,0.0,0.00037919997703284025,0
411,0.00016729999333620071,0.0,0.00016820000018924475,0
412,0.000188700039871037,0.0,0.00018970004748553038,0
413,0.00016179995145648718,0.0,0.00016279995907098055,0
414,0.00016559998039156199,0.0,0.00016649998724460602,0
415,0.00017349992413073778,0.0,0.00017449993174523115,0
416,0.00015909993089735508,0.0,0.00015989993698894978,0
417,0.00015850004274398088,0.0,0.00015940004959702492,0
418,0.00017070001922547817,0.0,0.0001716000260785222,0
419,0.00015839992556720972,0.0003723000409081578,0.002780199982225895,1
420,0.00029520003590732813,0.0,0.00029640004504472017,0
421,0.00016930000856518745,0.0,0.000170299899764359,0
422,0.00018640002235770226,0.0,0.00018740002997219563,0
423,0.00016029994003474712,0.0,0.00016119994688779116,0
424,0.00015829992480576038,0.0,0.00015929993242025375,0
425,0.00018829992040991783,0.0,0.00018939992878586054,0
426,0.00016249995678663254,0.0,0.00016339996363967657,0
427,0.0001639999682083726,0.0,0.00016489997506141663,0
428,0.0001716000260785222,0.0,0.00017250003293156624,0
429,0.00015840004198253155,0.0003594999434426427,0.003688100026920438,1
430,0.0003557999152690172,0.0,0.00035719992592930794,0
431,0.00016569998115301132,0.0,0.0001666999887675047,0
432,0.00018809991888701916,0.0,0.00018909992650151253,0
433,0.00016279995907098055,0.0,0.00016379996668547392,0
434,0.0001642999704927206,0.0,0.00016529997810721397,0
435,0.00017369992565363646,0.0,0.00017479993402957916,0
436,0.00016080006025731564,0.0,0.00016170006711035967,0
437,0.0001599000534042716,0.0,0.0001607000594958663,0
438,0.00017110002227127552,0.0,0.0001721000298857689,0
439,0.0001596999354660511,0.00039790000300854445,0.002838799962773919,1
440,0.00033439998514950275,0.0,0.0003355999942868948,0
441,0.00016649998724460602,0.0,0.00016739999409765005,0
442,0.00018859992269426584,0.0,0.00018969993107020855,0
443,0.00016139994841068983,0.0,0.0001623999560251832,0
444,0.0001591000473126769,0.0,0.00016010005492717028,0
445,0.0001727000344544649,0.0,0.00017360004130750895,0
446,0.0001642999704927206,0.0,0.00016529997810721397,0
447,0.00016069994308054447,0.0,0.00016169995069503784,0
448,0.00017169991042464972,0.0,0.00017259991727769375,0
449,0.00015950005035847425,0.00036949990317225456,0.0028297000098973513,1
450,0.000301400083117187,0.0,0.00030250009149312973,0
451,0.00016379996668547392,0.0,0.00016489997506141663,0
452,0.00018830003682523966,0.0,0.00018940004520118237,0
453,0.00020150002092123032,0.0,0.00020260002929717302,0
454,0.0001572000328451395,0.0,0.0001580999232828617,0
455,0.00017200002912431955,0.0,0.00017280003521591425,0
456,0.00015819992404431105,0.0,0.00015909993089735508,0
457,0.0001577000366523862,0.0,0.00015850004274398088,0
458,0.00017090002074837685,0.0,0.00017180002760142088,0
459,0.000166199984960258,0.00034359993878751993,0.002978899981826544,1
460,0.0004157000221312046,0.0,0.00041720003355294466,0
461,0.00021850003395229578,0.0,0.00021950004156678915,0
462,0.0002391999587416649,0.0,0.0002402999671176076,0
463,0.0001666999887675047,0.0,0.00016759999562054873,0
464,0.00016549997963011265,0.0,0.00016649998724460602,0
465,0.0001762000611051917,0.0,0.00017710006795823574,0
466,0.00016120006330311298,0.0,0.00016220007091760635,0
467,0.00016010005492717028,0.0,0.0001610000617802143,0
468,0.00017269991803914309,0.0,0.00017359992489218712,0
469,0.00016309996135532856,0.00037400005385279655,0.002821899950504303,1
470,0.00030640000477433205,0.0,0.0003076998982578516,0
471,0.00016369996592402458,0.0,0.00016469997353851795,0
472,0.0001857000170275569,0.0,0.00018670002464205027,0
473,0.00016050005797296762,0.0,0.000161500065587461,0
474,0.00015759991947561502,0.0,0.00015849992632865906,0
475,0.0001708000199869275,0.0,0.00017170002683997154,0
476,0.0001604000572115183,0.0,0.00016120006330311298,0
477,0.00015689991414546967,0.0,0.00015769992023706436,0
478,0.00016920000780373812,0.0,0.00017010001465678215,0
479,0.00015769992023706436,0.0003755000652745366,0.0028805999318137765,1
480,0.0003138999454677105,0.0,0.0003151999553665519,0
481,0.0001669999910518527,0.0,0.00016799999866634607,0
482,0.00019010005053132772,0.0,0.0001911000581458211,0
483,0.00019560009241104126,0.0,0.00019640009850263596,0
484,0.00016140006482601166,0.0,0.0001623000716790557,0
485,0.00017420004587620497,0.0,0.00017520005349069834,0
486,0.00015879992861300707,0.0,0.00015959993470460176,0
487,0.00015790003817528486,0.0,0.0001588000450283289,0
488,0.00017120002303272486,0.0,0.000175100052729249,0
489,0.00016080006025731564,0.0003621999640017748,0.0028430999955162406,1
490,0.0003717999206855893,0.0,0.0003730999305844307,0
491,0.0001669999910518527,0.0,0.00016799999866634607,0
492,0.00019589997828006744,0.0,0.00019689998589456081,0
493,0.00016380008310079575,0.0,0.00016470008995383978,0
494,0.00016090006101876497,0.0,0.000161800067871809,0
495,0.0002606000052765012,0.0,0.0002615998964756727,0
496,0.00017300003673881292,0.0,0.00017380004283040762,0
497,0.00015900004655122757,0.0,0.00015980005264282227,0
498,0.00017539993859827518,0.0,0.0001764999469742179,0
499,0.00016029994003474712,0.00038139999378472567,0.0036805999698117375,1
500,0.00031500007025897503,0.0,0.00031640008091926575,0
501,0.00016739999409765005,0.0,0.00016840000171214342,0
502,0.0001935999607667327,0.0,0.0001946999691426754,0
503,0.00016189995221793652,0.0,0.00016279995907098055,0
504,0.00016039994079619646,0.0,0.00016119994688779116,0
505,0.00017220003064721823,0.0,0.0001732000382617116,0
506,0.0001596000511199236,0.0,0.00016050005797296762,0
507,0.00015849992632865906,0.0,0.00015949993394315243,0
508,0.00017629994545131922,0.0,0.0001772999530658126,0
509,0.00016000005416572094,0.0003871999215334654,0.0028454000130295753,1
510,0.00028170004952698946,0.0,0.0002828999422490597,0
511,0.00016379996668547392,0.0,0.0001647999742999673,0
512,0.00018589990213513374,0.0,0.0001868999097496271,0
513,0.0001612999476492405,0.0,0.0001620999537408352,0
514,0.00015810003969818354,0.0,0.0001591000473126769,0
515,0.0001778000732883811,0.0,0.00017870008014142513,0
516,0.00015860004350543022,0.0,0.00015940004959702492,0
517,0.00015919993165880442,0.0,0.0001601999392732978,0
518,0.00017120002303272486,0.0,0.00017220003064721823,0
519,0.00015840004198253155,0.00037919997703284025,0.0029129000613465905,1
520,0.00033820001408457756,0.0,0.00033950002398341894,0
521,0.0001857000170275569,0.0,0.00018670002464205027,0
522,0.00018720002844929695,0.0,0.00018830003682523966,0
523,0.000161500065587461,0.0,0.00016240007244050503,0
524,0.00015840004198253155,0.0,0.00015920004807412624,0
525,0.00017239991575479507,0.0,0.0001732999226078391,0
526,0.00016459997277706861,0.0,0.00016559998039156199,0
527,0.00015849992632865906,0.0,0.00015919993165880442,0
528,0.00017120002303272486,0.0,0.0001721000298857689,0
529,0.00015799992252141237,0.0003646999830380082,0.0030532999662682414,1
530,0.00036369997542351484,0.0,0.0003649999853223562,0
531,0.00022109993733465672,0.0,0.00022219994571059942,0
532,0.00019429996609687805,0.0,0.00019529997371137142,0
533,0.0001642999704927206,0.0,0.00016529997810721397,0
534,0.0001612999476492405,0.0,0.00016219995450228453,0
535,0.00017399992793798447,0.0,0.00017479993402957916,0
536,0.00015930004883557558,0.0,0.00016020005568861961,0
537,0.00016419996973127127,0.0,0.0001650999765843153,0
538,0.00017370004206895828,0.0,0.00017460004892200232,0
539,0.00015980005264282227,0.0003797999816015363,0.003170300042256713,1
540,0.0003560000332072377,0.0,0.00035740004386752844,0
541,0.00021789991296827793,0.0,0.00021899992134422064,0
542,0.00019209994934499264,0.0,0.00019319995772093534,0
543,0.00016259995754808187,0.0,0.0001634999644011259,0
544,0.00015989993698894978,0.0,0.00016089994460344315,0
545,0.00017330003902316093,0.0,0.00017410004511475563,0
546,0.0001604000572115183,0.0,0.00016130006406456232,0
547,0.0001620999537408352,0.0,0.00016309996135532856,0
548,0.0001724999165162444,0.0,0.00017349992413073778,0
549,0.00015860004350543022,0.0003637999761849642,0.00288909999653697,1
550,0.00030150008387863636,0.0,0.00030280009377747774,0
551,0.00016489997506141663,0.0,0.00016589998267591,0
552,0.00018670002464205027,0.0,0.00018780003301799297,0
553,0.00016280007548630238,0.0,0.00016380008310079575,0
554,0.00017769995611160994,0.0,0.0001786999637261033,0
555,0.0001740000443533063,0.0,0.00017500005196779966,0
556,0.00015810003969818354,0.0,0.00015900004655122757,0
557,0.00015769992023706436,0.0,0.0001585999270901084,0
558,0.0001716000260785222,0.0,0.00017250003293156624,0
559,0.0001634000800549984,0.0003789999755099416,0.002956500044092536,1
560,0.00030999991577118635,0.0,0.00031129992567002773,0
561,0.00016609998419880867,0.0,0.00016719999257475138,0
562,0.00018839992117136717,0.0,0.0001895999303087592,0
563,0.00016109994612634182,0.0,0.00016199995297938585,0
564,0.00016000005416572094,0.0,0.00016090006101876497,0
565,0.00017800007481127977,0.0,0.0001789000816643238,0
566,0.00016900000628083944,0.0,0.0001700000138953328,0
567,0.00015980005264282227,0.0,0.00016080006025731564,0
568,0.0001737999264150858,0.0,0.00017469993326812983,0
569,0.00015819992404431105,0.0003709000302478671,0.002904499997384846,1
570,0.0003269000444561243,0.0,0.0003280999371781945,0
571,0.00018309999722987413,0.0,0.00018420000560581684,0
572,0.0001868000254034996,0.0,0.0001879000337794423,0
573,0.00016080006025731564,0.0,0.000161800067871809,0
574,0.00016030005645006895,0.0,0.00016120006330311298,0
575,0.00017369992565363646,0.0,0.00017469993326812983,0
576,0.00016009993851184845,0.0,0.00016089994460344315,0
577,0.00016359996516257524,0.0,0.00016459997277706861,0
578,0.00017300003673881292,0.0,0.00017390004359185696,0
579,0.00015810003969818354,0.00037180003710091114,0.002945300075225532,1
580,0.0003008999628946185,0.0,0.00030209997203201056,0
581,0.00016309996135532856,0.0,0.00016409996896982193,0
582,0.00018720002844929695,0.0,0.00018810003530234098,0
583,0.00016659998800605536,0.0,0.00016759999562054873,0
584,0.00015870004426687956,0.0,0.00015950005035847425,0
585,0.00017280003521591425,0.0,0.00017370004206895828,0
586,0.00015929993242025375,0.0,0.0001601999392732978,0
587,0.00015869992785155773,0.0,0.00015949993394315243,0
588,0.0001705000177025795,0.0,0.00017140002455562353,0
589,0.00018019997514784336,0.00037070002872496843,0.00290669989772141,1
590,0.0003355999942868948,0.0,0.0003370000049471855,0
591,0.00016729999333620071,0.0,0.00016840000171214342,0
592,0.0001873000292107463,0.0,0.000188400037586689,0
593,0.00016200006939470768,0.0,0.0001629000762477517,0
594,0.00015850004274398088,0.0,0.00015950005035847425,0
595,0.0002445999998599291,0.0,0.0002457000082358718,0
596,0.0002509000478312373,0.0,0.000251700053922832,0
597,0.00016270007472485304,0.0,0.0001637000823393464,0
598,0.00021399999968707561,0.0,0.00021490000654011965,0
599,0.0002261999761685729,0.000381199992261827,0.0033704000525176525,1
600,0.0002837999491021037,0.0,0.00028519995976239443,0
601,0.0001642999704927206,0.0,0.00016529997810721397,0
602,0.0001892999280244112,0.0,0.00019049993716180325,0
603,0.00019170006271451712,0.0,0.00019269995391368866,0
604,0.00025320006534457207,0.0,0.0002543000737205148,0
605,0.0001813999842852354,0.0,0.00018229999113827944,0
606,0.00016259995754808187,0.0,0.00016339996363967657,0
607,0.0001583000412210822,0.0,0.00015930004883557558,0
608,0.00017280003521591425,0.0,0.00017370004206895828,0
609,0.0001642999704927206,0.00037249992601573467,0.0032392999855801463,1
610,0.0003043999895453453,0.0,0.0003056999994441867,0
611,0.00016459997277706861,0.0,0.00016569998115301132,0
612,0.00018779991660267115,0.0,0.00018879992421716452,0
613,0.0001653999788686633,0.0,0.00016629998572170734,0
614,0.00015949993394315243,0.0,0.00016029994003474712,0
615,0.00017170002683997154,0.0,0.00017260003369301558,0
616,0.0001604000572115183,0.0,0.00016120006330311298,0
617,0.00015849992632865906,0.0,0.00015929993242025375,0
618,0.00017090002074837685,0.0,0.00017170002683997154,0
619,0.00017830007709562778,0.00037969998084008694,0.0032216000836342573,1
620,0.00030049995984882116,0.0,0.00030179996974766254,0
621,0.00016279995907098055,0.0,0.00016379996668547392,0
622,0.00018690002616494894,0.0,0.00018799991812556982,0
623,0.00016130006406456232,0.0,0.00016220007091760635,0
624,0.00016190006863325834,0.0,0.00016280007548630238,0
625,0.00017220003064721823,0.0,0.0001732000382617116,0
626,0.00015929993242025375,0.0,0.00016009993851184845,0
627,0.00015730003360658884,0.0,0.00015820004045963287,0
628,0.0001697000116109848,0.0,0.00017070001922547817,0
629,0.00015780003741383553,0.0004048000555485487,0.003285999991931021,1
630,0.00031020003370940685,0.0,0.0003114000428467989,0
631,0.00016649998724460602,0.0,0.0001674999948590994,0
632,0.00019040005281567574,0.0,0.00019150006119161844,0
633,0.00016200006939470768,0.0,0.0001629000762477517,0
634,0.0001645000884309411,0.0,0.00016549997963011265,0
635,0.000175400055013597,0.0,0.00017630006186664104,0
636,0.00016060005873441696,0.0,0.000161500065587461,0
637,0.0001593999331817031,0.0,0.0001601999392732978,0
638,0.00017110002227127552,0.0,0.00017190002836287022,0
639,0.00015900004655122757,0.00036940001882612705,0.00363880000077188,1
640,0.000314100063405931,0.0,0.00031539995688945055,0
641,0.0001637000823393464,0.0,0.00016469997353851795,0
642,0.00019409996457397938,0.0,0.00019539997447282076,0
643,0.00016179995145648718,0.0,0.0001626999583095312,0
644,0.00016109994612634182,0.0,0.00016199995297938585,0
645,0.00017220003064721823,0.0,0.00017310003750026226,0
646,0.0001599000534042716,0.0,0.00016089994460344315,0
647,0.00017879996448755264,0.0,0.000179799972102046,0
648,0.0001852000132203102,0.0,0.00018609990365803242,0
649,0.0001588000450283289,0.00035170000046491623,0.0031105000525712967,1
650,0.0003364000003784895,0.0,0.0003375000087544322,0
651,0.00016529997810721397,0.0,0.00016639998648315668,0
652,0.00019689998589456081,0.0,0.00019809999503195286,0
653,0.00016170006711035967,0.0,0.00016280007548630238,0
654,0.00015849992632865906,0.0,0.00015949993394315243,0
655,0.00017220003064721823,0.0,0.00017309992108494043,0
656,0.00015810003969818354,0.0,0.00015900004655122757,0
657,0.000156999914906919,0.0,0.0001577999209985137,0
658,0.00017449993174523115,0.0,0.00017539993859827518,0
659,0.0001583000412210822,0.00037569995038211346,0.003034000052139163,1
660,0.0003866999177262187,0.0,0.00038819992914795876,0
661,0.00016729999333620071,0.0,0.00016830000095069408,0
662,0.00019010005053132772,0.0,0.00019130005966871977,0
663,0.00016759999562054873,0.0,0.0001686000032350421,0
664,0.0001610000617802143,0.0,0.00016190006863325834,0
665,0.00017380004283040762,0.0,0.00017470004968345165,0
666,0.00015979993622750044,0.0,0.00016069994308054447,0
667,0.00016029994003474712,0.0,0.00016119994688779116,0
668,0.00017170002683997154,0.0,0.00017280003521591425,0
669,0.00016390008386224508,0.0003671000013127923,0.003160900087095797,1
670,0.00042129994835704565,0.0,0.0004227999597787857,0
671,0.0002185999182984233,0.0,0.000219699926674366,0
672,0.00027820002287626266,0.0,0.00027930003125220537,0
673,0.00016030005645006895,0.0,0.00016120006330311298,0
674,0.00015630002599209547,0.0,0.00015730003360658884,0
675,0.00016960001084953547,0.0,0.0001705000177025795,0
676,0.00015480001457035542,0.0,0.0001556000206619501,0
677,0.00015620002523064613,0.0,0.00015700003132224083,0
678,0.00022110005374997854,0.0,0.00022200006060302258,0
679,0.0001561999088153243,0.00041560002136975527,0.0034542999928817153,1
680,0.0003565000370144844,0.0,0.0003579000476747751,0
681,0.000179799972102046,0.0,0.00018069997895509005,0
682,0.0001841000048443675,0.0,0.0001852000132203102,0
683,0.00015759991947561502,0.0,0.00015839992556720972,0
684,0.0001542000100016594,0.0,0.00015510001685470343,0
685,0.00016729999333620071,0.0,0.00016820000018924475,0
686,0.00015570002142339945,0.0,0.00015650002751499414,0
687,0.00015959993470460176,0.0,0.0001604999415576458,0
688,0.00016789999790489674,0.0,0.00016880000475794077,0
689,0.00015460001304745674,0.00039460009429603815,0.0033295999746769667,1
690,0.0003104000352323055,0.0,0.0003117000451311469,0
691,0.00016559998039156199,0.0,0.00016679998952895403,0
692,0.000188700039871037,0.0,0.00018960004672408104,0
693,0.00016120006330311298,0.0,0.00016210007015615702,0
694,0.0001596000511199236,0.0,0.0001604000572115183,0
695,0.00017229991499334574,0.0,0.0001732999226078391,0
696,0.00016099994536489248,0.0,0.00016189995221793652,0
697,0.00015810003969818354,0.0,0.00015900004655122757,0
698,0.0001700000138953328,0.0,0.00017100002150982618,0
699,0.00015929993242025375,0.00038760004099458456,0.0033054000232368708,1
700,0.000408699968829751,0.0,0.00041009997949004173,0
701,0.0001818999880924821,0.0,0.0001829999964684248,0
702,0.00018720002844929695,0.0,0.00018830003682523966,0
703,0.00016169995069503784,0.0,0.00016259995754808187,0
704,0.00015909993089735508,0.0,0.0001599999377503991,0
705,0.00017150002531707287,0.0,0.00017260003369301558,0
706,0.00018200010526925325,0.0,0.00018300011288374662,0
707,0.00017230003140866756,0.0,0.0001735000405460596,0
708,0.00017739995382726192,0.0,0.00017849996220320463,0
709,0.0001607999438419938,0.000377100077457726,0.0031051000114530325,1
710,0.0003256000345572829,0.0,0.00032680004369467497,0
711,0.00016469997353851795,0.0,0.00016569998115301132,0
712,0.00018750003073364496,0.0,0.00018860003910958767,0
713,0.00016160006634891033,0.0,0.0001626000739634037,0
714,0.00015789992175996304,0.0,0.00015869992785155773,0
715,0.00017479993402957916,0.0,0.00017579994164407253,0
716,0.0001642999704927206,0.0,0.00016529997810721397,0
717,0.00015940004959702492,0.0,0.00016029994003474712,0
718,0.00017180002760142088,0.0,0.0001727000344544649,0
719,0.00015839992556720972,0.00036880001425743103,0.0032315999269485474,1
720,0.00052579992916435,0.0,0.0005269999383017421,0
721,0.0001718999119475484,0.0,0.0001729999203234911,0
722,0.00019880000036209822,0.0,0.00019990000873804092,0
723,0.00016469997353851795,0.0,0.00016559998039156199,0
724,0.00016030005645006895,0.0,0.00016110006254166365,0
725,0.00017889996524900198,0.0,0.00017989997286349535,0
726,0.00016089994460344315,0.0,0.00016179995145648718,0
727,0.00015949993394315243,0.0,0.00016029994003474712,0
728,0.0001716000260785222,0.0,0.00017250003293156624,0
729,0.00015980005264282227,0.00037070002872496843,0.0033665000228211284,1
730,0.0004053000593557954,0.0,0.0004067000700160861,0
731,0.0002207000507041812,0.0,0.00022170005831867456,0
732,0.00024159997701644897,0.0,0.000242499983869493,0
733,0.0001925000688061118,0.0,0.00019350007642060518,0
734,0.00016130006406456232,0.0,0.00016220007091760635,0
735,0.00017530005425214767,0.0,0.0001762000611051917,0
736,0.00016169995069503784,0.0,0.0001626999583095312,0
737,0.0001601999392732978,0.0,0.00016119994688779116,0
738,0.00017390004359185696,0.0,0.00017479993402957916,0
739,0.00016549997963011265,0.00038400001358240843,0.0031180999940261245,1
740,0.00033730000723153353,0.0,0.0003386999014765024,0
741,0.00016609998419880867,0.0,0.0001669999910518527,0
742,0.00019079993944615126,0.0,0.0001919999485835433,0
743,0.0001623999560251832,0.0,0.00016339996363967657,0
744,0.0001653999788686633,0.0,0.00016639998648315668,0
745,0.00017359992489218712,0.0,0.00017449993174523115,0
746,0.0001607000594958663,0.0,0.00016169995069503784,0
747,0.00015870004426687956,0.0,0.00015950005035847425,0
748,0.0001708000199869275,0.0,0.00017180002760142088,0
749,0.00015949993394315243,0.00038970005698502064,0.003215900040231645,1
750,0.00037880009040236473,0.0,0.0003803001018241048,0
751,0.00021159998141229153,0.0,0.00021249998826533556,0
752,0.0002009000163525343,0.0,0.00020190002396702766,0
753,0.00020840007346123457,0.0,0.0002093000803142786,0
754,0.0001569000305607915,0.0,0.0001577000366523862,0
755,0.0002082999562844634,0.0,0.00020919996313750744,0
756,0.00016840000171214342,0.0,0.00016930000856518745,0
757,0.00015489989891648293,0.0,0.00015569990500807762,0
758,0.00024239998310804367,0.0,0.0002432999899610877,0
759,0.0001553000183776021,0.0003991000121459365,0.003853700007312,1
760,0.0003464000765234232,0.0,0.0003475999692454934,0
761,0.000188400037586689,0.0,0.00018960004672408104,0
762,0.000202300027012825,0.0,0.00020330003462731838,0
763,0.00017339992336928844,0.0,0.00017429993022233248,0
764,0.0002258999738842249,0.0,0.0002266999799758196,0
765,0.00017070001922547817,0.0,0.0001716000260785222,0
766,0.00015580002218484879,0.0,0.00015659991186112165,0
767,0.00015540001913905144,0.0,0.0001561000244691968,0
768,0.00016909989062696695,0.0,0.00016989989671856165,0
769,0.0001569000305607915,0.00048209994565695524,0.0036507999757304788,1
770,0.000372299924492836,0.0,0.0003735999343916774,0
771,0.00016649998724460602,0.0,0.0001674999948590994,0
772,0.00019470008555799723,0.0,0.00019590009469538927,0
773,0.0001631000777706504,0.0,0.00016400008462369442,0
774,0.00016170006711035967,0.0,0.0001626000739634037,0
775,0.00017500005196779966,0.0,0.00017580005805939436,0
776,0.00016039994079619646,0.0,0.00016119994688779116,0
777,0.00016219995450228453,0.0,0.00016309996135532856,0
778,0.00017349992413073778,0.0,0.00017429993022233248,0
779,0.0001591000473126769,0.00037999998312443495,0.0034435000270605087,1
780,0.00040659995283931494,0.0,0.00040829996578395367,0
781,0.00016689999029040337,0.0,0.00016789999790489674,0
782,0.00019059993792325258,0.0,0.00019159994553774595,0
783,0.00016329996287822723,0.0,0.00016419996973127127,0
784,0.00015899993013590574,0.0,0.00015979993622750044,0
785,0.00017140002455562353,0.0,0.00017229991499334574,0
786,0.00016379996668547392,0.0,0.00016459997277706861,0
787,0.00015820004045963287,0.0,0.00015900004655122757,0
788,0.00017120002303272486,0.0,0.00017220003064721823,0
789,0.00015899993013590574,0.00038920005317777395,0.0032568000024184585,1
790,0.0003515999997034669,0.0,0.0003529000096023083,0
791,0.0001669999910518527,0.0,0.00016799999866634607,0
792,0.00018930004443973303,0.0,0.0001903000520542264,0
793,0.00016069994308054447,0.0,0.00016169995069503784,0
794,0.00015949993394315243,0.0,0.00016029994003474712,0
795,0.00017410004511475563,0.0,0.00017509993631392717,0
796,0.00016469997353851795,0.0,0.00016549997963011265,0
797,0.00015950005035847425,0.0,0.0001604000572115183,0
798,0.00017220003064721823,0.0,0.0001732000382617116,0
799,0.00016119994688779116,0.0004029000410810113,0.0032168999314308167,1
800,0.00034849997609853745,0.0,0.0003496999852359295,0
801,0.00016490009147673845,0.0,0.00016590009909123182,0
802,0.0001865000231191516,0.0,0.00018740002997219563,0
803,0.00016099994536489248,0.0,0.00016179995145648718,0
804,0.00015849992632865906,0.0,0.0001593999331817031,0
805,0.00017150002531707287,0.0,0.0001724000321701169,0
806,0.00016520009376108646,0.0,0.00016600009985268116,0
807,0.00015940004959702492,0.0,0.00016030005645006895,0
808,0.00017159990966320038,0.0,0.00017239991575479507,0
809,0.00015930004883557558,0.00041690003126859665,0.003291600034572184,1
810,0.00046040001325309277,0.0,0.00046170002315193415,0
811,0.00027130008675158024,0.0,0.0002723000943660736,0
812,0.0001943999668583274,0.0,0.00019539997447282076,0
813,0.00018990004900842905,0.0,0.00019090005662292242,0
814,0.00018070009537041187,0.0,0.00018149998504668474,0
815,0.0001764999469742179,0.0,0.00017739995382726192,0
816,0.00020270003005862236,0.0,0.0002036000369116664,0
817,0.00017180002760142088,0.0,0.0001727000344544649,0
818,0.00017090002074837685,0.0,0.00017180002760142088,0
819,0.00015920004807412624,0.00039489998016506433,0.0036022000713273883,1
820,0.00042539997957646847,0.0,0.0004268999909982085,0
821,0.00020480004604905844,0.0,0.0002058000536635518,0
822,0.00019329995848238468,0.0,0.00019429996609687805,0
823,0.00016169995069503784,0.0,0.00016249995678663254,0
824,0.0001588999293744564,0.0,0.0001596999354660511,0
825,0.0001735000405460596,0.0,0.00017440004739910364,0
826,0.00015940004959702492,0.0,0.00016020005568861961,0
827,0.00016229995526373386,0.0,0.0001631999621167779,0
828,0.0001713999081403017,0.0,0.0001721999142318964,0
829,0.00015920004807412624,0.00039469997864216566,0.003377299988642335,1
830,0.00038510002195835114,0.0,0.00038650003261864185,0
831,0.00016799999866634607,0.0,0.00016920000780373812,0
832,0.0001892000436782837,0.0,0.0001903000520542264,0
833,0.0001629000762477517,0.0,0.00016390008386224508,0
834,0.00016000005416572094,0.0,0.00016090006101876497,0
835,0.00017319992184638977,0.0,0.0001740999286994338,0
836,0.00016389996744692326,0.0,0.0001647999742999673,0
837,0.00015919993165880442,0.0,0.0001599999377503991,0
838,0.00017110002227127552,0.0,0.00017200002912431955,0
839,0.0001593999331817031,0.00039499998092651367,0.0032260000007227063,1
840,0.00033359997905790806,0.0,0.00033489998895674944,0
841,0.00017090002074837685,0.0,0.00017190002836287022,0
842,0.0001922999508678913,0.0,0.00019329995848238468,0
843,0.0001634999644011259,0.0,0.00016439997125416994,0
844,0.00015989993698894978,0.0,0.0001607999438419938,0
845,0.00017380004283040762,0.0,0.000174800050444901,0
846,0.00016570009756833315,0.0,0.00016659998800605536,0
847,0.00016030005645006895,0.0,0.00016130006406456232,0
848,0.0001821999903768301,0.0,0.0001832999987527728,0
849,0.00016189995221793652,0.00043809995986521244,0.0036553998943418264,1
850,0.00037159991916269064,0.0,0.0003727999283000827,0
851,0.00016010005492717028,0.0,0.00016119994688779116,0
852,0.00018450000789016485,0.0,0.00018550001550465822,0
853,0.00019369996152818203,0.0,0.0001946999691426754,0
854,0.00015460001304745674,0.0,0.00015550001990050077,0
855,0.00016709999181330204,0.0,0.0001680999994277954,0
856,0.00015660002827644348,0.0,0.00015760003589093685,0
857,0.00015320000238716602,0.0,0.00015400000847876072,0
858,0.0001666999887675047,0.0,0.00016759999562054873,0
859,0.00015919993165880442,0.0004267999902367592,0.0037227999418973923,1
860,0.0003464999608695507,0.0,0.0003477999707683921,0
861,0.00017319992184638977,0.0,0.00017429993022233248,0
862,0.00018319999799132347,0.0,0.00018420000560581684,0
863,0.00015759991947561502,0.0,0.0001585999270901084,0
864,0.00015490001533180475,0.0,0.00015570002142339945,0
865,0.00018360000103712082,0.0,0.0001846000086516142,0
866,0.00016249995678663254,0.0,0.00016339996363967657,0
867,0.00015870004426687956,0.0,0.0001596000511199236,0
868,0.0001721000298857689,0.0,0.00017300003673881292,0
869,0.00015919993165880442,0.0004010000266134739,0.0033829999156296253,1
870,0.0003789999755099416,0.0,0.0003803999861702323,0
871,0.0001674999948590994,0.0,0.00016850000247359276,0
872,0.00018990004900842905,0.0,0.00019090005662292242,0
873,0.00016190006863325834,0.0,0.00016280007548630238,0
874,0.0001607000594958663,0.0,0.000161500065587461,0
875,0.00017939996905624866,0.0,0.00018039997667074203,0
876,0.00016010005492717028,0.0,0.00016090006101876497,0
877,0.00015899993013590574,0.0,0.00015979993622750044,0
878,0.0001702000154182315,0.0,0.00017110002227127552,0
879,0.00015920004807412624,0.00040310004260390997,0.003320800024084747,1
880,0.00033000006806105375,0.0,0.00033130007795989513,0
881,0.0001647999742999673,0.0,0.00016579998191446066,0
882,0.0001895000459626317,0.0,0.0001906000543385744,0
883,0.0001604000572115183,0.0,0.00016130006406456232,0
884,0.00015890004578977823,0.0,0.00015970005188137293,0
885,0.00017699995078146458,0.0,0.00017809995915740728,0
886,0.0001599999377503991,0.0,0.00016089994460344315,0
887,0.00015840004198253155,0.0,0.00015930004883557558,0
888,0.00017250003293156624,0.0,0.0001735000405460596,0
889,0.00015989993698894978,0.0004143000114709139,0.0033931999932974577,1
890,0.0004184999270364642,0.0,0.00041989993769675493,0
891,0.00022039993200451136,0.0,0.00022149994038045406,0
892,0.00024159997701644897,0.0,0.00024279998615384102,0
893,0.00018729991279542446,0.0,0.00018829992040991783,0
894,0.0001615999499335885,0.0,0.00016259995754808187,0
895,0.00017500005196779966,0.0,0.0001759000588208437,0
896,0.000161800067871809,0.0,0.00016270007472485304,0
897,0.0001596000511199236,0.0,0.00016050005797296762,0
898,0.00017699995078146458,0.0,0.0001778999576345086,0
899,0.0001599999377503991,0.00040570006240159273,0.0034723998978734016,1
900,0.0003355999942868948,0.0,0.00033680000342428684,0
901,0.00020020001102238894,0.0,0.00020140002015978098,0
902,0.00019150006119161844,0.0,0.00019249995239078999,0
903,0.00016090006101876497,0.0,0.000161800067871809,0
904,0.00015940004959702492,0.0,0.00016030005645006895,0
905,0.000170599902048707,0.0,0.00017149990890175104,0
906,0.00015710003208369017,0.0,0.0001580000389367342,0
907,0.00017790007404983044,0.0,0.00017900008242577314,0
908,0.00017110002227127552,0.0,0.0001721000298857689,0
909,0.00015780003741383553,0.00039030006155371666,0.003365800017490983,1
910,0.00039599998854100704,0.0,0.0003972999984398484,0
911,0.00016679998952895403,0.0,0.0001677999971434474,0
912,0.00018900004215538502,0.0,0.0001900000497698784,0
913,0.00016160006634891033,0.0,0.0001626000739634037,0
914,0.00015930004883557558,0.0,0.00016020005568861961,0
915,0.00017319992184638977,0.0,0.00017419992946088314,0
916,0.00016329996287822723,0.0,0.00016419996973127127,0
917,0.00015899993013590574,0.0,0.00015979993622750044,0
918,0.00017120002303272486,0.0,0.0001721000298857689,0
919,0.00015869992785155773,0.00039870000910013914,0.0033491000067442656,1
920,0.0004956999327987432,0.0,0.0004971999442204833,0
921,0.00021460000425577164,0.0,0.00021559989545494318,0
922,0.00023500004317611456,0.0,0.00023600005079060793,0
923,0.00016270007472485304,0.0,0.00016360008157789707,0
924,0.00016050005797296762,0.0,0.000161500065587461,0
925,0.00017010001465678215,0.0,0.00017100002150982618,0
926,0.00018900004215538502,0.0,0.0001898000482469797,0
927,0.00015680002979934216,0.0,0.0001577000366523862,0
928,0.00016930000856518745,0.0,0.0001702000154182315,0
929,0.00016060005873441696,0.00042259995825588703,0.0036942000733688474,1
930,0.00036689999978989363,0.0,0.00036810000892728567,0
931,0.0005146999610587955,0.0,0.0005157999694347382,0
932,0.00023509992752224207,0.0,0.00023609993513673544,0
933,0.0001626999583095312,0.0,0.0001634999644011259,0
934,0.00016229995526373386,0.0,0.0001631999621167779,0
935,0.00016990001313388348,0.0,0.00017090002074837685,0
936,0.00015630002599209547,0.0,0.0001572000328451395,0
937,0.00015580002218484879,0.0,0.00015670002903789282,0
938,0.0001689000055193901,0.0,0.00016990001313388348,0
939,0.00015620002523064613,0.00045199994929134846,0.004130500019527972,1
940,0.00034060003235936165,0.0,0.0003418000414967537,0
941,0.0001650999765843153,0.0,0.00016629998572170734,0
942,0.000188700039871037,0.0,0.0001898000482469797,0
943,0.00016250007320195436,0.0,0.00016350008081644773,0
944,0.0001599000534042716,0.0,0.00016080006025731564,0
945,0.00017659994773566723,0.0,0.0001775999553501606,0
946,0.0001593999331817031,0.0,0.0001601999392732978,0
947,0.00015860004350543022,0.0,0.0001593999331817031,0
948,0.00017220003064721823,0.0,0.00017310003750026226,0
949,0.00015949993394315243,0.00040769996121525764,0.004559099907055497,1
950,0.0003415000392124057,0.0,0.00034300005063414574,0
951,0.00021959992591291666,0.0,0.00022069993428885937,0
952,0.00023769994731992483,0.0,0.00023879995569586754,0
953,0.0001702000154182315,0.0,0.00017120002303272486,0
954,0.00016190006863325834,0.0,0.00016280007548630238,0
955,0.00017440004739910364,0.0,0.00017530005425214767,0
956,0.0001607999438419938,0.0,0.00016169995069503784,0
957,0.00017030001617968082,0.0,0.0001710999058559537,0
958,0.00020910007879137993,0.0,0.00020999996922910213,0
959,0.00015470001380890608,0.0004260999849066138,0.005083700059913099,1
960,0.0003515999997034669,0.0,0.00035280000884085894,0
961,0.00019320007413625717,0.0,0.00019430008251219988,0
962,0.00018420000560581684,0.0,0.0001852000132203102,0
963,0.00021219998598098755,0.0,0.00021319999359548092,0
964,0.00015430001076310873,0.0,0.00015510001685470343,0
965,0.00016660010442137718,0.0,0.0001674999948590994,0
966,0.00015510001685470343,0.0,0.00015600002370774746,0
967,0.00015279999934136868,0.0,0.0001537000061944127,0
968,0.00016480009071528912,0.0,0.00016580009832978249,0
969,0.00018970004748553038,0.00041560002136975527,0.004794300068169832,1
970,0.00040749995969235897,0.0,0.0004088999703526497,0
971,0.00016899988986551762,0.0,0.00017009989824146032,0
972,0.0001919000642374158,0.0,0.00019289995543658733,0
973,0.0001629000762477517,0.0,0.00016379996668547392,0
974,0.00015950005035847425,0.0,0.00016050005797296762,0
975,0.00017790007404983044,0.0,0.0001789000816643238,0
976,0.00016120006330311298,0.0,0.00016210007015615702,0
977,0.00015930004883557558,0.0,0.00016020005568861961,0
978,0.0001721999142318964,0.0,0.00017319992184638977,0
979,0.00015930004883557558,0.00040289992466568947,0.0046400000574067235,1
980,0.00034689996391534805,0.0,0.0003480999730527401,0
981,0.0001666999887675047,0.0,0.00016769999638199806,0
982,0.00018900004215538502,0.0,0.00019010005053132772,0
983,0.00017179991118609905,0.0,0.00017269991803914309,0
984,0.0001612999476492405,0.0,0.00016229995526373386,0
985,0.000175400055013597,0.0,0.00017640006262809038,0
986,0.00016170006711035967,0.0,0.0001626000739634037,0
987,0.00017180002760142088,0.0,0.0001727000344544649,0
988,0.00019399996381253004,0.0,0.00019489997066557407,0
989,0.00017559994012117386,0.00042779999785125256,0.0048180000158026814,1
990,0.0003856000257655978,0.0,0.00038680003490298986,0
991,0.00016110006254166365,0.0,0.00016200006939470768,0
992,0.0001832999987527728,0.0,0.00018420000560581684,0
993,0.0001545000122860074,0.0,0.0001553000183776021,0
994,0.00015310000162571669,0.0,0.00015400000847876072,0
995,0.00017170002683997154,0.0,0.00017260003369301558,0
996,0.00015440001152455807,0.0,0.0001553000183776021,0
997,0.00015440001152455807,0.0,0.00015520001761615276,0
998,0.00016579998191446066,0.0,0.00016679998952895403,0
999,0.00015460001304745674,0.0004190000472590327,0.004767899983562529,1
1000,0.00031619996298104525,0.0,0.0003173999721184373,0
1001,0.00020569993648678064,0.0,0.000206699944101274,0
1002,0.0002188000362366438,0.0,0.00021980004385113716,0
1003,0.0001577000366523862,0.0,0.00015870004426687956,0
1004,0.00015570002142339945,0.0,0.00015650002751499414,0
1005,0.00016840000171214342,0.0,0.00016920000780373812,0
1006,0.0001553000183776021,0.0,0.0001561000244691968,0
1007,0.0001537000061944127,0.0,0.00015460001304745674,0
1008,0.00017090002074837685,0.0,0.00017180002760142088,0
1009,0.0001539998920634389,0.00042180006857961416,0.004986199899576604,1
1010,0.00046009989455342293,0.0,0.0004613999044522643,0
1011,0.00021249998826533556,0.0,0.0002136999974027276,0
1012,0.0002581999870017171,0.0,0.00025919999461621046,0
1013,0.0001588000450283289,0.0,0.0001599000534042716,0
1014,0.0001558999065309763,0.0,0.00015689991414546967,0
1015,0.00016930000856518745,0.0,0.0001702000154182315,0
1016,0.0001556000206619501,0.0,0.00015659991186112165,0
1017,0.00015410000924021006,0.0,0.00015510001685470343,0
1018,0.00017120002303272486,0.0,0.00017220003064721823,0
1019,0.00015490001533180475,0.00043070001993328333,0.0051617000717669725,1
1020,0.00044790003448724747,0.0,0.0004616999067366123,0
1021,0.00021269998978823423,0.0,0.0002136999974027276,0
1022,0.00021759991068392992,0.0,0.00021879991982132196,0
1023,0.00016309996135532856,0.0,0.00016409996896982193,0
1024,0.0001556000206619501,0.0,0.0001564000267535448,0
1025,0.0001686000032350421,0.0,0.00016939989291131496,0
1026,0.00015570002142339945,0.0,0.00015660002827644348,0
1027,0.00015949993394315243,0.0,0.0001604999415576458,0
1028,0.00016830000095069408,0.0,0.00016920000780373812,0
1029,0.00015489989891648293,0.0004227000754326582,0.005259899888187647,1
1030,0.000372599926777184,0.0,0.0003736999351531267,0
1031,0.00016579998191446066,0.0,0.00016679998952895403,0
1032,0.00018550001550465822,0.0,0.0001865000231191516,0
1033,0.00015810003969818354,0.0,0.00015900004655122757,0
1034,0.0001561999088153243,0.0,0.000156999914906919,0
1035,0.00016950001008808613,0.0,0.0001705000177025795,0
1036,0.0001550999004393816,0.0,0.00015599990729242563,0
1037,0.00015780003741383553,0.0,0.0001588000450283289,0
1038,0.00016700010746717453,0.0,0.00016789999790489674,0
1039,0.00015440001152455807,0.00042749999556690454,0.005155700026080012,1
1040,0.00037759996484965086,0.0,0.0003787999739870429,0
1041,0.0001772999530658126,0.0,0.00017829996068030596,0
1042,0.00019319995772093534,0.0,0.00019419996533542871,0
1043,0.00016090006101876497,0.0,0.00016179995145648718,0
1044,0.0001583000412210822,0.0,0.00015920004807412624,0
1045,0.0001713000237941742,0.0,0.00017230003140866756,0
1046,0.00015860004350543022,0.0,0.0001593999331817031,0
1047,0.00015730003360658884,0.0,0.00015810003969818354,0
1048,0.00019129994325339794,0.0,0.0001922999508678913,0
1049,0.00015799992252141237,0.00039739999920129776,0.004776199930347502,1
1050,0.0004699999699369073,0.0,0.000471399980597198,0
1051,0.00021909992210566998,0.0,0.00022029993124306202,0
1052,0.00023710005916655064,0.0,0.00023819995112717152,0
1053,0.0001708000199869275,0.0,0.00017180002760142088,0
1054,0.00015949993394315243,0.0,0.0001604999415576458,0
1055,0.00017110002227127552,0.0,0.0001721000298857689,0
1056,0.0001577000366523862,0.0,0.00015850004274398088,0
1057,0.0001580999232828617,0.0,0.00015899993013590574,0
1058,0.00016990001313388348,0.0,0.0001708000199869275,0
1059,0.00016240007244050503,0.0004045999376103282,0.00483300001360476,1
1060,0.00037409993819892406,0.0,0.00037539994809776545,0
1061,0.0001607999438419938,0.0,0.00016179995145648718,0
1062,0.00018370000179857016,0.0,0.00018480001017451286,0
1063,0.00015600002370774746,0.0,0.00015680002979934216,0
1064,0.00015259999781847,0.0,0.0001534000039100647,0
1065,0.00021130009554326534,0.0,0.00021240010391920805,0
1066,0.0001542000100016594,0.0,0.0001550000160932541,0
1067,0.00015330000314861536,0.0,0.0001542000100016594,0
1068,0.00016589998267591,0.0,0.00016679998952895403,0
1069,0.00015430001076310873,0.00041039998177438974,0.004936099983751774,1
1070,0.0005355000030249357,0.0,0.0005368000129237771,0
1071,0.00016569998115301132,0.0,0.0001666999887675047,0
1072,0.0001857000170275569,0.0,0.0001868000254034996,0
1073,0.00015700003132224083,0.0,0.00015780003741383553,0
1074,0.0001550000160932541,0.0,0.00015600002370774746,0
1075,0.0001677999971434474,0.0,0.00016870000399649143,0
1076,0.00018880004063248634,0.0,0.00018960004672408104,0
1077,0.00015300000086426735,0.0,0.00015390000771731138,0
1078,0.00018590001855045557,0.0,0.00018690002616494894,0
1079,0.00016880000475794077,0.00046440004371106625,0.005450100055895746,1
1080,0.0003355999942868948,0.0,0.00033710000570863485,0
1081,0.0001852000132203102,0.0,0.00018620002083480358,0
1082,0.00024699990171939135,0.0,0.0002479999093338847,0
1083,0.0001772999530658126,0.0,0.00017809995915740728,0
1084,0.0001697000116109848,0.0,0.00017060001846402884,0
1085,0.00019419996533542871,0.0,0.00019509997218847275,0
1086,0.00017589994240552187,0.0,0.00017669994849711657,0
1087,0.00015929993242025375,0.0,0.0001601999392732978,0
1088,0.00019219995010644197,0.0,0.00019299995619803667,0
1089,0.00018099998123943806,0.0004026000387966633,0.0054218999575823545,1
1090,0.0003138999454677105,0.0,0.00031539995688945055,0
1091,0.0001818999880924821,0.0,0.00018289999570697546,0
1092,0.00022380007430911064,0.0,0.000224800081923604,0
1093,0.0001770000671967864,0.0,0.00017800007481127977,0
1094,0.00015940004959702492,0.0,0.00016030005645006895,0
1095,0.00019419996533542871,0.0,0.00019529997371137142,0
1096,0.00017390004359185696,0.0,0.000174800050444901,0
1097,0.00015989993698894978,0.0,0.00016069994308054447,0
1098,0.0001996000064536929,0.0,0.00020070001482963562,0
1099,0.00017120002303272486,0.0003988000098615885,0.005168700008653104,1
1100,0.0003809999907389283,0.0,0.00038240000139921904,0
1101,0.00016820000018924475,0.0,0.00016930000856518745,0
1102,0.00019329995848238468,0.0,0.0001943999668583274,0
1103,0.0001612999476492405,0.0,0.00016219995450228453,0
1104,0.00016099994536489248,0.0,0.00016179995145648718,0
1105,0.0001724000321701169,0.0,0.0001735000405460596,0
1106,0.00015950005035847425,0.0,0.00016050005797296762,0
1107,0.0001580999232828617,0.0,0.0001588999293744564,0
1108,0.0001740999286994338,0.0,0.00017509993631392717,0
1109,0.00015750003512948751,0.000407799961976707,0.00482120004016906,1
1110,0.0003477999707683921,0.0,0.00034909998066723347,0
1111,0.00016609998419880867,0.0,0.00016719999257475138,0
1112,0.0001900999341160059,0.0,0.00019109994173049927,0
1113,0.00016099994536489248,0.0,0.00016189995221793652,0
1114,0.00015929993242025375,0.0,0.0001601999392732978,0
1115,0.00017730006948113441,0.0,0.00017819995991885662,0
1116,0.00016020005568861961,0.0,0.00016110006254166365,0
1117,0.0001599000534042716,0.0,0.0001607000594958663,0
1118,0.00017170002683997154,0.0,0.00017250003293156624,0
1119,0.00015820004045963287,0.00048019993118941784,0.005515799974091351,1
1120,0.000354900024831295,0.0,0.0003562000347301364,0
1121,0.0001897999318316579,0.0,0.00019069993868470192,0
1122,0.00018229999113827944,0.0,0.00018319999799132347,0
1123,0.00022599997464567423,0.0,0.00022689998149871826,0
1124,0.00015310000162571669,0.0,0.00015390000771731138,0
1125,0.00016689999029040337,0.0,0.00016769999638199806,0
1126,0.00015470001380890608,0.0,0.0001556000206619501,0
1127,0.0001534000039100647,0.0,0.0001542000100016594,0
1128,0.00019679998513311148,0.0,0.00019779999274760485,0
1129,0.00016850000247359276,0.0004428999964147806,0.00522430008277297,1
1130,0.0003671000013127923,0.0,0.0003684000112116337,0
1131,0.00017220003064721823,0.0,0.00017330003902316093,0
1132,0.0002090999623760581,0.0,0.00020999996922910213,0
1133,0.00020469992887228727,0.0,0.00020549993496388197,0
1134,0.00015279999934136868,0.0,0.00015360000543296337,0
1135,0.00016599998343735933,0.0,0.0001669999910518527,0
1136,0.00015430001076310873,0.0,0.00015510001685470343,0
1137,0.00015259999781847,0.0,0.00015350000467151403,0
1138,0.00020839995704591274,0.0,0.0002093999646604061,0
1139,0.00015330000314861536,0.00044570001773536205,0.00517090002540499,1
1140,0.00047480000648647547,0.0,0.0004763000179082155,0
1141,0.0002114999806508422,0.0,0.00021249998826533556,0
1142,0.0003152999561280012,0.0,0.0003162999637424946,0
1143,0.00019019993487745523,0.0,0.00019109994173049927,0
1144,0.00015550001990050077,0.0,0.0001564000267535448,0
1145,0.0001669999910518527,0.0,0.00016799999866634607,0
1146,0.00015520001761615276,0.0,0.00015600002370774746,0
1147,0.00015899993013590574,0.0,0.00015979993622750044,0
1148,0.000166199984960258,0.0,0.00016709999181330204,0
1149,0.0001868000254034996,0.00044929992873221636,0.005321000004187226,1
1150,0.0003793999785557389,0.0,0.00038079998921602964,0
1151,0.00017339992336928844,0.0,0.00017439993098378181,0
1152,0.0001860000193119049,0.0,0.00018710002768784761,0
1153,0.000157299917191267,0.0,0.00015819992404431105,0
1154,0.00015470001380890608,0.0,0.0001556000206619501,0
1155,0.00016799999866634607,0.0,0.0001689000055193901,0
1156,0.0002218000590801239,0.0,0.00022280006669461727,0
1157,0.0001542000100016594,0.0,0.0001550000160932541,0
1158,0.0001666999887675047,0.0,0.00016759999562054873,0
1159,0.00015470001380890608,0.0004518000641837716,0.005681299953721464,1
1160,0.00034650007728487253,0.0,0.0003478000871837139,0
1161,0.00017420004587620497,0.0,0.00017520005349069834,0
1162,0.0001849000109359622,0.0,0.00018580001778900623,0
1163,0.0001919999485835433,0.0,0.00019289995543658733,0
1164,0.00015390000771731138,0.0,0.00015470001380890608,0
1165,0.0001677999971434474,0.0,0.0001686000032350421,0
1166,0.00015400000847876072,0.0,0.00015490001533180475,0
1167,0.00015460001304745674,0.0,0.00015540001913905144,0
1168,0.00016599998343735933,0.0,0.00016689999029040337,0
1169,0.00026819994673132896,0.00044350000098347664,0.005608599982224405,1
1170,0.00036010006442666054,0.0,0.00036150007508695126,0
1171,0.0002226000651717186,0.0,0.0002237000735476613,0
1172,0.00018280011136084795,0.0,0.00018370000179857016,0
1173,0.00015540001913905144,0.0,0.00015620002523064613,0
1174,0.00015300000086426735,0.0,0.00015380000695586205,0
1175,0.00016609998419880867,0.0,0.0001669999910518527,0
1176,0.0001545000122860074,0.0,0.00015520001761615276,0
1177,0.0001580999232828617,0.0,0.0001588999293744564,0
1178,0.00016579998191446066,0.0,0.0001666999887675047,0
1179,0.0001537000061944127,0.00044109998270869255,0.005249100038781762,1
1180,0.0003559999167919159,0.0,0.0003572999266907573,0
1181,0.00019269995391368866,0.0,0.00019379996228963137,0
1182,0.00018470000941306353,0.0,0.00018580001778900623,0
1183,0.000156699912622571,0.0,0.00015759991947561502,0
1184,0.00015470001380890608,0.0,0.0001556000206619501,0
1185,0.00017169991042464972,0.0,0.0001724999165162444,0
1186,0.00015430001076310873,0.0,0.00015510001685470343,0
1187,0.0001892999280244112,0.0,0.0001900999341160059,0
1188,0.00016439997125416994,0.0,0.00016529997810721397,0
1189,0.00015259999781847,0.0004093999741598964,0.009243199951015413,1
1190,0.0004588000010699034,0.0,0.00046010001096874475,0
1191,0.00016830000095069408,0.0,0.0001694000093266368,0
1192,0.0001925000688061118,0.0,0.00019360007718205452,0
1193,0.0001626000739634037,0.0,0.0001634000800549984,0
1194,0.0001591000473126769,0.0,0.00016000005416572094,0
1195,0.00017310003750026226,0.0,0.00017390004359185696,0
1196,0.0001957999775186181,0.0,0.00019679998513311148,0
1197,0.00015819992404431105,0.0,0.00015899993013590574,0
1198,0.00017220003064721823,0.0,0.0001732000382617116,0
1199,0.00015890004578977823,0.0004824999487027526,0.005181799991987646,1
1200,0.00037589995190501213,0.0,0.0003771999618038535,0
1201,0.00016439997125416994,0.0,0.00016549997963011265,0
1202,0.00018930004443973303,0.0,0.00019040005281567574,0
1203,0.00016109994612634182,0.0,0.00016199995297938585,0
1204,0.00015839992556720972,0.0,0.00015919993165880442,0
1205,0.00017290003597736359,0.0,0.00017370004206895828,0
1206,0.0002443999983370304,0.0,0.0002454000059515238,0
1207,0.0002960000419989228,0.0,0.00029740005265921354,0
1208,0.00032410002313554287,0.0,0.0003253000322729349,0
1209,0.00018269999418407679,0.0004589000018313527,0.005698200082406402,1
1210,0.001102800015360117,0.0,0.0011042000260204077,0
1211,0.00016759999562054873,0.0,0.00016870000399649143,0
1212,0.00019689998589456081,0.0,0.00019799999427050352,0
1213,0.00016190006863325834,0.0,0.0001629000762477517,0
1214,0.0001580999232828617,0.0,0.00015899993013590574,0
1215,0.00017170002683997154,0.0,0.0001727000344544649,0
1216,0.00015940004959702492,0.0,0.00016050005797296762,0
1217,0.00015860004350543022,0.0,0.00015950005035847425,0
1218,0.00017479993402957916,0.0,0.00017589994240552187,0
1219,0.00015840004198253155,0.0004091999726369977,0.005696299951523542,1
1220,0.00038979994133114815,0.0,0.00039119995199143887,0
1221,0.00016299996059387922,0.0,0.00016409996896982193,0
1222,0.00018599990289658308,0.0,0.00018699991051107645,0
1223,0.00015570002142339945,0.0,0.00015660002827644348,0
1224,0.00015460001304745674,0.0,0.00015550001990050077,0
1225,0.0002343000378459692,0.0,0.00023530004546046257,0
1226,0.00017090002074837685,0.0,0.00017170002683997154,0
1227,0.0001534000039100647,0.0,0.00015440001152455807,0
1228,0.0001677999971434474,0.0,0.00016870000399649143,0
1229,0.00015259999781847,0.00045030005276203156,0.005462200031615794,1
1230,0.0003538000164553523,0.0,0.0003728000447154045,0
1231,0.00017310003750026226,0.0,0.00017410004511475563,0
1232,0.00018350000027567148,0.0,0.00018450000789016485,0
1233,0.00015480001457035542,0.0,0.00015570002142339945,0
1234,0.00015989993698894978,0.0,0.0001607999438419938,0
1235,0.00016830000095069408,0.0,0.00016920000780373812,0
1236,0.0001553000183776021,0.0,0.00015609990805387497,0
1237,0.00015279999934136868,0.0,0.0001537000061944127,0
1238,0.00016519997734576464,0.0,0.00016599998343735933,0
1239,0.00015199999324977398,0.00044929992873221636,0.005475100013427436,1
1240,0.00036970002111047506,0.0,0.0003711000317707658,0
1241,0.00017290003597736359,0.0,0.00017390004359185696,0
1242,0.00018729991279542446,0.0,0.00018829992040991783,0
1243,0.00015600002370774746,0.0,0.00015680002979934216,0
1244,0.00015259999781847,0.0,0.0001534000039100647,0
1245,0.00016759999562054873,0.0,0.00016850000247359276,0
1246,0.00015390000771731138,0.0,0.00015470001380890608,0
1247,0.00015209999401122332,0.0,0.000152900000102818,0
1248,0.0002055000513792038,0.0,0.00020640005823224783,0
1249,0.000152900000102818,0.0004414999857544899,0.005488099996000528,1
1250,0.0003038999857380986,0.0,0.00030519999563694,0
1251,0.00021580001339316368,0.0,0.00021670002024620771,0
1252,0.00018099998123943806,0.0,0.00018199998885393143,0
1253,0.00015499989967793226,0.0,0.00015599990729242563,0
1254,0.00015390000771731138,0.0,0.00015470001380890608,0
1255,0.0001674999948590994,0.0,0.00016840000171214342,0
1256,0.00015620002523064613,0.0,0.00015710003208369017,0
1257,0.00015799992252141237,0.0,0.0001588999293744564,0
1258,0.00016469997353851795,0.0,0.00016569998115301132,0
1259,0.00015410000924021006,0.0004437000025063753,0.005579199991188943,1
1260,0.0003587000537663698,0.0,0.0003779000835493207,0
1261,0.00017340003978461027,0.0,0.00017440004739910364,0
1262,0.0001846998929977417,0.0,0.0001857999013736844,0
1263,0.0001580000389367342,0.0,0.00015890004578977823,0
1264,0.0001545000122860074,0.0,0.0001553000183776021,0
1265,0.00020260002929717302,0.0,0.0002036000369116664,0
1266,0.00015350000467151403,0.0,0.00015440001152455807,0
1267,0.0001599999377503991,0.0,0.00016089994460344315,0
1268,0.0001669999910518527,0.0,0.00016799999866634607,0
1269,0.00015259999781847,0.000458399998024106,0.0055056000128388405,1
1270,0.0003252000315114856,0.0,0.0003266000421717763,0
1271,0.00019050005357712507,0.0,0.00019150006119161844,0
1272,0.0001824999926611781,0.0,0.00018350000027567148,0
1273,0.0001898000482469797,0.0,0.00019070005510002375,0
1274,0.00015119998715817928,0.0,0.00015199999324977398,0
1275,0.00016759999562054873,0.0,0.00016850000247359276,0
1276,0.00015259999781847,0.0,0.0001534000039100647,0
1277,0.00015199999324977398,0.0,0.00015279999934136868,0
1278,0.00016379996668547392,0.0,0.00016469997353851795,0
1279,0.00018890004139393568,0.00046040001325309277,0.006026800023391843,1
1280,0.00042619998566806316,0.0,0.0004273999948054552,0
1281,0.00021109997760504484,0.0,0.00021219998598098755,0
1282,0.00023300002794712782,0.0,0.00023410003632307053,0
1283,0.00016520009376108646,0.0,0.0001661001006141305,0
1284,0.00015550001990050077,0.0,0.00015630002599209547,0
1285,0.0001677999971434474,0.0,0.00016870000399649143,0
1286,0.00015400000847876072,0.0,0.00015480001457035542,0
1287,0.00015400000847876072,0.0,0.00015480001457035542,0
1288,0.00016549997963011265,0.0,0.00016649998724460602,0
1289,0.00015760003589093685,0.00043889996595680714,0.005762800108641386,1
1290,0.0004096999764442444,0.0,0.00041099998634308577,0
1291,0.00016170006711035967,0.0,0.0001626000739634037,0
1292,0.00018550001550465822,0.0,0.00018640002235770226,0
1293,0.0001564000267535448,0.0,0.00015740003436803818,0
1294,0.00015480001457035542,0.0,0.00015570002142339945,0
1295,0.00016759999562054873,0.0,0.0001686000032350421,0
1296,0.00019239995162934065,0.0,0.00019329995848238468,0
1297,0.00015189999248832464,0.0,0.00015269999857991934,0
1298,0.00016570009756833315,0.0,0.0001666999887675047,0
1299,0.00015430001076310873,0.0004814000567421317,0.0056214999640360475,1
1300,0.00042940001003444195,0.0,0.00043080002069473267,0
1301,0.00021169998217374086,0.0,0.00021269998978823423,0
1302,0.00025559996720403433,0.0,0.00026000000070780516,0
1303,0.00017600005958229303,0.0,0.00017680006567388773,0
1304,0.00015570002142339945,0.0,0.00015650002751499414,0
1305,0.00016920000780373812,0.0,0.0001702000154182315,0
1306,0.00015510001685470343,0.0,0.00015600002370774746,0
1307,0.00015390000771731138,0.0,0.00015480001457035542,0
1308,0.0002095999661833048,0.0,0.00021049997303634882,0
1309,0.0001534998882561922,0.0004475000314414501,0.005825799889862537,1
1310,0.00033299997448921204,0.0,0.0003344999859109521,0
1311,0.00020300003234297037,0.0,0.00020430004224181175,0
1312,0.00020459992811083794,0.0,0.00020569993648678064,0
1313,0.00017190002836287022,0.0,0.0001727000344544649,0
1314,0.00015970005188137293,0.0,0.00016060005873441696,0
1315,0.0001876999158412218,0.0,0.00018869992345571518,0
1316,0.00016990001313388348,0.0,0.00017070001922547817,0
1317,0.00015350000467151403,0.0,0.00015430001076310873,0
1318,0.00018580001778900623,0.0,0.0001868000254034996,0
1319,0.00016709999181330204,0.00044689991045743227,0.005490999901667237,1
1320,0.0002831999445334077,0.0,0.00028449995443224907,0
1321,0.0002068999456241727,0.0,0.0002079999540001154,0
1322,0.00020130001939833164,0.0,0.00020240002777427435,0
1323,0.00017470004968345165,0.0,0.00017570005729794502,0
1324,0.0001537000061944127,0.0,0.00015460001304745674,0
1325,0.00018620002083480358,0.0,0.00018710002768784761,0
1326,0.00016730010975152254,0.0,0.00016820000018924475,0
1327,0.00015310000162571669,0.0,0.00015410000924021006,0
1328,0.00018830003682523966,0.0,0.0001892999280244112,0
1329,0.00016759999562054873,0.0004349000519141555,0.005827100016176701,1
1330,0.00029360002372413874,0.0,0.00029500003438442945,0
1331,0.00020489993039518595,0.0,0.00020589993800967932,0
1332,0.00020240002777427435,0.0,0.0002033999189734459,0
1333,0.00016990001313388348,0.0,0.00017090002074837685,0
1334,0.00015249999705702066,0.0,0.0001534000039100647,0
1335,0.00019210006576031446,0.0,0.0001930000726133585,0
1336,0.0001680999994277954,0.0,0.00016900000628083944,0
1337,0.00015410000924021006,0.0,0.00015490001533180475,0
1338,0.00018729991279542446,0.0,0.0001881999196484685,0
1339,0.00016850000247359276,0.0004469000268727541,0.005770100047811866,1
1340,0.0004659999394789338,0.0,0.00046749995090067387,0
1341,0.00019940000493079424,0.0,0.00020050001330673695,0
1342,0.00020350003615021706,0.0,0.00020460004452615976,0
1343,0.0001724000321701169,0.0,0.00017340003978461027,0
1344,0.00015390000771731138,0.0,0.00015480001457035542,0
1345,0.00018700002692639828,0.0,0.0001879000337794423,0
1346,0.0001727000344544649,0.0,0.0001735000405460596,0
1347,0.00015360000543296337,0.0,0.0001545000122860074,0
1348,0.00018740002997219563,0.0,0.00018820003606379032,0
1349,0.0001990000018849969,0.0004493000451475382,0.005957100074738264,1
1350,0.0003269000444561243,0.0,0.0003282000543549657,0
1351,0.000188700039871037,0.0,0.00018970004748553038,0
1352,0.00020819995552301407,0.0,0.00020929996389895678,0
1353,0.0001729999203234911,0.0,0.00017389992717653513,0
1354,0.00015440001152455807,0.0,0.00015520001761615276,0
1355,0.000188400037586689,0.0,0.00018940004520118237,0
1356,0.00016950001008808613,0.0,0.00017040001694113016,0
1357,0.00015440001152455807,0.0,0.00015520001761615276,0
1358,0.00022169994190335274,0.0,0.00022279995027929544,0
1359,0.00016830000095069408,0.00044959993101656437,0.005691400030627847,1
1360,0.0003347999881953001,0.0,0.0003361999988555908,0
1361,0.00022499996703118086,0.0,0.00022599997464567423,0
1362,0.0002009000163525343,0.0,0.00020190002396702766,0
1363,0.00017120002303272486,0.0,0.00017200002912431955,0
1364,0.00015790003817528486,0.0,0.0001588000450283289,0
1365,0.00018560001626610756,0.0,0.0001865999074652791,0
1366,0.0001686000032350421,0.0,0.00016950001008808613,0
1367,0.000152900000102818,0.0,0.0001537000061944127,0
1368,0.00018669990822672844,0.0,0.0001876999158412218,0
1369,0.00016759999562054873,0.0004411999834701419,0.005622199969366193,1
1370,0.0004865000955760479,0.0,0.00048800010699778795,0
1371,0.00031779997516423464,0.0,0.000319099985063076,0
1372,0.0002538999542593956,0.0,0.00025509996339678764,0
1373,0.00021029997151345015,0.0,0.00021119997836649418,0
1374,0.0001593999331817031,0.0,0.0001601999392732978,0
1375,0.00019679998513311148,0.0,0.00019789999350905418,0
1376,0.0001737999264150858,0.0,0.00017469993326812983,0
1377,0.0002109999768435955,0.0,0.00021189998369663954,0
1378,0.00020649994257837534,0.0,0.00020739994943141937,0
1379,0.0002117999829351902,0.0005509000038728118,0.006382499937899411,1
1380,0.0003410999197512865,0.0,0.0003424999304115772,0
1381,0.00018019997514784336,0.0,0.00018119998276233673,0
1382,0.0002391999587416649,0.0,0.0002402999671176076,0
1383,0.00018019997514784336,0.0,0.0001810999820008874,0
1384,0.0001583000412210822,0.0,0.0001591000473126769,0
1385,0.0001716000260785222,0.0,0.00017250003293156624,0
1386,0.00015920004807412624,0.0,0.00016000005416572094,0
1387,0.00015660002827644348,0.0,0.00015750003512948751,0
1388,0.00016850000247359276,0.0,0.0001694000093266368,0
1389,0.00017689995002001524,0.00045689998660236597,0.005788699956610799,1
1390,0.0002837000647559762,0.0,0.0002851000754162669,0
1391,0.00033030007034540176,0.0,0.0003315999638289213,0
1392,0.00019599997904151678,0.0,0.0001970999874174595,0
1393,0.0001607999438419938,0.0,0.00016179995145648718,0
1394,0.00015950005035847425,0.0,0.00016039994079619646,0
1395,0.0001767000649124384,0.0,0.00017779995687305927,0
1396,0.00015860004350543022,0.0,0.00015940004959702492,0
1397,0.0001569000305607915,0.0,0.0001577000366523862,0
1398,0.0001705000177025795,0.0,0.0001713000237941742,0
1399,0.00015780003741383553,0.0004653000505641103,0.0054654000559821725,1
1400,0.0002861999673768878,0.0,0.0002874999772757292,0
1401,0.00019639998208731413,0.0,0.0001973999897018075,0
1402,0.00018889992497861385,0.0,0.00018989993259310722,0
1403,0.0001724000321701169,0.0,0.0001732000382617116,0
1404,0.00015840004198253155,0.0,0.00015920004807412624,0
1405,0.00020350003615021706,0.0,0.00020460004452615976,0
1406,0.00017069990281015635,0.0,0.00017159990966320038,0
1407,0.0001553000183776021,0.0,0.0001561000244691968,0
1408,0.00018679990898817778,0.0,0.00018779991660267115,0
1409,0.00016589998267591,0.0005168999778106809,0.005784100037999451,1
1410,0.00033089995849877596,0.0,0.00033249997068196535,0
1411,0.00019109994173049927,0.0,0.00019209994934499264,0
1412,0.00020270003005862236,0.0,0.00020370003767311573,0
1413,0.0001735000405460596,0.0,0.00017440004739910364,0
1414,0.0001558999065309763,0.0,0.000156699912622571,0
1415,0.00018820003606379032,0.0,0.0001892000436782837,0
1416,0.0002815000480040908,0.0,0.0002829000586643815,0
1417,0.00027760001830756664,0.0,0.00027900002896785736,0
1418,0.00022300006821751595,0.0,0.00022400007583200932,0
1419,0.00024250010028481483,0.0004699000855907798,0.005879400065168738,1
1420,0.00028380006551742554,0.0,0.00028499995823949575,0
1421,0.00020270003005862236,0.0,0.00020370003767311573,0
1422,0.0001906000543385744,0.0,0.00019150006119161844,0
1423,0.00016229995526373386,0.0,0.0001631999621167779,0
1424,0.0001596999354660511,0.0,0.00016069994308054447,0
1425,0.00017290003597736359,0.0,0.00017389992717653513,0
1426,0.00015950005035847425,0.0,0.00016030005645006895,0
1427,0.00016990001313388348,0.0,0.00017070001922547817,0
1428,0.0001724000321701169,0.0,0.00017340003978461027,0
1429,0.00015840004198253155,0.0004520999500527978,0.0058330000611022115,1
1430,0.00033189996611326933,0.0,0.0003331999760121107,0
1431,0.0001727000344544649,0.0,0.00017360004130750895,0
1432,0.00020490004681050777,0.0,0.00020600005518645048,0
1433,0.00024750002194195986,0.0,0.0002487000310793519,0
1434,0.00023210002109408379,0.0,0.0002332000294700265,0
1435,0.0002544000744819641,0.0,0.0002555000828579068,0
1436,0.0001653999788686633,0.0,0.00016629998572170734,0
1437,0.0001610000617802143,0.0,0.00016200006939470768,0
1438,0.00021020008716732264,0.0,0.00021119997836649418,0
1439,0.00019950000569224358,0.0004458000184968114,0.006444100057706237,1
1440,0.00046609994024038315,0.0,0.00046749995090067387,0
1441,0.00016920000780373812,0.0,0.000170299899764359,0
1442,0.00019170006271451712,0.0,0.00019290007185190916,0
1443,0.00016250007320195436,0.0,0.00016350008081644773,0
1444,0.0001599000534042716,0.0,0.0001607000594958663,0
1445,0.0001762000611051917,0.0,0.00017720006871968508,0
1446,0.00015929993242025375,0.0,0.0001601999392732978,0
1447,0.00015759991947561502,0.0,0.00015839992556720972,0
1448,0.0001716000260785222,0.0,0.0001727000344544649,0
1449,0.00015909993089735508,0.00045160006266087294,0.005839699995703995,1
1450,0.00028849998489022255,0.0,0.00028989999555051327,0
1451,0.00019729998894035816,0.0,0.00019829999655485153,0
1452,0.0002142000012099743,0.0,0.000215300009585917,0
1453,0.00017439993098378181,0.0,0.00017539993859827518,0
1454,0.00015730003360658884,0.0,0.0001583000412210822,0
1455,0.0001721000298857689,0.0,0.00017310003750026226,0
1456,0.00015790003817528486,0.0,0.00015879992861300707,0
1457,0.00016599998343735933,0.0,0.00016679998952895403,0
1458,0.00018930004443973303,0.0,0.0001903000520542264,0
1459,0.00016649998724460602,0.00045250006951391697,0.005793499993160367,1
1460,0.00031129992567002773,0.0,0.0003125999355688691,0
1461,0.00020549993496388197,0.0,0.000206399941816926,0
1462,0.0002039000391960144,0.0,0.00020489993039518595,0
1463,0.00017150002531707287,0.0,0.0001724000321701169,0
1464,0.00015829992480576038,0.0,0.00015909993089735508,0
1465,0.00018880004063248634,0.0,0.00018970004748553038,0
1466,0.00016840000171214342,0.0,0.00016930000856518745,0
1467,0.00015350000467151403,0.0,0.00015430001076310873,0
1468,0.00018590001855045557,0.0,0.00018690002616494894,0
1469,0.000166199984960258,0.0004414999857544899,0.005892499932087958,1
1470,0.00028659997042268515,0.0,0.0002877999795600772,0
1471,0.0002766998950392008,0.0,0.0002778999041765928,0
1472,0.00021009996999055147,0.0,0.00021109997760504484,0
1473,0.00017360004130750895,0.0,0.00017449993174523115,0
1474,0.00015760003589093685,0.0,0.00015850004274398088,0
1475,0.0002028999151661992,0.0,0.00020379992201924324,0
1476,0.00016259995754808187,0.0,0.0001634999644011259,0
1477,0.0001564000267535448,0.0,0.0001572000328451395,0
1478,0.00019869999960064888,0.0,0.0001996000064536929,0
1479,0.00016759999562054873,0.00046010001096874475,0.006358099984936416,1
1480,0.00029150000773370266,0.0,0.00029280001763254404,0
1481,0.00020739994943141937,0.0,0.00020839995704591274,0
1482,0.00020330003462731838,0.0,0.0002044999273493886,0
1483,0.00017140002455562353,0.0,0.0001724000321701169,0
1484,0.00015390000771731138,0.0,0.00015480001457035542,0
1485,0.0001919000642374158,0.0,0.00019290007185190916,0
1486,0.0001680999994277954,0.0,0.0001689000055193901,0
1487,0.00015320000238716602,0.0,0.00015410000924021006,0
1488,0.00018580001778900623,0.0,0.00018669990822672844,0
1489,0.00016579998191446066,0.0004168000305071473,0.005986700067296624,1
1490,0.0002902999985963106,0.0,0.00029150000773370266,0
1491,0.0002736999886110425,0.0,0.00027489999774843454,0
1492,0.00022559997159987688,0.0,0.0002266999799758196,0
1493,0.0001778999576345086,0.0,0.00017879996448755264,0
1494,0.0001599999377503991,0.0,0.00016089994460344315,0
1495,0.0001990000018849969,0.0,0.0002001000102609396,0
1496,0.00021460000425577164,0.0,0.000215600011870265,0
1497,0.0001580000389367342,0.0,0.0001588000450283289,0
1498,0.00019149994477629662,0.0,0.00019239995162934065,0
1499,0.0001721999142318964,0.00045849999878555536,0.006312799989245832,1
1500,0.0002933000214397907,0.0,0.00029470003210008144,0
1501,0.00020650005899369717,0.0,0.00020750006660819054,0
1502,0.00020270003005862236,0.0,0.00020370003767311573,0
1503,0.00017150002531707287,0.0,0.00017239991575479507,0
1504,0.00015330000314861536,0.0,0.00015410000924021006,0
1505,0.00019139994401484728,0.0,0.0001922999508678913,0
1506,0.0001697000116109848,0.0,0.0001705000177025795,0
1507,0.00015379989054054022,0.0,0.00015449989587068558,0
1508,0.00018450000789016485,0.0,0.00018550001550465822,0
1509,0.00016579998191446066,0.0004480999195948243,0.006484400015324354,1
1510,0.0004483999218791723,0.0,0.0004498999333009124,0
1511,0.0001677999971434474,0.0,0.0001689000055193901,0
1512,0.00022250006441026926,0.0,0.00022360007278621197,0
1513,0.00016050005797296762,0.0,0.00016160006634891033,0
1514,0.00018360000103712082,0.0,0.00018479989375919104,0
1515,0.00032759993337094784,0.0,0.0003288999432697892,0
1516,0.0001721000298857689,0.0,0.00017300003673881292,0
1517,0.00016080006025731564,0.0,0.000161800067871809,0
1518,0.0001881999196484685,0.0,0.0001889999257400632,0
1519,0.00016789999790489674,0.0004464000230655074,0.006331700016744435,1
1520,0.0003272999310865998,0.0,0.0003287999425083399,0
1521,0.00018060009460896254,0.0,0.00018170010298490524,0
1522,0.00019130005966871977,0.0,0.00019240006804466248,0
1523,0.0001623000716790557,0.0,0.00016320007853209972,0
1524,0.00015780003741383553,0.0,0.00015870004426687956,0
1525,0.00017209991347044706,0.0,0.0001729999203234911,0
1526,0.0001623999560251832,0.0,0.00016329996287822723,0
1527,0.0001572000328451395,0.0,0.00015810003969818354,0
1528,0.00017200002912431955,0.0,0.00017290003597736359,0
1529,0.0001588999293744564,0.0005041999975219369,0.0066130999475717545,1
1530,0.0003603999502956867,0.0,0.00036179996095597744,0
1531,0.00019139994401484728,0.0,0.0001922999508678913,0
1532,0.00018510001245886087,0.0,0.00018609990365803242,0
1533,0.00015660002827644348,0.0,0.00015750003512948751,0
1534,0.00015900004655122757,0.0,0.0001599999377503991,0
1535,0.00016739999409765005,0.0,0.00016840000171214342,0
1536,0.0001545000122860074,0.0,0.0001553000183776021,0
1537,0.00015259999781847,0.0,0.00015350000467151403,0
1538,0.0001653999788686633,0.0,0.00016629998572170734,0
1539,0.00015449989587068558,0.0004879999905824661,0.006179199903272092,1
1540,0.0003263999242335558,0.0,0.0003277999348938465,0
1541,0.00019159994553774595,0.0,0.00019259995315223932,0
1542,0.00018510001245886087,0.0,0.0001860000193119049,0
1543,0.00015650002751499414,0.0,0.00015740003436803818,0
1544,0.00017070001922547817,0.0,0.00017180002760142088,0
1545,0.0001702000154182315,0.0,0.00017110002227127552,0
1546,0.00015350000467151403,0.0,0.00015440001152455807,0
1547,0.00015300000086426735,0.0,0.00015390000771731138,0
1548,0.00016579998191446066,0.0,0.0001666999887675047,0
1549,0.00015259999781847,0.00046500004827976227,0.006226300029084086,1
1550,0.0003912000684067607,0.0,0.0003926000790670514,0
1551,0.00021780002862215042,0.0,0.0002188000362366438,0
1552,0.00020350003615021706,0.0,0.00020450004376471043,0
1553,0.00018149998504668474,0.0,0.00018259999342262745,0
1554,0.00015630002599209547,0.0,0.0001572000328451395,0
1555,0.00018860003910958767,0.0,0.0001895000459626317,0
1556,0.00016880000475794077,0.0,0.0001697000116109848,0
1557,0.00015470001380890608,0.0,0.00015550001990050077,0
1558,0.00018720002844929695,0.0,0.00018810003530234098,0
1559,0.00022259994875639677,0.00041199999395757914,0.006216199952177703,1
1560,0.000327100045979023,0.0,0.000328300055116415,0
1561,0.00019369996152818203,0.0,0.0001946999691426754,0
1562,0.00018699991051107645,0.0,0.00018799991812556982,0
1563,0.00015590002294629812,0.0,0.00015680002979934216,0
1564,0.00015900004655122757,0.0,0.0001599000534042716,0
1565,0.00016789999790489674,0.0,0.00016880000475794077,0
1566,0.00015620002523064613,0.0,0.00015700003132224083,0
1567,0.0001545000122860074,0.0,0.00015540001913905144,0
1568,0.00016659998800605536,0.0,0.0001674999948590994,0
1569,0.00015520001761615276,0.0004472000291571021,0.006541599985212088,1
1570,0.00036090007051825523,0.0,0.0003622000804170966,0
1571,0.0001930000726133585,0.0,0.00019400008022785187,0
1572,0.00020620005670934916,0.0,0.0002074000658467412,0
1573,0.00015760003589093685,0.0,0.00015850004274398088,0
1574,0.00015400000847876072,0.0,0.0001550000160932541,0
1575,0.0001680999994277954,0.0,0.00016900000628083944,0
1576,0.00015550001990050077,0.0,0.00015630002599209547,0
1577,0.00015419989358633757,0.0,0.00015499989967793226,0
1578,0.00017010001465678215,0.0,0.00017110002227127552,0
1579,0.0001550000160932541,0.00045950000640004873,0.006400299957022071,1
1580,0.00047670002095401287,0.0,0.0004781000316143036,0
1581,0.0001626999583095312,0.0,0.00016379996668547392,0
1582,0.00018619990441948175,0.0,0.00018729991279542446,0
1583,0.00015750003512948751,0.0,0.00015840004198253155,0
1584,0.00015490001533180475,0.0,0.00015590002294629812,0
1585,0.00016799999866634607,0.0,0.00016900000628083944,0
1586,0.00019070005510002375,0.0,0.00019150006119161844,0
1587,0.00015390000771731138,0.0,0.00015470001380890608,0
1588,0.00016659998800605536,0.0,0.0001674999948590994,0
1589,0.00015390000771731138,0.0004485000390559435,0.0063708999659866095,1
1590,0.00035580003168433905,0.0,0.00036940001882612705,0
1591,0.00019139994401484728,0.0,0.00019239995162934065,0
1592,0.00018199998885393143,0.0,0.00018289999570697546,0
1593,0.00015629990957677364,0.0,0.00015719991642981768,0
1594,0.000152299995534122,0.0,0.00015310000162571669,0
1595,0.00016990001313388348,0.0,0.00017090002074837685,0
1596,0.00015410000924021006,0.0,0.00015490001533180475,0
1597,0.00015320000238716602,0.0,0.00015400000847876072,0
1598,0.00016469997353851795,0.0,0.00016559998039156199,0
1599,0.00015350000467151403,0.00045540009159594774,0.006194099900312722,1
1600,0.00036810000892728567,0.0,0.0003693999024108052,0
1601,0.0002183000324293971,0.0,0.00021930004004389048,0
1602,0.00018770003225654364,0.0,0.00018860003910958767,0
1603,0.00015780003741383553,0.0,0.0001585999270901084,0
1604,0.00015460001304745674,0.0,0.00015540001913905144,0
1605,0.00017170002683997154,0.0,0.00017269991803914309,0
1606,0.0001553000183776021,0.0,0.0001561000244691968,0
1607,0.0001545000122860074,0.0,0.00015540001913905144,0
1608,0.00016820000018924475,0.0,0.00016920000780373812,0
1609,0.00015630002599209547,0.0004474999150261283,0.00648049998562783,1
1610,0.0005027999868616462,0.0,0.0005041999975219369,0
1611,0.00016279995907098055,0.0,0.00016389996744692326,0
1612,0.00018209998961538076,0.0,0.00018309999722987413,0
1613,0.0001927000703290105,0.0,0.00019360007718205452,0
1614,0.00015510001685470343,0.0,0.00015590002294629812,0
1615,0.00016759999562054873,0.0,0.0001686000032350421,0
1616,0.0001539998920634389,0.0,0.0001547998981550336,0
1617,0.00015169999096542597,0.0,0.00015249999705702066,0
1618,0.00016359996516257524,0.0,0.00016439997125416994,0
1619,0.00018820003606379032,0.0004583001136779785,0.006776300026103854,1
1620,0.0003790999762713909,0.0,0.00038049998693168163,0
1621,0.00017450004816055298,0.0,0.00017560005653649569,0
1622,0.0001843998907133937,0.0,0.00018539989832788706,0
1623,0.00015760003589093685,0.0,0.00015850004274398088,0
1624,0.00015460001304745674,0.0,0.00015540001913905144,0
1625,0.0001949999714270234,0.0,0.00020849995780736208,0
1626,0.00015600002370774746,0.0,0.00015680002979934216,0
1627,0.0001537000061944127,0.0,0.00015449989587068558,0
1628,0.00016599998343735933,0.0,0.00016679998952895403,0
1629,0.0001550000160932541,0.00044869992416352034,0.006838400033302605,1
1630,0.0003469999646767974,0.0,0.00034819997381418943,0
1631,0.00020539993420243263,0.0,0.00020629994105547667,0
1632,0.00018860003910958767,0.0,0.00018960004672408104,0
1633,0.00015600002370774746,0.0,0.00015680002979934216,0
1634,0.0001537000061944127,0.0,0.0001545000122860074,0
1635,0.00016620010137557983,0.0,0.00016710010822862387,0
1636,0.00015310000162571669,0.0,0.00015390000771731138,0
1637,0.000152299995534122,0.0,0.00015310000162571669,0
1638,0.00016909989062696695,0.0,0.00016999989748001099,0
1639,0.00015320000238716602,0.00043919996824115515,0.006339099956676364,1
1640,0.00048319995403289795,0.0,0.00048459996469318867,0
1641,0.00016289995983242989,0.0,0.00016389996744692326,0
1642,0.0001868999097496271,0.0,0.00018789991736412048,0
1643,0.00015750003512948751,0.0,0.00015840004198253155,0
1644,0.00015410000924021006,0.0,0.0001550000160932541,0
1645,0.00016709999181330204,0.0,0.0001680999994277954,0
1646,0.00015799992252141237,0.0,0.00015879992861300707,0
1647,0.0001534000039100647,0.0,0.00015430001076310873,0
1648,0.00016549997963011265,0.0,0.00016639998648315668,0
1649,0.00015320000238716602,0.0004384000785648823,0.006389499991200864,1
1650,0.0005269999383017421,0.0,0.0005283999489620328,0
1651,0.00021309999283403158,0.0,0.0002142000012099743,0
1652,0.00023310002870857716,0.0,0.00023410003632307053,0
1653,0.00016249995678663254,0.0,0.00016329996287822723,0
1654,0.00016099994536489248,0.0,0.00016189995221793652,0
1655,0.00016990001313388348,0.0,0.00017070001922547817,0
1656,0.00015630002599209547,0.0,0.0001572000328451395,0
1657,0.00015460001304745674,0.0,0.00015540001913905144,0
1658,0.00016529997810721397,0.0,0.00016609998419880867,0
1659,0.00015480001457035542,0.0005226000212132931,0.0066362000070512295,1
1660,0.0003741000546142459,0.0,0.00037540006451308727,0
1661,0.0001727000344544649,0.0,0.00017360004130750895,0
1662,0.00020729994866997004,0.0,0.00020839995704591274,0
1663,0.00015660002827644348,0.0,0.00015750003512948751,0
1664,0.00015360000543296337,0.0,0.0001545000122860074,0
1665,0.00016840000171214342,0.0,0.00016930000856518745,0
1666,0.00015590002294629812,0.0,0.00015680002979934216,0
1667,0.0001572000328451395,0.0,0.0001580000389367342,0
1668,0.00016729999333620071,0.0,0.00016820000018924475,0
1669,0.00015470001380890608,0.0004496999317780137,0.006731200031936169,1
1670,0.0005119999404996634,0.0,0.0005133999511599541,0
1671,0.00021239998750388622,0.0,0.0002133999951183796,0
1672,0.0002327000256627798,0.0,0.00023370003327727318,0
1673,0.00019679998513311148,0.0,0.0001976999919861555,0
1674,0.0001553999027237296,0.0,0.00015629990957677364,0
1675,0.00016840000171214342,0.0,0.00016920000780373812,0
1676,0.00015510001685470343,0.0,0.00015599990729242563,0
1677,0.0001537000061944127,0.0,0.0001545000122860074,0
1678,0.00016469997353851795,0.0,0.00016569998115301132,0
1679,0.00019079993944615126,0.00044950004667043686,0.006530100014060736,1
1680,0.0005224000196903944,0.0,0.0005237000295892358,0
1681,0.00016609998419880867,0.0,0.00016709999181330204,0
1682,0.00019719998817890882,0.0,0.00019829999655485153,0
1683,0.0001577000366523862,0.0,0.00015860004350543022,0
1684,0.00015460001304745674,0.0,0.00015540001913905144,0
1685,0.0001674999948590994,0.0,0.00016830000095069408,0
1686,0.00018889992497861385,0.0,0.00018989993259310722,0
1687,0.00015199999324977398,0.0,0.000152900000102818,0
1688,0.00016499997582286596,0.0,0.00016589998267591,0
1689,0.0001520001096650958,0.000488600111566484,0.006554300081916153,1
1690,0.0005932999774813652,0.0,0.0005946999881416559,0
1691,0.00021600001491606236,0.0,0.0002169999061152339,0
1692,0.0002562999725341797,0.0,0.00025729998014867306,0
1693,0.00016029994003474712,0.0,0.00016119994688779116,0
1694,0.00015670002903789282,0.0,0.0001577000366523862,0
1695,0.00016959989443421364,0.0,0.000170599902048707,0
1696,0.0001569000305607915,0.0,0.00015780003741383553,0
1697,0.00015440001152455807,0.0,0.00015520001761615276,0
1698,0.00017090002074837685,0.0,0.00017190002836287022,0
1699,0.00015440001152455807,0.00044299999717622995,0.006513500004075468,1
1700,0.0003032999811694026,0.0,0.0003046999918296933,0
1701,0.0001911999424919486,0.0,0.00019219995010644197,0
1702,0.0001860000193119049,0.0,0.00018700002692639828,0
1703,0.0001556000206619501,0.0,0.00015670002903789282,0
1704,0.00015360000543296337,0.0,0.00015440001152455807,0
1705,0.00016719999257475138,0.0,0.00016799999866634607,0
1706,0.000242199981585145,0.0,0.00024319998919963837,0
1707,0.00019859999883919954,0.0,0.00019950000569224358,0
1708,0.00022879999596625566,0.0,0.0002297000028192997,0
1709,0.00029039999935775995,0.000754699925892055,0.00729249999858439,1
1710,0.0003559999167919159,0.0,0.0003573999274522066,0
1711,0.00016589998267591,0.0,0.00016679998952895403,0
1712,0.00018939992878586054,0.0,0.00019029993563890457,0
1713,0.00015979993622750044,0.0,0.00016069994308054447,0
1714,0.00015900004655122757,0.0,0.00015980005264282227,0
1715,0.00017580005805939436,0.0,0.0001767000649124384,0
1716,0.00015860004350543022,0.0,0.00015950005035847425,0
1717,0.0001580999232828617,0.0,0.00015899993013590574,0
1718,0.0001702000154182315,0.0,0.00017110002227127552,0
1719,0.00015799992252141237,0.00039299996569752693,0.006254499894566834,1
1720,0.00033980002626776695,0.0,0.0003412999212741852,0
1721,0.00020929996389895678,0.0,0.00021029997151345015,0
1722,0.00018800003454089165,0.0,0.00018900004215538502,0
1723,0.00015630002599209547,0.0,0.0001572000328451395,0
1724,0.00015590002294629812,0.0,0.000156699912622571,0
1725,0.00018430000636726618,0.0,0.0001852000132203102,0
1726,0.0001553000183776021,0.0,0.0001561000244691968,0
1727,0.00015410000924021006,0.0,0.00015490001533180475,0
1728,0.00016600009985268116,0.0,0.0001669001067057252,0
1729,0.00015470001380890608,0.0004814000567421317,0.006630600080825388,1
1730,0.000359599944204092,0.0,0.0003608999541029334,0
1731,0.00019289995543658733,0.0,0.0001938999630510807,0
1732,0.00020659994333982468,0.0,0.00020759995095431805,0
1733,0.0001572000328451395,0.0,0.00015810003969818354,0
1734,0.0001550000160932541,0.0,0.00015580002218484879,0
1735,0.00016840000171214342,0.0,0.0001694000093266368,0
1736,0.00015390000771731138,0.0,0.00015480001457035542,0
1737,0.00015300000086426735,0.0,0.00015390000771731138,0
1738,0.00016960001084953547,0.0,0.0001705000177025795,0
1739,0.00015440001152455807,0.0004488000413402915,0.006939099985174835,1
1740,0.0003334999782964587,0.0,0.0003347999881953001,0
1741,0.00022330007050186396,0.0,0.000224200077354908,0
1742,0.00018750003073364496,0.0,0.000188400037586689,0
1743,0.00015849992632865906,0.0,0.0001593999331817031,0
1744,0.00015970005188137293,0.0,0.00016050005797296762,0
1745,0.00016850000247359276,0.0,0.00016950001008808613,0
1746,0.00015710003208369017,0.0,0.00015790003817528486,0
1747,0.00015430001076310873,0.0,0.00015520001761615276,0
1748,0.00016709999181330204,0.0,0.00016799999866634607,0
1749,0.00015529990196228027,0.0004849000833928585,0.006847399985417724,1
1750,0.00038109999150037766,0.0,0.0003825000021606684,0
1751,0.00017579994164407253,0.0,0.00017669994849711657,0
1752,0.0001832999987527728,0.0,0.00018440000712871552,0
1753,0.00015570002142339945,0.0,0.00015670002903789282,0
1754,0.00015390000771731138,0.0,0.00015480001457035542,0
1755,0.00016659998800605536,0.0,0.00016759999562054873,0
1756,0.00018860003910958767,0.0,0.0001895000459626317,0
1757,0.00015300000086426735,0.0,0.00015380000695586205,0
1758,0.00016569998115301132,0.0,0.00016649998724460602,0
1759,0.00015400000847876072,0.0004526999546214938,0.006589399999938905,1
1760,0.00033089995849877596,0.0,0.0003322999691590667,0
1761,0.00022030004765838385,0.0,0.00022130005527287722,0
1762,0.00018370000179857016,0.0,0.0001846000086516142,0
1763,0.00015630002599209547,0.0,0.00015730003360658884,0
1764,0.00015900004655122757,0.0,0.0001599000534042716,0
1765,0.0001686998875811696,0.0,0.00016969989519566298,0
1766,0.00015480001457035542,0.0,0.0001556000206619501,0
1767,0.00015259999781847,0.0,0.00015350000467151403,0
1768,0.00016540009528398514,0.0,0.00016620010137557983,0
1769,0.00015400000847876072,0.00045220006722956896,0.006765600061044097,1
1770,0.0005222000181674957,0.0,0.0005237999139353633,0
1771,0.00016299996059387922,0.0,0.00016409996896982193,0
1772,0.00018530001398175955,0.0,0.00018620002083480358,0
1773,0.00015630002599209547,0.0,0.000157299917191267,0
1774,0.0001553000183776021,0.0,0.00015620002523064613,0
1775,0.00016759999562054873,0.0,0.0001686000032350421,0
1776,0.00017230003140866756,0.0,0.0001732000382617116,0
1777,0.00015510001685470343,0.0,0.00015590002294629812,0
1778,0.0001650999765843153,0.0,0.00016589998267591,0
1779,0.0001545000122860074,0.00045490008778870106,0.0069327999372035265,1
1780,0.0003144999500364065,0.0,0.00031599996145814657,0
1781,0.00022499996703118086,0.0,0.00022609997540712357,0
1782,0.00023380003403872252,0.0,0.00023490004241466522,0
1783,0.0001724999165162444,0.0,0.00017349992413073778,0
1784,0.00015570002142339945,0.0,0.00015660002827644348,0
1785,0.00018859992269426584,0.0,0.0001895999303087592,0
1786,0.00016990001313388348,0.0,0.00017070001922547817,0
1787,0.00018930004443973303,0.0,0.0001903000520542264,0
1788,0.00018679990898817778,0.0,0.00018789991736412048,0
1789,0.00016850000247359276,0.00044029997661709785,0.007213999982923269,1
1790,0.0003730999305844307,0.0,0.00037429993972182274,0
1791,0.00020279991440474987,0.0,0.00020389992278069258,0
1792,0.00018860003910958767,0.0,0.00018960004672408104,0
1793,0.0001610000617802143,0.0,0.00016200006939470768,0
1794,0.00015810003969818354,0.0,0.0001591000473126769,0
1795,0.00017060001846402884,0.0,0.00017150002531707287,0
1796,0.0001626000739634037,0.0,0.00016360008157789707,0
1797,0.00015790003817528486,0.0,0.00015870004426687956,0
1798,0.00017099990509450436,0.0,0.0001718999119475484,0
1799,0.00015870004426687956,0.0004178999224677682,0.006519500049762428,1
1800,0.00039379997178912163,0.0,0.00039499998092651367,0
1801,0.00015949993394315243,0.0,0.0001604999415576458,0
1802,0.00018500001169741154,0.0,0.00018590001855045557,0
1803,0.00015529990196228027,0.0,0.00015609990805387497,0
1804,0.0001534000039100647,0.0,0.00015430001076310873,0
1805,0.0001713999081403017,0.0,0.00017239991575479507,0
1806,0.00015380000695586205,0.0,0.00015470001380890608,0
1807,0.00015199999324977398,0.0,0.00015279999934136868,0
1808,0.0001656000968068838,0.0,0.00016660010442137718,0
1809,0.00015259999781847,0.00048400007653981447,0.0067146000219509006,1
1810,0.00044710002839565277,0.0,0.0004485000390559435,0
1811,0.0001653000945225358,0.0,0.00016630010213702917,0
1812,0.0001838000025600195,0.0,0.00018480001017451286,0
1813,0.00015660002827644348,0.0,0.00015750003512948751,0
1814,0.00015350000467151403,0.0,0.00015440001152455807,0
1815,0.00016729999333620071,0.0,0.00016820000018924475,0
1816,0.0001542998943477869,0.0,0.00015519990120083094,0
1817,0.00019240006804466248,0.0,0.00019329995848238468,0
1818,0.00017720006871968508,0.0,0.0001781000755727291,0
1819,0.000152900000102818,0.0004455000162124634,0.0074754999950528145,1
1820,0.0003671998856589198,0.0,0.0003684998955577612,0
1821,0.00017429993022233248,0.0,0.00017549993935972452,0
1822,0.00018879992421716452,0.0,0.0001897999318316579,0
1823,0.00015730003360658884,0.0,0.0001583000412210822,0
1824,0.00015510001685470343,0.0,0.00015600002370774746,0
1825,0.00017190002836287022,0.0,0.00017280003521591425,0
1826,0.0001534000039100647,0.0,0.00015430001076310873,0
1827,0.00015259999781847,0.0,0.00015350000467151403,0
1828,0.00016639998648315668,0.0,0.00016739999409765005,0
1829,0.00015490001533180475,0.0004909000126644969,0.007147600059397519,1
1830,0.0003725000424310565,0.0,0.0003738000523298979,0
1831,0.00020650005899369717,0.0,0.00020760006736963987,0
1832,0.00018500001169741154,0.0,0.0001860000193119049,0
1833,0.00015650002751499414,0.0,0.00015740003436803818,0
1834,0.0001545000122860074,0.0,0.0001553000183776021,0
1835,0.000193099956959486,0.0,0.00019399996381253004,0
1836,0.00015460001304745674,0.0,0.00015540001913905144,0
1837,0.0001534000039100647,0.0,0.00015419989358633757,0
1838,0.00016589998267591,0.0,0.00016679998952895403,0
1839,0.00015350000467151403,0.0004561999812722206,0.006910700001753867,1
1840,0.000499499961733818,0.0,0.0005008999723941088,0
1841,0.0001721000298857689,0.0,0.00017310003750026226,0
1842,0.00018640002235770226,0.0,0.00018740002997219563,0
1843,0.00015579990576952696,0.0,0.00015679991338402033,0
1844,0.00015330000314861536,0.0,0.00015430001076310873,0
1845,0.00016689999029040337,0.0,0.00016769999638199806,0
1846,0.00022300006821751595,0.0,0.00022380007430911064,0
1847,0.00015410000924021006,0.0,0.00015490001533180475,0
1848,0.00016549997963011265,0.0,0.00016639998648315668,0
1849,0.00015330000314861536,0.0004737999988719821,0.006886599934659898,1
1850,0.0005322000943124294,0.0,0.0005335001042112708,0
1851,0.0002535000676289201,0.0,0.0002546000760048628,0
1852,0.00019010005053132772,0.0,0.0001911000581458211,0
1853,0.0001588000450283289,0.0,0.00015980005264282227,0
1854,0.0001553999027237296,0.0,0.00015629990957677364,0
1855,0.0001686000032350421,0.0,0.00016950001008808613,0
1856,0.000156699912622571,0.0,0.00015759991947561502,0
1857,0.00015930004883557558,0.0,0.00016010005492717028,0
1858,0.00016830000095069408,0.0,0.00016930000856518745,0
1859,0.0001553000183776021,0.0004493999294936657,0.006907999981194735,1
1860,0.0003760000690817833,0.0,0.0003773000789806247,0
1861,0.00021080009173601866,0.0,0.0002117999829351902,0
1862,0.00020999996922910213,0.0,0.00021109997760504484,0
1863,0.00017609994392842054,0.0,0.00017699995078146458,0
1864,0.00015440001152455807,0.0,0.00015540001913905144,0
1865,0.0001669999910518527,0.0,0.00016789999790489674,0
1866,0.00015460001304745674,0.0,0.00015550001990050077,0
1867,0.00015219999477267265,0.0,0.00015320000238716602,0
1868,0.0002020999090746045,0.0,0.00020309991668909788,0
1869,0.00015330000314861536,0.00044460000935941935,0.007472799974493682,1
1870,0.0003665999975055456,0.0,0.000367900007404387,0
1871,0.00019609997980296612,0.0,0.0001970999874174595,0
1872,0.00018640002235770226,0.0,0.00018750003073364496,0
1873,0.00015840004198253155,0.0,0.00015920004807412624,0
1874,0.00015550001990050077,0.0,0.00015639991033822298,0
1875,0.00016910000704228878,0.0,0.0001700000138953328,0
1876,0.00015480001457035542,0.0,0.0001556000206619501,0
1877,0.00015840004198253155,0.0,0.00015940004959702492,0
1878,0.00016870000399649143,0.0,0.00016960001084953547,0
1879,0.0001550000160932541,0.00044840003829449415,0.006958200014196336,1
1880,0.00036320008803159,0.0,0.00036450009793043137,0
1881,0.00019350007642060518,0.0,0.00019459996838122606,0
1882,0.00022529996931552887,0.0,0.00022629997693002224,0
1883,0.00015650002751499414,0.0,0.00015750003512948751,0
1884,0.00015390000771731138,0.0,0.00015490001533180475,0
1885,0.00016689999029040337,0.0,0.0001677999971434474,0
1886,0.00015519990120083094,0.0,0.00015599990729242563,0
1887,0.00015400000847876072,0.0,0.00015480001457035542,0
1888,0.0002101999707520008,0.0,0.00021109997760504484,0
1889,0.0001534000039100647,0.0004466999089345336,0.007066199905239046,1
1890,0.0003581999335438013,0.0,0.00035939994268119335,0
1891,0.0001897999318316579,0.0,0.00019069993868470192,0
1892,0.00018440000712871552,0.0,0.00018530001398175955,0
1893,0.00019189994782209396,0.0,0.000192799954675138,0
1894,0.0001517999917268753,0.0,0.00015259999781847,0
1895,0.00016510009299963713,0.0,0.00016600009985268116,0
1896,0.0001537000061944127,0.0,0.0001545000122860074,0
1897,0.00015310000162571669,0.0,0.00015400000847876072,0
1898,0.00016459997277706861,0.0,0.00016559998039156199,0
1899,0.0002191000385209918,0.00044520001392811537,0.0072462999960407615,1
1900,0.00035699992440640926,0.0,0.00035829993430525064,0
1901,0.00017269991803914309,0.0,0.00017369992565363646,0
1902,0.0001818999880924821,0.0,0.0001829999964684248,0
1903,0.00019970000721514225,0.0,0.00020060001406818628,0
1904,0.0001537000061944127,0.0,0.0001545000122860074,0
1905,0.00016789999790489674,0.0,0.00016880000475794077,0
1906,0.00015520001761615276,0.0,0.00015609990805387497,0
1907,0.00015430001076310873,0.0,0.00015510001685470343,0
1908,0.00019099994096904993,0.0,0.00019189994782209396,0
1909,0.00021279999054968357,0.00045779999345541,0.00736499996855855,1
1910,0.00033139996230602264,0.0,0.0003328999737277627,0
1911,0.0001957999775186181,0.0,0.00019669998437166214,0
1912,0.00018999993335455656,0.0,0.00019099994096904993,0
1913,0.00015680002979934216,0.0,0.0001577000366523862,0
1914,0.00015400000847876072,0.0,0.00015470001380890608,0
1915,0.00016729999333620071,0.0,0.0001680999994277954,0
1916,0.00015430001076310873,0.0,0.0001550999004393816,0
1917,0.00015259999781847,0.0,0.00015350000467151403,0
1918,0.00016910000704228878,0.0,0.00016990001313388348,0
1919,0.00015390000771731138,0.0004458000184968114,0.0072619999991729856,1
1920,0.0004901000065729022,0.0,0.0004918000195175409,0
1921,0.00019589997828006744,0.0,0.00019689998589456081,0
1922,0.0001873000292107463,0.0,0.000188400037586689,0
1923,0.0001561000244691968,0.0,0.00015710003208369017,0
1924,0.0001550000160932541,0.0,0.00015590002294629812,0
1925,0.00016870000399649143,0.0,0.00016980001237243414,0
1926,0.0001556000206619501,0.0,0.00015650002751499414,0
1927,0.00015820004045963287,0.0,0.0001591000473126769,0
1928,0.00016609998419880867,0.0,0.0001669999910518527,0
1929,0.00015480001457035542,0.0004494000459089875,0.007079600007273257,1
1930,0.00048070005141198635,0.0,0.0004819000605493784,0
1931,0.00020070001482963562,0.0,0.000201700022444129,0
1932,0.0001892000436782837,0.0,0.00019019993487745523,0
1933,0.00015820004045963287,0.0,0.0001591000473126769,0
1934,0.00015550001990050077,0.0,0.0001564000267535448,0
1935,0.00016759999562054873,0.0,0.00016850000247359276,0
1936,0.00015629990957677364,0.0,0.00015719991642981768,0
1937,0.0001588000450283289,0.0,0.00015970005188137293,0
1938,0.00016689999029040337,0.0,0.0001677999971434474,0
1939,0.00015330000314861536,0.00044600002001971006,0.007313100039027631,1
1940,0.00034579995553940535,0.0,0.0003469999646767974,0
1941,0.00021570001263171434,0.0,0.00021680002100765705,0
1942,0.0001846000086516142,0.0,0.00018560001626610756,0
1943,0.00015740003436803818,0.0,0.00015840004198253155,0
1944,0.0001542000100016594,0.0,0.00015510001685470343,0
1945,0.00016679998952895403,0.0,0.0001677999971434474,0
1946,0.0001537000061944127,0.0,0.0001545000122860074,0
1947,0.00015460001304745674,0.0,0.0001556000206619501,0
1948,0.00016499997582286596,0.0,0.00016599998343735933,0
1949,0.0001537000061944127,0.00044249999336898327,0.007196000078693032,1
1950,0.0003475999692454934,0.0,0.00034899997990578413,0
1951,0.00023140001576393843,0.0,0.0002324000233784318,0
1952,0.00018550001550465822,0.0,0.0001865000231191516,0
1953,0.00015650002751499414,0.0,0.00015750003512948751,0
1954,0.00015380000695586205,0.0,0.00015460001304745674,0
1955,0.00016759999562054873,0.0,0.00016850000247359276,0
1956,0.00015519990120083094,0.0,0.00015599990729242563,0
1957,0.00015730003360658884,0.0,0.0001583000412210822,0
1958,0.00016580009832978249,0.0,0.00016670010518282652,0
1959,0.00015430001076310873,0.00047229998745024204,0.007278700009919703,1
1960,0.00043800007551908493,0.0,0.0004393999697640538,0
1961,0.0001615999499335885,0.0,0.00016249995678663254,0
1962,0.00018560001626610756,0.0,0.00018660002388060093,0
1963,0.00015549990348517895,0.0,0.00015639991033822298,0
1964,0.00015300000086426735,0.0,0.0001537000061944127,0
1965,0.00019749999046325684,0.0,0.00019829999655485153,0
1966,0.00015360000543296337,0.0,0.00015449989587068558,0
1967,0.00015310000162571669,0.0,0.00015390000771731138,0
1968,0.0001666999887675047,0.0,0.0001674999948590994,0
1969,0.00015489989891648293,0.00047940004151314497,0.007157299900427461,1
1970,0.0003114000428467989,0.0,0.0003127999370917678,0
1971,0.0001900999341160059,0.0,0.00019109994173049927,0
1972,0.00024560000747442245,0.0,0.0002466000150889158,0
1973,0.00017099990509450436,0.0,0.00017179991118609905,0
1974,0.00015400000847876072,0.0,0.00015490001533180475,0
1975,0.00019869999960064888,0.0,0.00021229998674243689,0
1976,0.0001553000183776021,0.0,0.00015620002523064613,0
1977,0.0001545000122860074,0.0,0.00015540001913905144,0
1978,0.00016659998800605536,0.0,0.00016759999562054873,0
1979,0.0001537000061944127,0.0005065000150352716,0.00795030000153929,1
1980,0.0004817000590264797,0.0,0.00048310006968677044,0
1981,0.00016440008766949177,0.0,0.00016559998039156199,0
1982,0.00020720006432384253,0.0,0.00020830007269978523,0
1983,0.0001732000382617116,0.0,0.00017410004511475563,0
1984,0.00015359988901764154,0.0,0.00015449989587068558,0
1985,0.00018670002464205027,0.0,0.0001876000314950943,0
1986,0.00017309992108494043,0.0,0.0001740999286994338,0
1987,0.00015330000314861536,0.0,0.0001542000100016594,0
1988,0.00018529989756643772,0.0,0.00018619990441948175,0
1989,0.00016629998572170734,0.0004638000391423702,0.007410699967294931,1
1990,0.00035419990308582783,0.0,0.00035559991374611855,0
1991,0.00017479993402957916,0.0,0.00017589994240552187,0
1992,0.00018480001017451286,0.0,0.00018580001778900623,0
1993,0.00015579990576952696,0.0,0.000156699912622571,0
1994,0.00015249999705702066,0.0,0.0001534000039100647,0
1995,0.0001708000199869275,0.0,0.00017170002683997154,0
1996,0.00015360000543296337,0.0,0.0001545000122860074,0
1997,0.00015089998487383127,0.0,0.00015169999096542597,0
1998,0.00016359996516257524,0.0,0.00016449997201561928,0
1999,0.00015249999705702066,0.00045279995538294315,0.00765229994431138,1
