step,step_state_sec,to_numpy_sec,total_step_sec,saved
0,0.006213800050318241,0.000450999999884516,0.009172300051432103,1
1,0.0004110000445507467,0.0,0.0004130000015720725,0
2,0.00020240002777427435,0.0,0.00020330003462731838,0
3,0.00019829999655485153,0.0,0.00019940000493079424,0
4,0.00020820001373067498,0.0,0.0002093000221066177,0
5,0.0001716000260785222,0.0,0.0001724000321701169,0
6,0.00023659999715164304,0.0,0.0002376000047661364,0
7,0.00018860003910958767,0.0,0.0001895000459626317,0
8,0.0001700000138953328,0.0,0.00017090002074837685,0
9,0.00021309999283403158,0.0,0.0002142000012099743,0
10,0.00017200002912431955,0.0,0.00017290003597736359,0
11,0.0001694000093266368,0.0,0.0001702000154182315,0
12,0.00028000003658235073,0.0,0.00028090004343539476,0
13,0.00017359998309984803,0.0,0.00017439998919144273,0
14,0.0001702999579720199,0.0,0.00017119996482506394,0
15,0.00021979998564347625,0.0,0.00022069999249652028,0
16,0.00019450002582743764,0.0,0.00019540003268048167,0
17,0.0001811000402085483,0.0,0.00018200004706159234,0
18,0.0002462000120431185,0.0,0.0002473000204190612,0
19,0.0002223999472334981,0.00046010001096874475,0.0031706999870948493,1
20,0.0005410999874584377,0.0,0.0005428000004030764,0
21,0.00030049995984882116,0.0,0.0003016999689862132,0
22,0.00024179997853934765,0.0,0.00024289998691529036,0
23,0.0003105999785475433,0.0,0.00031159998616203666,0
24,0.0001981999957934022,0.0,0.00019910000264644623,0
25,0.0002294000005349517,0.0,0.0002305000089108944,0
26,0.0002038999809883535,0.0,0.0002049999893642962,0
27,0.00017089996254071593,0.0,0.00017169996863231063,0
28,0.00021799997193738818,0.0,0.00021899997955188155,0
29,0.00017330003902316093,0.0,0.00017419998766854405,0
30,0.0001708000199869275,0.0,0.00017169996863231063,0
31,0.00021739996736869216,0.0,0.00021839997498318553,0
32,0.00017249997472390532,0.0,0.00017329998081550002,0
33,0.00020290003158152103,0.0,0.00020380003843456507,0
34,0.0002172000240534544,0.0,0.00021810003090649843,0
35,0.0001705000177025795,0.0,0.0001713000237941742,0
36,0.00017950002802535892,0.0,0.00018039997667074203,0
37,0.00022059999173507094,0.0,0.00022159999934956431,0
38,0.00020459998631849885,0.0,0.0002057999954558909,0
39,0.0001832999987527728,0.0004192999913357198,0.0026378000038675964,1
40,0.00035930000012740493,0.0,0.00036070001078769565,0
41,0.00029720005113631487,0.0,0.00029830000130459666,0
42,0.00027359998784959316,0.0,0.0002750999992713332,0
43,0.0003437999985180795,0.0,0.00034550001146271825,0
44,0.00044759997399523854,0.0,0.000450699997600168,0
45,0.00028469995595514774,0.0,0.00028579996433109045,0
46,0.00034520000917837024,0.0,0.0003464000183157623,0
47,0.0002229000092484057,0.0,0.0002243000199086964,0
48,0.00043999997433274984,0.0,0.00044159998651593924,0
49,0.00041390000842511654,0.0,0.00042799999937415123,0
50,0.0002626000205054879,0.0,0.0002637000288814306,0
51,0.00026160001289099455,0.0,0.00026270002126693726,0
52,0.00021519995061680675,0.0,0.00021619995823130012,0
53,0.0001846000086516142,0.0,0.00018559995805844665,0
54,0.00021789997117593884,0.0,0.00021879997802898288,0
55,0.00017309997929260135,0.0,0.00017399998614564538,0
56,0.00018179998733103275,0.0,0.00018289999570697546,0
57,0.00023959996178746223,0.0,0.0002405999694019556,0
58,0.00017019995721057057,0.0,0.00017099996330216527,0
59,0.00019130000146105886,0.0003170999698340893,0.0024556999560445547,1
60,0.0005396000342443585,0.0,0.0005413000471889973,0
61,0.0002725999802350998,0.0,0.0002738999901339412,0
62,0.0002809999859891832,0.0,0.00028199999360367656,0
63,0.0002902999985963106,0.0,0.0002914000069722533,0
64,0.0004467000253498554,0.0,0.0004487999831326306,0
65,0.0005436000064946711,0.0,0.0005447999574244022,0
66,0.0002513999934308231,0.0,0.0002525000018067658,0
67,0.0002212999970652163,0.0,0.000222100003156811,0
68,0.0002395000192336738,0.0,0.00024060002760961652,0
69,0.00021049997303634882,0.0,0.0002114999806508422,0
70,0.0001702000154182315,0.0,0.00017100002150982618,0
71,0.00021349999587982893,0.0,0.00021460000425577164,0
72,0.00016949995188042521,0.0,0.0001702999579720199,0
73,0.0001674999948590994,0.0,0.00016840000171214342,0
74,0.00024240004131570458,0.0,0.0002432999899610877,0
75,0.0001686000032350421,0.0,0.0001694000093266368,0
76,0.00017889996524900198,0.0,0.000179799972102046,0
77,0.00020439998479560018,0.0,0.0002052999916486442,0
78,0.00016870000399649143,0.0,0.00016960001084953547,0
79,0.00018630002159625292,0.0004977000062353909,0.00295140000525862,1
80,0.0003564999788068235,0.0,0.0003577999887056649,0
81,0.00017469999147579074,0.0,0.0001756999990902841,0
82,0.0001993000041693449,0.0,0.0002004000125452876,0
83,0.00021650001872330904,0.0,0.0002174999681301415,0
84,0.0003010999644175172,0.0,0.00030229997355490923,0
85,0.0003070999518968165,0.0,0.00030859996331855655,0
86,0.00025729998014867306,0.0,0.00025859999004751444,0
87,0.0003470000228844583,0.0,0.000348100031260401,0
88,0.00033790001180022955,0.0,0.0003394000232219696,0
89,0.00047749996883794665,0.0,0.0004792999825440347,0
90,0.0004062000080011785,0.0,0.0004076000186614692,0
91,0.0002997000119648874,0.0,0.00030100002186372876,0
92,0.00024199998006224632,0.0,0.00024289998691529036,0
93,0.00017610000213608146,0.0,0.0001770000089891255,0
94,0.0002479000249877572,0.0,0.0002490000333636999,0
95,0.00016520003555342555,0.0,0.00016599998343735933,0
96,0.0001748999929986894,0.0,0.00017579999985173345,0
97,0.00016850000247359276,0.0,0.0001694000093266368,0
98,0.0001734999823383987,0.0,0.00017439998919144273,0
99,0.00017720001051202416,0.000387699983548373,0.002468499995302409,1
100,0.0005994000239297748,0.0,0.0006013999809511006,0
101,0.00039279996417462826,0.0,0.0003942999755963683,0
102,0.00031949998810887337,0.0,0.0003208999987691641,0
103,0.00022609997540712357,0.0,0.00022709998302161694,0
104,0.00016900000628083944,0.0,0.0001700000138953328,0
105,0.00021789997117593884,0.0,0.00021889997879043221,0
106,0.00017370004206895828,0.0,0.0001745999907143414,0
107,0.00016469997353851795,0.0,0.00016549997963011265,0
108,0.00023290002718567848,0.0,0.00023390003480017185,0
109,0.00021889997879043221,0.0,0.00021999998716637492,0
110,0.00021799997193738818,0.0,0.00021889997879043221,0
111,0.00023930001771077514,0.0,0.00024040002608671784,0
112,0.0001686000032350421,0.0,0.00016960001084953547,0
113,0.00017069996101781726,0.0,0.00017149996710941195,0
114,0.00022000004537403584,0.0,0.00022089999401941895,0
115,0.0001674999948590994,0.0,0.00016830000095069408,0
116,0.0001762000028975308,0.0,0.00017710000975057483,0
117,0.00026489997981116176,0.0,0.0002658999874256551,0
118,0.00021130003733560443,0.0,0.00021219998598098755,0
119,0.0001900999923236668,0.00031969998963177204,0.0022764999885112047,1
120,0.0003945999778807163,0.0,0.00039569998625665903,0
121,0.0001772999530658126,0.0,0.00017829996068030596,0
122,0.0001962999813258648,0.0,0.00019759999122470617,0
123,0.00020629999926313758,0.0,0.00020740000763908029,0
124,0.00016739999409765005,0.0,0.00016830000095069408,0
125,0.00024050002684816718,0.0,0.0002416999777778983,0
126,0.000228599994443357,0.0,0.00022960000205785036,0
127,0.00016939995111897588,0.0,0.00017039995873346925,0
128,0.00022420001914724708,0.0,0.00022520002676174045,0
129,0.00017100002150982618,0.0,0.00017190002836287022,0
130,0.00021140003809705377,0.0,0.00021219998598098755,0
131,0.0002914000069722533,0.0,0.00029250001534819603,0
132,0.00016930000856518745,0.0,0.0001702000154182315,0
133,0.0003344999859109521,0.0,0.00033569999504834414,0
134,0.0003334000357426703,0.0,0.00033469998743385077,0
135,0.00033469998743385077,0.0,0.0003360999980941415,0
136,0.00040059996536001563,0.0,0.0004020999767817557,0
137,0.0003223000094294548,0.0,0.0003236000193282962,0
138,0.00023210002109408379,0.0,0.00023340003099292517,0
139,0.00026429997524246573,0.0003236000193282962,0.002550999983213842,1
140,0.00042239995673298836,0.0,0.00042369996663182974,0
141,0.00019590003648772836,0.0,0.00019690004410222173,0
142,0.00022220000391826034,0.0,0.0002232000115327537,0
143,0.0002319000195711851,0.0,0.00023289996897801757,0
144,0.00016799999866634607,0.0,0.00016900000628083944,0
145,0.00021119997836649418,0.0,0.00021219998598098755,0
146,0.00017090002074837685,0.0,0.00017180002760142088,0
147,0.00018969998927786946,0.0,0.00019049999536946416,0
148,0.00023880001390352845,0.0,0.00023989996407181025,0
149,0.00016739999409765005,0.0,0.00016830000095069408,0
150,0.00016380002489313483,0.0,0.00016460003098472953,0
151,0.00021219998598098755,0.0,0.00021309999283403158,0
152,0.00019189994782209396,0.0,0.000192799954675138,0
153,0.0001680999994277954,0.0,0.00016900000628083944,0
154,0.0002145000034943223,0.0,0.00021550001110881567,0
155,0.00016540003707632422,0.0,0.000166199984960258,0
156,0.00017680000746622682,0.0,0.00017780001508072019,0
157,0.00022639997769147158,0.0,0.00022739998530596495,0
158,0.00016910000704228878,0.0,0.00016989995492622256,0
159,0.00018649996491149068,0.0002761000068858266,0.0023535999935120344,1
160,0.0003907000063918531,0.0,0.0003920000162906945,0
161,0.0001750999945215881,0.0,0.00017610000213608146,0
162,0.000194900028873235,0.0,0.00019590003648772836,0
163,0.00016599998343735933,0.0,0.0001669999910518527,0
164,0.0001631999621167779,0.0,0.0001639999682083726,0
165,0.0001783999614417553,0.0,0.00017929996829479933,0
166,0.0001639999682083726,0.0,0.0001647999742999673,0
167,0.0001667000469751656,0.0,0.00016760005382820964,0
168,0.00017529999604448676,0.0,0.00017630000365898013,0
169,0.00016220001270994544,0.0,0.00016310001956298947,0
170,0.0001756999990902841,0.0,0.00017660000594332814,0
171,0.00017479999223724008,0.0,0.00017559999832883477,0
172,0.00015759997768327594,0.0,0.00015839998377487063,0
173,0.00016150000737980008,0.0,0.00016240001423284411,0
174,0.0001700000138953328,0.0,0.00017090002074837685,0
175,0.00015600002370774746,0.0,0.00015680002979934216,0
176,0.00016599998343735933,0.0,0.00016689999029040337,0
177,0.00015999999595806003,0.0,0.00016089994460344315,0
178,0.00015689997235313058,0.0,0.00015769997844472528,0
179,0.000172399973962456,0.0003386000171303749,0.002251099969726056,1
180,0.00045059999683871865,0.0,0.0004523000097833574,0
181,0.00043889996595680714,0.0,0.0004403999773785472,0
182,0.00042639998719096184,0.0,0.00042779999785125256,0
183,0.00021970004308968782,0.0,0.00022069999249652028,0
184,0.0002627999638207257,0.0,0.0002636999706737697,0
185,0.0001908999984152615,0.0,0.00019180000526830554,0
186,0.00016069994308054447,0.0,0.00016149994917213917,0
187,0.00016009999671950936,0.0,0.00016090000281110406,0
188,0.0001724000321701169,0.0,0.00017340003978461027,0
189,0.0001604999997653067,0.0,0.0001613000058569014,0
190,0.0001908999984152615,0.0,0.00019180000526830554,0
191,0.00021159998141229153,0.0,0.00021249998826533556,0
192,0.00022330001229420304,0.0,0.00022420001914724708,0
193,0.00015940004959702492,0.0,0.0001601999974809587,0
194,0.00022609997540712357,0.0,0.00022709998302161694,0
195,0.00020650000078603625,0.0,0.00020729994866997004,0
196,0.00016880000475794077,0.0,0.0001697000116109848,0
197,0.00016140000661835074,0.0,0.0001621000119484961,0
198,0.00015919998986646533,0.0,0.00015999999595806003,0
199,0.00017099996330216527,0.00030620000325143337,0.0024314000038430095,1
200,0.0003036000416614115,0.0,0.00030479999259114265,0
201,0.00019139994401484728,0.0,0.00019239995162934065,0
202,0.0002690000110305846,0.0,0.00027009996119886637,0
203,0.00021389999892562628,0.0,0.0002148000057786703,0
204,0.00016190001042559743,0.0,0.0001629000180400908,0
205,0.00024690001737326384,0.0,0.0002479000249877572,0
206,0.00018759997328743339,0.0,0.00018849998014047742,0
207,0.00016200001118704677,0.0,0.0001626999583095312,0
208,0.00031269999453797936,0.0,0.00031370000215247273,0
209,0.00016739999409765005,0.0,0.00016820000018924475,0
210,0.00016250001499429345,0.0,0.00016330002108588815,0
211,0.0002668000524863601,0.0,0.00026780000189319253,0
212,0.0001702999579720199,0.0,0.00017099996330216527,0
213,0.00016120000509545207,0.0,0.00016200001118704677,0
214,0.00024419999681413174,0.0,0.0002452000044286251,0
215,0.00016160000814124942,0.0,0.00016250001499429345,0
216,0.0001928000128827989,0.0,0.00019370001973584294,0
217,0.00024200003826990724,0.0,0.00024289998691529036,0
218,0.0001640000264160335,0.0,0.0001648000325076282,0
219,0.0002400000230409205,0.0003390999627299607,0.0026094000204466283,1
220,0.0003160000196658075,0.0,0.00031730002956464887,0
221,0.00016910000704228878,0.0,0.00017010001465678215,0
222,0.0002627999638207257,0.0,0.00026379997143521905,0
223,0.0001742999884299934,0.0,0.0001750999945215881,0
224,0.00016380002489313483,0.0,0.00016460003098472953,0
225,0.0002555000246502459,0.0,0.00025640003150328994,0
226,0.00016469997353851795,0.0,0.00016559998039156199,0
227,0.00016179995145648718,0.0,0.00016249995678663254,0
228,0.00024419999681413174,0.0,0.00024510000366717577,0
229,0.0001629000180400908,0.0,0.00016380002489313483,0
230,0.0001697000116109848,0.0,0.00017060001846402884,0
231,0.0002457000082358718,0.0,0.0002466000150889158,0
232,0.00016280001727864146,0.0,0.00016380002489313483,0
233,0.00016140000661835074,0.0,0.00016220001270994544,0
234,0.0004271000507287681,0.0,0.00042810000013560057,0
235,0.00017549999756738544,0.0,0.00017630000365898013,0
236,0.00031319999834522605,0.0,0.00031430000672116876,0
237,0.0004273999948054552,0.0,0.00042860000394284725,0
238,0.00019829999655485153,0.0,0.00019910000264644623,0
239,0.00018060003640130162,0.00038759998278692365,0.00247440004022792,1
240,0.0002940000267699361,0.0,0.0002951000351458788,0
241,0.000166199984960258,0.0,0.00016709999181330204,0
242,0.00018800003454089165,0.0,0.00018909998470917344,0
243,0.00016270001651719213,0.0,0.00016360002337023616,0
244,0.000159399991389364,0.0,0.00016029999824240804,0
245,0.00017249997472390532,0.0,0.00017339998157694936,0
246,0.00024230004055425525,0.0,0.00024320004740729928,0
247,0.00019679998513311148,0.0,0.00019759999122470617,0
248,0.000172399973962456,0.0,0.00017329998081550002,0
249,0.00015870004426687956,0.0,0.00015949999215081334,0
250,0.00015789997996762395,0.0,0.00015879998682066798,0
251,0.0001748999929986894,0.0,0.00017590000061318278,0
252,0.00015929999062791467,0.0,0.0001601999974809587,0
253,0.00015969999367371202,0.0,0.0001604999997653067,0
254,0.0002361999941058457,0.0,0.00023710000095888972,0
255,0.00015839998377487063,0.0,0.00015929999062791467,0
256,0.00021540001034736633,0.0,0.00021629995899274945,0
257,0.0002384000108577311,0.0,0.00023929995950311422,0
258,0.00015899998834356666,0.0,0.00015979999443516135,0
259,0.00024230004055425525,0.00043559999903663993,0.0024829000467434525,1
260,0.0002840000088326633,0.0,0.00028529996052384377,0
261,0.00016309996135532856,0.0,0.00016419996973127127,0
262,0.00018480001017451286,0.0,0.00018589996034279466,0
263,0.00016029999824240804,0.0,0.00016120000509545207,0
264,0.00015949999215081334,0.0,0.0001604999997653067,0
265,0.00017769995611160994,0.0,0.0001786999637261033,0
266,0.00015929999062791467,0.0,0.0001601999974809587,0
267,0.00015799998072907329,0.0,0.00015879998682066798,0
268,0.00016930000856518745,0.0,0.00017019995721057057,0
269,0.00015769997844472528,0.0,0.00015849998453631997,0
270,0.00015689997235313058,0.0,0.00015769997844472528,0
271,0.00017500005196779966,0.0,0.00017600000137463212,0
272,0.00015739997616037726,0.0,0.0001582999830134213,0
273,0.00015740003436803818,0.0,0.0001583000412210822,0
274,0.00016950001008808613,0.0,0.0001705000177025795,0
275,0.00015780003741383553,0.0,0.00015860004350543022,0
276,0.00016489997506141663,0.0,0.00016589998267591,0
277,0.00016499997582286596,0.0,0.00016589998267591,0
278,0.00015820004045963287,0.0,0.0001591000473126769,0
279,0.00016950001008808613,0.0003581999917514622,0.002230399986729026,1
280,0.0002930000191554427,0.0,0.0002943000290542841,0
281,0.0002009000163525343,0.0,0.00020189996575936675,0
282,0.00019069999689236283,0.0,0.0001917000045068562,0
283,0.00019719998817890882,0.0,0.00019799999427050352,0
284,0.00022149999858811498,0.0,0.00022259994875639677,0
285,0.00024809996830299497,0.0,0.00024909997591748834,0
286,0.0001708000199869275,0.0,0.00017169996863231063,0
287,0.00021999998716637492,0.0,0.00022089999401941895,0
288,0.00021980004385113716,0.0,0.00022090005222707987,0
289,0.00016190001042559743,0.0,0.00016280001727864146,0
290,0.00016609998419880867,0.0,0.00016689999029040337,0
291,0.00017300003673881292,0.0,0.00017390004359185696,0
292,0.00015809998149052262,0.0,0.00015899998834356666,0
293,0.0001577999792061746,0.0,0.00015869998605921865,0
294,0.00017030001617968082,0.0,0.00017119996482506394,0
295,0.00015790003817528486,0.0,0.00015879998682066798,0
296,0.00017150002531707287,0.0,0.00017250003293156624,0
297,0.00016300001880154014,0.0,0.00016380002489313483,0
298,0.00015889998758211732,0.0,0.00015979999443516135,0
299,0.00017009995644912124,0.00035280000884085894,0.0024363999837078154,1
300,0.0003043999895453453,0.0,0.0003056999994441867,0
301,0.00016540003707632422,0.0,0.00016639998648315668,0
302,0.00018669996643438935,0.0,0.00018779997481033206,0
303,0.00016169995069503784,0.0,0.00016249995678663254,0
304,0.0001610000035725534,0.0,0.00016190001042559743,0
305,0.00017720001051202416,0.0,0.0001781000173650682,0
306,0.0001598999951966107,0.0,0.00016080000204965472,0
307,0.00016030005645006895,0.0,0.00016110000433400273,0
308,0.000172399973962456,0.0,0.00017329998081550002,0
309,0.00015979999443516135,0.0,0.00016080000204965472,0
310,0.00015899998834356666,0.0,0.0001598999951966107,0
311,0.0001753999968059361,0.0,0.00017639994621276855,0
312,0.00015979999443516135,0.0,0.00016060000052675605,0
313,0.00015919998986646533,0.0,0.00015999999595806003,0
314,0.00017099996330216527,0.0,0.00017209997167810798,0
315,0.0001585999852977693,0.0,0.00015959999291226268,0
316,0.00016799999866634607,0.0,0.00016900000628083944,0
317,0.00016589998267591,0.0,0.00016679998952895403,0
318,0.00015889998758211732,0.0,0.00015979999443516135,0
319,0.00017069996101781726,0.000341600039973855,0.002423300000373274,1
320,0.00046030001249164343,0.0,0.0004616000223904848,0
321,0.00016980001237243414,0.0,0.0001708000199869275,0
322,0.0001905999961309135,0.0,0.00019150000298395753,0
323,0.00016229995526373386,0.0,0.00016329996287822723,0
324,0.000159399991389364,0.0,0.00016029999824240804,0
325,0.0001770000089891255,0.0,0.00017800001660361886,0
326,0.000159399991389364,0.0,0.0001601999974809587,0
327,0.0001566999708302319,0.0,0.0001574999769218266,0
328,0.0001715999678708613,0.0,0.00017249997472390532,0
329,0.00015870004426687956,0.0,0.00015950005035847425,0
330,0.00015699997311457992,0.0,0.0001577999792061746,0
331,0.00019240000983700156,0.0,0.00019340001745149493,0
332,0.0001601999974809587,0.0,0.00016120000509545207,0
333,0.0001585999852977693,0.0,0.000159399991389364,0
334,0.0001710999640636146,0.0,0.00017209997167810798,0
335,0.00015839998377487063,0.0,0.00015919998986646533,0
336,0.00016710005002096295,0.0,0.00016799999866634607,0
337,0.00016649998724460602,0.0,0.00016739999409765005,0
338,0.00015700003132224083,0.0,0.00015790003817528486,0
339,0.00017120002303272486,0.0002756000030785799,0.002202400006353855,1
340,0.00032029999420046806,0.0,0.0003218000056222081,0
341,0.0002443999983370304,0.0,0.0002455000067129731,0
342,0.0002891000476665795,0.0,0.0002899999963119626,0
343,0.00018929998623207211,0.0,0.00019019999308511615,0
344,0.00015789997996762395,0.0,0.00015869998605921865,0
345,0.00017340003978461027,0.0,0.00017420004587620497,0
346,0.00019079999765381217,0.0,0.0001917000045068562,0
347,0.00015820004045963287,0.0,0.00015920004807412624,0
348,0.00017170002683997154,0.0,0.00017259997548535466,0
349,0.00022360001457855105,0.0,0.00022460002219304442,0
350,0.00015889998758211732,0.0,0.0001598999951966107,0
351,0.00020430004224181175,0.0,0.00020530004985630512,0
352,0.00015869998605921865,0.0,0.00015949999215081334,0
353,0.00019010005053132772,0.0,0.0001908999984152615,0
354,0.00017090002074837685,0.0,0.0001718999701552093,0
355,0.00015869998605921865,0.0,0.00015959999291226268,0
356,0.00016740005230531096,0.0,0.00016830000095069408,0
357,0.00024530000519007444,0.0,0.0002463000128045678,0
358,0.00016280001727864146,0.0,0.00016380002489313483,0
359,0.00017259997548535466,0.00029420002829283476,0.0023449999862350523,1
360,0.0002807000419124961,0.0,0.00028199999360367656,0
361,0.00019400002202019095,0.0,0.00019510003039613366,0
362,0.00018630002159625292,0.0,0.00018729997100308537,0
363,0.00016190001042559743,0.0,0.00016279995907098055,0
364,0.00015999999595806003,0.0,0.00016090000281110406,0
365,0.00017259997548535466,0.0,0.0001734999823383987,0
366,0.0001639999682083726,0.0,0.00016499997582286596,0
367,0.00015929999062791467,0.0,0.0001601999974809587,0
368,0.00017140002455562353,0.0,0.0001724000321701169,0
369,0.00015889998758211732,0.0,0.00015969999367371202,0
370,0.0001582999830134213,0.0,0.00015919998986646533,0
371,0.00017120002303272486,0.0,0.0001721000298857689,0
372,0.00016350002260878682,0.0,0.0001645000302232802,0
373,0.00015879998682066798,0.0,0.00015959999291226268,0
374,0.00017149996710941195,0.0,0.00017249997472390532,0
375,0.00015820004045963287,0.0,0.00015919998986646533,0
376,0.00016609998419880867,0.0,0.0001669999910518527,0
377,0.00016060000052675605,0.0,0.00016150000737980008,0
378,0.00016230001347139478,0.0,0.0001632000203244388,0
379,0.00017060001846402884,0.00028300000121816993,0.002272200013976544,1
380,0.0003378000110387802,0.0,0.00033930002246052027,0
381,0.00019539997447282076,0.0,0.00019639998208731413,0
382,0.0002954000374302268,0.0,0.0002965000458061695,0
383,0.00027790002059191465,0.0,0.00027899997076019645,0
384,0.00016259995754808187,0.0,0.0001634999644011259,0
385,0.00017849996220320463,0.0,0.00017939996905624866,0
386,0.00020509999012574553,0.0,0.00020619999850168824,0
387,0.00016110000433400273,0.0,0.00016200001118704677,0
388,0.00024170003598555923,0.0,0.00024260004283860326,0
389,0.00016439997125416994,0.0,0.0001650999765843153,0
390,0.0001618000096641481,0.0,0.00016250001499429345,0
391,0.0002742999931797385,0.0,0.0002753000007942319,0
392,0.00016310001956298947,0.0,0.00016390002565458417,0
393,0.0001626000157557428,0.0,0.00016340002184733748,0
394,0.0002430000458844006,0.0,0.00024400005349889398,0
395,0.0001634999644011259,0.0,0.00016449997201561928,0
396,0.00017629994545131922,0.0,0.0001772999530658126,0
397,0.00023239996517077088,0.0,0.00023329997202381492,0
398,0.00016060000052675605,0.0,0.00016139994841068983,0
399,0.00017249997472390532,0.0005988000193610787,0.0033478999976068735,1
400,0.0006217999616637826,0.0,0.00062369997613132,0
401,0.0004107999848201871,0.0,0.00041280000004917383,0
402,0.0006096000433899462,0.0,0.000611299998126924,0
403,0.0004534000181593001,0.0,0.00045470002805814147,0
404,0.0002095999661833048,0.0,0.0002106999745592475,0
405,0.00019799999427050352,0.0,0.0001990000018849969,0
406,0.00025679997634142637,0.0,0.0002576999831944704,0
407,0.00022420001914724708,0.0,0.0002251000260002911,0
408,0.00026620004791766405,0.0,0.00026709999656304717,0
409,0.00019210000755265355,0.0,0.00019299995619803667,0
410,0.00015849998453631997,0.0,0.000159399991389364,0
411,0.00020839995704591274,0.0,0.00020929996389895678,0
412,0.00020049995509907603,0.0,0.00020139996195212007,0
413,0.00019219995010644197,0.0,0.000193099956959486,0
414,0.0002738999901339412,0.0,0.0002747999969869852,0
415,0.00022440002067014575,0.0,0.00022520002676174045,0
416,0.0002565999748185277,0.0,0.00025749998167157173,0
417,0.0002495000371709466,0.0,0.0002503000432625413,0
418,0.0002432999899610877,0.0,0.0002440999960526824,0
419,0.00024309998843818903,0.0004276999970898032,0.0027001999551430345,1
420,0.0002649999805726111,0.0,0.00026619998971000314,0
421,0.00017889996524900198,0.0,0.000179799972102046,0
422,0.00020460004452615976,0.0,0.00020560005214065313,0
423,0.00018390000332146883,0.0,0.00018480001017451286,0
424,0.00018810003530234098,0.0,0.00018889998318627477,0
425,0.00017579999985173345,0.0,0.00017660000594332814,0
426,0.00016140000661835074,0.0,0.00016220001270994544,0
427,0.00015969999367371202,0.0,0.00016060000052675605,0
428,0.00020000000949949026,0.0,0.0002009000163525343,0
429,0.00019230000907555223,0.0,0.0001933000166900456,0
430,0.00017279997700825334,0.0,0.00017359998309984803,0
431,0.00021889997879043221,0.0,0.00021999998716637492,0
432,0.00016150000737980008,0.0,0.00016250001499429345,0
433,0.00016009999671950936,0.0,0.0001610000035725534,0
434,0.00023439998039975762,0.0,0.000235399988014251,0
435,0.00016090000281110406,0.0,0.00016170000890269876,0
436,0.0001696999534033239,0.0,0.00017059996025636792,0
437,0.00020830001449212432,0.0,0.00020920002134516835,0
438,0.00015949999215081334,0.0,0.00016039999900385737,0
439,0.00018890004139393568,0.0004479999770410359,0.0029644000460393727,1
440,0.00029769999673590064,0.0,0.00029910000739619136,0
441,0.0001689000055193901,0.0,0.00016990001313388348,0
442,0.00026300002355128527,0.0,0.00026400003116577864,0
443,0.00016689999029040337,0.0,0.0001677999971434474,0
444,0.0002531000063754618,0.0,0.0002541999565437436,0
445,0.00023629999486729503,0.0,0.0002373000024817884,0
446,0.00017590000061318278,0.0,0.00017670000670477748,0
447,0.00018800003454089165,0.0,0.00018890004139393568,0
448,0.00022869999520480633,0.0,0.00022960000205785036,0
449,0.00020650000078603625,0.0,0.00020740000763908029,0
450,0.00022470002295449376,0.0,0.00022559997159987688,0
451,0.0002549999626353383,0.0,0.000256099971011281,0
452,0.00016559998039156199,0.0,0.00016649998724460602,0
453,0.00016420002793893218,0.0,0.0001651000347919762,0
454,0.0001824999926611781,0.0,0.00018339999951422215,0
455,0.00016359996516257524,0.0,0.00016449997201561928,0
456,0.000175100052729249,0.0,0.00017610000213608146,0
457,0.00016789999790489674,0.0,0.00016870000399649143,0
458,0.00016420002793893218,0.0,0.0001651000347919762,0
459,0.00017940002726390958,0.00026760000037029386,0.002376599994022399,1
460,0.00034879997838288546,0.0,0.0003501999890431762,0
461,0.0001656000385992229,0.0,0.00016659998800605536,0
462,0.00018799997633323073,0.0,0.00018909998470917344,0
463,0.00018370000179857016,0.0,0.00018480001017451286,0
464,0.00016009999671950936,0.0,0.00016090000281110406,0
465,0.00020250002853572369,0.0,0.0002033999771811068,0
466,0.0002243000199086964,0.0,0.0002251000260002911,0
467,0.000229199999012053,0.0,0.0002300000051036477,0
468,0.00022350001381710172,0.0,0.0002245000214315951,0
469,0.00022350001381710172,0.0,0.00022439996246248484,0
470,0.0001574999769218266,0.0,0.00015839998377487063,0
471,0.00017199997091665864,0.0,0.00017289997776970267,0
472,0.00015850004274398088,0.0,0.000159399991389364,0
473,0.00016310001956298947,0.0,0.00016389996744692326,0
474,0.00017139996634796262,0.0,0.00017229997320100665,0
475,0.00015799998072907329,0.0,0.00015889998758211732,0
476,0.0001677999971434474,0.0,0.00016870000399649143,0
477,0.00016170000890269876,0.0,0.00016249995678663254,0
478,0.00015799998072907329,0.0,0.00015899998834356666,0
479,0.00017479999223724008,0.0002872999757528305,0.0024248999543488026,1
480,0.0003440000000409782,0.0,0.0003453000099398196,0
481,0.0002145000034943223,0.0,0.000215600011870265,0
482,0.00019320001592859626,0.0,0.00019430002430453897,0
483,0.00016410002717748284,0.0,0.0001651000347919762,0
484,0.00016120000509545207,0.0,0.0001621000119484961,0
485,0.00017380004283040762,0.0,0.00017470004968345165,0
486,0.00016140000661835074,0.0,0.00016230001347139478,0
487,0.00016420002793893218,0.0,0.00016500003403052688,0
488,0.0001734999823383987,0.0,0.00017439998919144273,0
489,0.0001601999974809587,0.0,0.0001610000035725534,0
490,0.00015889998758211732,0.0,0.00015969999367371202,0
491,0.00017119996482506394,0.0,0.00017209997167810798,0
492,0.0001571999746374786,0.0,0.00015799998072907329,0
493,0.00018800003454089165,0.0,0.00018880004063248634,0
494,0.00018959998851642013,0.0,0.0001905999961309135,0
495,0.00023170001804828644,0.0,0.00023260002490133047,0
496,0.00016850000247359276,0.0,0.00016950001008808613,0
497,0.00021249998826533556,0.0,0.00021349999587982893,0
498,0.0002549000200815499,0.0,0.0002558000269345939,0
499,0.00019720004638656974,0.0002923999563790858,0.002621500054374337,1
500,0.00032890000147745013,0.0,0.0003302000113762915,0
501,0.0001691999495960772,0.0,0.00017019995721057057,0
502,0.0001917000045068562,0.0,0.00019269995391368866,0
503,0.0001621000119484961,0.0,0.00016310001956298947,0
504,0.00015979999443516135,0.0,0.00016060000052675605,0
505,0.0001776000135578215,0.0,0.00017850002041086555,0
506,0.00015950005035847425,0.0,0.00016029999824240804,0
507,0.00015889998758211732,0.0,0.0001598999951966107,0
508,0.00017170002683997154,0.0,0.00017250003293156624,0
509,0.00016029999824240804,0.0,0.00016120000509545207,0
510,0.00016000005416572094,0.0,0.00016080000204965472,0
511,0.00017549999756738544,0.0,0.0001765000051818788,0
512,0.00015949999215081334,0.0,0.0001604999997653067,0
513,0.0001582999830134213,0.0,0.00015919998986646533,0
514,0.0001708000199869275,0.0,0.00017170002683997154,0
515,0.00015979999443516135,0.0,0.00016070000128820539,0
516,0.00016850000247359276,0.0,0.0001694000093266368,0
517,0.0001824999926611781,0.0,0.00018350000027567148,0
518,0.00016029999824240804,0.0,0.00016110000433400273,0
519,0.00017219997243955731,0.000304899993352592,0.002447800012305379,1
520,0.000305499997921288,0.0,0.00030690000858157873,0
521,0.00017820001812651753,0.0,0.0001792000257410109,0
522,0.00018540001474320889,0.0,0.0001865000231191516,0
523,0.00016200001118704677,0.0,0.0001629000180400908,0
524,0.00015959999291226268,0.0,0.00016039999900385737,0
525,0.00017359998309984803,0.0,0.00017439998919144273,0
526,0.0001645000302232802,0.0,0.0001653000363148749,0
527,0.00015899998834356666,0.0,0.00015969999367371202,0
528,0.00017229997320100665,0.0,0.00017309997929260135,0
529,0.00016039999900385737,0.0,0.00016120000509545207,0
530,0.000159099989105016,0.0,0.00015999999595806003,0
531,0.00018770003225654364,0.0,0.00018859998090192676,0
532,0.00021029997151345015,0.0,0.00021129997912794352,0
533,0.00024239998310804367,0.0,0.0002432999899610877,0
534,0.00023529998725280166,0.0,0.00023629999486729503,0
535,0.00023930001771077514,0.0,0.00024010002380236983,0
536,0.0002201999886892736,0.0,0.00022119999630376697,0
537,0.0001623999560251832,0.0,0.0001631999621167779,0
538,0.00015949999215081334,0.0,0.00016039999900385737,0
539,0.0001708000199869275,0.0002932999632321298,0.002551899990066886,1
540,0.0003095999709330499,0.0,0.0003108999808318913,0
541,0.00016700004925951362,0.0,0.00016789999790489674,0
542,0.00018799997633323073,0.0,0.00018909998470917344,0
543,0.00016380002489313483,0.0,0.00016470003174617887,0
544,0.00021490000654011965,0.0,0.00021590001415461302,0
545,0.000188700039871037,0.0,0.0001895000459626317,0
546,0.00018319999799132347,0.0,0.00018400000408291817,0
547,0.00022730004275217652,0.0,0.00022820004960522056,0
548,0.00021460000425577164,0.0,0.00021540001034736633,0
549,0.00026300002355128527,0.0,0.000264100031927228,0
550,0.00016599998343735933,0.0,0.00016689999029040337,0
551,0.00017799995839595795,0.0,0.00017889996524900198,0
552,0.00016169995069503784,0.0,0.00016249995678663254,0
553,0.00015969999367371202,0.0,0.00016039999900385737,0
554,0.00017850002041086555,0.0,0.00017930002650246024,0
555,0.00016039999900385737,0.0,0.0001613000058569014,0
556,0.00016899994807317853,0.0,0.00016989995492622256,0
557,0.0001642999704927206,0.0,0.00016499997582286596,0
558,0.00015899998834356666,0.0,0.00015979999443516135,0
559,0.000172699976246804,0.0004094000323675573,0.0027457000105641782,1
560,0.00036589999217540026,0.0,0.00036750000435858965,0
561,0.00024829996982589364,0.0,0.000249299977440387,0
562,0.0002728000399656594,0.0,0.0002739000483416021,0
563,0.0001632000203244388,0.0,0.00016409996896982193,0
564,0.0001604999997653067,0.0,0.00016140000661835074,0
565,0.00017369998386129737,0.0,0.00017469999147579074,0
566,0.00016419996973127127,0.0,0.0001650999765843153,0
567,0.00016039999900385737,0.0,0.00016140000661835074,0
568,0.00017339998157694936,0.0,0.0001742999884299934,0
569,0.00016009999671950936,0.0,0.0001610000035725534,0
570,0.000159099989105016,0.0,0.00015999999595806003,0
571,0.0001727000344544649,0.0,0.00017370004206895828,0
572,0.00016090000281110406,0.0,0.00016169995069503784,0
573,0.00015979999443516135,0.0,0.00016070000128820539,0
574,0.00018220004858449101,0.0,0.00018319999799132347,0
575,0.00015999999595806003,0.0,0.0001610000035725534,0
576,0.0001686000032350421,0.0,0.00016950001008808613,0
577,0.0001669999910518527,0.0,0.00016789999790489674,0
578,0.00015799998072907329,0.0,0.00015889998758211732,0
579,0.0001694000093266368,0.00034600001526996493,0.0026245000190101564,1
580,0.0002571999793872237,0.0,0.0002584999892860651,0
581,0.00017969997134059668,0.0,0.00018069997895509005,0
582,0.00018800003454089165,0.0,0.00018910004291683435,0
583,0.00016310001956298947,0.0,0.00016410002717748284,0
584,0.0001604999997653067,0.0,0.00016140000661835074,0
585,0.00017790001584216952,0.0,0.00017880002269521356,0
586,0.00016250001499429345,0.0,0.00016330002108588815,0
587,0.00016090000281110406,0.0,0.0001618000096641481,0
588,0.00017289997776970267,0.0,0.0001737999846227467,0
589,0.00016039999900385737,0.0,0.0001613000058569014,0
590,0.0001598999951966107,0.0,0.00016090000281110406,0
591,0.00020980002591386437,0.0,0.0002107000327669084,0
592,0.0001618000096641481,0.0,0.0001626000157557428,0
593,0.0001604999997653067,0.0,0.00016140000661835074,0
594,0.00017360004130750895,0.0,0.00017450004816055298,0
595,0.00016120000509545207,0.0,0.0001621000119484961,0
596,0.00018750003073364496,0.0,0.000188400037586689,0
597,0.00021440000273287296,0.0,0.000215300009585917,0
598,0.00016160000814124942,0.0,0.00016240001423284411,0
599,0.00021300005028024316,0.00047859997721388936,0.003319100011140108,1
600,0.00035689998185262084,0.0,0.0003581999917514622,0
601,0.00016689999029040337,0.0,0.0001677999971434474,0
602,0.00019120000069960952,0.0,0.0001922000083141029,0
603,0.00016120000509545207,0.0,0.00016220001270994544,0
604,0.00015950005035847425,0.0,0.00016029999824240804,0
605,0.00017289997776970267,0.0,0.00017369998386129737,0
606,0.0001867999671958387,0.0,0.00018769997404888272,0
607,0.00016039999900385737,0.0,0.00016120000509545207,0
608,0.00017369998386129737,0.0,0.00017469999147579074,0
609,0.0001598999951966107,0.0,0.00016080000204965472,0
610,0.00015869998605921865,0.0,0.000159399991389364,0
611,0.0001724000321701169,0.0,0.00017330003902316093,0
612,0.0001645000302232802,0.0,0.0001653999788686633,0
613,0.00016039999900385737,0.0,0.0001613000058569014,0
614,0.00017260003369301558,0.0,0.0001734999823383987,0
615,0.00016060000052675605,0.0,0.00016140000661835074,0
616,0.00016960001084953547,0.0,0.00017060001846402884,0
617,0.00016340002184733748,0.0,0.00016430002870038152,0
618,0.00016390002565458417,0.0,0.0001648000325076282,0
619,0.00017060001846402884,0.0004067000118084252,0.002587400027550757,1
620,0.00039060000563040376,0.0,0.0003920000162906945,0
621,0.0002466000150889158,0.0,0.00024780002422630787,0
622,0.00023790000705048442,0.0,0.00023900001542642713,0
623,0.00021899997955188155,0.0,0.00021999998716637492,0
624,0.00023290002718567848,0.0,0.0002340000355616212,0
625,0.00017439998919144273,0.0,0.0001753999968059361,0
626,0.0001599000534042716,0.0,0.00016080000204965472,0
627,0.0001577999792061746,0.0,0.00015869998605921865,0
628,0.00017119996482506394,0.0,0.00017209997167810798,0
629,0.00015970005188137293,0.0,0.00016060000052675605,0
630,0.00016389996744692326,0.0,0.00016489997506141663,0
631,0.00017209997167810798,0.0,0.000172999978531152,0
632,0.00015819998225197196,0.0,0.000159099989105016,0
633,0.00015780003741383553,0.0,0.0001585999852977693,0
634,0.00017010001465678215,0.0,0.00017110002227127552,0
635,0.0001585999852977693,0.0,0.000159399991389364,0
636,0.000172399973962456,0.0,0.00017339998157694936,0
637,0.0001618000096641481,0.0,0.0001626000157557428,0
638,0.00015890004578977823,0.0,0.00015979999443516135,0
639,0.00016960001084953547,0.0003477999707683921,0.0025123999803327024,1
640,0.00030310003785416484,0.0,0.0003043999895453453,0
641,0.0001626999583095312,0.0,0.00016379996668547392,0
642,0.00018609996186569333,0.0,0.0001870999694801867,0
643,0.00016029999824240804,0.0,0.00016119994688779116,0
644,0.0001626000157557428,0.0,0.00016350002260878682,0
645,0.00017179996939375997,0.0,0.00017289997776970267,0
646,0.000159099989105016,0.0,0.00015999999595806003,0
647,0.00015850004274398088,0.0,0.000159399991389364,0
648,0.00017040001694113016,0.0,0.00017129996558651328,0
649,0.00015879998682066798,0.0,0.00015959999291226268,0
650,0.00020459998631849885,0.0,0.00020559999393299222,0
651,0.00019669998437166214,0.0,0.0001976999919861555,0
652,0.00031940004555508494,0.0,0.00032049999572336674,0
653,0.00016569998115301132,0.0,0.00016659998800605536,0
654,0.00022040004841983318,0.0,0.0002212999970652163,0
655,0.00023060000967234373,0.0,0.00023150001652538776,0
656,0.00015979999443516135,0.0,0.00016070000128820539,0
657,0.00015930004883557558,0.0,0.00016009999671950936,0
658,0.00023970002075657248,0.0,0.00024049996864050627,0
659,0.00018339999951422215,0.0005234999698586762,0.002838799962773919,1
660,0.00035230000503361225,0.0,0.00035340001340955496,0
661,0.00016540003707632422,0.0,0.00016630004392936826,0
662,0.00018879998242482543,0.0,0.00018989999080076814,0
663,0.0001604999997653067,0.0,0.00016140000661835074,0
664,0.00016009999671950936,0.0,0.0001610000035725534,0
665,0.00017220003064721823,0.0,0.00017310003750026226,0
666,0.00016549997963011265,0.0,0.00016629998572170734,0
667,0.00015850004274398088,0.0,0.00015950005035847425,0
668,0.0001708000199869275,0.0,0.00017170002683997154,0
669,0.0001598999951966107,0.0,0.00016080000204965472,0
670,0.0001591000473126769,0.0,0.00015999999595806003,0
671,0.00017149996710941195,0.0,0.000172399973962456,0
672,0.00016379996668547392,0.0,0.0001647999742999673,0
673,0.0001574999769218266,0.0,0.00015839998377487063,0
674,0.00017220003064721823,0.0,0.0001732000382617116,0
675,0.00015929999062791467,0.0,0.0001601999974809587,0
676,0.0001677999971434474,0.0,0.00016870000399649143,0
677,0.00016220001270994544,0.0,0.00016310001956298947,0
678,0.0001629000180400908,0.0,0.0001637000241316855,0
679,0.00016920000780373812,0.00031189998844638467,0.0022286000312305987,1
680,0.0002884000423364341,0.0,0.0002894999925047159,0
681,0.00016469997353851795,0.0,0.00016559998039156199,0
682,0.00018929998623207211,0.0,0.00019039999460801482,0
683,0.00016289995983242989,0.0,0.00016389996744692326,0
684,0.00016060000052675605,0.0,0.00016150000737980008,0
685,0.0002348999842070043,0.0,0.00023589999182149768,0
686,0.00016080000204965472,0.0,0.00016169995069503784,0
687,0.0001750999945215881,0.0,0.00017600000137463212,0
688,0.0003011000226251781,0.0,0.0003022000310011208,0
689,0.000159399991389364,0.0,0.00016029999824240804,0
690,0.00021819997346028686,0.0,0.0002190999803133309,0
691,0.0001705000177025795,0.0,0.00017150002531707287,0
692,0.00015840004198253155,0.0,0.000159399991389364,0
693,0.0001897999900393188,0.0,0.00019069999689236283,0
694,0.00017220003064721823,0.0,0.0001732000382617116,0
695,0.0001585999852977693,0.0,0.00015949999215081334,0
696,0.0001700000138953328,0.0,0.00017099996330216527,0
697,0.00016310001956298947,0.0,0.0001639999682083726,0
698,0.00016310001956298947,0.0,0.0001639999682083726,0
699,0.00019859999883919954,0.0002886999864131212,0.0025573999737389386,1
700,0.0003017000271938741,0.0,0.00030310003785416484,0
701,0.00022119999630376697,0.0,0.000222400005441159,0
702,0.00022409996017813683,0.0,0.00022499996703118086,0
703,0.00019160000374540687,0.0,0.00019259995315223932,0
704,0.00023090001195669174,0.0,0.00023180001880973577,0
705,0.00017419998766854405,0.0,0.0001750999945215881,0
706,0.00016440002946183085,0.0,0.0001653000363148749,0
707,0.000159099989105016,0.0,0.0001598999951966107,0
708,0.0001707999617792666,0.0,0.00017169996863231063,0
709,0.00015839998377487063,0.0,0.00015919998986646533,0
710,0.00015810003969818354,0.0,0.00015900004655122757,0
711,0.00017329998081550002,0.0,0.00017409998690709472,0
712,0.0001582999830134213,0.0,0.00015919998986646533,0
713,0.00015680002979934216,0.0,0.00015760003589093685,0
714,0.0001702000154182315,0.0,0.00017100002150982618,0
715,0.00015660002827644348,0.0,0.00015739997616037726,0
716,0.00016659998800605536,0.0,0.0001674999948590994,0
717,0.00018049997743219137,0.0,0.00018149998504668474,0
718,0.00016009999671950936,0.0,0.00016090000281110406,0
719,0.00017279997700825334,0.0003027999773621559,0.0025958999758586287,1
720,0.0003277999931015074,0.0,0.00034199998481199145,0
721,0.00016629998572170734,0.0,0.00016729999333620071,0
722,0.00019069999689236283,0.0,0.0001917000045068562,0
723,0.00016160000814124942,0.0,0.00016250001499429345,0
724,0.00015970005188137293,0.0,0.0001604999997653067,0
725,0.00020549999317154288,0.0,0.00020640000002458692,0
726,0.0001598999951966107,0.0,0.00016070000128820539,0
727,0.00015819998225197196,0.0,0.000159099989105016,0
728,0.0001721000298857689,0.0,0.00017290003597736359,0
729,0.00015999999595806003,0.0,0.00016080000204965472,0
730,0.00016060000052675605,0.0,0.00016139994841068983,0
731,0.00017829996068030596,0.0,0.00017919996753335,0
732,0.0001601999974809587,0.0,0.00016110000433400273,0
733,0.0001601999974809587,0.0,0.0001610000035725534,0
734,0.00017190002836287022,0.0,0.00017279997700825334,0
735,0.00015969999367371202,0.0,0.0001604999997653067,0
736,0.00017139996634796262,0.0,0.00017229997320100665,0
737,0.00016379996668547392,0.0,0.00016469997353851795,0
738,0.0001596000511199236,0.0,0.0001604999997653067,0
739,0.00017140002455562353,0.0002865000278688967,0.002503100025933236,1
740,0.0002873000339604914,0.0,0.00028850004309788346,0
741,0.0001647999742999673,0.0,0.00016569998115301132,0
742,0.00018509995425119996,0.0,0.00018609996186569333,0
743,0.00016039999900385737,0.0,0.0001612999476492405,0
744,0.00015889998758211732,0.0,0.00015979999443516135,0
745,0.0001762000028975308,0.0,0.00017710000975057483,0
746,0.00015899998834356666,0.0,0.0001598999951966107,0
747,0.00015809998149052262,0.0,0.00015889998758211732,0
748,0.0001710999640636146,0.0,0.00017199997091665864,0
749,0.00015879998682066798,0.0,0.00015959999291226268,0
750,0.000159399991389364,0.0,0.0001601999974809587,0
751,0.00020209996728226542,0.0,0.0002030999748967588,0
752,0.00015889998758211732,0.0,0.00015979999443516135,0
753,0.00020830001449212432,0.0,0.0002093000221066177,0
754,0.00024830002803355455,0.0,0.0002493000356480479,0
755,0.00021000002743676305,0.0,0.00021079997532069683,0
756,0.0004031999851576984,0.0,0.0004042999935336411,0
757,0.00018640002235770226,0.0,0.00018740002997219563,0
758,0.00017640000442042947,0.0,0.0001773000112734735,0
759,0.0001724000321701169,0.00030640000477433205,0.0027365999994799495,1
760,0.0006247000419534743,0.0,0.0006264999974519014,0
761,0.00035390001721680164,0.0,0.00035530002787709236,0
762,0.0002753000007942319,0.0,0.00027650000993162394,0
763,0.0002475999644957483,0.0,0.00024859997211024165,0
764,0.00018239999189972878,0.0,0.00018339999951422215,0
765,0.00018919998547062278,0.0,0.00018999999156221747,0
766,0.0001601999974809587,0.0,0.00016110000433400273,0
767,0.00015920004807412624,0.0,0.00016010005492717028,0
768,0.0002009000163525343,0.0,0.00020180002320557833,0
769,0.00020890001906082034,0.0,0.00020980002591386437,0
770,0.00018430000636726618,0.0,0.00018510001245886087,0
771,0.0001721000298857689,0.0,0.00017300003673881292,0
772,0.000159099989105016,0.0,0.00015999999595806003,0
773,0.00015849998453631997,0.0,0.000159399991389364,0
774,0.00017030001617968082,0.0,0.0001713000237941742,0
775,0.00016060000052675605,0.0,0.00016160000814124942,0
776,0.00016880000475794077,0.0,0.00016980001237243414,0
777,0.00016150000737980008,0.0,0.00016240001423284411,0
778,0.00015790003817528486,0.0,0.00015870004426687956,0
779,0.00017060001846402884,0.00029289996018633246,0.002795899985358119,1
780,0.00036099995486438274,0.0,0.0003624999662861228,0
781,0.00022340001305565238,0.0,0.0002243000199086964,0
782,0.00019260001135990024,0.0,0.00019370001973584294,0
783,0.00016350002260878682,0.0,0.00016460003098472953,0
784,0.00016190001042559743,0.0,0.00016280001727864146,0
785,0.00017520005349069834,0.0,0.00017610000213608146,0
786,0.00016240001423284411,0.0,0.00016329996287822723,0
787,0.00016439997125416994,0.0,0.00016519997734576464,0
788,0.00017409998690709472,0.0,0.0001750999945215881,0
789,0.0001610000035725534,0.0,0.0001618000096641481,0
790,0.0001596000511199236,0.0,0.00016039999900385737,0
791,0.0001734999823383987,0.0,0.00017439998919144273,0
792,0.00015999999595806003,0.0,0.0001607999438419938,0
793,0.0001631999621167779,0.0,0.0001639999682083726,0
794,0.00017219997243955731,0.0,0.00017309997929260135,0
795,0.00016060000052675605,0.0,0.00016140000661835074,0
796,0.0001674999948590994,0.0,0.00016850000247359276,0
797,0.00016420002793893218,0.0,0.0001651000347919762,0
798,0.0001776000135578215,0.0,0.0001784000196494162,0
799,0.00018580001778900623,0.0002885999856516719,0.0024017000105232,1
800,0.0002850999590009451,0.0,0.00028639996889978647,0
801,0.00016340002184733748,0.0,0.00016440002946183085,0
802,0.00019240000983700156,0.0,0.00019340001745149493,0
803,0.00016240001423284411,0.0,0.0001632000203244388,0
804,0.00015970005188137293,0.0,0.00016070000128820539,0
805,0.0001734999823383987,0.0,0.00017439998919144273,0
806,0.0001588000450283289,0.0,0.00015970005188137293,0
807,0.00015869998605921865,0.0,0.00015969999367371202,0
808,0.00020169996423646808,0.0,0.0002025999710895121,0
809,0.0002297000028192997,0.0,0.0002305000089108944,0
810,0.00018879998242482543,0.0,0.00018969998927786946,0
811,0.00019069999689236283,0.0,0.00019180000526830554,0
812,0.00016520003555342555,0.0,0.00016610004240646958,0
813,0.00017950002802535892,0.0,0.0001803000341169536,0
814,0.00024850002955645323,0.0,0.0002494999789632857,0
815,0.00021959998412057757,0.0,0.00022039999021217227,0
816,0.00025370001094415784,0.0,0.0002547000185586512,0
817,0.0002788000274449587,0.0,0.00027979997685179114,0
818,0.00018999999156221747,0.0,0.0001908999984152615,0
819,0.00018229999113827944,0.00029960001120343804,0.0028439000016078353,1
820,0.0003217000048607588,0.0,0.0003229000139981508,0
821,0.00016470003174617887,0.0,0.00016570003936067224,0
822,0.00018810003530234098,0.0,0.00018919998547062278,0
823,0.00016599998343735933,0.0,0.00016689999029040337,0
824,0.0001583000412210822,0.0,0.00015930004883557558,0
825,0.000172699976246804,0.0,0.00017359998309984803,0
826,0.00015810003969818354,0.0,0.00015900004655122757,0
827,0.00015919998986646533,0.0,0.00016009999671950936,0
828,0.00017069996101781726,0.0,0.00017169996863231063,0
829,0.00018919998547062278,0.0,0.00019019999308511615,0
830,0.00015879998682066798,0.0,0.00015969999367371202,0
831,0.00017129996558651328,0.0,0.00017219997243955731,0
832,0.00015969999367371202,0.0,0.0001604999997653067,0
833,0.00015949999215081334,0.0,0.00016039999900385737,0
834,0.00017090002074837685,0.0,0.00017190002836287022,0
835,0.00016270001651719213,0.0,0.00016360002337023616,0
836,0.00016759999562054873,0.0,0.00016850000247359276,0
837,0.00016120000509545207,0.0,0.0001621000119484961,0
838,0.00015670002903789282,0.0,0.0001574999769218266,0
839,0.00016830000095069408,0.0002864999696612358,0.002304399968124926,1
840,0.0003153000143356621,0.0,0.0003166000242345035,0
841,0.00021159998141229153,0.0,0.00021269998978823423,0
842,0.00025859999004751444,0.0,0.00025969999842345715,0
843,0.0002457000082358718,0.0,0.0002466000150889158,0
844,0.0001944000250659883,0.0,0.00019540003268048167,0
845,0.00018889998318627477,0.0,0.00018989999080076814,0
846,0.00015889998758211732,0.0,0.0001598999951966107,0
847,0.00015789997996762395,0.0,0.00015889998758211732,0
848,0.00017110002227127552,0.0,0.00017200002912431955,0
849,0.0001632000203244388,0.0,0.00016410002717748284,0
850,0.000159399991389364,0.0,0.00016029999824240804,0
851,0.00017209997167810798,0.0,0.000172999978531152,0
852,0.0001598999951966107,0.0,0.00016069994308054447,0
853,0.00015809998149052262,0.0,0.00015899998834356666,0
854,0.0001707999617792666,0.0,0.00017169996863231063,0
855,0.00023829995188862085,0.0,0.00023939996026456356,0
856,0.00017829996068030596,0.0,0.00017929996829479933,0
857,0.0001637000241316855,0.0,0.00016460003098472953,0
858,0.00016070000128820539,0.0,0.00016160000814124942,0
859,0.00017049995949491858,0.00029310001991689205,0.002631999959703535,1
860,0.0003969999961555004,0.0,0.00039870000910013914,0
861,0.00018440000712871552,0.0,0.00018540001474320889,0
862,0.0002232000115327537,0.0,0.00022420001914724708,0
863,0.0001610000035725534,0.0,0.00016200001118704677,0
864,0.00015890004578977823,0.0,0.00015979999443516135,0
865,0.00017329998081550002,0.0,0.0001742999884299934,0
866,0.0001588000450283289,0.0,0.0001596000511199236,0
867,0.00016250001499429345,0.0,0.00016340002184733748,0
868,0.0001734999823383987,0.0,0.00017439998919144273,0
869,0.00015919998986646533,0.0,0.00016009999671950936,0
870,0.00015929999062791467,0.0,0.0001601999974809587,0
871,0.0001707999617792666,0.0,0.00017169996863231063,0
872,0.00015879998682066798,0.0,0.00015959999291226268,0
873,0.00016240001423284411,0.0,0.00016330002108588815,0
874,0.0001713000237941742,0.0,0.00017220003064721823,0
875,0.00015680002979934216,0.0,0.0001577000366523862,0
876,0.00016719999257475138,0.0,0.0001680999994277954,0
877,0.00016060000052675605,0.0,0.00016150000737980008,0
878,0.00015759997768327594,0.0,0.00015839998377487063,0
879,0.0002533000078983605,0.0004208000027574599,0.002952100010588765,1
880,0.000325299974065274,0.0,0.0003265999839641154,0
881,0.00016580004012212157,0.0,0.00016680004773661494,0
882,0.0001894999877549708,0.0,0.0001905999961309135,0
883,0.00016330002108588815,0.0,0.00016430002870038152,0
884,0.0001604999997653067,0.0,0.00016140000661835074,0
885,0.00017529999604448676,0.0,0.0001762000028975308,0
886,0.00015929999062791467,0.0,0.00016029999824240804,0
887,0.00015959999291226268,0.0,0.0001604999997653067,0
888,0.000172699976246804,0.0,0.00017369998386129737,0
889,0.00016120000509545207,0.0,0.0001620999537408352,0
890,0.0001585999852977693,0.0,0.00015949999215081334,0
891,0.0001762000028975308,0.0,0.0001770000089891255,0
892,0.00015940004959702492,0.0,0.00016020005568861961,0
893,0.00015979999443516135,0.0,0.0001604999997653067,0
894,0.00017310003750026226,0.0,0.00017390004359185696,0
895,0.00016039999900385737,0.0,0.0001613000058569014,0
896,0.00016870000399649143,0.0,0.0001697000116109848,0
897,0.00018589996034279466,0.0,0.0001867999671958387,0
898,0.00016070000128820539,0.0,0.00016169995069503784,0
899,0.000172699976246804,0.0002806999837048352,0.002379200013820082,1
900,0.00039389997255057096,0.0,0.000395099981687963,0
901,0.00017260003369301558,0.0,0.00017370004206895828,0
902,0.00018829997861757874,0.0,0.00018919998547062278,0
903,0.00016229995526373386,0.0,0.00016309996135532856,0
904,0.0001601999974809587,0.0,0.00016110000433400273,0
905,0.00022300001000985503,0.0,0.00022390001686289907,0
906,0.0002342999796383083,0.0,0.00023509998572990298,0
907,0.00020479998784139752,0.0,0.00020569999469444156,0
908,0.0002840999513864517,0.0,0.0002848999574780464,0
909,0.00015899998834356666,0.0,0.0001598999951966107,0
910,0.0001960000372491777,0.0,0.00019690004410222173,0
911,0.00017090002074837685,0.0,0.00017179996939375997,0
912,0.0001577999792061746,0.0,0.00015879998682066798,0
913,0.0001566999708302319,0.0,0.00015759997768327594,0
914,0.00017150002531707287,0.0,0.0001724000321701169,0
915,0.00015869998605921865,0.0,0.00015959999291226268,0
916,0.00017139996634796262,0.0,0.00017229997320100665,0
917,0.0001623999560251832,0.0,0.00016329996287822723,0
918,0.00015869998605921865,0.0,0.00015949999215081334,0
919,0.0002232000115327537,0.0003457000129856169,0.0028677000082097948,1
920,0.00036580004962161183,0.0,0.0003671000013127923,0
921,0.00021619995823130012,0.0,0.00021729996660724282,0
922,0.00021139997988939285,0.0,0.0002125999890267849,0
923,0.00016529997810721397,0.0,0.00016629998572170734,0
924,0.0001610000035725534,0.0,0.00016199995297938585,0
925,0.0001742999884299934,0.0,0.00017519999528303742,0
926,0.00016060000052675605,0.0,0.00016140000661835074,0
927,0.0001639999682083726,0.0,0.0001647999742999673,0
928,0.00017339998157694936,0.0,0.00017439998919144273,0
929,0.00016140000661835074,0.0,0.00016230001347139478,0
930,0.00015840004198253155,0.0,0.00015930004883557558,0
931,0.00017170002683997154,0.0,0.00017259997548535466,0
932,0.00015919998986646533,0.0,0.00016009999671950936,0
933,0.00016190001042559743,0.0,0.00016280001727864146,0
934,0.00017060001846402884,0.0,0.0001715999678708613,0
935,0.00015890004578977823,0.0,0.00015970005188137293,0
936,0.00016900000628083944,0.0,0.00016990001313388348,0
937,0.00016360002337023616,0.0,0.00016439997125416994,0
938,0.00015899998834356666,0.0,0.00015999999595806003,0
939,0.00020220002625137568,0.00028229999588802457,0.002908000024035573,1
940,0.00036689999978989363,0.0,0.0003684000112116337,0
941,0.00016579998191446066,0.0,0.00016689999029040337,0
942,0.00018989999080076814,0.0,0.00019109999993816018,0
943,0.00016280001727864146,0.0,0.0001637000241316855,0
944,0.00015849998453631997,0.0,0.000159399991389364,0
945,0.00017709995154291391,0.0,0.00017799995839595795,0
946,0.00015979999443516135,0.0,0.00016080000204965472,0
947,0.0001574999769218266,0.0,0.00015839998377487063,0
948,0.00017179996939375997,0.0,0.00017259997548535466,0
949,0.00015879998682066798,0.0,0.00015959999291226268,0
950,0.00015780003741383553,0.0,0.0001585999852977693,0
951,0.00017329998081550002,0.0,0.00017419998766854405,0
952,0.00015929999062791467,0.0,0.0001601999974809587,0
953,0.00015869998605921865,0.0,0.00015949999215081334,0
954,0.00017120002303272486,0.0,0.0001721000298857689,0
955,0.00015839998377487063,0.0,0.00015929999062791467,0
956,0.00016659998800605536,0.0,0.00016739999409765005,0
957,0.00022520002676174045,0.0,0.00022630003513768315,0
958,0.00021670002024620771,0.0,0.0002175000263378024,0
959,0.0001762000028975308,0.00028139998903498054,0.0025793000240810215,1
960,0.00033060001442208886,0.0,0.00034440000308677554,0
961,0.00016460003098472953,0.0,0.00016550003783777356,0
962,0.0001873000292107463,0.0,0.0001881999778561294,0
963,0.00016200001118704677,0.0,0.00016299996059387922,0
964,0.0001925000105984509,0.0,0.00019350001821294427,0
965,0.00022029998945072293,0.0,0.00022119999630376697,0
966,0.00023200002033263445,0.0,0.00023290002718567848,0
967,0.00017860002117231488,0.0,0.00017950002802535892,0
968,0.00021229998674243689,0.0,0.00021319999359548092,0
969,0.000258500047493726,0.0,0.00025949999690055847,0
970,0.0001718999701552093,0.0,0.00017289997776970267,0
971,0.00017319998005405068,0.0,0.00017419998766854405,0
972,0.00015750003512948751,0.0,0.0001583000412210822,0
973,0.00015809998149052262,0.0,0.00015899998834356666,0
974,0.00017479999223724008,0.0,0.00017579999985173345,0
975,0.000159399991389364,0.0,0.0001601999974809587,0
976,0.00016649998724460602,0.0,0.0001674999948590994,0
977,0.00015949999215081334,0.0,0.0001604999997653067,0
978,0.0001577999792061746,0.0,0.0001585999852977693,0
979,0.00016910000704228878,0.00030040001729503274,0.002626700035762042,1
980,0.000347500026691705,0.0,0.00034880003659054637,0
981,0.00016609998419880867,0.0,0.00016709999181330204,0
982,0.00019290001364424825,0.0,0.00019390002125874162,0
983,0.00016150000737980008,0.0,0.00016250001499429345,0
984,0.00015879998682066798,0.0,0.00015979999443516135,0
985,0.00017290003597736359,0.0,0.00017369998386129737,0
986,0.00015979999443516135,0.0,0.00016070000128820539,0
987,0.00016060000052675605,0.0,0.00016140000661835074,0
988,0.00019510003039613366,0.0,0.0001960000372491777,0
989,0.0001598999951966107,0.0,0.00016090000281110406,0
990,0.00015920004807412624,0.0,0.00015999999595806003,0
991,0.00017129996558651328,0.0,0.00017209997167810798,0
992,0.00015849998453631997,0.0,0.00015929999062791467,0
993,0.00015940004959702492,0.0,0.00016029999824240804,0
994,0.00017559999832883477,0.0,0.00017640000442042947,0
995,0.000159099989105016,0.0,0.0001598999951966107,0
996,0.0001677999971434474,0.0,0.00016870000399649143,0
997,0.00016110000433400273,0.0,0.0001621000119484961,0
998,0.00015870004426687956,0.0,0.00015959999291226268,0
999,0.00017279997700825334,0.00027760001830756664,0.002444299985654652,1
1000,0.0002717999741435051,0.0,0.0002731999848037958,0
1001,0.0002519999979995191,0.0,0.00025289994664490223,0
1002,0.0003530000103637576,0.0,0.000354300020262599,0
1003,0.00026790000265464187,0.0,0.00026890001026913524,0
1004,0.00021430000197142363,0.0,0.000215300009585917,0
1005,0.0002188000362366438,0.0,0.00021989998640492558,0
1006,0.00016789999790489674,0.0,0.00016880000475794077,0
1007,0.0001601999974809587,0.0,0.00016110000433400273,0
1008,0.0001732000382617116,0.0,0.00017399998614564538,0
1009,0.00016009999671950936,0.0,0.00016110000433400273,0
1010,0.00015900004655122757,0.0,0.00015980005264282227,0
1011,0.00017219997243955731,0.0,0.00017309997929260135,0
1012,0.00016029999824240804,0.0,0.00016120000509545207,0
1013,0.000159099989105016,0.0,0.00015999999595806003,0
1014,0.00017310003750026226,0.0,0.00017399998614564538,0
1015,0.000159399991389364,0.0,0.00016029999824240804,0
1016,0.0001677999971434474,0.0,0.00016880000475794077,0
1017,0.00016579998191446066,0.0,0.00016679998952895403,0
1018,0.00015979999443516135,0.0,0.00016070000128820539,0
1019,0.00017089996254071593,0.00029170000925660133,0.0029289000085555017,1
1020,0.0003381000133231282,0.0,0.0003394000232219696,0
1021,0.00016549997963011265,0.0,0.00016649998724460602,0
1022,0.00019179994706064463,0.0,0.000192799954675138,0
1023,0.0001718999701552093,0.0,0.00017289997776970267,0
1024,0.00016300001880154014,0.0,0.0001640000264160335,0
1025,0.000174800050444901,0.0,0.00017579999985173345,0
1026,0.00016120000509545207,0.0,0.00016200001118704677,0
1027,0.000159399991389364,0.0,0.00016039999900385737,0
1028,0.00017169996863231063,0.0,0.00017259997548535466,0
1029,0.0001637000241316855,0.0,0.00016470003174617887,0
1030,0.00015879998682066798,0.0,0.00015959999291226268,0
1031,0.00017319998005405068,0.0,0.00017409998690709472,0
1032,0.0001598999951966107,0.0,0.00016080000204965472,0
1033,0.000159099989105016,0.0,0.0001598999951966107,0
1034,0.00024359999224543571,0.0,0.00024449999909847975,0
1035,0.0001770000089891255,0.0,0.0001778999576345086,0
1036,0.0002193999825976789,0.0,0.00022029998945072293,0
1037,0.00037129997508600354,0.0,0.0003721999819390476,0
1038,0.00024189997930079699,0.0,0.0002429999876767397,0
1039,0.00020190002396702766,0.00030289997812360525,0.002728800056502223,1
1040,0.00034740002593025565,0.0,0.0003486999776214361,0
1041,0.00016529997810721397,0.0,0.00016629998572170734,0
1042,0.00018959998851642013,0.0,0.00019069999689236283,0
1043,0.00016070000128820539,0.0,0.0001615999499335885,0
1044,0.00015849998453631997,0.0,0.000159399991389364,0
1045,0.00017280003521591425,0.0,0.00017389998538419604,0
1046,0.00016410002717748284,0.0,0.0001651000347919762,0
1047,0.00015899998834356666,0.0,0.0001598999951966107,0
1048,0.00017129996558651328,0.0,0.00017229997320100665,0
1049,0.00015860004350543022,0.0,0.00015940004959702492,0
1050,0.00015660002827644348,0.0,0.00015739997616037726,0
1051,0.00017030001617968082,0.0,0.00017119996482506394,0
1052,0.00015739997616037726,0.0,0.00015819998225197196,0
1053,0.00015680002979934216,0.0,0.0001577000366523862,0
1054,0.0001702000154182315,0.0,0.00017100002150982618,0
1055,0.00015789997996762395,0.0,0.00015879998682066798,0
1056,0.00016659998800605536,0.0,0.0001674999948590994,0
1057,0.0001601999974809587,0.0,0.00016410002717748284,0
1058,0.0001878999755717814,0.0,0.00018889998318627477,0
1059,0.00017140002455562353,0.0002838000073097646,0.002510500024072826,1
1060,0.0003177000326104462,0.0,0.00031890004174783826,0
1061,0.00031269999453797936,0.0,0.00031380000291392207,0
1062,0.00023889995645731688,0.0,0.00023999996483325958,0
1063,0.00018909998470917344,0.0,0.00018999999156221747,0
1064,0.00015780003741383553,0.0,0.00015879998682066798,0
1065,0.00017899996601045132,0.0,0.0001799999736249447,0
1066,0.00016009999671950936,0.0,0.0001610000035725534,0
1067,0.00015849998453631997,0.0,0.000159399991389364,0
1068,0.0001691999495960772,0.0,0.00017009995644912124,0
1069,0.0001566999708302319,0.0,0.0001574999769218266,0
1070,0.00016009999671950936,0.0,0.0001610000035725534,0
1071,0.00016950001008808613,0.0,0.00017040001694113016,0
1072,0.00015670002903789282,0.0,0.00015769997844472528,0
1073,0.000179499969817698,0.0,0.00018039997667074203,0
1074,0.00021399999968707561,0.0,0.00021490000654011965,0
1075,0.0001577999792061746,0.0,0.00015869998605921865,0
1076,0.00019990000873804092,0.0,0.00020080001559108496,0
1077,0.0002505999873392284,0.0,0.0002514999941922724,0
1078,0.0001838000025600195,0.0,0.0001846000086516142,0
1079,0.0001689000055193901,0.00029550003819167614,0.002652800001669675,1
1080,0.000354600022546947,0.0,0.00035589997423812747,0
1081,0.00021599995670840144,0.0,0.00021709996508434415,0
1082,0.00023669999791309237,0.0,0.00023780000628903508,0
1083,0.0001647999742999673,0.0,0.00016569998115301132,0
1084,0.0001620999537408352,0.0,0.00016289995983242989,0
1085,0.00017389998538419604,0.0,0.00017479999223724008,0
1086,0.00015900004655122757,0.0,0.00015979999443516135,0
1087,0.0001577999792061746,0.0,0.00015869998605921865,0
1088,0.00017600000137463212,0.0,0.00017699995078146458,0
1089,0.00015849998453631997,0.0,0.000159399991389364,0
1090,0.0001580000389367342,0.0,0.0001588000450283289,0
1091,0.00017010001465678215,0.0,0.00017100002150982618,0
1092,0.00015680002979934216,0.0,0.0001577000366523862,0
1093,0.0001571999746374786,0.0,0.00015799998072907329,0
1094,0.00020239996956661344,0.0,0.00020329997641965747,0
1095,0.0001580000389367342,0.0,0.00015890004578977823,0
1096,0.00016649998724460602,0.0,0.00016739999409765005,0
1097,0.00020179996499791741,0.0,0.00020269997185096145,0
1098,0.00018590001855045557,0.0,0.00018690002616494894,0
1099,0.00021730002481490374,0.0003305000136606395,0.0027032000361941755,1
1100,0.0002729000407271087,0.0,0.0002740000491030514,0
1101,0.0002161000156775117,0.0,0.0002172000240534544,0
1102,0.00019940000493079424,0.0,0.0002004000125452876,0
1103,0.00016240001423284411,0.0,0.00016340002184733748,0
1104,0.0001604999997653067,0.0,0.0001613000058569014,0
1105,0.0001750999945215881,0.0,0.00017600000137463212,0
1106,0.00016080000204965472,0.0,0.00016160000814124942,0
1107,0.00016300001880154014,0.0,0.0001640000264160335,0
1108,0.00017180002760142088,0.0,0.000172699976246804,0
1109,0.00015839998377487063,0.0,0.00015929999062791467,0
1110,0.00015790003817528486,0.0,0.00015879998682066798,0
1111,0.00017149996710941195,0.0,0.000172399973962456,0
1112,0.00016009999671950936,0.0,0.00016090000281110406,0
1113,0.00016230001347139478,0.0,0.00016330002108588815,0
1114,0.00017150002531707287,0.0,0.0001724000321701169,0
1115,0.00015879998682066798,0.0,0.00015979999443516135,0
1116,0.0001677999971434474,0.0,0.00016870000399649143,0
1117,0.00016240001423284411,0.0,0.00016330002108588815,0
1118,0.00015869998605921865,0.0,0.00015959999291226268,0
1119,0.00017389998538419604,0.00026569998590275645,0.002346099994610995,1
1120,0.0002823999966494739,0.0,0.00028359994757920504,0
1121,0.00016489997506141663,0.0,0.00016599998343735933,0
1122,0.00018670002464205027,0.0,0.00018770003225654364,0
1123,0.00021680002100765705,0.0,0.00021780002862215042,0
1124,0.00028059998294338584,0.0,0.0002817999920807779,0
1125,0.00021199998445808887,0.0,0.00021299999207258224,0
1126,0.00019509997218847275,0.0,0.00019619998056441545,0
1127,0.0002791999722830951,0.0,0.00028029998065903783,0
1128,0.00020950002362951636,0.0,0.00021030002972111106,0
1129,0.00016060000052675605,0.0,0.00016140000661835074,0
1130,0.00016029999824240804,0.0,0.00016120000509545207,0
1131,0.00017309997929260135,0.0,0.00017389998538419604,0
1132,0.0001981999957934022,0.0,0.00019910000264644623,0
1133,0.000159099989105016,0.0,0.00016009999671950936,0
1134,0.00017389998538419604,0.0,0.00017479999223724008,0
1135,0.00015849998453631997,0.0,0.000159399991389364,0
1136,0.00016830000095069408,0.0,0.00016930000856518745,0
1137,0.0001650999765843153,0.0,0.00016599998343735933,0
1138,0.00015929999062791467,0.0,0.00016009999671950936,0
1139,0.00017069996101781726,0.00028300000121816993,0.002644199994392693,1
1140,0.0003279999946244061,0.0,0.0003293000045232475,0
1141,0.0001645000302232802,0.0,0.0001656000385992229,0
1142,0.00019660004181787372,0.0,0.00019760004943236709,0
1143,0.00016190001042559743,0.0,0.0001629000180400908,0
1144,0.00016009999671950936,0.0,0.0001610000035725534,0
1145,0.0001773000112734735,0.0,0.00017820001812651753,0
1146,0.0001580000389367342,0.0,0.00015890004578977823,0
1147,0.00015709997387602925,0.0,0.00015809998149052262,0
1148,0.00017149996710941195,0.0,0.00017249997472390532,0
1149,0.00015929999062791467,0.0,0.0001601999974809587,0
1150,0.00016029999824240804,0.0,0.00016110000433400273,0
1151,0.00017660000594332814,0.0,0.00017750001279637218,0
1152,0.00016009999671950936,0.0,0.0001610000035725534,0
1153,0.00015869998605921865,0.0,0.00015959999291226268,0
1154,0.0001715999678708613,0.0,0.00017249997472390532,0
1155,0.00015850004274398088,0.0,0.00015940004959702492,0
1156,0.00016789999790489674,0.0,0.0001689000055193901,0
1157,0.00016739999409765005,0.0,0.00016830000095069408,0
1158,0.0001610000035725534,0.0,0.00016190001042559743,0
1159,0.00017150002531707287,0.00026620004791766405,0.0024603999918326735,1
1160,0.00034660001983866096,0.0,0.00034799997229129076,0
1161,0.00016439997125416994,0.0,0.0001653999788686633,0
1162,0.00018690002616494894,0.0,0.00018779997481033206,0
1163,0.00015969999367371202,0.0,0.00016060000052675605,0
1164,0.0001585999852977693,0.0,0.00015959999291226268,0
1165,0.0001724000321701169,0.0,0.00017340003978461027,0
1166,0.0001640000264160335,0.0,0.00016489997506141663,0
1167,0.00015929999062791467,0.0,0.00016029999824240804,0
1168,0.00017200002912431955,0.0,0.00017290003597736359,0
1169,0.00015879998682066798,0.0,0.00015959999291226268,0
1170,0.00015709997387602925,0.0,0.00015789997996762395,0
1171,0.00017120002303272486,0.0,0.00017200002912431955,0
1172,0.0001908999984152615,0.0,0.00019190000602975488,0
1173,0.00015889998758211732,0.0,0.00015969999367371202,0
1174,0.00017110002227127552,0.0,0.00017200002912431955,0
1175,0.0001577999792061746,0.0,0.00015869998605921865,0
1176,0.00016709999181330204,0.0,0.0001680999994277954,0
1177,0.00016559998039156199,0.0,0.00016639998648315668,0
1178,0.00015799998072907329,0.0,0.00015889998758211732,0
1179,0.00016920000780373812,0.0002802000381052494,0.0029948000446893275,1
1180,0.00028410000959411263,0.0,0.0002853000187315047,0
1181,0.0001648000325076282,0.0,0.00016589998267591,0
1182,0.00018939998699352145,0.0,0.00019049999536946416,0
1183,0.0001727000344544649,0.0,0.00017380004283040762,0
1184,0.00015919998986646533,0.0,0.0001601999974809587,0
1185,0.00017300003673881292,0.0,0.00017390004359185696,0
1186,0.00015969999367371202,0.0,0.00016060000052675605,0
1187,0.00015700003132224083,0.0,0.00015789997996762395,0
1188,0.0001697000116109848,0.0,0.00017060001846402884,0
1189,0.0001947000273503363,0.0,0.00020870001753792167,0
1190,0.0002788000274449587,0.0,0.0002797000342980027,0
1191,0.00024120003217831254,0.0,0.0002422000397928059,0
1192,0.00016549997963011265,0.0,0.00016629998572170734,0
1193,0.00018509995425119996,0.0,0.00018609996186569333,0
1194,0.000172399973962456,0.0,0.00017329998081550002,0
1195,0.00015680002979934216,0.0,0.00015760003589093685,0
1196,0.00017260003369301558,0.0,0.0001734999823383987,0
1197,0.0001610000035725534,0.0,0.00016190001042559743,0
1198,0.00015670002903789282,0.0,0.00015780003741383553,0
1199,0.00017959997057914734,0.00026560004334896803,0.0026179999695159495,1
1200,0.0003570999833755195,0.0,0.00035829999251291156,0
1201,0.0002106999745592475,0.0,0.0002114999806508422,0
1202,0.0001922999508678913,0.0,0.00019329995848238468,0
1203,0.00016029999824240804,0.0,0.00016120000509545207,0
1204,0.0001582999830134213,0.0,0.00015929999062791467,0
1205,0.0001718999701552093,0.0,0.00017279997700825334,0
1206,0.00015740003436803818,0.0,0.0001583000412210822,0
1207,0.00025189999723806977,0.0,0.0002530000056140125,0
1208,0.00020130001939833164,0.0,0.00020220002625137568,0
1209,0.00020569999469444156,0.0,0.00020650000078603625,0
1210,0.0001786999637261033,0.0,0.00017959997057914734,0
1211,0.00017870002193376422,0.0,0.00017950002802535892,0
1212,0.00016120000509545207,0.0,0.0001621000119484961,0
1213,0.00017360004130750895,0.0,0.00017460004892200232,0
1214,0.00018540001474320889,0.0,0.00018630002159625292,0
1215,0.0001574999769218266,0.0,0.0001582999830134213,0
1216,0.00016709999181330204,0.0,0.0001680999994277954,0
1217,0.00019500002963468432,0.0,0.00019580003572627902,0
1218,0.00015929999062791467,0.0,0.0001601999974809587,0
1219,0.00017070001922547817,0.0003147000097669661,0.0027999000158160925,1
1220,0.00039980001747608185,0.0,0.00040119996992871165,0
1221,0.00021789997117593884,0.0,0.00021899997955188155,0
1222,0.0002400000230409205,0.0,0.00024100003065541387,0
1223,0.00018740002997219563,0.0,0.00018829997861757874,0
1224,0.00016090000281110406,0.0,0.0001618000096641481,0
1225,0.00017529999604448676,0.0,0.00017630000365898013,0
1226,0.00016029999824240804,0.0,0.00016120000509545207,0
1227,0.00015899998834356666,0.0,0.00015979999443516135,0
1228,0.0001716000260785222,0.0,0.00017260003369301558,0
1229,0.00016029999824240804,0.0,0.00016120000509545207,0
1230,0.00015839998377487063,0.0,0.000159399991389364,0
1231,0.00018470000941306353,0.0,0.00018560001626610756,0
1232,0.00021600001491606236,0.0,0.0002169000217691064,0
1233,0.0001632000203244388,0.0,0.00016409996896982193,0
1234,0.00018889998318627477,0.0,0.00018989999080076814,0
1235,0.00017819995991885662,0.0,0.00017909996677190065,0
1236,0.0001699999556876719,0.0,0.00017099996330216527,0
1237,0.0001621000119484961,0.0,0.00016289995983242989,0
1238,0.00015839998377487063,0.0,0.00015919998986646533,0
1239,0.00017010001465678215,0.00027359998784959316,0.0027232999564148486,1
1240,0.000354600022546947,0.0,0.0003560000332072377,0
1241,0.0002239999594166875,0.0,0.00022519996855407953,0
1242,0.00018859998090192676,0.0,0.00018959998851642013,0
1243,0.00016120000509545207,0.0,0.00016220001270994544,0
1244,0.0001580000389367342,0.0,0.00015900004655122757,0
1245,0.00017140002455562353,0.0,0.00017230003140866756,0
1246,0.00015709997387602925,0.0,0.00015799998072907329,0
1247,0.00018639996415004134,0.0,0.00018729997100308537,0
1248,0.0001715999678708613,0.0,0.00017249997472390532,0
1249,0.0001577000366523862,0.0,0.00015860004350543022,0
1250,0.0001577999792061746,0.0,0.00015869998605921865,0
1251,0.00017059996025636792,0.0,0.00017149996710941195,0
1252,0.0001949999714270234,0.0,0.0001957999775186181,0
1253,0.0001569000305607915,0.0,0.00015780003741383553,0
1254,0.00021510000806301832,0.0,0.00021600001491606236,0
1255,0.00026780000189319253,0.0,0.0002688000095076859,0
1256,0.00017919996753335,0.0,0.00018009997438639402,0
1257,0.0001971000456251204,0.0,0.00019800005247816443,0
1258,0.00021540001034736633,0.0,0.00021630001720041037,0
1259,0.0001694000093266368,0.0003083999617956579,0.0029118999955244362,1
1260,0.0003755000070668757,0.0,0.00037700001848861575,0
1261,0.00021490000654011965,0.0,0.00021590001415461302,0
1262,0.00022929999977350235,0.0,0.00023040000814944506,0
1263,0.00016270001651719213,0.0,0.00016360002337023616,0
1264,0.00015899998834356666,0.0,0.00015999999595806003,0
1265,0.0001718999701552093,0.0,0.000172699976246804,0
1266,0.00015789997996762395,0.0,0.00015869998605921865,0
1267,0.00015730003360658884,0.0,0.00015820004045963287,0
1268,0.00017329998081550002,0.0,0.0001742999884299934,0
1269,0.00015759997768327594,0.0,0.00015849998453631997,0
1270,0.0001571999746374786,0.0,0.00015809998149052262,0
1271,0.00017010001465678215,0.0,0.0001710999640636146,0
1272,0.00015729997539892793,0.0,0.0001582999830134213,0
1273,0.00015579996397718787,0.0,0.0001566999708302319,0
1274,0.0001900000497698784,0.0,0.00019090005662292242,0
1275,0.0001574999769218266,0.0,0.0001582999830134213,0
1276,0.00016659998800605536,0.0,0.00016759999562054873,0
1277,0.00015979999443516135,0.0,0.00016080000204965472,0
1278,0.00015819998225197196,0.0,0.000159099989105016,0
1279,0.00016719999257475138,0.00034880003659054637,0.0028461000183597207,1
1280,0.0005827000131830573,0.0,0.0005843000253662467,0
1281,0.00026949995663017035,0.0,0.00027059996500611305,0
1282,0.00020359997870400548,0.0,0.0002046999870799482,0
1283,0.0001640000264160335,0.0,0.00016490003326907754,0
1284,0.00016490003326907754,0.0,0.00016570003936067224,0
1285,0.00017529999604448676,0.0,0.0001762000028975308,0
1286,0.00015940004959702492,0.0,0.00016029999824240804,0
1287,0.00015929999062791467,0.0,0.00016029999824240804,0
1288,0.00017170002683997154,0.0,0.0001727000344544649,0
1289,0.0001604999997653067,0.0,0.0001613000058569014,0
1290,0.00016470003174617887,0.0,0.00016569998115301132,0
1291,0.00017190002836287022,0.0,0.00017290003597736359,0
1292,0.0001585999852977693,0.0,0.00015959999291226268,0
1293,0.00015929999062791467,0.0,0.0001601999974809587,0
1294,0.00017309997929260135,0.0,0.00017399998614564538,0
1295,0.0001582999830134213,0.0,0.00015919998986646533,0
1296,0.00017180002760142088,0.0,0.00017280003521591425,0
1297,0.00016270001651719213,0.0,0.00016350002260878682,0
1298,0.00015979999443516135,0.0,0.00016070000128820539,0
1299,0.00017119996482506394,0.00035180000122636557,0.0029187999898567796,1
1300,0.0003561999765224755,0.0,0.0003575999871827662,0
1301,0.00016500003403052688,0.0,0.00016600004164502025,0
1302,0.0002618000144138932,0.0,0.00026290002278983593,0
1303,0.00016150000737980008,0.0,0.00016240001423284411,0
1304,0.0001598999951966107,0.0,0.00016080000204965472,0
1305,0.00017409998690709472,0.0,0.0001750999945215881,0
1306,0.00024309998843818903,0.0,0.00024399999529123306,0
1307,0.00015959999291226268,0.0,0.0001604999997653067,0
1308,0.00023250002413988113,0.0,0.00024610001128166914,0
1309,0.0001618000096641481,0.0,0.00016280001727864146,0
1310,0.00017829996068030596,0.0,0.00017909996677190065,0
1311,0.0002098999684676528,0.0,0.0002109999768435955,0
1312,0.00018150004325434566,0.0,0.00018239999189972878,0
1313,0.0003006000188179314,0.0,0.0003013999667018652,0
1314,0.00031859998125582933,0.0,0.00031949998810887337,0
1315,0.00020420004148036242,0.0,0.00020510004833340645,0
1316,0.00018149998504668474,0.0,0.0001824999926611781,0
1317,0.00016240001423284411,0.0,0.0001632000203244388,0
1318,0.00015810003969818354,0.0,0.00015899998834356666,0
1319,0.00016950001008808613,0.000381499994546175,0.0028007999644614756,1
1320,0.0003485999768599868,0.0,0.00035009998828172684,0
1321,0.00016550003783777356,0.0,0.00016660004621371627,0
1322,0.00019459996838122606,0.0,0.00019569997675716877,0
1323,0.00016060000052675605,0.0,0.00016160000814124942,0
1324,0.00015809998149052262,0.0,0.00015899998834356666,0
1325,0.00017169996863231063,0.0,0.00017259997548535466,0
1326,0.00015940004959702492,0.0,0.00016030005645006895,0
1327,0.00015709997387602925,0.0,0.00015789997996762395,0
1328,0.000172999978531152,0.0,0.00017389998538419604,0
1329,0.00015650002751499414,0.0,0.00015730003360658884,0
1330,0.00015590002294629812,0.0,0.00015670002903789282,0
1331,0.0001680999994277954,0.0,0.0001689000055193901,0
1332,0.0001564000267535448,0.0,0.00015730003360658884,0
1333,0.00020559999393299222,0.0,0.00020640000002458692,0
1334,0.0002109999768435955,0.0,0.0002117999829351902,0
1335,0.00015950005035847425,0.0,0.00017850002041086555,0
1336,0.0002563000307418406,0.0,0.0002577000414021313,0
1337,0.0002038999809883535,0.0,0.0002046999870799482,0
1338,0.00015919998986646533,0.0,0.00016009999671950936,0
1339,0.0001686000032350421,0.0003507999936118722,0.002993999980390072,1
1340,0.0003693000180646777,0.0,0.0003706999705173075,0
1341,0.0001639999682083726,0.0,0.0001650999765843153,0
1342,0.00018889998318627477,0.0,0.00018989999080076814,0
1343,0.00016140000661835074,0.0,0.00016230001347139478,0
1344,0.00016360002337023616,0.0,0.00016460003098472953,0
1345,0.00017309997929260135,0.0,0.00017399998614564538,0
1346,0.00015809998149052262,0.0,0.00015899998834356666,0
1347,0.00015670002903789282,0.0,0.00015750003512948751,0
1348,0.0001705000177025795,0.0,0.0001713000237941742,0
1349,0.00015790003817528486,0.0,0.00015879998682066798,0
1350,0.00016080000204965472,0.0,0.00016170000890269876,0
1351,0.00017030001617968082,0.0,0.0001713000237941742,0
1352,0.00015710003208369017,0.0,0.00015799998072907329,0
1353,0.00016980001237243414,0.0,0.00017070001922547817,0
1354,0.0001574999769218266,0.0,0.00015839998377487063,0
1355,0.0001566999708302319,0.0,0.00015759997768327594,0
1356,0.00025459995958954096,0.0,0.00025569996796548367,0
1357,0.00021190004190430045,0.0,0.00021300005028024316,0
1358,0.00021219998598098755,0.0,0.00021309999283403158,0
1359,0.00018580001778900623,0.0004034999874420464,0.0027846000157296658,1
1360,0.0003510999958962202,0.0,0.0003525000065565109,0
1361,0.0002191000385209918,0.0,0.00022010004613548517,0
1362,0.0001914000022225082,0.0,0.0001925000105984509,0
1363,0.00016140000661835074,0.0,0.00016230001347139478,0
1364,0.0001583000412210822,0.0,0.00015920004807412624,0
1365,0.00017190002836287022,0.0,0.00017279997700825334,0
1366,0.00015809998149052262,0.0,0.000159099989105016,0
1367,0.00016220001270994544,0.0,0.00016310001956298947,0
1368,0.0001683999435044825,0.0,0.00016929995035752654,0
1369,0.00015569996321573853,0.0,0.0001563999685458839,0
1370,0.00015659997006878257,0.0,0.0001574999769218266,0
1371,0.00017049995949491858,0.0,0.00017129996558651328,0
1372,0.00016029999824240804,0.0,0.00016120000509545207,0
1373,0.0001621000119484961,0.0,0.0001629000180400908,0
1374,0.00023960001999512315,0.0,0.00024049996864050627,0
1375,0.0001563999685458839,0.0,0.0001571999746374786,0
1376,0.00016629998572170734,0.0,0.00016719999257475138,0
1377,0.00019190000602975488,0.0,0.0001928000128827989,0
1378,0.00016310001956298947,0.0,0.00016409996896982193,0
1379,0.00016880000475794077,0.00033730000723153353,0.002806900010909885,1
1380,0.0002935000229626894,0.0,0.0002949000336229801,0
1381,0.00020680000307038426,0.0,0.0002297000028192997,0
1382,0.00027840002439916134,0.0,0.00027959997532889247,0
1383,0.0001925000105984509,0.0,0.00019339995924383402,0
1384,0.00021590001415461302,0.0,0.00021680002100765705,0
1385,0.00024349999148398638,0.0,0.0002443999983370304,0
1386,0.00026270002126693726,0.0,0.00026350002735853195,0
1387,0.0001598999951966107,0.0,0.00016090000281110406,0
1388,0.00022629997693002224,0.0,0.00022719998378306627,0
1389,0.00017409998690709472,0.0,0.00017499999376013875,0
1390,0.00015750003512948751,0.0,0.00015850004274398088,0
1391,0.00017090002074837685,0.0,0.00017180002760142088,0
1392,0.0001571999746374786,0.0,0.00015809998149052262,0
1393,0.00015819998225197196,0.0,0.00015919998986646533,0
1394,0.000174800050444901,0.0,0.00017579999985173345,0
1395,0.0001582999830134213,0.0,0.00015929999062791467,0
1396,0.0001675000530667603,0.0,0.00016850000247359276,0
1397,0.00016170000890269876,0.0,0.00016270001651719213,0
1398,0.00015769997844472528,0.0,0.0001585999852977693,0
1399,0.0001696999534033239,0.00036780000664293766,0.0030683999648317695,1
1400,0.0005151000223122537,0.0,0.0005169000360183418,0
1401,0.0003788000321947038,0.0,0.0003801999846473336,0
1402,0.00024239998310804367,0.0,0.00024359999224543571,0
1403,0.00021430000197142363,0.0,0.00021540001034736633,0
1404,0.00021440000273287296,0.0,0.00021529995137825608,0
1405,0.0002164000179618597,0.0,0.00021739996736869216,0
1406,0.00018939998699352145,0.0,0.00019069999689236283,0
1407,0.00020750000840052962,0.0,0.000208500016015023,0
1408,0.00018099998123943806,0.0,0.00018199998885393143,0
1409,0.00016199995297938585,0.0,0.00016299996059387922,0
1410,0.00015999999595806003,0.0,0.00016090000281110406,0
1411,0.00017259997548535466,0.0,0.0001734999823383987,0
1412,0.00016009999671950936,0.0,0.00016110000433400273,0
1413,0.00016769999638199806,0.0,0.00016850000247359276,0
1414,0.00017310003750026226,0.0,0.00017409998690709472,0
1415,0.00015889998758211732,0.0,0.00015969999367371202,0
1416,0.00016769999638199806,0.0,0.00016870000399649143,0
1417,0.00016200001118704677,0.0,0.00016289995983242989,0
1418,0.00015869998605921865,0.0,0.00015959999291226268,0
1419,0.0001773000112734735,0.0003445000038482249,0.002793200023006648,1
1420,0.0003567999810911715,0.0,0.0003580999909900129,0
1421,0.0001629000180400908,0.0,0.00016390002565458417,0
1422,0.00019829999655485153,0.0,0.00019940000493079424,0
1423,0.00016029999824240804,0.0,0.0001612999476492405,0
1424,0.00015609996626153588,0.0,0.00015689997235313058,0
1425,0.00016930000856518745,0.0,0.0001702999579720199,0
1426,0.00015750003512948751,0.0,0.00015860004350543022,0
1427,0.00015650002751499414,0.0,0.0001574999769218266,0
1428,0.00022769998759031296,0.0,0.000228599994443357,0
1429,0.0001574999769218266,0.0,0.00015839998377487063,0
1430,0.0001583000412210822,0.0,0.00015920004807412624,0
1431,0.00020730000687763095,0.0,0.00020810001296922565,0
1432,0.00023220002185553312,0.0,0.00023330003023147583,0
1433,0.00020790001144632697,0.0,0.00020870001753792167,0
1434,0.00023360003251582384,0.0,0.00023450003936886787,0
1435,0.00019290001364424825,0.0,0.00019390002125874162,0
1436,0.00022039999021217227,0.0,0.0002212999970652163,0
1437,0.00020589999621734023,0.0,0.00020679994486272335,0
1438,0.00020030001178383827,0.0,0.00020110001787543297,0
1439,0.00024590000975877047,0.0003928999649360776,0.0037972999853082,1
1440,0.00046330003533512354,0.0,0.0004646000452339649,0
1441,0.0003282999969087541,0.0,0.00032980000833049417,0
1442,0.0002300000051036477,0.0,0.00023119995603337884,0
1443,0.00017329998081550002,0.0,0.00017439998919144273,0
1444,0.00016170000890269876,0.0,0.00016270001651719213,0
1445,0.00023180001880973577,0.0,0.00023280002642422915,0
1446,0.00016220001270994544,0.0,0.00016300001880154014,0
1447,0.00015979999443516135,0.0,0.00016070000128820539,0
1448,0.00017389998538419604,0.0,0.00017479999223724008,0
1449,0.00016160000814124942,0.0,0.00016240001423284411,0
1450,0.00016460003098472953,0.0,0.00016550003783777356,0
1451,0.0002422000397928059,0.0,0.00024319998919963837,0
1452,0.00015959999291226268,0.0,0.0001604999997653067,0
1453,0.000159399991389364,0.0,0.00016039999900385737,0
1454,0.00025209999876096845,0.0,0.0002530000056140125,0
1455,0.0002212999970652163,0.0,0.00022220000391826034,0
1456,0.0002764000091701746,0.0,0.00027730001602321863,0
1457,0.0002899999963119626,0.0,0.0002913999487645924,0
1458,0.0003281999961473048,0.0,0.0003299000090919435,0
1459,0.0002654999843798578,0.00038919999497011304,0.0032235999824479222,1
1460,0.00033760000951588154,0.0,0.00033949996577575803,0
1461,0.00025839998852461576,0.0,0.0002595999976620078,0
1462,0.00021169998217374086,0.0,0.00021299999207258224,0
1463,0.0002991999499499798,0.0,0.0003005999606102705,0
1464,0.00021600001491606236,0.0,0.0002169000217691064,0
1465,0.0002523000002838671,0.0,0.0002533000078983605,0
1466,0.00023410003632307053,0.0,0.00023509998572990298,0
1467,0.00016629998572170734,0.0,0.00016719999257475138,0
1468,0.00022410001838579774,0.0,0.0002251000260002911,0
1469,0.00022079999325796962,0.0,0.00022159999934956431,0
1470,0.00016929995035752654,0.0,0.00017009995644912124,0
1471,0.0002604000037536025,0.0,0.0002615000121295452,0
1472,0.00016679998952895403,0.0,0.00016759999562054873,0
1473,0.00016270001651719213,0.0,0.00016360002337023616,0
1474,0.000304599991068244,0.0,0.000305800000205636,0
1475,0.0001829999964684248,0.0,0.00018390000332146883,0
1476,0.0002693000133149326,0.0,0.00027059996500611305,0
1477,0.0002832000027410686,0.0,0.0002846000134013593,0
1478,0.00022280000848695636,0.0,0.0002240000176243484,0
1479,0.00020670000230893493,0.00045659998431801796,0.0035431000287644565,1
1480,0.00045439996756613255,0.0,0.0004558999789878726,0
1481,0.00022530002752318978,0.0,0.00022649997845292091,0
1482,0.0001970999874174595,0.0,0.00019839999731630087,0
1483,0.00020130001939833164,0.0,0.00020239996956661344,0
1484,0.00016289995983242989,0.0,0.00016389996744692326,0
1485,0.00021349999587982893,0.0,0.00021440000273287296,0
1486,0.00017339998157694936,0.0,0.0001742999884299934,0
1487,0.00016200001118704677,0.0,0.00016280001727864146,0
1488,0.00021539995213970542,0.0,0.00021649996051564813,0
1489,0.00016569998115301132,0.0,0.0001666999887675047,0
1490,0.0001610000035725534,0.0,0.00016190001042559743,0
1491,0.0002190999803133309,0.0,0.00022009998792782426,0
1492,0.00016499997582286596,0.0,0.00016589998267591,0
1493,0.00018689996795728803,0.0,0.00018779997481033206,0
1494,0.00021399999968707561,0.0,0.00021490000654011965,0
1495,0.0001629000180400908,0.0,0.00016369996592402458,0
1496,0.00017439998919144273,0.0,0.0001753999968059361,0
1497,0.00020559999393299222,0.0,0.0002066000015474856,0
1498,0.00022170000011101365,0.0,0.00022259994875639677,0
1499,0.00023589999182149768,0.0003106999793089926,0.003182200016453862,1
1500,0.00033950002398341894,0.0,0.0003408000338822603,0
1501,0.000172699976246804,0.0,0.00017359998309984803,0
1502,0.0002109999768435955,0.0,0.00021199998445808887,0
1503,0.00022839999292045832,0.0,0.00022929999977350235,0
1504,0.00022649997845292091,0.0,0.00022739998530596495,0
1505,0.00021620001643896103,0.0,0.00021719996584579349,0
1506,0.00016549997963011265,0.0,0.00016639998648315668,0
1507,0.0002275000442750752,0.0,0.00022829999215900898,0
1508,0.00020160002168267965,0.0,0.00020260002929717302,0
1509,0.00016900000628083944,0.0,0.00016980001237243414,0
1510,0.00022340001305565238,0.0,0.00022460002219304442,0
1511,0.0002329999697394669,0.0,0.0002340999781154096,0
1512,0.00023879995569586754,0.0,0.00023999996483325958,0
1513,0.0001724000321701169,0.0,0.00017329998081550002,0
1514,0.00023329997202381492,0.0,0.00023439998039975762,0
1515,0.0001618000096641481,0.0,0.0001626999583095312,0
1516,0.00018919998547062278,0.0,0.00019019999308511615,0
1517,0.0001808000379242003,0.0,0.000181600044015795,0
1518,0.00015949999215081334,0.0,0.00016029999824240804,0
1519,0.00018909998470917344,0.00043779995758086443,0.0035725999623537064,1
1520,0.00028909998945891857,0.0,0.00029039999935775995,0
1521,0.00018420000560581684,0.0,0.00018540001474320889,0
1522,0.0002505999873392284,0.0,0.00025179999647662044,0
1523,0.00023599999258294702,0.0,0.00023710000095888972,0
1524,0.00021430000197142363,0.0,0.00021529995137825608,0
1525,0.00024089997168630362,0.0,0.00024199998006224632,0
1526,0.00019880000036209822,0.0,0.00019969994900748134,0
1527,0.00024480000138282776,0.0,0.00024580000899732113,0
1528,0.00023410003632307053,0.0,0.00023499998496845365,0
1529,0.00020760000916197896,0.0,0.00020849995780736208,0
1530,0.00019130000146105886,0.0,0.00019209994934499264,0
1531,0.00020929996389895678,0.0,0.0002101999707520008,0
1532,0.00018079997971653938,0.0,0.00018179998733103275,0
1533,0.00021980004385113716,0.0,0.00022079999325796962,0
1534,0.0002069000038318336,0.0,0.00020780001068487763,0
1535,0.0001648000325076282,0.0,0.00016580004012212157,0
1536,0.0002392000169493258,0.0,0.00024010002380236983,0
1537,0.0001756999990902841,0.0,0.00017660000594332814,0
1538,0.00015969999367371202,0.0,0.00016060000052675605,0
1539,0.00018929998623207211,0.00044450000859797,0.003265200008172542,1
1540,0.0002995000104419887,0.0,0.0003011000226251781,0
1541,0.00020810001296922565,0.0,0.00020910002058371902,0
1542,0.00020329997641965747,0.0,0.00020429998403415084,0
1543,0.00016070000128820539,0.0,0.00016160000814124942,0
1544,0.00015899998834356666,0.0,0.00015979999443516135,0
1545,0.0001716000260785222,0.0,0.00017249997472390532,0
1546,0.00016340002184733748,0.0,0.00016420002793893218,0
1547,0.0001577000366523862,0.0,0.00015860004350543022,0
1548,0.0001716000260785222,0.0,0.00017249997472390532,0
1549,0.00015809998149052262,0.0,0.00015899998834356666,0
1550,0.0001572000328451395,0.0,0.00015810003969818354,0
1551,0.00017319998005405068,0.0,0.00017409998690709472,0
1552,0.00017259997548535466,0.0,0.00017339998157694936,0
1553,0.00015780003741383553,0.0,0.00015870004426687956,0
1554,0.0001705000177025795,0.0,0.00017140002455562353,0
1555,0.00015680002979934216,0.0,0.00015769997844472528,0
1556,0.00016599998343735933,0.0,0.00016689999029040337,0
1557,0.00016390002565458417,0.0,0.0001648000325076282,0
1558,0.00015790003817528486,0.0,0.00015870004426687956,0
1559,0.00016789999790489674,0.00036589999217540026,0.003168300027027726,1
1560,0.00036970002111047506,0.0,0.00037130003329366446,0
1561,0.00033179996535182,0.0,0.00033359997905790806,0
1562,0.0004409999819472432,0.0,0.00044249999336898327,0
1563,0.00023529998725280166,0.0,0.00023629999486729503,0
1564,0.0002821000525727868,0.0,0.0002834000042639673,0
1565,0.00028449995443224907,0.0,0.0002856999635696411,0
1566,0.00020330003462731838,0.0,0.00020429998403415084,0
1567,0.0001610000035725534,0.0,0.00016200001118704677,0
1568,0.0002491999766789377,0.0,0.00025019998429343104,0
1569,0.00016569998115301132,0.0,0.00016659998800605536,0
1570,0.00016140000661835074,0.0,0.00016220001270994544,0
1571,0.00024360005045309663,0.0,0.0002447000006213784,0
1572,0.00019130000146105886,0.0,0.0001922000083141029,0
1573,0.00016410002717748284,0.0,0.00016499997582286596,0
1574,0.00024779996601864696,0.0,0.0002487999736331403,0
1575,0.00016379996668547392,0.0,0.00016459997277706861,0
1576,0.00018969998927786946,0.0,0.0001905999961309135,0
1577,0.00023800000781193376,0.0,0.0002389000146649778,0
1578,0.00016589998267591,0.0,0.00016679998952895403,0
1579,0.00019329995848238468,0.00045930000487715006,0.0034333999501541257,1
1580,0.0003000000142492354,0.0,0.00030150002567097545,0
1581,0.0003079999587498605,0.0,0.00030909996712580323,0
1582,0.0003665999975055456,0.0,0.000367900007404387,0
1583,0.00033469998743385077,0.0,0.00033569999504834414,0
1584,0.00021269998978823423,0.0,0.0002136999974027276,0
1585,0.0001990000018849969,0.0,0.00019990000873804092,0
1586,0.00017310003750026226,0.0,0.00017390004359185696,0
1587,0.00015839998377487063,0.0,0.00015919998986646533,0
1588,0.00021269998978823423,0.0,0.00021359999664127827,0
1589,0.0001637000241316855,0.0,0.00016470003174617887,0
1590,0.00015920004807412624,0.0,0.00015999999595806003,0
1591,0.0002340999781154096,0.0,0.00023499998496845365,0
1592,0.0001539999502710998,0.0,0.00015489995712414384,0
1593,0.00015320000238716602,0.0,0.0001542000100016594,0
1594,0.00024129997473210096,0.0,0.00024229998234659433,0
1595,0.00016739999409765005,0.0,0.00016830000095069408,0
1596,0.00017549999756738544,0.0,0.00017640000442042947,0
1597,0.00019690004410222173,0.0,0.00019770005019381642,0
1598,0.00015169999096542597,0.0,0.00015259999781847,0
1599,0.00017689995002001524,0.00045870000030845404,0.003159599960781634,1
1600,0.0002970999921672046,0.0,0.00029850000282749534,0
1601,0.00020840001525357366,0.0,0.00020940002286806703,0
1602,0.00018929998623207211,0.0,0.00019039999460801482,0
1603,0.00019690004410222173,0.0,0.00019859999883919954,0
1604,0.00022440002067014575,0.0,0.00022570003056898713,0
1605,0.00027269998099654913,0.0,0.00027409999165683985,0
1606,0.00038709997897967696,0.0,0.00038819998735561967,0
1607,0.00025730003835633397,0.0,0.000258500047493726,0
1608,0.0003773999633267522,0.0,0.00037859997246414423,0
1609,0.00019880000036209822,0.0,0.00019970000721514225,0
1610,0.00017369998386129737,0.0,0.00017469999147579074,0
1611,0.00022470002295449376,0.0,0.00022570003056898713,0
1612,0.0002561000292189419,0.0,0.00025699997786432505,0
1613,0.0002853999612852931,0.0,0.00028629996813833714,0
1614,0.0003060000017285347,0.0,0.0003071000101044774,0
1615,0.00019679998513311148,0.0,0.00019779999274760485,0
1616,0.00018610002007335424,0.0,0.00018720002844929695,0
1617,0.00017670000670477748,0.0,0.00017770001431927085,0
1618,0.00016080000204965472,0.0,0.00016160000814124942,0
1619,0.00017219997243955731,0.0003819999983534217,0.0032344000064767897,1
1620,0.00031560001662001014,0.0,0.0003168000257574022,0
1621,0.00016609998419880867,0.0,0.0001669999910518527,0
1622,0.00018999999156221747,0.0,0.00019099999917671084,0
1623,0.00016170000890269876,0.0,0.00016250001499429345,0
1624,0.0001582999830134213,0.0,0.00015929999062791467,0
1625,0.00021139997988939285,0.0,0.00021219998598098755,0
1626,0.000159399991389364,0.0,0.00016029999824240804,0
1627,0.0001577999792061746,0.0,0.0001585999852977693,0
1628,0.00017090002074837685,0.0,0.00017170002683997154,0
1629,0.00015889998758211732,0.0,0.00015979999443516135,0
1630,0.00015839998377487063,0.0,0.00015919998986646533,0
1631,0.0002104000304825604,0.0,0.00021130003733560443,0
1632,0.000159099989105016,0.0,0.00015999999595806003,0
1633,0.0001571999746374786,0.0,0.00015799998072907329,0
1634,0.00017010001465678215,0.0,0.00017089996254071593,0
1635,0.00015809998149052262,0.0,0.00015889998758211732,0
1636,0.0001669999910518527,0.0,0.00016789999790489674,0
1637,0.00020049995509907603,0.0,0.0002014999627135694,0
1638,0.00015929999062791467,0.0,0.00016009999671950936,0
1639,0.0001697000116109848,0.0003716999781318009,0.003630499995779246,1
1640,0.0004427999956533313,0.0,0.00044430000707507133,0
1641,0.00016729999333620071,0.0,0.00016840000171214342,0
1642,0.00019130000146105886,0.0,0.00019230000907555223,0
1643,0.00016220001270994544,0.0,0.0001632000203244388,0
1644,0.00019920000340789557,0.0,0.00020020001102238894,0
1645,0.00017440004739910364,0.0,0.00017530005425214767,0
1646,0.00015809998149052262,0.0,0.00015899998834356666,0
1647,0.0001577999792061746,0.0,0.0001585999852977693,0
1648,0.0001689000055193901,0.0,0.00016980001237243414,0
1649,0.00016170000890269876,0.0,0.00016250001499429345,0
1650,0.00015799998072907329,0.0,0.00015879998682066798,0
1651,0.0001705000177025795,0.0,0.0001713000237941742,0
1652,0.0002951000351458788,0.0,0.0002965000458061695,0
1653,0.00017909996677190065,0.0,0.0001799999736249447,0
1654,0.00035960000241175294,0.0,0.00036120001459494233,0
1655,0.0003485999768599868,0.0,0.0003499999875202775,0
1656,0.0002587999915704131,0.0,0.0002601000014692545,0
1657,0.0002049999893642962,0.0,0.00020629999926313758,0
1658,0.0003274999908171594,0.0,0.00032869999995455146,0
1659,0.0003597000031732023,0.00036020000698044896,0.00317360000917688,1
1660,0.0002682000049389899,0.0,0.0002695999573916197,0
1661,0.00030480005079880357,0.0,0.00030590000096708536,0
1662,0.00042539997957646847,0.0,0.0004264999879524112,0
1663,0.0001789000234566629,0.0,0.00017980003030970693,0
1664,0.0001621000119484961,0.0,0.00016310001956298947,0
1665,0.00021950004156678915,0.0,0.00022039999021217227,0
1666,0.00017389998538419604,0.0,0.00017479999223724008,0
1667,0.00015920004807412624,0.0,0.0001601999974809587,0
1668,0.00021319999359548092,0.0,0.00021410000044852495,0
1669,0.00017310003750026226,0.0,0.00017399998614564538,0
1670,0.0001900999923236668,0.0,0.0001908999984152615,0
1671,0.0001716000260785222,0.0,0.00017250003293156624,0
1672,0.000159099989105016,0.0,0.00016009999671950936,0
1673,0.00015840004198253155,0.0,0.00015930004883557558,0
1674,0.00017060001846402884,0.0,0.00017150002531707287,0
1675,0.00015869998605921865,0.0,0.00015959999291226268,0
1676,0.00017179996939375997,0.0,0.000172699976246804,0
1677,0.00016009999671950936,0.0,0.0001610000035725534,0
1678,0.00015869998605921865,0.0,0.00015949999215081334,0
1679,0.0001694000093266368,0.00042890000622719526,0.0030267999973148108,1
1680,0.00028229999588802457,0.0,0.0002835000050254166,0
1681,0.00020109995966777205,0.0,0.0002022999688051641,0
1682,0.00018999999156221747,0.0,0.00019109999993816018,0
1683,0.0001618000096641481,0.0,0.00016280001727864146,0
1684,0.00015820004045963287,0.0,0.00015920004807412624,0
1685,0.000172399973962456,0.0,0.00017329998081550002,0
1686,0.00015959999291226268,0.0,0.0001604999997653067,0
1687,0.00016980001237243414,0.0,0.0001708000199869275,0
1688,0.00017150002531707287,0.0,0.0001724000321701169,0
1689,0.000159099989105016,0.0,0.00015999999595806003,0
1690,0.0001580000389367342,0.0,0.00015890004578977823,0
1691,0.00016980001237243414,0.0,0.0001708000199869275,0
1692,0.00015680002979934216,0.0,0.00015759997768327594,0
1693,0.00016070000128820539,0.0,0.0001618000096641481,0
1694,0.00016960001084953547,0.0,0.0001705000177025795,0
1695,0.00015820004045963287,0.0,0.00015899998834356666,0
1696,0.00016659998800605536,0.0,0.0001674999948590994,0
1697,0.00022899999748915434,0.0,0.0002300000051036477,0
1698,0.0002258999738842249,0.0,0.0002269999822601676,0
1699,0.0003719000378623605,0.00036809995071962476,0.004014900012407452,1
1700,0.00029910000739619136,0.0,0.0003005999606102705,0
1701,0.0001772999530658126,0.0,0.00017829996068030596,0
1702,0.00021839997498318553,0.0,0.00021929998183622956,0
1703,0.00020999996922910213,0.0,0.00021109997760504484,0
1704,0.00016070000128820539,0.0,0.00016150000737980008,0
1705,0.00017780001508072019,0.0,0.00017880002269521356,0
1706,0.000159099989105016,0.0,0.00015999999595806003,0
1707,0.00015850004274398088,0.0,0.00015930004883557558,0
1708,0.00017110002227127552,0.0,0.00017200002912431955,0
1709,0.00018889998318627477,0.0,0.00018989999080076814,0
1710,0.00015849998453631997,0.0,0.00015929999062791467,0
1711,0.00017170002683997154,0.0,0.0001727000344544649,0
1712,0.000159399991389364,0.0,0.00016039999900385737,0
1713,0.00015840004198253155,0.0,0.00015920004807412624,0
1714,0.0002196999848820269,0.0,0.00022059999173507094,0
1715,0.0001713000237941742,0.0,0.00017219997243955731,0
1716,0.00016690004849806428,0.0,0.0001677999971434474,0
1717,0.00016060000052675605,0.0,0.00016140000661835074,0
1718,0.00015740003436803818,0.0,0.00015820004045963287,0
1719,0.00016910000704228878,0.0004028999828733504,0.0035197000252082944,1
1720,0.0004200999974273145,0.0,0.00042150000808760524,0
1721,0.00021760002709925175,0.0,0.00021870003547519445,0
1722,0.0002510999911464751,0.0,0.0002521999995224178,0
1723,0.0001637000241316855,0.0,0.00016470003174617887,0
1724,0.00015930004883557558,0.0,0.00016029999824240804,0
1725,0.0001718999701552093,0.0,0.000172699976246804,0
1726,0.00015919998986646533,0.0,0.00016009999671950936,0
1727,0.00016160000814124942,0.0,0.00016250001499429345,0
1728,0.0001742999884299934,0.0,0.00017519999528303742,0
1729,0.0001585999852977693,0.0,0.000159399991389364,0
1730,0.00015839998377487063,0.0,0.00015929999062791467,0
1731,0.0001721000298857689,0.0,0.00017310003750026226,0
1732,0.00015849998453631997,0.0,0.000159399991389364,0
1733,0.0001623999560251832,0.0,0.00016339996363967657,0
1734,0.00017129996558651328,0.0,0.00017219997243955731,0
1735,0.00015700003132224083,0.0,0.0001577999792061746,0
1736,0.00016610004240646958,0.0,0.0001669999910518527,0
1737,0.00016140000661835074,0.0,0.00016230001347139478,0
1738,0.00015730003360658884,0.0,0.00015819998225197196,0
1739,0.00017199997091665864,0.00036689999978989363,0.0030647999956272542,1
1740,0.0003239999641664326,0.0,0.000325599976349622,0
1741,0.00019390002125874162,0.0,0.00019510003039613366,0
1742,0.0002460000105202198,0.0,0.00024720001965761185,0
1743,0.0002673999988473952,0.0,0.0002685000072233379,0
1744,0.00018149998504668474,0.0,0.00018229999113827944,0
1745,0.0002367999986745417,0.0,0.00023780000628903508,0
1746,0.00016789999790489674,0.0,0.00016880000475794077,0
1747,0.0002487000310793519,0.0,0.00024990004021674395,0
1748,0.0003358999965712428,0.0,0.0003370000049471855,0
1749,0.0001781000173650682,0.0,0.00017900002421811223,0
1750,0.00016280001727864146,0.0,0.0001637000241316855,0
1751,0.00020210002548992634,0.0,0.00020300003234297037,0
1752,0.00016170000890269876,0.0,0.00016250001499429345,0
1753,0.00016470003174617887,0.0,0.00016569998115301132,0
1754,0.00017279997700825334,0.0,0.0001737999846227467,0
1755,0.00015969999367371202,0.0,0.00016060000052675605,0
1756,0.0001686000032350421,0.0,0.00016950001008808613,0
1757,0.00016200001118704677,0.0,0.00016280001727864146,0
1758,0.00015999999595806003,0.0,0.00016090000281110406,0
1759,0.00021089997608214617,0.00038410001434385777,0.0034353999653831124,1
1760,0.0004486000398173928,0.0,0.00044999999227002263,0
1761,0.00020979996770620346,0.0,0.0002106999745592475,0
1762,0.0001925000105984509,0.0,0.00019350001821294427,0
1763,0.00016270001651719213,0.0,0.00016350002260878682,0
1764,0.00015949999215081334,0.0,0.0001604999997653067,0
1765,0.0001734999823383987,0.0,0.00017449998995289207,0
1766,0.00015950005035847425,0.0,0.00016029999824240804,0
1767,0.00019150000298395753,0.0,0.00019230000907555223,0
1768,0.00017229997320100665,0.0,0.00017319998005405068,0
1769,0.00015949999215081334,0.0,0.00016039999900385737,0
1770,0.00015899998834356666,0.0,0.00015979999443516135,0
1771,0.00017229997320100665,0.0,0.00017309997929260135,0
1772,0.00015950005035847425,0.0,0.00016030005645006895,0
1773,0.00019349996000528336,0.0,0.00019429996609687805,0
1774,0.0001710999640636146,0.0,0.00017199997091665864,0
1775,0.0001583000412210822,0.0,0.00015920004807412624,0
1776,0.00016789999790489674,0.0,0.00016870000399649143,0
1777,0.00016170000890269876,0.0,0.0001626000157557428,0
1778,0.00016329996287822723,0.0,0.00016409996896982193,0
1779,0.00017860002117231488,0.0003991000121459365,0.003444200032390654,1
1780,0.000298099999781698,0.0,0.0002995000104419887,0
1781,0.00027930003125220537,0.0,0.00028060004115104675,0
1782,0.00020840001525357366,0.0,0.00020940002286806703,0
1783,0.000172399973962456,0.0,0.00017329998081550002,0
1784,0.0001629000180400908,0.0,0.00016379996668547392,0
1785,0.00019099999917671084,0.0,0.00019200000679120421,0
1786,0.0001797000295482576,0.0,0.00018050003563985229,0
1787,0.00015869998605921865,0.0,0.00015949999215081334,0
1788,0.0001905999961309135,0.0,0.00019150000298395753,0
1789,0.0003236000193282962,0.0,0.0003247999702580273,0
1790,0.0001642999704927206,0.0,0.00016519997734576464,0
1791,0.00039089994970709085,0.0,0.0003920999588444829,0
1792,0.0003494999837130308,0.0,0.00035069999285042286,0
1793,0.0002523000002838671,0.0,0.00025319994892925024,0
1794,0.0002487999736331403,0.0,0.0002497999812476337,0
1795,0.00016200001118704677,0.0,0.0001629000180400908,0
1796,0.00017230003140866756,0.0,0.00017330003902316093,0
1797,0.00016200001118704677,0.0,0.0001629000180400908,0
1798,0.00016039999900385737,0.0,0.00016120000509545207,0
1799,0.00020080001559108496,0.0003861000295728445,0.003258500015363097,1
1800,0.0003437999985180795,0.0,0.0003454000107012689,0
1801,0.00021739996736869216,0.0,0.00021839997498318553,0
1802,0.00023999996483325958,0.0,0.00024099997244775295,0
1803,0.00020270003005862236,0.0,0.00020370003767311573,0
1804,0.0001613000058569014,0.0,0.00016220001270994544,0
1805,0.00017610000213608146,0.0,0.0001770000089891255,0
1806,0.0001598999951966107,0.0,0.00016080000204965472,0
1807,0.00015819998225197196,0.0,0.000159099989105016,0
1808,0.0002106999745592475,0.0,0.00021159998141229153,0
1809,0.00015959999291226268,0.0,0.00016039999900385737,0
1810,0.00015809998149052262,0.0,0.00015899998834356666,0
1811,0.00017280003521591425,0.0,0.00017369998386129737,0
1812,0.00015969999367371202,0.0,0.00016060000052675605,0
1813,0.00016060000052675605,0.0,0.00016140000661835074,0
1814,0.00024129997473210096,0.0,0.000242199981585145,0
1815,0.00015969999367371202,0.0,0.00016060000052675605,0
1816,0.00016820000018924475,0.0,0.00016910000704228878,0
1817,0.00016200001118704677,0.0,0.0001629000180400908,0
1818,0.00015729997539892793,0.0,0.0001582999830134213,0
1819,0.00019719998817890882,0.00040149997221305966,0.003520799975376576,1
1820,0.00031370000215247273,0.0,0.0003150000120513141,0
1821,0.00016609998419880867,0.0,0.00016709999181330204,0
1822,0.0002240000176243484,0.0,0.00022500002523884177,0
1823,0.00016200001118704677,0.0,0.0001629000180400908,0
1824,0.00015889998758211732,0.0,0.0001598999951966107,0
1825,0.00017359998309984803,0.0,0.00017439998919144273,0
1826,0.00015919998986646533,0.0,0.0001601999974809587,0
1827,0.0001577999792061746,0.0,0.00015869998605921865,0
1828,0.00033250002888962626,0.0,0.00033380003878846765,0
1829,0.0003076000139117241,0.0,0.0003087000222876668,0
1830,0.00039659999310970306,0.0,0.0003974999999627471,0
1831,0.00025480001932010055,0.0,0.0002558000269345939,0
1832,0.00016350002260878682,0.0,0.00016449997201561928,0
1833,0.00016120000509545207,0.0,0.00016220001270994544,0
1834,0.00020680000307038426,0.0,0.00020760000916197896,0
1835,0.00015940004959702492,0.0,0.00016029999824240804,0
1836,0.00023929995950311422,0.0,0.00024069997016340494,0
1837,0.00022749998606741428,0.0,0.000228599994443357,0
1838,0.0002544999588280916,0.0,0.00025569996796548367,0
1839,0.0003629999700933695,0.000508100027218461,0.0038460000068880618,1
1840,0.0003188000409863889,0.0,0.0003201999934390187,0
1841,0.00021089997608214617,0.0,0.00021189998369663954,0
1842,0.00019049999536946416,0.0,0.00019150000298395753,0
1843,0.0001672000507824123,0.0,0.00016820000018924475,0
1844,0.000159399991389364,0.0,0.00016039999900385737,0
1845,0.00017449998995289207,0.0,0.0001753999968059361,0
1846,0.00016110000433400273,0.0,0.00016190001042559743,0
1847,0.00015729997539892793,0.0,0.0001582999830134213,0
1848,0.0001697000116109848,0.0,0.00017059996025636792,0
1849,0.00015629996778443456,0.0,0.0001571999746374786,0
1850,0.00015519995940849185,0.0,0.00015609996626153588,0
1851,0.0001697000116109848,0.0,0.00017059996025636792,0
1852,0.00017819995991885662,0.0,0.00017909996677190065,0
1853,0.00015889998758211732,0.0,0.0001598999951966107,0
1854,0.00017120002303272486,0.0,0.00017220003064721823,0
1855,0.00015839998377487063,0.0,0.00015919998986646533,0
1856,0.00016609998419880867,0.0,0.00016709999181330204,0
1857,0.00015969999367371202,0.0,0.00016060000052675605,0
1858,0.0001601999974809587,0.0,0.00016120000509545207,0
1859,0.00021030002972111106,0.000428199942689389,0.0032930999877862632,1
1860,0.0002782999654300511,0.0,0.00027949997456744313,0
1861,0.00019160000374540687,0.0,0.00019269995391368866,0
1862,0.00021510000806301832,0.0,0.00021620001643896103,0
1863,0.0001748999929986894,0.0,0.0001756999990902841,0
1864,0.0001610000035725534,0.0,0.0001618000096641481,0
1865,0.00017469999147579074,0.0,0.00017559999832883477,0
1866,0.0001598999951966107,0.0,0.00016070000128820539,0
1867,0.00016000005416572094,0.0,0.00016090000281110406,0
1868,0.00020919996313750744,0.0,0.0002101999707520008,0
1869,0.00015899998834356666,0.0,0.0001598999951966107,0
1870,0.00015820004045963287,0.0,0.00015900004655122757,0
1871,0.00017060001846402884,0.0,0.00017150002531707287,0
1872,0.00015759997768327594,0.0,0.00015839998377487063,0
1873,0.00015799998072907329,0.0,0.00015899998834356666,0
1874,0.00023200002033263445,0.0,0.00023290002718567848,0
1875,0.000159399991389364,0.0,0.0001601999974809587,0
1876,0.00018309999722987413,0.0,0.00018400000408291817,0
1877,0.00017590000061318278,0.0,0.00017680000746622682,0
1878,0.00015899998834356666,0.0,0.00015979999443516135,0
1879,0.00020899996161460876,0.00037290004547685385,0.0036763999960385263,1
1880,0.00031370000215247273,0.0,0.0003153000143356621,0
1881,0.00019719998817890882,0.0,0.0001981999957934022,0
1882,0.00018370000179857016,0.0,0.00018480001017451286,0
1883,0.00016090000281110406,0.0,0.0001618000096641481,0
1884,0.0001596000511199236,0.0,0.00016060000052675605,0
1885,0.00017309997929260135,0.0,0.00017399998614564538,0
1886,0.000159099989105016,0.0,0.00015999999595806003,0
1887,0.0001632000203244388,0.0,0.00016410002717748284,0
1888,0.0001713000237941742,0.0,0.00017219997243955731,0
1889,0.00015929999062791467,0.0,0.00016029999824240804,0
1890,0.00015790003817528486,0.0,0.0001588000450283289,0
1891,0.00017010001465678215,0.0,0.00017120002303272486,0
1892,0.00015999999595806003,0.0,0.00016080000204965472,0
1893,0.0001618000096641481,0.0,0.00016270001651719213,0
1894,0.00017049995949491858,0.0,0.00017149996710941195,0
1895,0.00015889998758211732,0.0,0.00015979999443516135,0
1896,0.0001666999887675047,0.0,0.00016759999562054873,0
1897,0.0001604999997653067,0.0,0.00016139994841068983,0
1898,0.00015809998149052262,0.0,0.000159099989105016,0
1899,0.00018879998242482543,0.000368500011973083,0.0031855999841354787,1
1900,0.0002712999703362584,0.0,0.0002725999802350998,0
1901,0.00019099999917671084,0.0,0.0001919999485835433,0
1902,0.0001897999900393188,0.0,0.00019079999765381217,0
1903,0.0001674999948590994,0.0,0.00016830000095069408,0
1904,0.00015919998986646533,0.0,0.00016009999671950936,0
1905,0.00017230003140866756,0.0,0.00017319998005405068,0
1906,0.0001610000035725534,0.0,0.0001618000096641481,0
1907,0.00016090000281110406,0.0,0.0001618000096641481,0
1908,0.0001721000298857689,0.0,0.00017310003750026226,0
1909,0.0001965999836102128,0.0,0.00019759999122470617,0
1910,0.00015819998225197196,0.0,0.000159099989105016,0
1911,0.00017120002303272486,0.0,0.00017220003064721823,0
1912,0.00015919998986646533,0.0,0.00016009999671950936,0
1913,0.00015819998225197196,0.0,0.000159099989105016,0
1914,0.00017090002074837685,0.0,0.00017180002760142088,0
1915,0.00016440002946183085,0.0,0.00016540003707632422,0
1916,0.00016900000628083944,0.0,0.0001700000138953328,0
1917,0.00016170000890269876,0.0,0.00016270001651719213,0
1918,0.00019940000493079424,0.0,0.00020030001178383827,0
1919,0.00018350000027567148,0.0003522000042721629,0.003738700004760176,1
1920,0.00032649998320266604,0.0,0.00032809999538585544,0
1921,0.0002169999643228948,0.0,0.00021799997193738818,0
1922,0.00022010004613548517,0.0,0.0002210000529885292,0
1923,0.00019340001745149493,0.0,0.00019429996609687805,0
1924,0.00025939999613910913,0.0,0.0002609000075608492,0
1925,0.00041069998405873775,0.0,0.0004120999947190285,0
1926,0.00020420004148036242,0.0,0.00020530004985630512,0
1927,0.0001650999765843153,0.0,0.00016599998343735933,0
1928,0.00020640000002458692,0.0,0.00020739994943141937,0
1929,0.00016709999181330204,0.0,0.00016799999866634607,0
1930,0.0001811000402085483,0.0,0.00018199998885393143,0
1931,0.0002169999643228948,0.0,0.00021799997193738818,0
1932,0.00017389998538419604,0.0,0.00017469999147579074,0
1933,0.000159099989105016,0.0,0.00015999999595806003,0
1934,0.00022659997921437025,0.0,0.00022749998606741428,0
1935,0.00016440002946183085,0.0,0.00016529997810721397,0
1936,0.00018269999418407679,0.0,0.00018370000179857016,0
1937,0.00020330003462731838,0.0,0.00020420004148036242,0
1938,0.00015999999595806003,0.0,0.00016090000281110406,0
1939,0.0001849000109359622,0.00040120002813637257,0.003465400019194931,1
1940,0.0003295999485999346,0.0,0.00033089995849877596,0
1941,0.00021410000044852495,0.0,0.00021510000806301832,0
1942,0.0001894999877549708,0.0,0.0001905999961309135,0
1943,0.00016039999900385737,0.0,0.0001613000058569014,0
1944,0.00019370001973584294,0.0,0.00019460002658888698,0
1945,0.00017220003064721823,0.0,0.0001732000382617116,0
1946,0.00015819998225197196,0.0,0.00015919998986646533,0
1947,0.00015729997539892793,0.0,0.00015809998149052262,0
1948,0.0001707999617792666,0.0,0.00017179996939375997,0
1949,0.00015810003969818354,0.0,0.00015890004578977823,0
1950,0.00018780003301799297,0.0,0.0001886999816633761,0
1951,0.00017229997320100665,0.0,0.00017329998081550002,0
1952,0.0001583000412210822,0.0,0.00015920004807412624,0
1953,0.0001582999830134213,0.0,0.00015919998986646533,0
1954,0.0001710999640636146,0.0,0.00017209997167810798,0
1955,0.00016219995450228453,0.0,0.00016309996135532856,0
1956,0.00016719999257475138,0.0,0.0001680999994277954,0
1957,0.00016029999824240804,0.0,0.00016120000509545207,0
1958,0.0001569000305607915,0.0,0.00015780003741383553,0
1959,0.0001686000032350421,0.0003969999961555004,0.0034883000189438462,1
1960,0.0003426000475883484,0.0,0.00034389999927952886,0
1961,0.00021460000425577164,0.0,0.0002155999536626041,0
1962,0.00021059997379779816,0.0,0.00021159998141229153,0
1963,0.00021810003090649843,0.0,0.00021920003928244114,0
1964,0.00015919998986646533,0.0,0.00016009999671950936,0
1965,0.00017419998766854405,0.0,0.0001750999945215881,0
1966,0.00015819998225197196,0.0,0.000159099989105016,0
1967,0.00015759997768327594,0.0,0.0001585999852977693,0
1968,0.00017110002227127552,0.0,0.00017200002912431955,0
1969,0.00016740005230531096,0.0,0.00016830000095069408,0
1970,0.00015729997539892793,0.0,0.00015809998149052262,0
1971,0.00017030001617968082,0.0,0.00017120002303272486,0
1972,0.00015810003969818354,0.0,0.00015900004655122757,0
1973,0.00015739997616037726,0.0,0.0001582999830134213,0
1974,0.00017030001617968082,0.0,0.00017119996482506394,0
1975,0.00024089997168630362,0.0,0.00024239998310804367,0
1976,0.0002627999638207257,0.0,0.0002638999721966684,0
1977,0.00020859995856881142,0.0,0.0002095999661833048,0
1978,0.00043699995148926973,0.0,0.00043839996214956045,0
1979,0.0002725999802350998,0.0005549000343307853,0.0038636000244878232,1
1980,0.0003171000280417502,0.0,0.00031860003946349025,0
1981,0.0001776000135578215,0.0,0.00017860002117231488,0
1982,0.00018989999080076814,0.0,0.00019109999993816018,0
1983,0.00016649998724460602,0.0,0.0001674999948590994,0
1984,0.00016300001880154014,0.0,0.0001640000264160335,0
1985,0.00017289997776970267,0.0,0.0001737999846227467,0
1986,0.00015549996169283986,0.0,0.0001563999685458839,0
1987,0.00015489995712414384,0.0,0.0001558999647386372,0
1988,0.0001689000055193901,0.0,0.00016980001237243414,0
1989,0.0001566999708302319,0.0,0.0001574999769218266,0
1990,0.00015929999062791467,0.0,0.00016009999671950936,0
1991,0.00017040001694113016,0.0,0.0001713000237941742,0
1992,0.00015730003360658884,0.0,0.00015820004045963287,0
1993,0.00015680002979934216,0.0,0.00015759997768327594,0
1994,0.00021570001263171434,0.0,0.00021660001948475838,0
1995,0.00017309997929260135,0.0,0.00017409998690709472,0
1996,0.00016549997963011265,0.0,0.00016639998648315668,0
1997,0.00016090000281110406,0.0,0.0001618000096641481,0
1998,0.00015689997235313058,0.0,0.00015769997844472528,0
1999,0.00016769999638199806,0.00039600004674866796,0.003219700010959059,1
