step,step_state_sec,to_numpy_sec,total_step_sec,saved
0,0.006381699931807816,0.0005041999975219369,0.008740699966438115,1
1,0.0004819999448955059,0.0,0.00048369995784014463,0
2,0.00022109993733465672,0.0,0.00022209994494915009,0
3,0.0002610000083222985,0.0,0.00026210001669824123,0
4,0.0002533000661060214,0.0,0.0002541000721976161,0
5,0.0001957999775186181,0.0,0.0001965999836102128,0
6,0.0001965000992640853,0.0,0.00019750010687857866,0
7,0.00017730006948113441,0.0,0.0001781000755727291,0
8,0.0001637000823393464,0.0,0.0001645000884309411,0
9,0.00023210002109408379,0.0004270999925211072,0.0025710000190883875,1
10,0.00031320005655288696,0.0,0.0003143999492749572,0
11,0.0001759000588208437,0.0,0.00017689995002001524,0
12,0.0002191000385209918,0.0,0.00022010004613548517,0
13,0.00018580001778900623,0.0,0.00018670002464205027,0
14,0.00016990001313388348,0.0,0.0001708000199869275,0
15,0.000202000024728477,0.0,0.00020300003234297037,0
16,0.00018400000408291817,0.0,0.0001849000109359622,0
17,0.00017319992184638977,0.0,0.00017399992793798447,0
18,0.00022849999368190765,0.0,0.00022950000129640102,0
19,0.0002506000455468893,0.00046580005437135696,0.0028257000958546996,1
20,0.00028959999326616526,0.0,0.0002908000024035573,0
21,0.00017280003521591425,0.0,0.00017370004206895828,0
22,0.00019479996990412474,0.0,0.0001957999775186181,0
23,0.0002169999061152339,0.0,0.0002177999122068286,0
24,0.00016709999181330204,0.0,0.00016799999866634607,0
25,0.00017939996905624866,0.0,0.0001802999759092927,0
26,0.00016499997582286596,0.0,0.00016589998267591,0
27,0.00017229991499334574,0.0,0.00017319992184638977,0
28,0.00020679994486272335,0.0,0.00020769995171576738,0
29,0.00018019997514784336,0.00034369993954896927,0.0020961000118404627,1
30,0.0003231000155210495,0.0,0.00032430002465844154,0
31,0.00017120002303272486,0.0,0.00017220003064721823,0
32,0.00019109994173049927,0.0,0.00019219995010644197,0
33,0.00016880000475794077,0.0,0.00017340003978461027,0
34,0.0003665999975055456,0.0,0.0003677000058814883,0
35,0.0002914000069722533,0.0,0.00029260001610964537,0
36,0.00021660001948475838,0.0,0.0002175000263378024,0
37,0.000179799972102046,0.0,0.00018079997971653938,0
38,0.0002509999321773648,0.0,0.00025209994055330753,0
39,0.0001735000405460596,0.00043889996595680714,0.0022908999817445874,1
40,0.00033000006806105375,0.0,0.0003312999615445733,0
41,0.00017230003140866756,0.0,0.0001732000382617116,0
42,0.0001930000726133585,0.0,0.00019400008022785187,0
43,0.00016729999333620071,0.0,0.0001680999994277954,0
44,0.00016439997125416994,0.0,0.00016519997734576464,0
45,0.0001767999492585659,0.0,0.0001775999553501606,0
46,0.00016799999866634607,0.0,0.0001689000055193901,0
47,0.00019069993868470192,0.0,0.00019159994553774595,0
48,0.00026789994444698095,0.0,0.0002815999323502183,0
49,0.000166199984960258,0.000672800000756979,0.0032470000442117453,1
50,0.0006032999372109771,0.0,0.0006049999501556158,0
51,0.00023269990924745798,0.0,0.0002337999176234007,0
52,0.00019749999046325684,0.0,0.00019859999883919954,0
53,0.00017520005349069834,0.0,0.00017630006186664104,0
54,0.0001802000915631652,0.0,0.00018120009917765856,0
55,0.00019230006728321314,0.0,0.00019310007337480783,0
56,0.0001650000922381878,0.0,0.00016580009832978249,0
57,0.00016529997810721397,0.0,0.000166199984960258,0
58,0.00017989997286349535,0.0,0.00018089998047798872,0
59,0.00016459997277706861,0.0003909000661224127,0.0022900999756529927,1
60,0.00032300001475960016,0.0,0.00032430002465844154,0
61,0.00023180001880973577,0.0,0.00023290002718567848,0
62,0.00024319998919963837,0.0,0.00024419999681413174,0
63,0.00018519989680498838,0.0,0.00018589990213513374,0
64,0.00016920000780373812,0.0,0.0001700000138953328,0
65,0.00018179998733103275,0.0,0.00018269999418407679,0
66,0.0001664001028984785,0.0,0.00016729999333620071,0
67,0.00021850003395229578,0.0,0.0002194000408053398,0
68,0.0001900000497698784,0.0,0.0001908999402076006,0
69,0.00016629998572170734,0.00036239996552467346,0.0027574999257922173,1
70,0.0004556000931188464,0.0,0.00045709998812526464,0
71,0.00025939999613910913,0.0,0.00026050000451505184,0
72,0.0002454000059515238,0.0,0.000246299896389246,0
73,0.00017550005577504635,0.0,0.00017650006338953972,0
74,0.00016609998419880867,0.0,0.0001669999910518527,0
75,0.0001783999614417553,0.0,0.00017919996753335,0
76,0.00016729999333620071,0.0,0.00016830000095069408,0
77,0.00016339996363967657,0.0,0.00016439997125416994,0
78,0.00022060004994273186,0.0,0.00022160005755722523,0
79,0.00016469997353851795,0.0003733000485226512,0.0024513000389561057,1
80,0.0004518999485298991,0.0,0.00045329995919018984,0
81,0.0001732999226078391,0.0,0.00017419992946088314,0
82,0.00018930004443973303,0.0,0.0001903000520542264,0
83,0.0001653999788686633,0.0,0.000166199984960258,0
84,0.00016389996744692326,0.0,0.00016469997353851795,0
85,0.00017889996524900198,0.0,0.000179799972102046,0
86,0.00016709999181330204,0.0,0.00016799999866634607,0
87,0.00016149994917213917,0.0,0.0001623999560251832,0
88,0.00017390004359185696,0.0,0.0001748999347910285,0
89,0.0001599000534042716,0.000421399949118495,0.0026517000515013933,1
90,0.0003579000476747751,0.0,0.00035910005681216717,0
91,0.00016739999409765005,0.0,0.00016830000095069408,0
92,0.00018889992497861385,0.0,0.00018989993259310722,0
93,0.0002004000125452876,0.0,0.00020140002015978098,0
94,0.00016240007244050503,0.0,0.00016339996363967657,0
95,0.00017579994164407253,0.0,0.0001767999492585659,0
96,0.00016179995145648718,0.0,0.00016259995754808187,0
97,0.0001585999270901084,0.0,0.00015949993394315243,0
98,0.00017370004206895828,0.0,0.00017450004816055298,0
99,0.0001642000861465931,0.0003800999838858843,0.002342900028452277,1
100,0.00031180004589259624,0.0,0.0003131000557914376,0
101,0.0001697000116109848,0.0,0.00017069990281015635,0
102,0.00018770003225654364,0.0,0.00018860003910958767,0
103,0.00022730010095983744,0.0,0.00022810010705143213,0
104,0.00016200006939470768,0.0,0.0001629000762477517,0
105,0.000175400055013597,0.0,0.00017630006186664104,0
106,0.00016059994231909513,0.0,0.00016139994841068983,0
107,0.00016009993851184845,0.0,0.00016089994460344315,0
108,0.00018470000941306353,0.0,0.00018560001626610756,0
109,0.00015980005264282227,0.0003535000141710043,0.0021100000012665987,1
110,0.0002805000403895974,0.0,0.0002816000487655401,0
111,0.00016840000171214342,0.0,0.0001694998936727643,0
112,0.0001876000314950943,0.0,0.00018860003910958767,0
113,0.00016980001237243414,0.0,0.0001708000199869275,0
114,0.00016169995069503784,0.0,0.00016259995754808187,0
115,0.00017560005653649569,0.0,0.00017650006338953972,0
116,0.00016220007091760635,0.0,0.00016300007700920105,0
117,0.00016220007091760635,0.0,0.00016300007700920105,0
118,0.00017420004587620497,0.0,0.000175100052729249,0
119,0.00016569998115301132,0.00035829993430525064,0.002231899998150766,1
120,0.00030319998040795326,0.0,0.000304599991068244,0
121,0.00016980001237243414,0.0,0.00017090002074837685,0
122,0.00018780003301799297,0.0,0.00018880004063248634,0
123,0.00016250007320195436,0.0,0.0001634000800549984,0
124,0.00016379996668547392,0.0,0.00016469997353851795,0
125,0.0001759999431669712,0.0,0.00017699995078146458,0
126,0.00016130006406456232,0.0,0.00016210007015615702,0
127,0.00016050005797296762,0.0,0.00016140006482601166,0
128,0.00017530005425214767,0.0,0.00017630006186664104,0
129,0.00016580009832978249,0.00037839997094124556,0.002353199990466237,1
130,0.0002775000175461173,0.0,0.0002788000274449587,0
131,0.00016679998952895403,0.0,0.00016789999790489674,0
132,0.00018830003682523966,0.0,0.0001892000436782837,0
133,0.0001677999971434474,0.0,0.00016870000399649143,0
134,0.00016039994079619646,0.0,0.0001612999476492405,0
135,0.00017440004739910364,0.0,0.00017530005425214767,0
136,0.00016160006634891033,0.0,0.00016240007244050503,0
137,0.0001596000511199236,0.0,0.0001604000572115183,0
138,0.0001729999203234911,0.0,0.00017389992717653513,0
139,0.00018360000103712082,0.0003603999502956867,0.002179000061005354,1
140,0.0003291000612080097,0.0,0.00033029995393007994,0
141,0.0001674999948590994,0.0,0.00016850000247359276,0
142,0.00018779991660267115,0.0,0.00018879992421716452,0
143,0.00016599998343735933,0.0,0.00016689999029040337,0
144,0.00020110001787543297,0.0,0.000202000024728477,0
145,0.00017809995915740728,0.0,0.00017899996601045132,0
146,0.0001612999476492405,0.0,0.00016229995526373386,0
147,0.00016119994688779116,0.0,0.00016199995297938585,0
148,0.0001740000443533063,0.0,0.00017500005196779966,0
149,0.00016600009985268116,0.000381199992261827,0.0021197000751271844,1
150,0.00028220005333423615,0.0,0.0002834000624716282,0
151,0.00016870000399649143,0.0,0.0001697000116109848,0
152,0.0001876000314950943,0.0,0.00018860003910958767,0
153,0.00016390008386224508,0.0,0.00016469997353851795,0
154,0.00017919996753335,0.0,0.0001799999736249447,0
155,0.0001759000588208437,0.0,0.00017690006643533707,0
156,0.00016240007244050503,0.0,0.00016320007853209972,0
157,0.0001607000594958663,0.0,0.000161500065587461,0
158,0.00017419992946088314,0.0,0.0001751999370753765,0
159,0.00016139994841068983,0.00041009997949004173,0.0024428999749943614,1
160,0.0005224000196903944,0.0,0.0005238000303506851,0
161,0.00020620005670934916,0.0,0.00020720006432384253,0
162,0.00019920000340789557,0.0,0.00020020001102238894,0
163,0.0001650999765843153,0.0,0.00016589998267591,0
164,0.0001612999476492405,0.0,0.0001620999537408352,0
165,0.00017570005729794502,0.0,0.00017659994773566723,0
166,0.0001623000716790557,0.0,0.0001631999621167779,0
167,0.000161500065587461,0.0,0.0001623000716790557,0
168,0.0002068999456241727,0.0,0.00020789995323866606,0
169,0.00016259995754808187,0.00040090002585202456,0.002212099963799119,1
170,0.00028579996433109045,0.0,0.0002869999734684825,0
171,0.00021169998217374086,0.0,0.00021279999054968357,0
172,0.00019779999274760485,0.0,0.00019890000112354755,0
173,0.00016160006634891033,0.0,0.00016240007244050503,0
174,0.0001583000412210822,0.0,0.00015920004807412624,0
175,0.00017269991803914309,0.0,0.00017359992489218712,0
176,0.00015949993394315243,0.0,0.00016039994079619646,0
177,0.0001577000366523862,0.0,0.00015850004274398088,0
178,0.00017200002912431955,0.0,0.00017300003673881292,0
179,0.00015829992480576038,0.0003983000060543418,0.0023098000092431903,1
180,0.00026540004182606936,0.0,0.00026659993454813957,0
181,0.00021650001872330904,0.0,0.00021760002709925175,0
182,0.00034280004911124706,0.0,0.00034410005901008844,0
183,0.00016380008310079575,0.0,0.00016469997353851795,0
184,0.00016020005568861961,0.0,0.00016110006254166365,0
185,0.00017140002455562353,0.0,0.00017220003064721823,0
186,0.00016219995450228453,0.0,0.00016309996135532856,0
187,0.0001572000328451395,0.0,0.00015810003969818354,0
188,0.00016990001313388348,0.0,0.00017070001922547817,0
189,0.00015869992785155773,0.00037620007060468197,0.0023290999233722687,1
190,0.00023619993589818478,0.0,0.00023729994427412748,0
191,0.0002079999540001154,0.0,0.00020899996161460876,0
192,0.0001841000048443675,0.0,0.00018510001245886087,0
193,0.00015949993394315243,0.0,0.00016029994003474712,0
194,0.00015759991947561502,0.0,0.00015839992556720972,0
195,0.0001705000177025795,0.0,0.00017150002531707287,0
196,0.00016219995450228453,0.0,0.00016309996135532856,0
197,0.000156699912622571,0.0,0.00015759991947561502,0
198,0.00016920000780373812,0.0,0.0001702000154182315,0
199,0.000156999914906919,0.0003896000562235713,0.0023861000081524253,1
200,0.00025809998624026775,0.0,0.0002598999999463558,0
201,0.00018149998504668474,0.0,0.0001824999926611781,0
202,0.0001838000025600195,0.0,0.00018480001017451286,0
203,0.00015929993242025375,0.0,0.00016009993851184845,0
204,0.00015680002979934216,0.0,0.0001577000366523862,0
205,0.00017149990890175104,0.0,0.00017239991575479507,0
206,0.00018930004443973303,0.0,0.00019020005129277706,0
207,0.00015810003969818354,0.0,0.00015890004578977823,0
208,0.0001702000154182315,0.0,0.00017099990509450436,0
209,0.0001556000206619501,0.0004043999360874295,0.00222250004298985,1
210,0.00025559996720403433,0.0,0.00025679997634142637,0
211,0.0001949999714270234,0.0,0.00019599997904151678,0
212,0.0001852000132203102,0.0,0.00018610002007335424,0
213,0.00015920004807412624,0.0,0.00016000005416572094,0
214,0.00015609990805387497,0.0,0.00015709991566836834,0
215,0.00017100002150982618,0.0,0.00017200002912431955,0
216,0.00016169995069503784,0.0,0.00016249995678663254,0
217,0.00015599990729242563,0.0,0.000156699912622571,0
218,0.00016960001084953547,0.0,0.0001705000177025795,0
219,0.00015609990805387497,0.0003883000463247299,0.0024180999025702477,1
220,0.0004724999889731407,0.0,0.00047420000191777945,0
221,0.00023060000967234373,0.0,0.0002316000172868371,0
222,0.00025070004630833864,0.0,0.00025180005468428135,0
223,0.0001702000154182315,0.0,0.00017120002303272486,0
224,0.00017539993859827518,0.0,0.00017629994545131922,0
225,0.00020400003995746374,0.0,0.00020490004681050777,0
226,0.0001735000405460596,0.0,0.0001743000466376543,0
227,0.00033119996078312397,0.0,0.00033199996687471867,0
228,0.00019429996609687805,0.0,0.00019519997294992208,0
229,0.00022479996550828218,0.0003217000048607588,0.002514599938876927,1
230,0.0003290000604465604,0.0,0.0003302000695839524,0
231,0.00020389992278069258,0.0,0.00020489993039518595,0
232,0.00018740002997219563,0.0,0.00018839992117136717,0
233,0.00016110006254166365,0.0,0.00016210007015615702,0
234,0.00015930004883557558,0.0,0.00016010005492717028,0
235,0.00017390004359185696,0.0,0.00017500005196779966,0
236,0.00019559997599571943,0.0,0.00019649998284876347,0
237,0.00015839992556720972,0.0,0.00015919993165880442,0
238,0.00017280003521591425,0.0,0.00017359992489218712,0
239,0.0001580000389367342,0.00038819992914795876,0.0027362999971956015,1
240,0.0004960000514984131,0.0,0.0004975000629201531,0
241,0.00021710002329200506,0.0,0.00021820003166794777,0
242,0.00026780006010085344,0.0,0.0002688999520614743,0
243,0.00016559998039156199,0.0,0.00016649998724460602,0
244,0.00016060005873441696,0.0,0.00016130006406456232,0
245,0.00017499993555247784,0.0,0.00017589994240552187,0
246,0.00015919993165880442,0.0,0.0001599999377503991,0
247,0.00015820004045963287,0.0,0.00015900004655122757,0
248,0.00020800007041543722,0.0,0.00020880007650703192,0
249,0.00015950005035847425,0.00038400001358240843,0.002682700054720044,1
250,0.0004488000413402915,0.0,0.00045000005047768354,0
251,0.00034829997457563877,0.0,0.00034929998219013214,0
252,0.0002180000301450491,0.0,0.00021900003775954247,0
253,0.00020670006051659584,0.0,0.0002077000681310892,0
254,0.00015900004655122757,0.0,0.0001599000534042716,0
255,0.0001724999165162444,0.0,0.00017339992336928844,0
256,0.00015940004959702492,0.0,0.0001604000572115183,0
257,0.00015890004578977823,0.0,0.00015980005264282227,0
258,0.00017129990737885237,0.0,0.0001721999142318964,0
259,0.00018750003073364496,0.0003562999190762639,0.0025385000044479966,1
260,0.00028140004724264145,0.0,0.000282699940726161,0
261,0.00020400003995746374,0.0,0.00020510004833340645,0
262,0.00019799999427050352,0.0,0.00019910000264644623,0
263,0.00015810003969818354,0.0,0.00015900004655122757,0
264,0.00015590002294629812,0.0,0.00015670002903789282,0
265,0.00017090002074837685,0.0,0.00017180002760142088,0
266,0.00015650002751499414,0.0,0.00015750003512948751,0
267,0.0001870999112725258,0.0,0.00018789991736412048,0
268,0.00017110002227127552,0.0,0.00017200002912431955,0
269,0.00015569990500807762,0.00035230000503361225,0.002318299957551062,1
270,0.0003016999689862132,0.0,0.0003029999788850546,0
271,0.00019789999350905418,0.0,0.00019890000112354755,0
272,0.00018590001855045557,0.0,0.00018700002692639828,0
273,0.00015950005035847425,0.0,0.0001604000572115183,0
274,0.00015829992480576038,0.0,0.00015919993165880442,0
275,0.0001727000344544649,0.0,0.0001735000405460596,0
276,0.00019450008403509855,0.0,0.0001954999752342701,0
277,0.00015740003436803818,0.0,0.0001583000412210822,0
278,0.00017039990052580833,0.0,0.00017129990737885237,0
279,0.00015760003589093685,0.0003828000044450164,0.002503999974578619,1
280,0.0004021999193355441,0.0,0.00040359992999583483,0
281,0.0002164000179618597,0.0,0.00021740002557635307,0
282,0.00023570004850625992,0.0,0.00023680005688220263,0
283,0.00016519997734576464,0.0,0.00016599998343735933,0
284,0.0001740000443533063,0.0,0.000175100052729249,0
285,0.00017800007481127977,0.0,0.00017910008318722248,0
286,0.00016649998724460602,0.0,0.00016739999409765005,0
287,0.0001591000473126769,0.0,0.00016000005416572094,0
288,0.0001713000237941742,0.0,0.00017230003140866756,0
289,0.0001908999402076006,0.0003872000379487872,0.0024549999507144094,1
290,0.0003255999181419611,0.0,0.0003269999288022518,0
291,0.00017719995230436325,0.0,0.00017819995991885662,0
292,0.0002204999327659607,0.0,0.0002215999411419034,0
293,0.00015980005264282227,0.0,0.0001607999438419938,0
294,0.00015660002827644348,0.0,0.00015750003512948751,0
295,0.00017009989824146032,0.0,0.00017089990433305502,0
296,0.0001569000305607915,0.0,0.00015780003741383553,0
297,0.00015949993394315243,0.0,0.00016039994079619646,0
298,0.0001821999903768301,0.0,0.0001829999964684248,0
299,0.0001564000267535448,0.00038670003414154053,0.002368199988268316,1
300,0.00027600000612437725,0.0,0.0002772000152617693,0
301,0.0001970999874174595,0.0,0.00019809999503195286,0
302,0.00018289999570697546,0.0,0.00018390000332146883,0
303,0.0001601999392732978,0.0,0.00016099994536489248,0
304,0.00015739991795271635,0.0,0.00015829992480576038,0
305,0.00017140002455562353,0.0,0.00017230003140866756,0
306,0.0001580999232828617,0.0,0.0001588999293744564,0
307,0.00019299995619803667,0.0,0.00019399996381253004,0
308,0.00017070001922547817,0.0,0.0001716000260785222,0
309,0.00015780003741383553,0.00039169995579868555,0.0025189000880345702,1
310,0.0003405000315979123,0.0,0.0003418000414967537,0
311,0.00016210007015615702,0.0,0.00016320007853209972,0
312,0.0001824001083150506,0.0,0.00018350000027567148,0
313,0.0001588000450283289,0.0,0.00015970005188137293,0
314,0.00015600002370774746,0.0,0.00015680002979934216,0
315,0.0001727000344544649,0.0,0.00017370004206895828,0
316,0.0001577000366523862,0.0,0.00015850004274398088,0
317,0.00015629990957677364,0.0,0.00015719991642981768,0
318,0.00016920000780373812,0.0,0.00017010001465678215,0
319,0.00015649991109967232,0.0003717000363394618,0.002460499992594123,1
320,0.00037329993210732937,0.0,0.00037459994200617075,0
321,0.00016659998800605536,0.0,0.00016769999638199806,0
322,0.00018599990289658308,0.0,0.0001870999112725258,0
323,0.0001607999438419938,0.0,0.00016169995069503784,0
324,0.0001946999691426754,0.0,0.00019569997675716877,0
325,0.00017250003293156624,0.0,0.00017330003902316093,0
326,0.00015970005188137293,0.0,0.00016050005797296762,0
327,0.0001574999187141657,0.0,0.00015829992480576038,0
328,0.0001705000177025795,0.0,0.00017150002531707287,0
329,0.00015750003512948751,0.0004860999761149287,0.002850100048817694,1
330,0.00048399996012449265,0.0,0.00048539997078478336,0
331,0.00021620001643896103,0.0,0.00021730002481490374,0
332,0.00024010008201003075,0.0,0.00024120009038597345,0
333,0.00016459997277706861,0.0,0.00016559998039156199,0
334,0.0001990000018849969,0.0,0.00020000000949949026,0
335,0.0001756999408826232,0.0,0.00017659994773566723,0
336,0.00015909993089735508,0.0,0.00015989993698894978,0
337,0.00022719998378306627,0.0,0.00022799998987466097,0
338,0.00028899998869746923,0.0,0.00029009999707341194,0
339,0.0002014999045059085,0.0005092000355944037,0.0028769999044016004,1
340,0.00033029995393007994,0.0,0.0003315999638289213,0
341,0.00016249995678663254,0.0,0.0001634999644011259,0
342,0.0001854998990893364,0.0,0.0001865999074652791,0
343,0.00015860004350543022,0.0,0.0001596000511199236,0
344,0.0001588000450283289,0.0,0.00015970005188137293,0
345,0.00017209991347044706,0.0,0.00017309992108494043,0
346,0.000179499969817698,0.0,0.00018039997667074203,0
347,0.00015780003741383553,0.0,0.00015870004426687956,0
348,0.00017220003064721823,0.0,0.00017310003750026226,0
349,0.00015769992023706436,0.00035580003168433905,0.0027125999331474304,1
350,0.0003955001011490822,0.0,0.0003968999953940511,0
351,0.00023480004165321589,0.0,0.0002359000500291586,0
352,0.00028609996661543846,0.0,0.00028719997499138117,0
353,0.00018179998733103275,0.0,0.00018289999570697546,0
354,0.00021820003166794777,0.0,0.00021920003928244114,0
355,0.00021790002938359976,0.0,0.00021890003699809313,0
356,0.000242499983869493,0.0,0.00024339999072253704,0
357,0.0002525999443605542,0.0,0.00025349995121359825,0
358,0.0002503999276086688,0.0,0.0002513999352231622,0
359,0.00019940000493079424,0.0004328000359237194,0.0026947000296786427,1
360,0.00032300001475960016,0.0,0.00032430002465844154,0
361,0.00016270007472485304,0.0,0.0001637000823393464,0
362,0.0001925000688061118,0.0,0.00019360007718205452,0
363,0.00016170006711035967,0.0,0.00016270007472485304,0
364,0.00015860004350543022,0.0,0.0001596000511199236,0
365,0.00017119990661740303,0.0,0.0001721999142318964,0
366,0.00015850004274398088,0.0,0.00015940004959702492,0
367,0.0001569000305607915,0.0,0.0001577000366523862,0
368,0.00017349992413073778,0.0,0.00017449993174523115,0
369,0.0001583000412210822,0.0003613999579101801,0.0024519000435248017,1
370,0.0003762999549508095,0.0,0.0003776999656111002,0
371,0.0002009000163525343,0.0,0.00020190002396702766,0
372,0.00018620002083480358,0.0,0.00018720002844929695,0
373,0.00016279995907098055,0.0,0.00016369996592402458,0
374,0.0001588999293744564,0.0,0.00015979993622750044,0
375,0.0001721000298857689,0.0,0.00017300003673881292,0
376,0.00015820004045963287,0.0,0.00015920004807412624,0
377,0.00016199995297938585,0.0,0.00016289995983242989,0
378,0.00017070001922547817,0.0,0.00017159990966320038,0
379,0.00015760003589093685,0.0003522000042721629,0.0024967000354081392,1
380,0.0003226000117138028,0.0,0.00032410002313554287,0
381,0.00016360008157789707,0.0,0.00016459997277706861,0
382,0.00018530001398175955,0.0,0.00018640002235770226,0
383,0.00015979993622750044,0.0,0.0001607999438419938,0
384,0.00015670002903789282,0.0,0.00015760003589093685,0
385,0.00017439993098378181,0.0,0.0001751999370753765,0
386,0.00015739991795271635,0.0,0.00015819992404431105,0
387,0.00015510001685470343,0.0,0.00015590002294629812,0
388,0.000170599902048707,0.0,0.0001713999081403017,0
389,0.00015750003512948751,0.0003432999365031719,0.0026384000666439533,1
390,0.0005143999587744474,0.0,0.0005158999701961875,0
391,0.00022160005755722523,0.0,0.0002229000674560666,0
392,0.00024590000975877047,0.0,0.0002471000188961625,0
393,0.00020290003158152103,0.0,0.00020399992354214191,0
394,0.0001631999621167779,0.0,0.00016419996973127127,0
395,0.000201700022444129,0.0,0.00020290003158152103,0
396,0.00016759999562054873,0.0,0.00016870000399649143,0
397,0.0002416999777778983,0.0,0.00024289998691529036,0
398,0.00022000004537403584,0.0,0.00022109993733465672,0
399,0.00016639998648315668,0.0002886999864131212,0.00238840002566576,1
400,0.0003168000839650631,0.0,0.00031809997744858265,0
401,0.00016519997734576464,0.0,0.000166199984960258,0
402,0.000188400037586689,0.0,0.00018969993107020855,0
403,0.00019940000493079424,0.0,0.00020050001330673695,0
404,0.00016279995907098055,0.0,0.00016379996668547392,0
405,0.0002180999144911766,0.0,0.0002191999228671193,0
406,0.0001674999948590994,0.0,0.00016840000171214342,0
407,0.00016149994917213917,0.0,0.0001623999560251832,0
408,0.00022109993733465672,0.0,0.00022209994494915009,0
409,0.0001647999742999673,0.00030940002761781216,0.002408399945124984,1
410,0.00034309993498027325,0.0,0.00034439994487911463,0
411,0.00021660001948475838,0.0,0.00021759991068392992,0
412,0.0002394999610260129,0.0,0.0002405999694019556,0
413,0.00020130001939833164,0.0,0.00020240002777427435,0
414,0.0001631000777706504,0.0,0.00016400008462369442,0
415,0.00020370003767311573,0.0,0.0002050000475719571,0
416,0.0001694000093266368,0.0,0.00017030001617968082,0
417,0.00015950005035847425,0.0,0.00016050005797296762,0
418,0.00021740002557635307,0.0,0.00021840003319084644,0
419,0.00021470000501722097,0.00027169997338205576,0.0024435999803245068,1
420,0.00030960002914071083,0.0,0.0003108000382781029,0
421,0.00020320003386586905,0.0,0.00020420004148036242,0
422,0.00018670002464205027,0.0,0.0001876999158412218,0
423,0.0001610000617802143,0.0,0.00016200006939470768,0
424,0.00015820004045963287,0.0,0.00015920004807412624,0
425,0.00018820003606379032,0.0,0.0001895000459626317,0
426,0.0001604000572115183,0.0,0.0001612999476492405,0
427,0.0001634999644011259,0.0,0.00016449997201561928,0
428,0.00017309992108494043,0.0,0.0001740999286994338,0
429,0.00015989993698894978,0.0004680000711232424,0.0029950999887660146,1
430,0.0003160000778734684,0.0,0.00031720008701086044,0
431,0.00016170006711035967,0.0,0.00016280007548630238,0
432,0.00018910004291683435,0.0,0.00019020005129277706,0
433,0.00016110006254166365,0.0,0.00016190006863325834,0
434,0.00015649991109967232,0.0,0.00015739991795271635,0
435,0.0001713000237941742,0.0,0.00017230003140866756,0
436,0.00015700003132224083,0.0,0.0001580000389367342,0
437,0.00015710003208369017,0.0,0.0001580999232828617,0
438,0.00019990000873804092,0.0,0.0002009000163525343,0
439,0.00015759991947561502,0.0003921000752598047,0.002630300004966557,1
440,0.0003381000133231282,0.0,0.0003394000232219696,0
441,0.00016569998115301132,0.0,0.0001666999887675047,0
442,0.00018550001550465822,0.0,0.0001865000231191516,0
443,0.00016059994231909513,0.0,0.00016149994917213917,0
444,0.00015849992632865906,0.0,0.0001593999331817031,0
445,0.0001713000237941742,0.0,0.00017230003140866756,0
446,0.00018100009765475988,0.0,0.00018200010526925325,0
447,0.00015860004350543022,0.0,0.00015950005035847425,0
448,0.0001718999119475484,0.0,0.00017269991803914309,0
449,0.00015850004274398088,0.0003902000607922673,0.002451400039717555,1
450,0.0003415000392124057,0.0,0.00034280004911124706,0
451,0.00016379996668547392,0.0,0.0001647999742999673,0
452,0.00018560001626610756,0.0,0.0001865000231191516,0
453,0.00016139994841068983,0.0,0.00016229995526373386,0
454,0.00015899993013590574,0.0,0.00015979993622750044,0
455,0.00017719995230436325,0.0,0.00017809995915740728,0
456,0.00015780003741383553,0.0,0.0001588000450283289,0
457,0.0001569000305607915,0.0,0.00015790003817528486,0
458,0.00016980001237243414,0.0,0.00017060001846402884,0
459,0.00015710003208369017,0.0004088999703526497,0.002641799976117909,1
460,0.0003470999654382467,0.0,0.0003483999753370881,0
461,0.00021529989317059517,0.0,0.00021629990078508854,0
462,0.0002313000150024891,0.0,0.00023220002185553312,0
463,0.00016389996744692326,0.0,0.0001647999742999673,0
464,0.0001580000389367342,0.0,0.0001588000450283289,0
465,0.00017259991727769375,0.0,0.00017359992489218712,0
466,0.00015810003969818354,0.0,0.00015900004655122757,0
467,0.0001564000267535448,0.0,0.0001572000328451395,0
468,0.00017499993555247784,0.0,0.00017589994240552187,0
469,0.00015780003741383553,0.0003899999428540468,0.003055599983781576,1
470,0.0003155999584123492,0.0,0.0003170999698340893,0
471,0.00016490009147673845,0.0,0.00016600009985268116,0
472,0.00018630002159625292,0.0,0.00018740002997219563,0
473,0.0001650999765843153,0.0,0.00016599998343735933,0
474,0.00015979993622750044,0.0,0.00016059994231909513,0
475,0.00017209991347044706,0.0,0.0001729999203234911,0
476,0.00015930004883557558,0.0,0.00016030005645006895,0
477,0.0001572000328451395,0.0,0.0001580000389367342,0
478,0.0001705000177025795,0.0,0.00017150002531707287,0
479,0.00016160006634891033,0.000385599909350276,0.0028043000493198633,1
480,0.00031020003370940685,0.0,0.0003114000428467989,0
481,0.00016210007015615702,0.0,0.0001631000777706504,0
482,0.0001832999987527728,0.0,0.00018430000636726618,0
483,0.00016020005568861961,0.0,0.00016120006330311298,0
484,0.00015760003589093685,0.0,0.00015840004198253155,0
485,0.0001718999119475484,0.0,0.00017279991880059242,0
486,0.00016149994917213917,0.0,0.0001623999560251832,0
487,0.00015710003208369017,0.0,0.00015790003817528486,0
488,0.00016930000856518745,0.0,0.00017010001465678215,0
489,0.00015630002599209547,0.00038949993904680014,0.0025155999464914203,1
490,0.0003081000177189708,0.0,0.00030939991120249033,0
491,0.00016369996592402458,0.0,0.00016469997353851795,0
492,0.00018370000179857016,0.0,0.00018480001017451286,0
493,0.00016089994460344315,0.0,0.00016179995145648718,0
494,0.00015819992404431105,0.0,0.00015909993089735508,0
495,0.000175100052729249,0.0,0.0001762000611051917,0
496,0.00015850004274398088,0.0,0.00015940004959702492,0
497,0.0001561999088153243,0.0,0.00015709991566836834,0
498,0.00017060001846402884,0.0,0.0001716000260785222,0
499,0.00015890004578977823,0.0003866000333800912,0.0026668000500649214,1
500,0.0003233000170439482,0.0,0.00032460002694278955,0
501,0.00016570009756833315,0.0,0.00016670010518282652,0
502,0.00018370000179857016,0.0,0.00018480001017451286,0
503,0.0002367999404668808,0.0,0.0002378999488428235,0
504,0.0001642999704927206,0.0,0.0001650999765843153,0
505,0.00017879996448755264,0.0,0.00017969997134059668,0
506,0.00016059994231909513,0.0,0.0001615999499335885,0
507,0.0001591000473126769,0.0,0.00016000005416572094,0
508,0.0002106999745592475,0.0,0.00021159998141229153,0
509,0.00016000005416572094,0.0003665999975055456,0.002476800000295043,1
510,0.000301400083117187,0.0,0.00030260009225457907,0
511,0.00021129997912794352,0.0,0.00021229998674243689,0
512,0.00018470000941306353,0.0,0.0001857000170275569,0
513,0.0001612999476492405,0.0,0.00016219995450228453,0
514,0.00016069994308054447,0.0,0.0001615999499335885,0
515,0.00017190002836287022,0.0,0.00017280003521591425,0
516,0.0001588000450283289,0.0,0.00015970005188137293,0
517,0.000161800067871809,0.0,0.00016270007472485304,0
518,0.00016880000475794077,0.0,0.00016969989519566298,0
519,0.0001577000366523862,0.00035089999437332153,0.0025022999616339803,1
520,0.000308999908156693,0.0,0.00031049991957843304,0
521,0.00016309996135532856,0.0,0.00016419996973127127,0
522,0.00018580001778900623,0.0,0.00018690002616494894,0
523,0.0001610000617802143,0.0,0.00016190006863325834,0
524,0.00015740003436803818,0.0,0.0001583000412210822,0
525,0.00017449993174523115,0.0,0.00017539993859827518,0
526,0.00015920004807412624,0.0,0.00016010005492717028,0
527,0.00015860004350543022,0.0,0.00015940004959702492,0
528,0.00017039990052580833,0.0,0.00017129990737885237,0
529,0.0001596000511199236,0.0003703999100252986,0.0023944999556988478,1
530,0.0003339999821037054,0.0,0.0003352999920025468,0
531,0.0001631000777706504,0.0,0.00016389996744692326,0
532,0.0001849000109359622,0.0,0.0001860000193119049,0
533,0.00016109994612634182,0.0,0.00016199995297938585,0
534,0.00015700003132224083,0.0,0.00015790003817528486,0
535,0.00017710006795823574,0.0,0.00017800007481127977,0
536,0.0001572000328451395,0.0,0.00015820004045963287,0
537,0.000157299917191267,0.0,0.0001580999232828617,0
538,0.00017010001465678215,0.0,0.00017090002074837685,0
539,0.0001588999293744564,0.0003493999829515815,0.00250840000808239,1
540,0.0004547999706119299,0.0,0.00045629998203366995,0
541,0.00021670002024620771,0.0,0.00021780002862215042,0
542,0.00023549993056803942,0.0,0.0002364999381825328,0
543,0.00016519997734576464,0.0,0.000166199984960258,0
544,0.00016089994460344315,0.0,0.00016179995145648718,0
545,0.00017549993935972452,0.0,0.00017629994545131922,0
546,0.00015980005264282227,0.0,0.00016060005873441696,0
547,0.00015900004655122757,0.0,0.00016000005416572094,0
548,0.00017929996829479933,0.0,0.00018009997438639402,0
549,0.00015820004045963287,0.0003720000386238098,0.002583600115031004,1
550,0.0003065000055357814,0.0,0.00030770001467317343,0
551,0.00016369996592402458,0.0,0.00016459997277706861,0
552,0.00018430000636726618,0.0,0.00018540001474320889,0
553,0.00015979993622750044,0.0,0.00016069994308054447,0
554,0.00015660002827644348,0.0,0.00015750003512948751,0
555,0.00017100002150982618,0.0,0.00017200002912431955,0
556,0.00016279995907098055,0.0,0.00016379996668547392,0
557,0.00015590002294629812,0.0,0.00015700003132224083,0
558,0.00016759999562054873,0.0,0.00016850000247359276,0
559,0.0001550000160932541,0.000355200027115643,0.002424999955110252,1
560,0.00031649996526539326,0.0,0.000317899975925684,0
561,0.00016279995907098055,0.0,0.00016379996668547392,0
562,0.00018510001245886087,0.0,0.00018619990441948175,0
563,0.0001610000617802143,0.0,0.00016190006863325834,0
564,0.00015930004883557558,0.0,0.00016030005645006895,0
565,0.00017639994621276855,0.0,0.00017749995458871126,0
566,0.00016529997810721397,0.0,0.000166199984960258,0
567,0.00015740003436803818,0.0,0.0001583000412210822,0
568,0.00017330003902316093,0.0,0.00017420004587620497,0
569,0.00015709991566836834,0.0003714000340551138,0.0026299000019207597,1
570,0.0003773999633267522,0.0,0.0003787999739870429,0
571,0.000215600011870265,0.0,0.0002164999023079872,0
572,0.00023250002413988113,0.0,0.00023370003327727318,0
573,0.00016270007472485304,0.0,0.00016350008081644773,0
574,0.0001610000617802143,0.0,0.000161800067871809,0
575,0.00017159990966320038,0.0,0.0001724999165162444,0
576,0.00015890004578977823,0.0,0.0001596000511199236,0
577,0.00015820004045963287,0.0,0.00015890004578977823,0
578,0.00017339992336928844,0.0,0.00017419992946088314,0
579,0.00015760003589093685,0.0003573999274522066,0.0028289000038057566,1
580,0.0004675999516621232,0.0,0.00046909996308386326,0
581,0.00021620001643896103,0.0,0.0002172000240534544,0
582,0.00023989996407181025,0.0,0.00024099997244775295,0
583,0.00023040000814944506,0.0,0.00023140001576393843,0
584,0.00015879992861300707,0.0,0.00015979993622750044,0
585,0.00017150002531707287,0.0,0.0001724000321701169,0
586,0.00015750003512948751,0.0,0.00015850004274398088,0
587,0.00015600002370774746,0.0,0.00015689991414546967,0
588,0.00016830000095069408,0.0,0.00016920000780373812,0
589,0.00019209994934499264,0.00040710007306188345,0.003032699925825,1
590,0.0003568000392988324,0.0,0.0003581000491976738,0
591,0.0001626000739634037,0.0,0.0001634999644011259,0
592,0.00018750003073364496,0.0,0.000188400037586689,0
593,0.00015900004655122757,0.0,0.00016000005416572094,0
594,0.00016189995221793652,0.0,0.00016279995907098055,0
595,0.0001716000260785222,0.0,0.00017250003293156624,0
596,0.0001569000305607915,0.0,0.00015780003741383553,0
597,0.00015719991642981768,0.0,0.00015789992175996304,0
598,0.00017070001922547817,0.0,0.00017150002531707287,0
599,0.00015590002294629812,0.0003752000629901886,0.002709800028242171,1
600,0.00031729997135698795,0.0,0.00031849998049438,0
601,0.00016430008690804243,0.0,0.0001653000945225358,0
602,0.00019080005586147308,0.0,0.0001919000642374158,0
603,0.00015870004426687956,0.0,0.0001596000511199236,0
604,0.00015689991414546967,0.0,0.0001577999209985137,0
605,0.00016990001313388348,0.0,0.0001708000199869275,0
606,0.00015679991338402033,0.0,0.0001577999209985137,0
607,0.00015440001152455807,0.0,0.0001553000183776021,0
608,0.00017209991347044706,0.0,0.00017309992108494043,0
609,0.00015760003589093685,0.0003572999266907573,0.002515199943445623,1
610,0.00036479998379945755,0.0,0.0003662999952211976,0
611,0.00020520004909485579,0.0,0.0002063000574707985,0
612,0.00018830003682523966,0.0,0.0001892000436782837,0
613,0.00016179995145648718,0.0,0.00016279995907098055,0
614,0.00015879992861300707,0.0,0.00015959993470460176,0
615,0.00017150002531707287,0.0,0.00017230003140866756,0
616,0.00020260002929717302,0.0,0.00020350003615021706,0
617,0.00015789992175996304,0.0,0.00015879992861300707,0
618,0.00017030001617968082,0.0,0.00017120002303272486,0
619,0.00015820004045963287,0.00037889997474849224,0.0027329999720677733,1
620,0.00031779997516423464,0.0,0.0003189999843016267,0
621,0.00016409996896982193,0.0,0.00016499997582286596,0
622,0.00018580001778900623,0.0,0.00018690002616494894,0
623,0.0001965999836102128,0.0,0.0001976999919861555,0
624,0.00015670002903789282,0.0,0.00015750003512948751,0
625,0.00017170002683997154,0.0,0.00017260003369301558,0
626,0.00015879992861300707,0.0,0.0001596999354660511,0
627,0.00015750003512948751,0.0,0.0001583000412210822,0
628,0.00016830000095069408,0.0,0.00016930000856518745,0
629,0.00016080006025731564,0.00036669999826699495,0.0026094999630004168,1
630,0.0003431000513955951,0.0,0.0003443000605329871,0
631,0.00016449997201561928,0.0,0.00016549997963011265,0
632,0.00018550001550465822,0.0,0.00018660002388060093,0
633,0.00016109994612634182,0.0,0.00016199995297938585,0
634,0.000157299917191267,0.0,0.00015829992480576038,0
635,0.00017120002303272486,0.0,0.0001721000298857689,0
636,0.000161500065587461,0.0,0.00016240007244050503,0
637,0.0001577999209985137,0.0,0.0001585999270901084,0
638,0.0001708000199869275,0.0,0.00017170002683997154,0
639,0.00015780003741383553,0.00037050002720206976,0.0025858000153675675,1
640,0.00040030002128332853,0.0,0.00040170003194361925,0
641,0.0002161999000236392,0.0,0.0002172999083995819,0
642,0.00023280002642422915,0.0,0.00023380003403872252,0
643,0.00016599998343735933,0.0,0.00016689999029040337,0
644,0.0001615999499335885,0.0,0.0001623999560251832,0
645,0.0001727000344544649,0.0,0.00017370004206895828,0
646,0.00015850004274398088,0.0,0.00015940004959702492,0
647,0.0001574999187141657,0.0,0.00015829992480576038,0
648,0.00016900000628083944,0.0,0.00016990001313388348,0
649,0.00016639998648315668,0.0004170999163761735,0.002744999947026372,1
650,0.000328300055116415,0.0,0.0003296000650152564,0
651,0.00017010001465678215,0.0,0.00017110002227127552,0
652,0.00018500001169741154,0.0,0.0001860000193119049,0
653,0.00016030005645006895,0.0,0.00016120006330311298,0
654,0.0001574999187141657,0.0,0.00015849992632865906,0
655,0.0001713000237941742,0.0,0.00017220003064721823,0
656,0.00015730003360658884,0.0,0.00015820004045963287,0
657,0.00016149994917213917,0.0,0.00016249995678663254,0
658,0.00017060001846402884,0.0,0.0001716000260785222,0
659,0.00015740003436803818,0.0003684000112116337,0.0027011000784114003,1
660,0.00034659996163100004,0.0,0.0003478999715298414,0
661,0.00021519989240914583,0.0,0.00021639990154653788,0
662,0.00023410003632307053,0.0,0.00023520004469901323,0
663,0.00016900000628083944,0.0,0.00016990001313388348,0
664,0.00016059994231909513,0.0,0.00016139994841068983,0
665,0.00017300003673881292,0.0,0.00017390004359185696,0
666,0.00015980005264282227,0.0,0.00016080006025731564,0
667,0.0001585999270901084,0.0,0.00015959993470460176,0
668,0.00017030001617968082,0.0,0.00017120002303272486,0
669,0.0001631000777706504,0.00036689999978989363,0.00277970009483397,1
670,0.00033740000799298286,0.0,0.00033870001789182425,0
671,0.00016320007853209972,0.0,0.00016430008690804243,0
672,0.00018540001474320889,0.0,0.00018640002235770226,0
673,0.00015909993089735508,0.0,0.0001599999377503991,0
674,0.00015780003741383553,0.0,0.00015860004350543022,0
675,0.0001727000344544649,0.0,0.00017360004130750895,0
676,0.00016199995297938585,0.0,0.00016289995983242989,0
677,0.00015689991414546967,0.0,0.00015769992023706436,0
678,0.0001694000093266368,0.0,0.00017030001617968082,0
679,0.000156699912622571,0.0003602000651881099,0.0028885999927297235,1
680,0.0003010999644175172,0.0,0.0003024999750778079,0
681,0.00016339996363967657,0.0,0.00016439997125416994,0
682,0.00018420000560581684,0.0,0.00018510001245886087,0
683,0.00016600009985268116,0.0,0.00016700010746717453,0
684,0.00015630002599209547,0.0,0.0001572000328451395,0
685,0.00017209991347044706,0.0,0.0001729999203234911,0
686,0.0001580000389367342,0.0,0.00015890004578977823,0
687,0.00015700003132224083,0.0,0.00015780003741383553,0
688,0.00017010001465678215,0.0,0.00017110002227127552,0
689,0.00016160006634891033,0.00036830001045018435,0.002695900038816035,1
690,0.0003733000485226512,0.0,0.00037480005994439125,0
691,0.00016499997582286596,0.0,0.00016609998419880867,0
692,0.00018560001626610756,0.0,0.00018660002388060093,0
693,0.00016020005568861961,0.0,0.00016110006254166365,0
694,0.0001580000389367342,0.0,0.00015890004578977823,0
695,0.0001716000260785222,0.0,0.00017259991727769375,0
696,0.00016299996059387922,0.0,0.0001639999682083726,0
697,0.00015760003589093685,0.0,0.00015850004274398088,0
698,0.0001705000177025795,0.0,0.0001713000237941742,0
699,0.0001588000450283289,0.0003709999145939946,0.0025906000519171357,1
700,0.0002956000389531255,0.0,0.00029689993243664503,0
701,0.0001626999583095312,0.0,0.00016379996668547392,0
702,0.00018390000332146883,0.0,0.0001849000109359622,0
703,0.0001585999270901084,0.0,0.00015949993394315243,0
704,0.0001612999476492405,0.0,0.00016229995526373386,0
705,0.0001694000093266368,0.0,0.00017030001617968082,0
706,0.000157299917191267,0.0,0.0001580999232828617,0
707,0.0001708000199869275,0.0,0.0001718999119475484,0
708,0.000174800050444901,0.0,0.00017570005729794502,0
709,0.00015790003817528486,0.00033439998514950275,0.0029857000336050987,1
710,0.0003122000489383936,0.0,0.0003136999439448118,0
711,0.00019419996533542871,0.0,0.00019529997371137142,0
712,0.00018810003530234098,0.0,0.0001892000436782837,0
713,0.00016000005416572094,0.0,0.00016090006101876497,0
714,0.00017180002760142088,0.0,0.0001727000344544649,0
715,0.0002769000129774213,0.0,0.00027810002211481333,0
716,0.0002587999915704131,0.0,0.00025969999842345715,0
717,0.00021349999587982893,0.0,0.00021430000197142363,0
718,0.0002093999646604061,0.0,0.00021049997303634882,0
719,0.00016119994688779116,0.0003789999755099416,0.002693599904887378,1
720,0.00041560002136975527,0.0,0.0004168999148532748,0
721,0.00017490005120635033,0.0,0.00017600005958229303,0
722,0.00018830003682523966,0.0,0.00018930004443973303,0
723,0.0001623999560251832,0.0,0.00016329996287822723,0
724,0.0001593999331817031,0.0,0.00016029994003474712,0
725,0.0001724000321701169,0.0,0.0001732999226078391,0
726,0.00018370000179857016,0.0,0.0001846000086516142,0
727,0.00017170002683997154,0.0,0.00017260003369301558,0
728,0.00017140002455562353,0.0,0.00017230003140866756,0
729,0.0001580999232828617,0.00037020002491772175,0.002679399913176894,1
730,0.00038189999759197235,0.0,0.00038350000977516174,0
731,0.00021680002100765705,0.0,0.0002180000301450491,0
732,0.00023710005916655064,0.0,0.00023830006830394268,0
733,0.00017040001694113016,0.0,0.0001713000237941742,0
734,0.0001607999438419938,0.0,0.00016179995145648718,0
735,0.00017310003750026226,0.0,0.00017410004511475563,0
736,0.00016020005568861961,0.0,0.00016110006254166365,0
737,0.00015869992785155773,0.0,0.00015949993394315243,0
738,0.0001716000260785222,0.0,0.00017260003369301558,0
739,0.00016330007929354906,0.0003693999024108052,0.0026476000202819705,1
740,0.00031420006416738033,0.0,0.00032840005587786436,0
741,0.00018149998504668474,0.0,0.00018259999342262745,0
742,0.00018560001626610756,0.0,0.0001868000254034996,0
743,0.0001596999354660511,0.0,0.00016069994308054447,0
744,0.00015780003741383553,0.0,0.00015870004426687956,0
745,0.0001708000199869275,0.0,0.00017170002683997154,0
746,0.0001585999270901084,0.0,0.00015949993394315243,0
747,0.00016229995526373386,0.0,0.00016339996363967657,0
748,0.00017140002455562353,0.0,0.00017230003140866756,0
749,0.00015879992861300707,0.0003667999990284443,0.002754499902948737,1
750,0.0003800000995397568,0.0,0.00038130010943859816,0
751,0.00016549997963011265,0.0,0.00016649998724460602,0
752,0.0001876000314950943,0.0,0.00018860003910958767,0
753,0.00016589998267591,0.0,0.00016689999029040337,0
754,0.00015760003589093685,0.0,0.00015850004274398088,0
755,0.0001694000093266368,0.0,0.00017030001617968082,0
756,0.0001572000328451395,0.0,0.00015810003969818354,0
757,0.00015620002523064613,0.0,0.00015710003208369017,0
758,0.0001694000093266368,0.0,0.00017030001617968082,0
759,0.00016210007015615702,0.00036780000664293766,0.0026382000651210546,1
760,0.0002861999673768878,0.0,0.0002875999780371785,0
761,0.00020150002092123032,0.0,0.00020250002853572369,0
762,0.00018350000027567148,0.0,0.00018450000789016485,0
763,0.0001591000473126769,0.0,0.00016000005416572094,0
764,0.00015580002218484879,0.0,0.00015660002827644348,0
765,0.00016990001313388348,0.0,0.0001708000199869275,0
766,0.00015680002979934216,0.0,0.00015760003589093685,0
767,0.00015959993470460176,0.0,0.00016039994079619646,0
768,0.0001677999971434474,0.0,0.00016880000475794077,0
769,0.00015679991338402033,0.0003616000758484006,0.002754499902948737,1
770,0.0003630000865086913,0.0,0.00036450009793043137,0
771,0.00021660001948475838,0.0,0.00021770002786070108,0
772,0.0002359000500291586,0.0,0.00023699994198977947,0
773,0.0001700000138953328,0.0,0.00017089990433305502,0
774,0.00016010005492717028,0.0,0.00016110006254166365,0
775,0.00017180002760142088,0.0,0.00017280003521591425,0
776,0.00015879992861300707,0.0,0.00015959993470460176,0
777,0.00015820004045963287,0.0,0.0001591000473126769,0
778,0.00017060001846402884,0.0,0.00017150002531707287,0
779,0.00016139994841068983,0.0003667999990284443,0.002656599972397089,1
780,0.0002960000419989228,0.0,0.00029720005113631487,0
781,0.00016449997201561928,0.0,0.00016549997963011265,0
782,0.000188700039871037,0.0,0.00018970004748553038,0
783,0.00016080006025731564,0.0,0.00016170006711035967,0
784,0.0001588999293744564,0.0,0.00015979993622750044,0
785,0.00017330003902316093,0.0,0.00017419992946088314,0
786,0.0001599000534042716,0.0,0.00016060005873441696,0
787,0.00020380003843456507,0.0,0.00020490004681050777,0
788,0.00030679989140480757,0.0,0.0003079999005421996,0
789,0.00016299996059387922,0.00037750008050352335,0.0029980000108480453,1
790,0.0003263000398874283,0.0,0.00032750004902482033,0
791,0.00016380008310079575,0.0,0.00016480009071528912,0
792,0.0001922000665217638,0.0,0.00019320007413625717,0
793,0.00016060005873441696,0.0,0.00016160006634891033,0
794,0.00015709991566836834,0.0,0.00015789992175996304,0
795,0.0001802999759092927,0.0,0.0001813999842852354,0
796,0.0001585999270901084,0.0,0.0001593999331817031,0
797,0.0001583000412210822,0.0,0.0001591000473126769,0
798,0.00017500005196779966,0.0,0.00017580005805939436,0
799,0.00015870004426687956,0.00036209996324032545,0.0028456998988986015,1
800,0.0003370000049471855,0.0,0.0003383000148460269,0
801,0.00016409996896982193,0.0,0.00016519997734576464,0
802,0.00018640002235770226,0.0,0.00018740002997219563,0
803,0.00016050005797296762,0.0,0.00016140006482601166,0
804,0.00016190006863325834,0.0,0.00016280007548630238,0
805,0.00017220003064721823,0.0,0.00017310003750026226,0
806,0.00015780003741383553,0.0,0.0001585999270901084,0
807,0.00015730003360658884,0.0,0.00015810003969818354,0
808,0.00016989989671856165,0.0,0.00017079990357160568,0
809,0.0001569000305607915,0.0003839000128209591,0.002864500042051077,1
810,0.0004259999841451645,0.0,0.00042729999404400587,0
811,0.00016729999333620071,0.0,0.00016850000247359276,0
812,0.00018620002083480358,0.0,0.00018710002768784761,0
813,0.00015949993394315243,0.0,0.00016039994079619646,0
814,0.00015680002979934216,0.0,0.00015760003589093685,0
815,0.0001705000177025795,0.0,0.00017140002455562353,0
816,0.00016169995069503784,0.0,0.00016259995754808187,0
817,0.0001569000305607915,0.0,0.00015780003741383553,0
818,0.0001716000260785222,0.0,0.00017250003293156624,0
819,0.00015769992023706436,0.0003637999761849642,0.002953000017441809,1
820,0.0004724999889731407,0.0,0.00047389999963343143,0
821,0.00022829999215900898,0.0,0.00022929999977350235,0
822,0.00019099994096904993,0.0,0.0001919999485835433,0
823,0.00016059994231909513,0.0,0.00016139994841068983,0
824,0.00015760003589093685,0.0,0.00015840004198253155,0
825,0.00018100009765475988,0.0,0.00018190010450780392,0
826,0.00015870004426687956,0.0,0.0001596000511199236,0
827,0.0001876000314950943,0.0,0.00018850003834813833,0
828,0.00017030001617968082,0.0,0.00017120002303272486,0
829,0.00015630002599209547,0.0003866000333800912,0.003320000017993152,1
830,0.000395099981687963,0.0,0.00039659999310970306,0
831,0.0001666999887675047,0.0,0.00016769999638199806,0
832,0.0002148000057786703,0.0,0.00021580001339316368,0
833,0.0001743000466376543,0.0,0.00017530005425214767,0
834,0.000156999914906919,0.0,0.00015789992175996304,0
835,0.0002142000012099743,0.0,0.00021510000806301832,0
836,0.0001596999354660511,0.0,0.00016069994308054447,0
837,0.0001577999209985137,0.0,0.0001585999270901084,0
838,0.00017070001922547817,0.0,0.0001716000260785222,0
839,0.00015909993089735508,0.00042290007695555687,0.003486500005237758,1
840,0.00045870000030845404,0.0,0.0004600000102072954,0
841,0.00020620005670934916,0.0,0.00020720006432384253,0
842,0.00029770005494356155,0.0,0.0002987000625580549,0
843,0.00018989993259310722,0.0,0.0001908999402076006,0
844,0.00019990000873804092,0.0,0.00020070001482963562,0
845,0.0002392000751569867,0.0,0.00024020008277148008,0
846,0.00016250007320195436,0.0,0.0001634000800549984,0
847,0.00017450004816055298,0.0,0.00017550005577504635,0
848,0.00018560001626610756,0.0,0.00018670002464205027,0
849,0.00016220007091760635,0.00029260001610964537,0.0029796999879181385,1
850,0.000439800089225173,0.0,0.0004412999842315912,0
851,0.00022609997540712357,0.0,0.0002272999845445156,0
852,0.00020730006508529186,0.0,0.00020860007498413324,0
853,0.0001674999948590994,0.0,0.0001686000032350421,0
854,0.00016529997810721397,0.0,0.000166199984960258,0
855,0.0001805999781936407,0.0,0.00018169998656958342,0
856,0.0001653000945225358,0.0,0.000166199984960258,0
857,0.0001724000321701169,0.0,0.00017340003978461027,0
858,0.00017779995687305927,0.0,0.00017879996448755264,0
859,0.00016439997125416994,0.0002888999879360199,0.0027475999668240547,1
860,0.00034799997229129076,0.0,0.0003493999829515815,0
861,0.0002161000156775117,0.0,0.00021719990763813257,0
862,0.00023710005916655064,0.0,0.00023820006754249334,0
863,0.00017650006338953972,0.0,0.00017770007252693176,0
864,0.00016080006025731564,0.0,0.000161800067871809,0
865,0.00017440004739910364,0.0,0.000175400055013597,0
866,0.0001596999354660511,0.0,0.0001607999438419938,0
867,0.00017909996677190065,0.0,0.00018009997438639402,0
868,0.00019049993716180325,0.0,0.00019159994553774595,0
869,0.0001694000093266368,0.000278300023637712,0.0027744999388232827,1
870,0.000372899929061532,0.0,0.0003741999389603734,0
871,0.00017859996296465397,0.0,0.00017959997057914734,0
872,0.00018610002007335424,0.0,0.00018700002692639828,0
873,0.0001604000572115183,0.0,0.00016120006330311298,0
874,0.00015760003589093685,0.0,0.00015850004274398088,0
875,0.0001718999119475484,0.0,0.00017279991880059242,0
876,0.00020180002320557833,0.0,0.0002028000308200717,0
877,0.0001574999187141657,0.0,0.00015829992480576038,0
878,0.00017180002760142088,0.0,0.0001727000344544649,0
879,0.00015790003817528486,0.0002756000030785799,0.00288909999653697,1
880,0.0004962000530213118,0.0,0.0004979000659659505,0
881,0.0003328999737277627,0.0,0.0003342999843880534,0
882,0.0002402999671176076,0.0,0.00024149997625499964,0
883,0.00016389996744692326,0.0,0.00016489997506141663,0
884,0.0001596999354660511,0.0,0.00016059994231909513,0
885,0.00018279999494552612,0.0,0.0001838000025600195,0
886,0.0001588999293744564,0.0,0.00015979993622750044,0
887,0.00015810003969818354,0.0,0.00015900004655122757,0
888,0.00017190002836287022,0.0,0.00017280003521591425,0
889,0.00015789992175996304,0.0002714000875130296,0.0027062000008299947,1
890,0.000358999939635396,0.0,0.00036049995105713606,0
891,0.00021680002100765705,0.0,0.00021790002938359976,0
892,0.00022960000205785036,0.0,0.00023060000967234373,0
893,0.00016249995678663254,0.0,0.0001634999644011259,0
894,0.00015949993394315243,0.0,0.0001604999415576458,0
895,0.0001724000321701169,0.0,0.00017340003978461027,0
896,0.00015940004959702492,0.0,0.0001604000572115183,0
897,0.00015739991795271635,0.0,0.00015829992480576038,0
898,0.0002164000179618597,0.0,0.00021730002481490374,0
899,0.00015839992556720972,0.0002645000349730253,0.002686999971047044,1
900,0.0003117999294772744,0.0,0.0003132999408990145,0
901,0.00017899996601045132,0.0,0.00018009997438639402,0
902,0.00018560001626610756,0.0,0.00018660002388060093,0
903,0.00016220007091760635,0.0,0.00016320007853209972,0
904,0.0001572000328451395,0.0,0.0001580000389367342,0
905,0.00019249995239078999,0.0,0.00019349996000528336,0
906,0.00015919993165880442,0.0,0.00016009993851184845,0
907,0.00015750003512948751,0.0,0.0001583000412210822,0
908,0.00017170002683997154,0.0,0.0001727000344544649,0
909,0.00015879992861300707,0.00027459999546408653,0.002757999929599464,1
910,0.00036200007889419794,0.0,0.0003635999746620655,0
911,0.0002164000179618597,0.0,0.0002175000263378024,0
912,0.00020819995552301407,0.0,0.00020919996313750744,0
913,0.00016229995526373386,0.0,0.00016309996135532856,0
914,0.00015879992861300707,0.0,0.00015959993470460176,0
915,0.00017370004206895828,0.0,0.00017460004892200232,0
916,0.0001599000534042716,0.0,0.00016080006025731564,0
917,0.00016730010975152254,0.0,0.00016820000018924475,0
918,0.00017300003673881292,0.0,0.00017390004359185696,0
919,0.00015919993165880442,0.00026480003725737333,0.003270299988798797,1
920,0.000408399966545403,0.0,0.0004099999787285924,0
921,0.00018880004063248634,0.0,0.0001898000482469797,0
922,0.00019399996381253004,0.0,0.00019509997218847275,0
923,0.0001607000594958663,0.0,0.000161500065587461,0
924,0.00015899993013590574,0.0,0.00015989993698894978,0
925,0.00017439993098378181,0.0,0.00017529993783682585,0
926,0.0001583000412210822,0.0,0.00015920004807412624,0
927,0.00016050005797296762,0.0,0.000161500065587461,0
928,0.00017010001465678215,0.0,0.00017100002150982618,0
929,0.00015470001380890608,0.0003986000083386898,0.0034620000515133142,1
930,0.00035310001112520695,0.0,0.000354300020262599,0
931,0.00016549997963011265,0.0,0.00016659998800605536,0
932,0.0001879000337794423,0.0,0.00018900004215538502,0
933,0.00016089994460344315,0.0,0.00016169995069503784,0
934,0.00015650002751499414,0.0,0.00015739991795271635,0
935,0.0002109999768435955,0.0,0.00022479996550828218,0
936,0.00016050005797296762,0.0,0.00016140006482601166,0
937,0.00015730003360658884,0.0,0.00015820004045963287,0
938,0.00017199991270899773,0.0,0.0001729999203234911,0
939,0.00015700003132224083,0.0003966999938711524,0.003598800045438111,1
940,0.0003223000094294548,0.0,0.0003236000193282962,0
941,0.00016320007853209972,0.0,0.0001642000861465931,0
942,0.00018770003225654364,0.0,0.00018860003910958767,0
943,0.00016489997506141663,0.0,0.00016589998267591,0
944,0.0001577999209985137,0.0,0.0001585999270901084,0
945,0.0001716000260785222,0.0,0.00017250003293156624,0
946,0.00015820004045963287,0.0,0.00015900004655122757,0
947,0.00015629990957677364,0.0,0.00015719991642981768,0
948,0.0001700000138953328,0.0,0.00017090002074837685,0
949,0.00016119994688779116,0.00039219995960593224,0.00393499992787838,1
950,0.00033489998895674944,0.0,0.00033629999961704016,0
951,0.00015970005188137293,0.0,0.00016060005873441696,0
952,0.00018640002235770226,0.0,0.00018750003073364496,0
953,0.00015700003132224083,0.0,0.00015789992175996304,0
954,0.00015630002599209547,0.0,0.00015710003208369017,0
955,0.0001737999264150858,0.0,0.00017479993402957916,0
956,0.00015620002523064613,0.0,0.00015710003208369017,0
957,0.00015540001913905144,0.0,0.00015630002599209547,0
958,0.0001677999971434474,0.0,0.00016880000475794077,0
959,0.0001556000206619501,0.00039519998244941235,0.003611200023442507,1
960,0.00034829997457563877,0.0,0.0003494999837130308,0
961,0.00016249995678663254,0.0,0.00016359996516257524,0
962,0.0001868999097496271,0.0,0.00018799991812556982,0
963,0.00016529997810721397,0.0,0.00016629998572170734,0
964,0.0001564000267535448,0.0,0.00015730003360658884,0
965,0.00017220003064721823,0.0,0.00017310003750026226,0
966,0.000156699912622571,0.0,0.00015759991947561502,0
967,0.00020290003158152103,0.0,0.0002039000391960144,0
968,0.00025560008361935616,0.0,0.0002566000912338495,0
969,0.00015860004350543022,0.0003961999900639057,0.0036779000656679273,1
970,0.0003233000170439482,0.0,0.0003247000277042389,0
971,0.0001607999438419938,0.0,0.00016169995069503784,0
972,0.0001870999112725258,0.0,0.0001881999196484685,0
973,0.0001588000450283289,0.0,0.00015970005188137293,0
974,0.00015620002523064613,0.0,0.00015700003132224083,0
975,0.00016960001084953547,0.0,0.0001705000177025795,0
976,0.00016240007244050503,0.0,0.0001631999621167779,0
977,0.00015670002903789282,0.0,0.00015760003589093685,0
978,0.00016840000171214342,0.0,0.00016930000856518745,0
979,0.00015520001761615276,0.00037210003938525915,0.0036753000458702445,1
980,0.00031999999191612005,0.0,0.0003212000010535121,0
981,0.00016469997353851795,0.0,0.00016559998039156199,0
982,0.0001881999196484685,0.0,0.00018909992650151253,0
983,0.0001604999415576458,0.0,0.00016139994841068983,0
984,0.0001631999621167779,0.0,0.00016419996973127127,0
985,0.00017030001617968082,0.0,0.00017110002227127552,0
986,0.00015799992252141237,0.0,0.00015879992861300707,0
987,0.00015670002903789282,0.0,0.00015750003512948751,0
988,0.00016820000018924475,0.0,0.00016910000704228878,0
989,0.00016850000247359276,0.00036860001273453236,0.0036768000572919846,1
990,0.0003236000193282962,0.0,0.00032490002922713757,0
991,0.00016739999409765005,0.0,0.00016830000095069408,0
992,0.0001857000170275569,0.0,0.00018670002464205027,0
993,0.0001580999232828617,0.0,0.00015909993089735508,0
994,0.00015590002294629812,0.0,0.00015680002979934216,0
995,0.00016920000780373812,0.0,0.00016999989748001099,0
996,0.0001556000206619501,0.0,0.00015650002751499414,0
997,0.00016099994536489248,0.0,0.00016179995145648718,0
998,0.00016930000856518745,0.0,0.00017030001617968082,0
999,0.0002148000057786703,0.0004208000609651208,0.0037626000121235847,1
1000,0.00032130000181496143,0.0,0.0003225000109523535,0
1001,0.00016169995069503784,0.0,0.00016279995907098055,0
1002,0.00018630002159625292,0.0,0.0001873000292107463,0
1003,0.0001591000473126769,0.0,0.00016000005416572094,0
1004,0.0001612999476492405,0.0,0.0001620999537408352,0
1005,0.0002343999221920967,0.0,0.00023529992904514074,0
1006,0.00015660002827644348,0.0,0.00015740003436803818,0
1007,0.00015569990500807762,0.0,0.00015649991109967232,0
1008,0.00016830000095069408,0.0,0.00016920000780373812,0
1009,0.0001558999065309763,0.0003766000736504793,0.003778000012971461,1
1010,0.0003486999776214361,0.0,0.00036259996704757214,0
1011,0.00016639998648315668,0.0,0.00016739999409765005,0
1012,0.00018639990594238043,0.0,0.0001873999135568738,0
1013,0.0001580000389367342,0.0,0.00015900004655122757,0
1014,0.00015670002903789282,0.0,0.00015760003589093685,0
1015,0.0001708000199869275,0.0,0.00017179991118609905,0
1016,0.0001572000328451395,0.0,0.00015810003969818354,0
1017,0.00015989993698894978,0.0,0.00016089994460344315,0
1018,0.00016870000399649143,0.0,0.00016960001084953547,0
1019,0.00015520001761615276,0.0003731000469997525,0.0038805000949651003,1
1020,0.00031939998734742403,0.0,0.00032049999572336674,0
1021,0.00016200006939470768,0.0,0.0001629000762477517,0
1022,0.00018669990822672844,0.0,0.00018759991507977247,0
1023,0.00016910000704228878,0.0,0.0001702000154182315,0
1024,0.00015650002751499414,0.0,0.00015750003512948751,0
1025,0.0001702000154182315,0.0,0.00017120002303272486,0
1026,0.00015600002370774746,0.0,0.0001569000305607915,0
1027,0.00015580002218484879,0.0,0.00015670002903789282,0
1028,0.00016960001084953547,0.0,0.00017060001846402884,0
1029,0.00017499993555247784,0.0004007000243291259,0.004001899971626699,1
1030,0.00041259999852627516,0.0,0.0004140000091865659,0
1031,0.00021670002024620771,0.0,0.00021780002862215042,0
1032,0.00023790006525814533,0.0,0.00023900007363408804,0
1033,0.00016540009528398514,0.0,0.00016639998648315668,0
1034,0.00016409996896982193,0.0,0.00016499997582286596,0
1035,0.0001724000321701169,0.0,0.00017340003978461027,0
1036,0.00015890004578977823,0.0,0.00015970005188137293,0
1037,0.00015849992632865906,0.0,0.00015929993242025375,0
1038,0.00016990001313388348,0.0,0.0001708000199869275,0
1039,0.00015839992556720972,0.0003766999579966068,0.0035791998961940408,1
1040,0.0003116999287158251,0.0,0.00031299993861466646,0
1041,0.0001612999476492405,0.0,0.0001623999560251832,0
1042,0.00020659994333982468,0.0,0.00020769995171576738,0
1043,0.00015820004045963287,0.0,0.00015900004655122757,0
1044,0.00015680002979934216,0.0,0.00015760003589093685,0
1045,0.0001721999142318964,0.0,0.0001729999203234911,0
1046,0.00015710003208369017,0.0,0.00015790003817528486,0
1047,0.000156699912622571,0.0,0.0001574999187141657,0
1048,0.00017100002150982618,0.0,0.00017200002912431955,0
1049,0.00015440001152455807,0.00035660003777593374,0.0037603999953716993,1
1050,0.0003341999836266041,0.0,0.0003355999942868948,0
1051,0.00018450000789016485,0.0,0.00018560001626610756,0
1052,0.0001813999842852354,0.0,0.00018239999189972878,0
1053,0.00015689991414546967,0.0,0.00015789992175996304,0
1054,0.00015269999857991934,0.0,0.0001537000061944127,0
1055,0.00023020000662654638,0.0,0.00023120001424103975,0
1056,0.00015209999401122332,0.0,0.00015300000086426735,0
1057,0.000152299995534122,0.0,0.00015330000314861536,0
1058,0.00017889996524900198,0.0,0.000179799972102046,0
1059,0.0001666999887675047,0.0003856000257655978,0.004446899984031916,1
1060,0.00034829997457563877,0.0,0.00034959998447448015,0
1061,0.00018259999342262745,0.0,0.00018350000027567148,0
1062,0.00022099993657320738,0.0,0.0002226999495178461,0
1063,0.00021839991677552462,0.0,0.00021939992439001799,0
1064,0.00015189999248832464,0.0,0.00015279999934136868,0
1065,0.00016739999409765005,0.0,0.00016840000171214342,0
1066,0.00015189999248832464,0.0,0.00015269999857991934,0
1067,0.00015129998791962862,0.0,0.00015209999401122332,0
1068,0.00016389996744692326,0.0,0.0001647999742999673,0
1069,0.000219999928958714,0.0004000000189989805,0.003952099941670895,1
1070,0.0004757000133395195,0.0,0.0004771000239998102,0
1071,0.0002142000012099743,0.0,0.000215300009585917,0
1072,0.00023600005079060793,0.0,0.0002370000584051013,0
1073,0.00016320007853209972,0.0,0.00016409996896982193,0
1074,0.00016240007244050503,0.0,0.00016330007929354906,0
1075,0.00017010001465678215,0.0,0.00017100002150982618,0
1076,0.0001572000328451395,0.0,0.00015810003969818354,0
1077,0.0001561000244691968,0.0,0.00015710003208369017,0
1078,0.0001669999910518527,0.0,0.00016789999790489674,0
1079,0.0001558999065309763,0.0003728000447154045,0.0036133999237790704,1
1080,0.00032279989682137966,0.0,0.00032409990672022104,0
1081,0.0001615999499335885,0.0,0.0001626999583095312,0
1082,0.00018690002616494894,0.0,0.0001879000337794423,0
1083,0.00015860004350543022,0.0,0.00015950005035847425,0
1084,0.00015719991642981768,0.0,0.0001580999232828617,0
1085,0.00016960001084953547,0.0,0.00017040001694113016,0
1086,0.00015599990729242563,0.0,0.00015679991338402033,0
1087,0.0001556000206619501,0.0,0.0001564000267535448,0
1088,0.0001724000321701169,0.0,0.00017330003902316093,0
1089,0.00015600002370774746,0.000372899929061532,0.00384459993802011,1
1090,0.0003060000017285347,0.0,0.0003074000123888254,0
1091,0.0001639999682083726,0.0,0.00016489997506141663,0
1092,0.00018620002083480358,0.0,0.00018720002844929695,0
1093,0.00015780003741383553,0.0,0.00015870004426687956,0
1094,0.00015599990729242563,0.0,0.00015679991338402033,0
1095,0.00017220003064721823,0.0,0.00017310003750026226,0
1096,0.00015730003360658884,0.0,0.00015820004045963287,0
1097,0.00015609990805387497,0.0,0.00015709991566836834,0
1098,0.0001686000032350421,0.0,0.00016960001084953547,0
1099,0.0001561999088153243,0.000394799979403615,0.0036187999648973346,1
1100,0.00031849998049438,0.0,0.0003198999911546707,0
1101,0.00016249995678663254,0.0,0.0001634999644011259,0
1102,0.0001832999987527728,0.0,0.00018430000636726618,0
1103,0.00016379996668547392,0.0,0.00016469997353851795,0
1104,0.00015650002751499414,0.0,0.00015750003512948751,0
1105,0.00017010001465678215,0.0,0.00017110002227127552,0
1106,0.0001580000389367342,0.0,0.00015890004578977823,0
1107,0.00015719991642981768,0.0,0.0001580999232828617,0
1108,0.00016980001237243414,0.0,0.00017070001922547817,0
1109,0.00016039994079619646,0.0003711000317707658,0.003598499926738441,1
1110,0.0003885000478476286,0.0,0.0003899000585079193,0
1111,0.00016380008310079575,0.0,0.00016490009147673845,0
1112,0.00018700002692639828,0.0,0.00018810003530234098,0
1113,0.00015989993698894978,0.0,0.00016089994460344315,0
1114,0.00015700003132224083,0.0,0.00015790003817528486,0
1115,0.0001702000154182315,0.0,0.00017100002150982618,0
1116,0.00018700002692639828,0.0,0.00018800003454089165,0
1117,0.00015710003208369017,0.0,0.0001580000389367342,0
1118,0.0001686000032350421,0.0,0.00016960001084953547,0
1119,0.00015730003360658884,0.00037759996484965086,0.004034499987028539,1
1120,0.00036280008498579264,0.0,0.00036420009564608335,0
1121,0.00016350008081644773,0.0,0.00016459997277706861,0
1122,0.00021169998217374086,0.0,0.00021279999054968357,0
1123,0.00015949993394315243,0.0,0.0001604999415576458,0
1124,0.00015810003969818354,0.0,0.00015900004655122757,0
1125,0.00017170002683997154,0.0,0.00017260003369301558,0
1126,0.00015810003969818354,0.0,0.0001588999293744564,0
1127,0.00016840000171214342,0.0,0.00016930000856518745,0
1128,0.00017170002683997154,0.0,0.0001727000344544649,0
1129,0.00015759991947561502,0.000367600005120039,0.0037872999673709273,1
1130,0.00040330004412680864,0.0,0.0004048000555485487,0
1131,0.0002148000057786703,0.0,0.00021590001415461302,0
1132,0.0002364999381825328,0.0,0.00023749994579702616,0
1133,0.00016820000018924475,0.0,0.00016910000704228878,0
1134,0.00015849992632865906,0.0,0.00015929993242025375,0
1135,0.00017150002531707287,0.0,0.00017230003140866756,0
1136,0.00015750003512948751,0.0,0.00015850004274398088,0
1137,0.000156699912622571,0.0,0.00015759991947561502,0
1138,0.00016930000856518745,0.0,0.00017010001465678215,0
1139,0.0001607999438419938,0.00035930005833506584,0.003850799985229969,1
1140,0.0003440000582486391,0.0,0.00034529995173215866,0
1141,0.00017120002303272486,0.0,0.00017220003064721823,0
1142,0.00018079997971653938,0.0,0.0001818999880924821,0
1143,0.00018339999951422215,0.0,0.00018440000712871552,0
1144,0.00015430001076310873,0.0,0.0001553000183776021,0
1145,0.0002866999711841345,0.0,0.00028789998032152653,0
1146,0.00021249998826533556,0.0,0.00021359999664127827,0
1147,0.00015620002523064613,0.0,0.000156999914906919,0
1148,0.00017040001694113016,0.0,0.00017140002455562353,0
1149,0.00015390000771731138,0.0004061999497935176,0.004010199918411672,1
1150,0.00035009998828172684,0.0,0.0003513999981805682,0
1151,0.00015879992861300707,0.0,0.00017200002912431955,0
1152,0.00018229999113827944,0.0,0.00018339999951422215,0
1153,0.00015600002370774746,0.0,0.000156999914906919,0
1154,0.00015239999629557133,0.0,0.00015330000314861536,0
1155,0.0001669999910518527,0.0,0.00016789999790489674,0
1156,0.00019640009850263596,0.0,0.00019729998894035816,0
1157,0.00015239999629557133,0.0,0.00015320000238716602,0
1158,0.000166199984960258,0.0,0.00016709999181330204,0
1159,0.0001542000100016594,0.000381199992261827,0.0036986999912187457,1
1160,0.00032840005587786436,0.0,0.00032979995012283325,0
1161,0.00016080006025731564,0.0,0.000161800067871809,0
1162,0.00018440000712871552,0.0,0.00018550001550465822,0
1163,0.0001634999644011259,0.0,0.00016459997277706861,0
1164,0.00015520001761615276,0.0,0.0001561999088153243,0
1165,0.00016930000856518745,0.0,0.00017030001617968082,0
1166,0.0001550000160932541,0.0,0.00015580002218484879,0
1167,0.00015510001685470343,0.0,0.00015600002370774746,0
1168,0.0001669999910518527,0.0,0.00016789999790489674,0
1169,0.00015940004959702492,0.00037210003938525915,0.0039051000494509935,1
1170,0.0004287000047042966,0.0,0.0004301000153645873,0
1171,0.00016840000171214342,0.0,0.00016939989291131496,0
1172,0.00018810003530234098,0.0,0.00018910004291683435,0
1173,0.0001591000473126769,0.0,0.00016000005416572094,0
1174,0.00015559990424662828,0.0,0.00015649991109967232,0
1175,0.00017520005349069834,0.0,0.00017610006034374237,0
1176,0.00015660002827644348,0.0,0.00015740003436803818,0
1177,0.00015580002218484879,0.0,0.00015670002903789282,0
1178,0.00016880000475794077,0.0,0.00016980001237243414,0
1179,0.00015510001685470343,0.00039489998016506433,0.003985599963925779,1
1180,0.0003375000087544322,0.0,0.0003515999997034669,0
1181,0.00020650005899369717,0.0,0.00020750006660819054,0
1182,0.00018820003606379032,0.0,0.00018930004443973303,0
1183,0.00015919993165880442,0.0,0.0001601999392732978,0
1184,0.00015790003817528486,0.0,0.00015879992861300707,0
1185,0.0001716000260785222,0.0,0.00017260003369301558,0
1186,0.00016059994231909513,0.0,0.00016149994917213917,0
1187,0.00015639991033822298,0.0,0.000157299917191267,0
1188,0.00016880000475794077,0.0,0.0001697000116109848,0
1189,0.00015580002218484879,0.00036969990469515324,0.0038062999956309795,1
1190,0.0003325000870972872,0.0,0.00033379998058080673,0
1191,0.00016109994612634182,0.0,0.00016229995526373386,0
1192,0.00018930004443973303,0.0,0.00019040005281567574,0
1193,0.0001626000739634037,0.0,0.00016360008157789707,0
1194,0.0001572000328451395,0.0,0.00015810003969818354,0
1195,0.00017149990890175104,0.0,0.00017239991575479507,0
1196,0.0001580000389367342,0.0,0.0001588000450283289,0
1197,0.00015710003208369017,0.0,0.00015820004045963287,0
1198,0.0001700000138953328,0.0,0.00017100002150982618,0
1199,0.00016130006406456232,0.0003657999914139509,0.0038652000948786736,1
1200,0.00029799994081258774,0.0,0.00029939995147287846,0
1201,0.00016559998039156199,0.0,0.00016659998800605536,0
1202,0.00018480001017451286,0.0,0.0001857999013736844,0
1203,0.00016169995069503784,0.0,0.00016259995754808187,0
1204,0.00015680002979934216,0.0,0.0001577000366523862,0
1205,0.0001713000237941742,0.0,0.00017239991575479507,0
1206,0.0001615999499335885,0.0,0.0001623999560251832,0
1207,0.00015730003360658884,0.0,0.00015820004045963287,0
1208,0.00016960001084953547,0.0,0.00017060001846402884,0
1209,0.00015650002751499414,0.0003806999884545803,0.0038339999737218022,1
1210,0.001070600003004074,0.0,0.0010721000144258142,0
1211,0.0001666999887675047,0.0,0.00016769999638199806,0
1212,0.0001911999424919486,0.0,0.0001922999508678913,0
1213,0.00016069994308054447,0.0,0.00016169995069503784,0
1214,0.00016219995450228453,0.0,0.00016309996135532856,0
1215,0.00017150002531707287,0.0,0.00017250003293156624,0
1216,0.00015790003817528486,0.0,0.0001588000450283289,0
1217,0.00015629990957677364,0.0,0.000157299917191267,0
1218,0.00017030001617968082,0.0,0.0001713000237941742,0
1219,0.00015730003360658884,0.00037350005004554987,0.0038634000811725855,1
1220,0.0003600000636652112,0.0,0.00036150007508695126,0
1221,0.00016320007853209972,0.0,0.0001642000861465931,0
1222,0.00018640002235770226,0.0,0.00018740002997219563,0
1223,0.0001601999392732978,0.0,0.0001612999476492405,0
1224,0.00015620002523064613,0.0,0.0001572000328451395,0
1225,0.00017090002074837685,0.0,0.00017200002912431955,0
1226,0.00016089994460344315,0.0,0.00016179995145648718,0
1227,0.0001553000183776021,0.0,0.00015630002599209547,0
1228,0.00016950001008808613,0.0,0.00017040001694113016,0
1229,0.00015660002827644348,0.0004232999635860324,0.004376000026240945,1
1230,0.00048019993118941784,0.0,0.00048159994184970856,0
1231,0.00020889996085315943,0.0,0.0002098999684676528,0
1232,0.00022960000205785036,0.0,0.0002305000089108944,0
1233,0.0001599000534042716,0.0,0.00016080006025731564,0
1234,0.00018649990670382977,0.0,0.0001873999135568738,0
1235,0.0001680999994277954,0.0,0.00016910000704228878,0
1236,0.0001542000100016594,0.0,0.00015520001761615276,0
1237,0.00015410000924021006,0.0,0.0001550000160932541,0
1238,0.00016639998648315668,0.0,0.00016719999257475138,0
1239,0.000152900000102818,0.0004069999558851123,0.004171899985522032,1
1240,0.00032760004978626966,0.0,0.0003288000589236617,0
1241,0.00016250007320195436,0.0,0.00016339996363967657,0
1242,0.00018610002007335424,0.0,0.00018710002768784761,0
1243,0.00015869992785155773,0.0,0.00015959993470460176,0
1244,0.00016169995069503784,0.0,0.00016259995754808187,0
1245,0.0001727000344544649,0.0,0.00017360004130750895,0
1246,0.0001583000412210822,0.0,0.00015920004807412624,0
1247,0.000157299917191267,0.0,0.00015829992480576038,0
1248,0.00017120002303272486,0.0,0.0001721000298857689,0
1249,0.00015950005035847425,0.000416700029745698,0.0039793000323697925,1
1250,0.00039620010647922754,0.0,0.00039760000072419643,0
1251,0.0001634999644011259,0.0,0.00016439997125416994,0
1252,0.0001846000086516142,0.0,0.0001857000170275569,0
1253,0.00016030005645006895,0.0,0.00016120006330311298,0
1254,0.000156999914906919,0.0,0.00015789992175996304,0
1255,0.00017010001465678215,0.0,0.00017100002150982618,0
1256,0.0002408000873401761,0.0,0.0002419000957161188,0
1257,0.00016120006330311298,0.0,0.00016210007015615702,0
1258,0.00017470004968345165,0.0,0.00017560005653649569,0
1259,0.00015789992175996304,0.0004130000015720725,0.004415699979290366,1
1260,0.00046410004142671824,0.0,0.00046550005208700895,0
1261,0.00021510000806301832,0.0,0.0002161000156775117,0
1262,0.0002391999587416649,0.0,0.00024019996635615826,0
1263,0.0002014999045059085,0.0,0.00020239991135895252,0
1264,0.00016010005492717028,0.0,0.00016110006254166365,0
1265,0.00018159998580813408,0.0,0.00018259999342262745,0
1266,0.00015950005035847425,0.0,0.0001604000572115183,0
1267,0.0001580999232828617,0.0,0.0001588999293744564,0
1268,0.00021349999587982893,0.0,0.00021440000273287296,0
1269,0.0001574999187141657,0.000408999971114099,0.004055199911817908,1
1270,0.0004776999121531844,0.0,0.00047909992281347513,0
1271,0.00021440000273287296,0.0,0.000215300009585917,0
1272,0.0002261000918224454,0.0,0.00022710009943693876,0
1273,0.00016360008157789707,0.0,0.00016439997125416994,0
1274,0.00015900004655122757,0.0,0.00015980005264282227,0
1275,0.00017290003597736359,0.0,0.00017390004359185696,0
1276,0.00015799992252141237,0.0,0.0001588999293744564,0
1277,0.0001561000244691968,0.0,0.0001569000305607915,0
1278,0.00017359992489218712,0.0,0.0001745999325066805,0
1279,0.00015590002294629812,0.0004105999832972884,0.00430389994289726,1
1280,0.000282099936157465,0.0,0.00028339994605630636,0
1281,0.00019519997294992208,0.0,0.00019619998056441545,0
1282,0.00019349996000528336,0.0,0.00019449996761977673,0
1283,0.00016010005492717028,0.0,0.0001610000617802143,0
1284,0.00015689991414546967,0.0,0.00015769992023706436,0
1285,0.00017150002531707287,0.0,0.0001724000321701169,0
1286,0.00015740003436803818,0.0,0.00015840004198253155,0
1287,0.00020899996161460876,0.0,0.00020999996922910213,0
1288,0.00023479992523789406,0.0,0.00023589993361383677,0
1289,0.00015950005035847425,0.00039870000910013914,0.004322599968872964,1
1290,0.0003114000428467989,0.0,0.0003127999370917678,0
1291,0.00018199998885393143,0.0,0.0001829999964684248,0
1292,0.00018830003682523966,0.0,0.00018940004520118237,0
1293,0.00016029994003474712,0.0,0.00016119994688779116,0
1294,0.00015760003589093685,0.0,0.0001585999270901084,0
1295,0.00017180002760142088,0.0,0.0001727000344544649,0
1296,0.00015799992252141237,0.0,0.00015899993013590574,0
1297,0.00016109994612634182,0.0,0.0001620999537408352,0
1298,0.00017030001617968082,0.0,0.00017140002455562353,0
1299,0.0001577000366523862,0.00041790003888309,0.004613800090737641,1
1300,0.0004894000012427568,0.0,0.0004909000126644969,0
1301,0.00021580001339316368,0.0,0.00021680002100765705,0
1302,0.00023819995112717152,0.0,0.0002391999587416649,0
1303,0.00022839999292045832,0.0,0.0002294000005349517,0
1304,0.00015840004198253155,0.0,0.00015940004959702492,0
1305,0.0001713999081403017,0.0,0.00017229991499334574,0
1306,0.00015810003969818354,0.0,0.00015890004578977823,0
1307,0.0001572000328451395,0.0,0.0001580000389367342,0
1308,0.00016900000628083944,0.0,0.00016990001313388348,0
1309,0.0003076000139117241,0.00038570002652704716,0.004408200038596988,1
1310,0.00044950004667043686,0.0,0.00045110005885362625,0
1311,0.00021089997608214617,0.0,0.00021189998369663954,0
1312,0.00018930004443973303,0.0,0.00019040005281567574,0
1313,0.00016160006634891033,0.0,0.00016250007320195436,0
1314,0.00015970005188137293,0.0,0.0001607000594958663,0
1315,0.0001748999347910285,0.0,0.00017579994164407253,0
1316,0.0001574999187141657,0.0,0.00015849992632865906,0
1317,0.00016169995069503784,0.0,0.0001626999583095312,0
1318,0.00017200002912431955,0.0,0.00017290003597736359,0
1319,0.0001588000450283289,0.00045140006113797426,0.004742299905046821,1
1320,0.00039870000910013914,0.0,0.00040009990334510803,0
1321,0.00024960003793239594,0.0,0.00025070004630833864,0
1322,0.00021169998217374086,0.0,0.0002253000857308507,0
1323,0.00022569997236132622,0.0,0.00022679998073726892,0
1324,0.00015810003969818354,0.0,0.0001591000473126769,0
1325,0.00018620002083480358,0.0,0.00018720002844929695,0
1326,0.00016169995069503784,0.0,0.00016249995678663254,0
1327,0.00016109994612634182,0.0,0.0001620999537408352,0
1328,0.000179499969817698,0.0,0.00018039997667074203,0
1329,0.00016219995450228453,0.0003388000186532736,0.00451729993801564,1
1330,0.0004491000436246395,0.0,0.0004507000558078289,0
1331,0.00019040005281567574,0.0,0.00019150006119161844,0
1332,0.00021260010544210672,0.0,0.00021359999664127827,0
1333,0.0002579999854788184,0.0,0.0002590999938547611,0
1334,0.000166199984960258,0.0,0.00016739999409765005,0
1335,0.00019920000340789557,0.0,0.00020039989612996578,0
1336,0.00016339996363967657,0.0,0.0001642999704927206,0
1337,0.0001623999560251832,0.0,0.00016339996363967657,0
1338,0.00019829999655485153,0.0,0.00019920000340789557,0
1339,0.00016589998267591,0.00045629998203366995,0.004904599976725876,1
1340,0.0005134999519214034,0.0,0.0005152999656274915,0
1341,0.0002997000701725483,0.0,0.00030090007930994034,0
1342,0.0003326000878587365,0.0,0.00033389998134225607,0
1343,0.00017849996220320463,0.0,0.000179499969817698,0
1344,0.00017200002912431955,0.0,0.00017290003597736359,0
1345,0.00027439999394118786,0.0,0.0002756000030785799,0
1346,0.0001697000116109848,0.0,0.00017070001922547817,0
1347,0.00016719999257475138,0.0,0.0001680999994277954,0
1348,0.00028659997042268515,0.0,0.00028769997879862785,0
1349,0.00017250003293156624,0.00048449996393173933,0.005511400057002902,1
1350,0.0005839000223204494,0.0,0.0005867000436410308,0
1351,0.00047500000800937414,0.0,0.00047720002476125956,0
1352,0.0004358000587671995,0.0,0.00043730007018893957,0
1353,0.00045029993634670973,0.0,0.00045219995081424713,0
1354,0.0004005000228062272,0.0,0.0004023999208584428,0
1355,0.00038270000368356705,0.0,0.0003842998994514346,0
1356,0.00048509996850043535,0.0,0.00048699998296797276,0
1357,0.00039519998244941235,0.0,0.0003969999961555004,0
1358,0.00037430005613714457,0.0,0.00037590006832033396,0
1359,0.00047450000420212746,0.0005248000379651785,0.006132000009529293,1
1360,0.0005437999498099089,0.0,0.0005453999619930983,0
1361,0.0002261999761685729,0.0,0.00022739998530596495,0
1362,0.00025209994055330753,0.0,0.0002532999496906996,0
1363,0.00020789995323866606,0.0,0.0002090999623760581,0
1364,0.00016980001237243414,0.0,0.00017079990357160568,0
1365,0.00021319999359548092,0.0,0.00021410000044852495,0
1366,0.0001824999926611781,0.0,0.00018350000027567148,0
1367,0.00016299996059387922,0.0,0.00016389996744692326,0
1368,0.00018339999951422215,0.0,0.00018450000789016485,0
1369,0.00016409996896982193,0.0003355999942868948,0.005355400033295155,1
1370,0.000511299935169518,0.0,0.0005135999526828527,0
1371,0.0003504999913275242,0.0,0.00035230000503361225,0
1372,0.00038240000139921904,0.0,0.00038400001358240843,0
1373,0.0003491999814286828,0.0,0.00035089999437332153,0
1374,0.00045030005276203156,0.0,0.0004521000664681196,0
1375,0.0004731999943032861,0.0,0.0004749000072479248,0
1376,0.000354600022546947,0.0,0.0003562000347301364,0
1377,0.0003306000726297498,0.0,0.00033220008481293917,0
1378,0.0004838999593630433,0.0,0.0004854999715462327,0
1379,0.00024239998310804367,0.0011641000164672732,0.006248499965295196,1
1380,0.0005113999359309673,0.0,0.0005131999496370554,0
1381,0.0002017999067902565,0.0,0.00020299991592764854,0
1382,0.0002036000369116664,0.0,0.00020460004452615976,0
1383,0.00016759999562054873,0.0,0.00016870000399649143,0
1384,0.0001642999704927206,0.0,0.00016519997734576464,0
1385,0.00017849996220320463,0.0,0.00017959997057914734,0
1386,0.00017809995915740728,0.0,0.00017909996677190065,0
1387,0.00016289995983242989,0.0,0.00016379996668547392,0
1388,0.0001767999492585659,0.0,0.00017779995687305927,0
1389,0.00016259995754808187,0.00033109996002167463,0.004686799948103726,1
1390,0.000453700078651309,0.0,0.00045520009007304907,0
1391,0.00023300002794712782,0.0,0.00023410003632307053,0
1392,0.00029009999707341194,0.0,0.00029120000544935465,0
1393,0.0001764999469742179,0.0,0.0001775999553501606,0
1394,0.00016050005797296762,0.0,0.0001612999476492405,0
1395,0.0002691000699996948,0.0,0.0002701000776141882,0
1396,0.00018550001550465822,0.0,0.0001865000231191516,0
1397,0.0001954999752342701,0.0,0.00019639998208731413,0
1398,0.0002769998973235488,0.0,0.0002782999072223902,0
1399,0.00016990001313388348,0.00043130002450197935,0.005544299958273768,1
1400,0.00028069992549717426,0.0,0.00028199993539601564,0
1401,0.00023719994351267815,0.0,0.00023829995188862085,0
1402,0.0002145000034943223,0.0,0.000215600011870265,0
1403,0.0002063000574707985,0.0,0.00020730006508529186,0
1404,0.0001721999142318964,0.0,0.0001732999226078391,0
1405,0.0001990000018849969,0.0,0.00021269998978823423,0
1406,0.00020999996922910213,0.0,0.00021089997608214617,0
1407,0.0001895999303087592,0.0,0.00020299991592764854,0
1408,0.0002991999499499798,0.0,0.0003002999583259225,0
1409,0.00017030001617968082,0.0003803999861702323,0.005389200057834387,1
1410,0.00045229995157569647,0.0,0.00045359996147453785,0
1411,0.00016540009528398514,0.0,0.00016650010365992785,0
1412,0.00021059997379779816,0.0,0.00021169998217374086,0
1413,0.00017500005196779966,0.0,0.00017600005958229303,0
1414,0.00018880004063248634,0.0,0.0001898000482469797,0
1415,0.00021839991677552462,0.0,0.00021929992362856865,0
1416,0.00015819992404431105,0.0,0.00015919993165880442,0
1417,0.00020760006736963987,0.0,0.0002085000742226839,0
1418,0.0002503000432625413,0.0,0.00025120005011558533,0
1419,0.00020920007955282927,0.00047560001257807016,0.005037399940192699,1
1420,0.00033549999352544546,0.0,0.00033680000342428684,0
1421,0.00024919991847127676,0.0,0.0002500999253243208,0
1422,0.00027730001602321863,0.0,0.000278300023637712,0
1423,0.00025679997634142637,0.0,0.0002576999831944704,0
1424,0.00018820003606379032,0.0,0.00018910004291683435,0
1425,0.00019299995619803667,0.0,0.0001938999630510807,0
1426,0.00017339992336928844,0.0,0.00017439993098378181,0
1427,0.0001580000389367342,0.0,0.0001588000450283289,0
1428,0.00019020005129277706,0.0,0.00019130005966871977,0
1429,0.00021240010391920805,0.0003635999746620655,0.0048961000284180045,1
1430,0.00043919996824115515,0.0,0.00044079998042434454,0
1431,0.0002196000423282385,0.0,0.00022059993352741003,0
1432,0.00035610003396868706,0.0,0.00035710004158318043,0
1433,0.0001802000915631652,0.0,0.00018120009917765856,0
1434,0.00026840006466954947,0.0,0.00026940007228404284,0
1435,0.00020700006280094385,0.0,0.00020810007117688656,0
1436,0.00015890004578977823,0.0,0.00015980005264282227,0
1437,0.0001580999232828617,0.0,0.0001588999293744564,0
1438,0.00023120001424103975,0.0,0.00023230002261698246,0
1439,0.00017179991118609905,0.00044810003601014614,0.004993399954400957,1
1440,0.00045309995766729116,0.0,0.0004545999690890312,0
1441,0.00023199990391731262,0.0,0.000232999911531806,0
1442,0.0003010999644175172,0.0,0.00030229997355490923,0
1443,0.00022929999977350235,0.0,0.00023030000738799572,0
1444,0.00023659993894398212,0.0,0.0002375999465584755,0
1445,0.00023829995188862085,0.0,0.00023929995950311422,0
1446,0.00015799992252141237,0.0,0.00015879992861300707,0
1447,0.00020410004071891308,0.0,0.00020510004833340645,0
1448,0.0002028000308200717,0.0,0.00020370003767311573,0
1449,0.000157299917191267,0.00042690010741353035,0.005285599967464805,1
1450,0.00048459996469318867,0.0,0.00048619997687637806,0
1451,0.00021769991144537926,0.0,0.00021869991905987263,0
1452,0.00029420002829283476,0.0,0.0002954000374302268,0
1453,0.00017680006567388773,0.0,0.00017770007252693176,0
1454,0.00019640009850263596,0.0,0.0001973999897018075,0
1455,0.00028769997879862785,0.0,0.0002886999864131212,0
1456,0.00017170002683997154,0.0,0.0001727000344544649,0
1457,0.00015700003132224083,0.0,0.00015780003741383553,0
1458,0.00020359992049634457,0.0,0.0002044999273493886,0
1459,0.00019609997980296612,0.0004502000520005822,0.004869400057941675,1
1460,0.000421999953687191,0.0,0.00042339996434748173,0
1461,0.0002229000674560666,0.0,0.00022390007507055998,0
1462,0.00024750002194195986,0.0,0.00024860003031790257,0
1463,0.0001689000055193901,0.0,0.00016990001313388348,0
1464,0.00017300003673881292,0.0,0.00017390004359185696,0
1465,0.00017879996448755264,0.0,0.00017969997134059668,0
1466,0.0001623999560251832,0.0,0.00016339996363967657,0
1467,0.00016179995145648718,0.0,0.0001626999583095312,0
1468,0.00017579994164407253,0.0,0.00017689995002001524,0
1469,0.0001716000260785222,0.0009245999390259385,0.0053603999549523,1
1470,0.0002831000601872802,0.0,0.0002845000708475709,0
1471,0.0001898000482469797,0.0,0.00019090005662292242,0
1472,0.00019139994401484728,0.0,0.00019249995239078999,0
1473,0.00016029994003474712,0.0,0.0001612999476492405,0
1474,0.00019759999122470617,0.0,0.0001984999980777502,0
1475,0.00017179991118609905,0.0,0.00017279991880059242,0
1476,0.00015700003132224083,0.0,0.00015780003741383553,0
1477,0.00015600002370774746,0.0,0.00015680002979934216,0
1478,0.00017010001465678215,0.0,0.00017100002150982618,0
1479,0.00015630002599209547,0.000408999971114099,0.004518900066614151,1
1480,0.00029180001001805067,0.0,0.00029310001991689205,0
1481,0.0001781000755727291,0.0,0.00017900008242577314,0
1482,0.00023490004241466522,0.0,0.0002359000500291586,0
1483,0.00017230003140866756,0.0,0.0001732000382617116,0
1484,0.0001569000305607915,0.0,0.00015780003741383553,0
1485,0.00019839999731630087,0.0,0.0001993000041693449,0
1486,0.00015730003360658884,0.0,0.00015820004045963287,0
1487,0.0001564000267535448,0.0,0.00015740003436803818,0
1488,0.00022719998378306627,0.0,0.0002280999906361103,0
1489,0.0001580000389367342,0.00036509998608380556,0.004734199959784746,1
1490,0.0002829000586643815,0.0,0.00028440007008612156,0
1491,0.00017879996448755264,0.0,0.00017989997286349535,0
1492,0.00022140005603432655,0.0,0.0002223999472334981,0
1493,0.00016220007091760635,0.0,0.00016309996135532856,0
1494,0.0001588000450283289,0.0,0.0001759000588208437,0
1495,0.0002237000735476613,0.0,0.00022470008116215467,0
1496,0.00017420004587620497,0.0,0.000175100052729249,0
1497,0.00015860004350543022,0.0,0.00015950005035847425,0
1498,0.00017309992108494043,0.0,0.00017399992793798447,0
1499,0.00015890004578977823,0.0003741999389603734,0.004823000053875148,1
1500,0.00029340002220124006,0.0,0.00029470003210008144,0
1501,0.00022879999596625566,0.0,0.00022980000358074903,0
1502,0.00022279995027929544,0.0,0.0002239999594166875,0
1503,0.0001970999874174595,0.0,0.00019809999503195286,0
1504,0.00016130006406456232,0.0,0.00016220007091760635,0
1505,0.00021510000806301832,0.0,0.00021609989926218987,0
1506,0.00025340006686747074,0.0,0.0002543999580666423,0
1507,0.00021269998978823423,0.0,0.0002136999974027276,0
1508,0.00024960003793239594,0.0,0.00025049992837011814,0
1509,0.00016589998267591,0.00035260000731796026,0.004324199981056154,1
1510,0.00034730008337646723,0.0,0.0003488999791443348,0
1511,0.00021680002100765705,0.0,0.00021790002938359976,0
1512,0.0002419000957161188,0.0,0.00024309998843818903,0
1513,0.00022369995713233948,0.0,0.00022479996550828218,0
1514,0.00016069994308054447,0.0,0.0001615999499335885,0
1515,0.00020070001482963562,0.0,0.000202000024728477,0
1516,0.0002191000385209918,0.0,0.00022030004765838385,0
1517,0.0001729999203234911,0.0,0.00017399992793798447,0
1518,0.0003053999971598387,0.0,0.0003068000078201294,0
1519,0.00022050004918128252,0.00030319998040795326,0.004085300024598837,1
1520,0.0003218000056222081,0.0,0.0003234000178053975,0
1521,0.00022470008116215467,0.0,0.00022580008953809738,0
1522,0.0002463000128045678,0.0,0.00024750002194195986,0
1523,0.00017090002074837685,0.0,0.00017190002836287022,0
1524,0.00016579998191446066,0.0,0.00016679998952895403,0
1525,0.00018039997667074203,0.0,0.00018149998504668474,0
1526,0.00016439997125416994,0.0,0.00016529997810721397,0
1527,0.00016249995678663254,0.0,0.00016329996287822723,0
1528,0.00018799991812556982,0.0,0.0001889999257400632,0
1529,0.0001639999682083726,0.000301100080832839,0.0038524999981746078,1
1530,0.0003114000428467989,0.0,0.00031299993861466646,0
1531,0.00022329995408654213,0.0,0.00022449996322393417,0
1532,0.0002479000249877572,0.0,0.0002490000333636999,0
1533,0.00017900008242577314,0.0,0.00018010009080171585,0
1534,0.00016799999866634607,0.0,0.00016900000628083944,0
1535,0.0001824999926611781,0.0,0.00018339999951422215,0
1536,0.00016309996135532856,0.0,0.0001639999682083726,0
1537,0.00016259995754808187,0.0,0.0001634999644011259,0
1538,0.00017699995078146458,0.0,0.0001778999576345086,0
1539,0.00017169991042464972,0.00028909998945891857,0.004113300004974008,1
1540,0.00042729999404400587,0.0,0.0004292998928576708,0
1541,0.00039930001366883516,0.0,0.0004007000243291259,0
1542,0.00025070004630833864,0.0,0.00025200005620718,0
1543,0.00017039990052580833,0.0,0.0001713999081403017,0
1544,0.00016599998343735933,0.0,0.0001669999910518527,0
1545,0.000179799972102046,0.0,0.00018069997895509005,0
1546,0.0001634999644011259,0.0,0.00016459997277706861,0
1547,0.00017339992336928844,0.0,0.00017439993098378181,0
1548,0.00017819995991885662,0.0,0.00017919996753335,0
1549,0.00016439997125416994,0.00030049995984882116,0.003954199957661331,1
1550,0.0002615000121295452,0.0,0.00026290002278983593,0
1551,0.00016840000171214342,0.0,0.0001694000093266368,0
1552,0.00019489997066557407,0.0,0.00019609997980296612,0
1553,0.00018590001855045557,0.0,0.00018690002616494894,0
1554,0.0001642999704927206,0.0,0.0001650999765843153,0
1555,0.00017899996601045132,0.0,0.00018009997438639402,0
1556,0.0001631999621167779,0.0,0.00016409996896982193,0
1557,0.00016219995450228453,0.0,0.00016309996135532856,0
1558,0.00017709995154291391,0.0,0.00017799995839595795,0
1559,0.0001680999994277954,0.0002927999012172222,0.003941699978895485,1
1560,0.00026620004791766405,0.0,0.00026750005781650543,0
1561,0.0001700000138953328,0.0,0.00017110002227127552,0
1562,0.0001943999668583274,0.0,0.00019559997599571943,0
1563,0.00017709995154291391,0.0,0.00017809995915740728,0
1564,0.00015909993089735508,0.0,0.0001599999377503991,0
1565,0.00020999996922910213,0.0,0.0002109999768435955,0
1566,0.0001585999270901084,0.0,0.00015959993470460176,0
1567,0.00015840004198253155,0.0,0.00015930004883557558,0
1568,0.00017110002227127552,0.0,0.0001721000298857689,0
1569,0.0001572000328451395,0.0003276999341323972,0.004292599973268807,1
1570,0.00035740004386752844,0.0,0.0003586000530049205,0
1571,0.00019029993563890457,0.0,0.00019129994325339794,0
1572,0.00018279999494552612,0.0,0.0001838000025600195,0
1573,0.00015519990120083094,0.0,0.00015609990805387497,0
1574,0.00015400000847876072,0.0,0.00015490001533180475,0
1575,0.00020229991059750319,0.0,0.00020319991745054722,0
1576,0.0001537000061944127,0.0,0.0001545000122860074,0
1577,0.0001514999894425273,0.0,0.00015239999629557133,0
1578,0.00016510009299963713,0.0,0.00016600009985268116,0
1579,0.00015259999781847,0.0003237000200897455,0.004504400072619319,1
1580,0.00034339993726462126,0.0,0.0003445999464020133,0
1581,0.0001973999897018075,0.0,0.00019839999731630087,0
1582,0.00019239995162934065,0.0,0.00019339995924383402,0
1583,0.0001990000018849969,0.0,0.00020000000949949026,0
1584,0.00014410004951059818,0.0,0.00014490005560219288,0
1585,0.00017809995915740728,0.0,0.00017909996677190065,0
1586,0.00016089994460344315,0.0,0.00016179995145648718,0
1587,0.00014399993233382702,0.0,0.00014479993842542171,0
1588,0.0001775000710040331,0.0,0.0001783999614417553,0
1589,0.00019419996533542871,0.000425900099799037,0.00482570007443428,1
1590,0.00034849997609853745,0.0,0.0003497999859973788,0
1591,0.00018710002768784761,0.0,0.00018800003454089165,0
1592,0.00018239999189972878,0.0,0.00018339999951422215,0
1593,0.0001553000183776021,0.0,0.00015620002523064613,0
1594,0.00015300000086426735,0.0,0.00015380000695586205,0
1595,0.00021029997151345015,0.0,0.00021109997760504484,0
1596,0.00015439989510923624,0.0,0.00015529990196228027,0
1597,0.00015320000238716602,0.0,0.00015390000771731138,0
1598,0.00016579998191446066,0.0,0.0001666999887675047,0
1599,0.00015169999096542597,0.0005194999976083636,0.0053041999926790595,1
1600,0.0003151999553665519,0.0,0.00031669996678829193,0
1601,0.00021440000273287296,0.0,0.000215300009585917,0
1602,0.0002172000240534544,0.0,0.0002183000324293971,0
1603,0.0001669999910518527,0.0,0.00016789999790489674,0
1604,0.00015259999781847,0.0,0.0001534000039100647,0
1605,0.0002690000692382455,0.0,0.0002698000753298402,0
1606,0.00015330000314861536,0.0,0.0001542000100016594,0
1607,0.00015300000086426735,0.0,0.00015380000695586205,0
1608,0.0001965999836102128,0.0,0.00019749999046325684,0
1609,0.00015249999705702066,0.0004754000110551715,0.004637300036847591,1
1610,0.00036780000664293766,0.0,0.00036910001654177904,0
1611,0.00017399992793798447,0.0,0.00017499993555247784,0
1612,0.00018690002616494894,0.0,0.00018780003301799297,0
1613,0.0001553000183776021,0.0,0.00015620002523064613,0
1614,0.0001534000039100647,0.0,0.00015430001076310873,0
1615,0.00016599998343735933,0.0,0.0001669999910518527,0
1616,0.00015249999705702066,0.0,0.0001534000039100647,0
1617,0.0001517999917268753,0.0,0.00015259999781847,0
1618,0.000202300027012825,0.0,0.00020319991745054722,0
1619,0.0001542000100016594,0.0004278999986127019,0.004783799988217652,1
1620,0.00034179992508143187,0.0,0.00034309993498027325,0
1621,0.00016339996363967657,0.0,0.00016439997125416994,0
1622,0.00018669990822672844,0.0,0.00018759991507977247,0
1623,0.00016020005568861961,0.0,0.00016120006330311298,0
1624,0.00018289999570697546,0.0,0.00018390000332146883,0
1625,0.00017539993859827518,0.0,0.00017639994621276855,0
1626,0.0001583000412210822,0.0,0.00015920004807412624,0
1627,0.0001572000328451395,0.0,0.00015820004045963287,0
1628,0.00016980001237243414,0.0,0.00017070001922547817,0
1629,0.0001572000328451395,0.00039840000681579113,0.004301700042560697,1
1630,0.0003364000003784895,0.0,0.00033790001180022955,0
1631,0.000215300009585917,0.0,0.00021650001872330904,0
1632,0.00023669993970543146,0.0,0.00023779994808137417,0
1633,0.00016960001084953547,0.0,0.00017060001846402884,0
1634,0.00015950005035847425,0.0,0.00016060005873441696,0
1635,0.00017169991042464972,0.0,0.00017269991803914309,0
1636,0.00015780003741383553,0.0,0.0001588000450283289,0
1637,0.00015730003360658884,0.0,0.00015810003969818354,0
1638,0.0001705000177025795,0.0,0.00017140002455562353,0
1639,0.00016160006634891033,0.00039469997864216566,0.004549100063741207,1
1640,0.0003621999640017748,0.0,0.0003635999746620655,0
1641,0.00021430000197142363,0.0,0.000215300009585917,0
1642,0.00018169998656958342,0.0,0.00019529997371137142,0
1643,0.00015499989967793226,0.0,0.00015599990729242563,0
1644,0.00015259999781847,0.0,0.0001534000039100647,0
1645,0.00016649998724460602,0.0,0.0001674999948590994,0
1646,0.0001534998882561922,0.0,0.00015439989510923624,0
1647,0.00024039996787905693,0.0,0.00024189997930079699,0
1648,0.0002641999162733555,0.0,0.00026539992541074753,0
1649,0.00016339996363967657,0.00037100003100931644,0.006599299958907068,1
1650,0.0003972999984398484,0.0,0.0003986000083386898,0
1651,0.0002172000240534544,0.0,0.00021820003166794777,0
1652,0.00023999996483325958,0.0,0.0002410999732092023,0
1653,0.00016789999790489674,0.0,0.00016900000628083944,0
1654,0.0001610000617802143,0.0,0.00016190006863325834,0
1655,0.00017310003750026226,0.0,0.00017410004511475563,0
1656,0.00015849992632865906,0.0,0.0001593999331817031,0
1657,0.0001577000366523862,0.0,0.00015860004350543022,0
1658,0.00017150002531707287,0.0,0.0001724000321701169,0
1659,0.00016299996059387922,0.000408999971114099,0.004378299927338958,1
1660,0.00033199996687471867,0.0,0.0003331999760121107,0
1661,0.00016169995069503784,0.0,0.0001626999583095312,0
1662,0.0002164999023079872,0.0,0.00021739990916103125,0
1663,0.0001724000321701169,0.0,0.00017340003978461027,0
1664,0.00015670002903789282,0.0,0.00015750003512948751,0
1665,0.0001697000116109848,0.0,0.0001705000177025795,0
1666,0.0001561000244691968,0.0,0.0001569000305607915,0
1667,0.00015470001380890608,0.0,0.00015540001913905144,0
1668,0.00020790006965398788,0.0,0.00020880007650703192,0
1669,0.00015710003208369017,0.0003963999915868044,0.004712900030426681,1
1670,0.000354300020262599,0.0,0.0003736000508069992,0
1671,0.00017339992336928844,0.0,0.00017439993098378181,0
1672,0.00018069997895509005,0.0,0.00018159998580813408,0
1673,0.00015510001685470343,0.0,0.00015609990805387497,0
1674,0.0001517999917268753,0.0,0.00015259999781847,0
1675,0.00023410003632307053,0.0,0.00023500004317611456,0
1676,0.00015269999857991934,0.0,0.00015360000543296337,0
1677,0.00015249999705702066,0.0,0.0001534000039100647,0
1678,0.00016469997353851795,0.0,0.00016569998115301132,0
1679,0.00015159999020397663,0.0004456999013200402,0.0045822999672964215,1
1680,0.0003330999752506614,0.0,0.00033439998514950275,0
1681,0.00016920000780373812,0.0,0.00017040001694113016,0
1682,0.00018670002464205027,0.0,0.00018780003301799297,0
1683,0.00016300007700920105,0.0,0.00016390008386224508,0
1684,0.00015540001913905144,0.0,0.00015620002523064613,0
1685,0.00016920000780373812,0.0,0.0001702000154182315,0
1686,0.0001564000267535448,0.0,0.00015730003360658884,0
1687,0.00015410000924021006,0.0,0.0001550000160932541,0
1688,0.00016719999257475138,0.0,0.00016820000018924475,0
1689,0.00016010005492717028,0.00040019990410655737,0.004535599960945547,1
1690,0.0007836999138817191,0.0,0.0007852999260649085,0
1691,0.0002481999108567834,0.0,0.0002492999192327261,0
1692,0.0003200999926775694,0.0,0.0003212000010535121,0
1693,0.00017259991727769375,0.0,0.00017359992489218712,0
1694,0.0001604999415576458,0.0,0.00016139994841068983,0
1695,0.00017470004968345165,0.0,0.00017580005805939436,0
1696,0.00015750003512948751,0.0,0.0001583000412210822,0
1697,0.0001574999187141657,0.0,0.00015839992556720972,0
1698,0.00017060001846402884,0.0,0.0001716000260785222,0
1699,0.00016620010137557983,0.00042529997881501913,0.004562300047837198,1
1700,0.00034630007576197386,0.0,0.0003475999692454934,0
1701,0.00016389996744692326,0.0,0.00016489997506141663,0
1702,0.0001946999691426754,0.0,0.0001957999775186181,0
1703,0.00015979993622750044,0.0,0.0001607999438419938,0
1704,0.00015710003208369017,0.0,0.00015810003969818354,0
1705,0.00017120002303272486,0.0,0.00017220003064721823,0
1706,0.00015730003360658884,0.0,0.0001583000412210822,0
1707,0.00015540001913905144,0.0,0.0001599000534042716,0
1708,0.0001721000298857689,0.0,0.00017300003673881292,0
1709,0.00015750003512948751,0.0003708999138325453,0.004432399990037084,1
1710,0.0003353999927639961,0.0,0.0003367000026628375,0
1711,0.00017680006567388773,0.0,0.00017790007404983044,0
1712,0.0001876000314950943,0.0,0.00018860003910958767,0
1713,0.00015979993622750044,0.0,0.0001607999438419938,0
1714,0.00015799992252141237,0.0,0.00015899993013590574,0
1715,0.00017170002683997154,0.0,0.0001727000344544649,0
1716,0.00017889996524900198,0.0,0.00017989997286349535,0
1717,0.00015670002903789282,0.0,0.00015760003589093685,0
1718,0.00017010001465678215,0.0,0.00017100002150982618,0
1719,0.00015740003436803818,0.0004066999536007643,0.004635800025425851,1
1720,0.0003459000727161765,0.0,0.00034730008337646723,0
1721,0.00016410008538514376,0.0,0.00016510009299963713,0
1722,0.00018720002844929695,0.0,0.00018820003606379032,0
1723,0.00016059994231909513,0.0,0.00016139994841068983,0
1724,0.00016359996516257524,0.0,0.00016449997201561928,0
1725,0.00017229991499334574,0.0,0.00017319992184638977,0
1726,0.00015700003132224083,0.0,0.0001580000389367342,0
1727,0.00015620002523064613,0.0,0.0001572000328451395,0
1728,0.00016990001313388348,0.0,0.00017090002074837685,0
1729,0.00015590002294629812,0.00041199999395757914,0.00467310007661581,1
1730,0.0003347999881953001,0.0,0.00033599999733269215,0
1731,0.00021299999207258224,0.0,0.00021399999968707561,0
1732,0.00018560001626610756,0.0,0.0001865000231191516,0
1733,0.00015649991109967232,0.0,0.00015739991795271635,0
1734,0.0001537000061944127,0.0,0.00015460001304745674,0
1735,0.00016840000171214342,0.0,0.00016930000856518745,0
1736,0.00015400000847876072,0.0,0.00015490001533180475,0
1737,0.0001577000366523862,0.0,0.00015860004350543022,0
1738,0.0001650000922381878,0.0,0.00016589998267591,0
1739,0.00015279999934136868,0.0004270999925211072,0.005201700027100742,1
1740,0.0004035000456497073,0.0,0.0004048000555485487,0
1741,0.00020610005594789982,0.0,0.0002071000635623932,0
1742,0.00019050005357712507,0.0,0.0001914000604301691,0
1743,0.00016020005568861961,0.0,0.00016110006254166365,0
1744,0.00015689991414546967,0.0,0.0001577999209985137,0
1745,0.0001727000344544649,0.0,0.00017360004130750895,0
1746,0.00015780003741383553,0.0,0.00015870004426687956,0
1747,0.00015979993622750044,0.0,0.00016059994231909513,0
1748,0.00016960001084953547,0.0,0.00017040001694113016,0
1749,0.0001564000267535448,0.0004023000365123153,0.00480800005607307,1
1750,0.0003674000035971403,0.0,0.00036880001425743103,0
1751,0.00016329996287822723,0.0,0.0001642999704927206,0
1752,0.00018619990441948175,0.0,0.00018729991279542446,0
1753,0.00015930004883557558,0.0,0.00016020005568861961,0
1754,0.00016430008690804243,0.0,0.00016529997810721397,0
1755,0.000179499969817698,0.0,0.00018049997743219137,0
1756,0.00015980005264282227,0.0,0.0001607000594958663,0
1757,0.00015730003360658884,0.0,0.00015820004045963287,0
1758,0.00017199991270899773,0.0,0.0001729999203234911,0
1759,0.00016339996363967657,0.0004096999764442444,0.0047194999642670155,1
1760,0.00033740000799298286,0.0,0.0003386000171303749,0
1761,0.00021279999054968357,0.0,0.00021379999816417694,0
1762,0.00018209998961538076,0.0,0.00018319999799132347,0
1763,0.00015620002523064613,0.0,0.00015710003208369017,0
1764,0.00015259999781847,0.0,0.00015360000543296337,0
1765,0.00016590009909123182,0.0,0.00016679998952895403,0
1766,0.00015279999934136868,0.0,0.0001537000061944127,0
1767,0.00023459992371499538,0.0,0.00023549993056803942,0
1768,0.00016789999790489674,0.0,0.0001689000055193901,0
1769,0.00015360000543296337,0.00045709998812526464,0.004879499902017415,1
1770,0.000332699972204864,0.0,0.00033389998134225607,0
1771,0.00020830007269978523,0.0,0.00020940008107572794,0
1772,0.00019050005357712507,0.0,0.00019150006119161844,0
1773,0.00016119994688779116,0.0,0.0001620999537408352,0
1774,0.0001588999293744564,0.0,0.00015979993622750044,0
1775,0.0001721000298857689,0.0,0.00017300003673881292,0
1776,0.00015750003512948751,0.0,0.0001583000412210822,0
1777,0.000157299917191267,0.0,0.00015819992404431105,0
1778,0.00017450004816055298,0.0,0.000175400055013597,0
1779,0.00015620002523064613,0.00039629999082535505,0.004530700040049851,1
1780,0.0003942999755963683,0.0,0.0003955999854952097,0
1781,0.00016519997734576464,0.0,0.000166199984960258,0
1782,0.0001884999219328165,0.0,0.0001895999303087592,0
1783,0.0001596000511199236,0.0,0.00016050005797296762,0
1784,0.0001577000366523862,0.0,0.00015860004350543022,0
1785,0.0001713999081403017,0.0,0.00017229991499334574,0
1786,0.00016259995754808187,0.0,0.0001634999644011259,0
1787,0.00015680002979934216,0.0,0.0001577000366523862,0
1788,0.00017060001846402884,0.0,0.0001716000260785222,0
1789,0.00015819992404431105,0.00039850000757724047,0.004691599984653294,1
1790,0.00039549998473376036,0.0,0.00039679999463260174,0
1791,0.00019290007185190916,0.0,0.00019390007946640253,0
1792,0.00018530001398175955,0.0,0.00018620002083480358,0
1793,0.000193099956959486,0.0,0.00019399996381253004,0
1794,0.00015320000238716602,0.0,0.00015410000924021006,0
1795,0.00016789999790489674,0.0,0.00016880000475794077,0
1796,0.00015330000314861536,0.0,0.0001542000100016594,0
1797,0.00015249999705702066,0.0,0.00015330000314861536,0
1798,0.00016559998039156199,0.0,0.00016649998724460602,0
1799,0.00015850004274398088,0.00042729999404400587,0.0049526001093909144,1
1800,0.000332399969920516,0.0,0.0003336999798193574,0
1801,0.00019249995239078999,0.0,0.00019349996000528336,0
1802,0.0001805999781936407,0.0,0.00018159998580813408,0
1803,0.0001550000160932541,0.0,0.00015590002294629812,0
1804,0.0001517999917268753,0.0,0.00015259999781847,0
1805,0.0001705000177025795,0.0,0.0001713999081403017,0
1806,0.00015320000238716602,0.0,0.00015400000847876072,0
1807,0.00015089998487383127,0.0,0.0001517999917268753,0
1808,0.0001642999704927206,0.0,0.0001650999765843153,0
1809,0.0001537000061944127,0.0004472000291571021,0.00504360010381788,1
1810,0.0004724999889731407,0.0,0.0004737999988719821,0
1811,0.00016170006711035967,0.0,0.00016270007472485304,0
1812,0.00020400003995746374,0.0,0.00020510004833340645,0
1813,0.00017220003064721823,0.0,0.00017319992184638977,0
1814,0.0001556000206619501,0.0,0.0001564000267535448,0
1815,0.00023210002109408379,0.0,0.00023310002870857716,0
1816,0.0001689000055193901,0.0,0.0001697000116109848,0
1817,0.0001534000039100647,0.0,0.0001542000100016594,0
1818,0.0001868000254034996,0.0,0.0001876000314950943,0
1819,0.0001680999994277954,0.00039989990182220936,0.005025399965234101,1
1820,0.00039199995808303356,0.0,0.0003933999687433243,0
1821,0.0001591000473126769,0.0,0.00016000005416572094,0
1822,0.00018049997743219137,0.0,0.00018159998580813408,0
1823,0.00015440001152455807,0.0,0.0001553999027237296,0
1824,0.00015330000314861536,0.0,0.00015410000924021006,0
1825,0.00016559998039156199,0.0,0.00016639998648315668,0
1826,0.00018779991660267115,0.0,0.00018859992269426584,0
1827,0.00015199999324977398,0.0,0.00015279999934136868,0
1828,0.00016559998039156199,0.0,0.00016649998724460602,0
1829,0.00015310000162571669,0.0004428999964147806,0.0049989999970421195,1
1830,0.0003611999563872814,0.0,0.0003624999662861228,0
1831,0.0001634999644011259,0.0,0.00016449997201561928,0
1832,0.0002883000997826457,0.0,0.0002894001081585884,0
1833,0.0001650999765843153,0.0,0.00016599998343735933,0
1834,0.00015930004883557558,0.0,0.00016020005568861961,0
1835,0.0001732000382617116,0.0,0.00017420004587620497,0
1836,0.0001604999415576458,0.0,0.00016149994917213917,0
1837,0.00016309996135532856,0.0,0.0001639999682083726,0
1838,0.00017129990737885237,0.0,0.00017229991499334574,0
1839,0.00015860004350543022,0.00040209991857409477,0.004673399962484837,1
1840,0.00036339997313916683,0.0,0.00036479998379945755,0
1841,0.00016139994841068983,0.0,0.00016229995526373386,0
1842,0.0001873999135568738,0.0,0.0001884999219328165,0
1843,0.00016039994079619646,0.0,0.00016139994841068983,0
1844,0.00016309996135532856,0.0,0.00016409996896982193,0
1845,0.00016990001313388348,0.0,0.00017090002074837685,0
1846,0.00015649991109967232,0.0,0.0001574999187141657,0
1847,0.0001553000183776021,0.0,0.00015620002523064613,0
1848,0.00016929989214986563,0.0,0.000170299899764359,0
1849,0.00015660002827644348,0.0003974999999627471,0.004736899980343878,1
1850,0.00033820001408457756,0.0,0.0003396000247448683,0
1851,0.00020929996389895678,0.0,0.00021029997151345015,0
1852,0.00018179998733103275,0.0,0.00018279999494552612,0
1853,0.0001556000206619501,0.0,0.00015650002751499414,0
1854,0.0001534000039100647,0.0,0.00015430001076310873,0
1855,0.00016799999866634607,0.0,0.00016899988986551762,0
1856,0.00015430001076310873,0.0,0.00015520001761615276,0
1857,0.00018839992117136717,0.0,0.0001892999280244112,0
1858,0.00016589998267591,0.0,0.00016689999029040337,0
1859,0.0001534000039100647,0.0004288000054657459,0.0050604999996721745,1
1860,0.00034929998219013214,0.0,0.0003505999920889735,0
1861,0.00017639994621276855,0.0,0.00017739995382726192,0
1862,0.00019449996761977673,0.0,0.0001954999752342701,0
1863,0.00016139994841068983,0.0,0.00016219995450228453,0
1864,0.00015920004807412624,0.0,0.00016000005416572094,0
1865,0.00017180002760142088,0.0,0.00017280003521591425,0
1866,0.0001577999209985137,0.0,0.00015879992861300707,0
1867,0.00015660002827644348,0.0,0.00015760003589093685,0
1868,0.00017490005120635033,0.0,0.0001759000588208437,0
1869,0.0001596999354660511,0.00040500005707144737,0.004734699963591993,1
1870,0.0002995000686496496,0.0,0.0003008999628946185,0
1871,0.00016419996973127127,0.0,0.0001650999765843153,0
1872,0.00018590001855045557,0.0,0.00018700002692639828,0
1873,0.000161500065587461,0.0,0.00016250007320195436,0
1874,0.0001585999270901084,0.0,0.0001593999331817031,0
1875,0.00017749995458871126,0.0,0.0001783999614417553,0
1876,0.00015929993242025375,0.0,0.0001601999392732978,0
1877,0.00015870004426687956,0.0,0.0001596000511199236,0
1878,0.0001713000237941742,0.0,0.00017230003140866756,0
1879,0.00015750003512948751,0.00039760000072419643,0.004857799969613552,1
1880,0.0003475999692454934,0.0,0.00034879997838288546,0
1881,0.00019189994782209396,0.0,0.00019289995543658733,0
1882,0.00018860003910958767,0.0,0.00018970004748553038,0
1883,0.00015590002294629812,0.0,0.00015680002979934216,0
1884,0.00015330000314861536,0.0,0.00015430001076310873,0
1885,0.00016990001313388348,0.0,0.00017070001922547817,0
1886,0.00015410000924021006,0.0,0.0001550000160932541,0
1887,0.00015269999857991934,0.0,0.00015350000467151403,0
1888,0.00016599998343735933,0.0,0.00016689999029040337,0
1889,0.0001537000061944127,0.00043000001460313797,0.004962699953466654,1
1890,0.0003477000864222646,0.0,0.0003489000955596566,0
1891,0.00019090005662292242,0.0,0.0001919000642374158,0
1892,0.0001990000018849969,0.0,0.00019990000873804092,0
1893,0.00019729998894035816,0.0,0.0001981999957934022,0
1894,0.00015709991566836834,0.0,0.0001580999232828617,0
1895,0.00017010001465678215,0.0,0.00017110002227127552,0
1896,0.00015769992023706436,0.0,0.00015849992632865906,0
1897,0.00015580002218484879,0.0,0.00015670002903789282,0
1898,0.00016960001084953547,0.0,0.0001705000177025795,0
1899,0.0001697000116109848,0.0003972999984398484,0.004841199959628284,1
1900,0.0003418000414967537,0.0,0.00034330005291849375,0
1901,0.00016300007700920105,0.0,0.00016400008462369442,0
1902,0.00018640002235770226,0.0,0.00018740002997219563,0
1903,0.00016009993851184845,0.0,0.00016099994536489248,0
1904,0.0001588000450283289,0.0,0.00015970005188137293,0
1905,0.00017660006415098906,0.0,0.00017760007176548243,0
1906,0.00015820004045963287,0.0,0.0001591000473126769,0
1907,0.0001580999232828617,0.0,0.00015899993013590574,0
1908,0.0001702000154182315,0.0,0.00017110002227127552,0
1909,0.0001591000473126769,0.00044680002611130476,0.004926200024783611,1
1910,0.0002992999507114291,0.0,0.0003005999606102705,0
1911,0.00019399996381253004,0.0,0.00019509997218847275,0
1912,0.00018309999722987413,0.0,0.0001841000048443675,0
1913,0.00015510001685470343,0.0,0.0001561000244691968,0
1914,0.00015360000543296337,0.0,0.0001545000122860074,0
1915,0.0001674999948590994,0.0,0.00016840000171214342,0
1916,0.00015320000238716602,0.0,0.00015400000847876072,0
1917,0.0001556000206619501,0.0,0.00015649991109967232,0
1918,0.0001650999765843153,0.0,0.00016599998343735933,0
1919,0.000152299995534122,0.00043949997052550316,0.0050888999830931425,1
1920,0.00035930005833506584,0.0,0.0003606000682339072,0
1921,0.00018700002692639828,0.0,0.00018810003530234098,0
1922,0.00018780003301799297,0.0,0.00018879992421716452,0
1923,0.00015920004807412624,0.0,0.00016030005645006895,0
1924,0.0001569000305607915,0.0,0.00015780003741383553,0
1925,0.0001702000154182315,0.0,0.00017110002227127552,0
1926,0.0001569000305607915,0.0,0.00015790003817528486,0
1927,0.00015580002218484879,0.0,0.000156699912622571,0
1928,0.00020650005899369717,0.0,0.0002074000658467412,0
1929,0.00015730003360658884,0.00042259995825588703,0.004812799976207316,1
1930,0.0003085000207647681,0.0,0.00030969991348683834,0
1931,0.00016379996668547392,0.0,0.00016489997506141663,0
1932,0.00018810003530234098,0.0,0.0001892000436782837,0
1933,0.00019970000721514225,0.0,0.00020070001482963562,0
1934,0.00015780003741383553,0.0,0.00015870004426687956,0
1935,0.00017580005805939436,0.0,0.00017690006643533707,0
1936,0.00015760003589093685,0.0,0.00015850004274398088,0
1937,0.00015709991566836834,0.0,0.00015789992175996304,0
1938,0.0001694000093266368,0.0,0.00017030001617968082,0
1939,0.000156699912622571,0.00039520009886473417,0.004840099951252341,1
1940,0.00033350009471178055,0.0,0.0003350001061335206,0
1941,0.00025779998395591974,0.0,0.0002587999915704131,0
1942,0.00018339999951422215,0.0,0.00018440000712871552,0
1943,0.00015549990348517895,0.0,0.00015639991033822298,0
1944,0.000152299995534122,0.0,0.00015310000162571669,0
1945,0.0001669999910518527,0.0,0.00016789999790489674,0
1946,0.00015259999781847,0.0,0.0001534000039100647,0
1947,0.00015620002523064613,0.0,0.00015700003132224083,0
1948,0.00016579998191446066,0.0,0.0001666999887675047,0
1949,0.00015209999401122332,0.00043070001993328333,0.005002700025215745,1
1950,0.00035039999056607485,0.0,0.0003515999997034669,0
1951,0.00020589993800967932,0.0,0.0002068999456241727,0
1952,0.00023230002261698246,0.0,0.00023340003099292517,0
1953,0.00016050005797296762,0.0,0.00016130006406456232,0
1954,0.00015819992404431105,0.0,0.00015909993089735508,0
1955,0.0001721000298857689,0.0,0.00017290003597736359,0
1956,0.00015780003741383553,0.0,0.00015870004426687956,0
1957,0.00015629990957677364,0.0,0.00015709991566836834,0
1958,0.0001829999964684248,0.0,0.0001841000048443675,0
1959,0.00015750003512948751,0.00039930001366883516,0.0049350999761372805,1
1960,0.00033059995621442795,0.0,0.00033189996611326933,0
1961,0.0001615999499335885,0.0,0.00016249995678663254,0
1962,0.00018560001626610756,0.0,0.00018660002388060093,0
1963,0.00015820004045963287,0.0,0.00015920004807412624,0
1964,0.000161800067871809,0.0,0.00016280007548630238,0
1965,0.00017069990281015635,0.0,0.00017159990966320038,0
1966,0.00015730003360658884,0.0,0.00015810003969818354,0
1967,0.0001553000183776021,0.0,0.00015620002523064613,0
1968,0.00016920000780373812,0.0,0.00017010001465678215,0
1969,0.0001550000160932541,0.00040790007915347815,0.0048837000504136086,1
1970,0.00037450005766004324,0.0,0.0003758000675588846,0
1971,0.00019130005966871977,0.0,0.00019230006728321314,0
1972,0.00018199998885393143,0.0,0.00018309999722987413,0
1973,0.00015490001533180475,0.0,0.00015590002294629812,0
1974,0.00015489989891648293,0.0,0.00015579990576952696,0
1975,0.00018580001778900623,0.0,0.00018670002464205027,0
1976,0.00017209991347044706,0.0,0.00017289991956204176,0
1977,0.00015169999096542597,0.0,0.00015259999781847,0
1978,0.00016489997506141663,0.0,0.00016569998115301132,0
1979,0.0001534000039100647,0.000434999936260283,0.005570299923419952,1
1980,0.0003576999297365546,0.0,0.00035889993887394667,0
1981,0.00019029993563890457,0.0,0.0001911999424919486,0
1982,0.00018350000027567148,0.0,0.00018440000712871552,0
1983,0.00015400000847876072,0.0,0.00015490001533180475,0
1984,0.00017390004359185696,0.0,0.00017490005120635033,0
1985,0.00016659998800605536,0.0,0.0001674999948590994,0
1986,0.00015300000086426735,0.0,0.00015390000771731138,0
1987,0.00015189999248832464,0.0,0.00015279999934136868,0
1988,0.00016489997506141663,0.0,0.00016579998191446066,0
1989,0.00015279999934136868,0.0004456999013200402,0.004995699971914291,1
1990,0.00035420001950114965,0.0,0.00035550002939999104,0
1991,0.00019120005890727043,0.0,0.00019200006499886513,0
1992,0.00018339999951422215,0.0,0.00018430000636726618,0
1993,0.00015550001990050077,0.0,0.0001564000267535448,0
1994,0.00015400000847876072,0.0,0.00015490001533180475,0
1995,0.00017180002760142088,0.0,0.00017280003521591425,0
1996,0.00015410000924021006,0.0,0.00015510001685470343,0
1997,0.000152299995534122,0.0,0.00015320000238716602,0
1998,0.00016449997201561928,0.0,0.00016529997810721397,0
1999,0.000152299995534122,0.0004878999898210168,0.005431300029158592,1
2000,0.00028519995976239443,0.0,0.0002864999696612358,0
2001,0.00019839999731630087,0.0,0.00019950000569224358,0
2002,0.00019430008251219988,0.0,0.00019550009164959192,0
2003,0.00020100001711398363,0.0,0.00020210002548992634,0
2004,0.00016850000247359276,0.0,0.0001694000093266368,0
2005,0.00021329999435693026,0.0,0.00021440000273287296,0
2006,0.00016900000628083944,0.0,0.0001700000138953328,0
2007,0.0001601999392732978,0.0,0.00016109994612634182,0
2008,0.0002164000179618597,0.0,0.00021739990916103125,0
2009,0.0001900000497698784,0.0002976999385282397,0.0046412000665441155,1
2010,0.00035720004234462976,0.0,0.00035850005224347115,0
2011,0.00021760002709925175,0.0,0.00021860003471374512,0
2012,0.00019379996228963137,0.0,0.00019489997066557407,0
2013,0.0001990000018849969,0.0,0.0002001000102609396,0
2014,0.00016219995450228453,0.0,0.00016309996135532856,0
2015,0.00021219998598098755,0.0,0.00021329999435693026,0
2016,0.00017259991727769375,0.0,0.00017349992413073778,0
2017,0.0001620999537408352,0.0,0.00016299996059387922,0
2018,0.000215300009585917,0.0,0.00021630001720041037,0
2019,0.00016469997353851795,0.00030429998878389597,0.004933099960908294,1
2020,0.0003160000778734684,0.0,0.0003174000885337591,0
2021,0.00017830007709562778,0.0,0.0001794000854715705,0
2022,0.0003092000260949135,0.0,0.0003106000367552042,0
2023,0.00019789999350905418,0.0,0.0001990000018849969,0
2024,0.0001620999537408352,0.0,0.00016309996135532856,0
2025,0.0002125999890267849,0.0,0.00021379999816417694,0
2026,0.0001718999119475484,0.0,0.00017279991880059242,0
2027,0.00016010005492717028,0.0,0.00016110006254166365,0
2028,0.00021620001643896103,0.0,0.00021710002329200506,0
2029,0.00016549997963011265,0.00029829994309693575,0.004925100016407669,1
2030,0.00029779993928968906,0.0,0.00029909994918853045,0
2031,0.00020679994486272335,0.0,0.00020779995247721672,0
2032,0.00024069997016340494,0.0,0.00024179997853934765,0
2033,0.0002125999890267849,0.0,0.00021379999816417694,0
2034,0.00015909993089735508,0.0,0.00015989993698894978,0
2035,0.00022709998302161694,0.0,0.00022819999139755964,0
2036,0.00017070001922547817,0.0,0.00017170002683997154,0
2037,0.00019369996152818203,0.0,0.00019459996838122606,0
2038,0.00023699994198977947,0.0,0.00023799994960427284,0
2039,0.0001604999415576458,0.0004132000030949712,0.005236099939793348,1
2040,0.00029180001001805067,0.0,0.00029310001991689205,0
2041,0.00021359999664127827,0.0,0.00021470000501722097,0
2042,0.0002769000129774213,0.0,0.00027840002439916134,0
2043,0.0002476000227034092,0.0,0.00024880003184080124,0
2044,0.0002079999540001154,0.0,0.00020899996161460876,0
2045,0.00045629998203366995,0.0,0.00045789999421685934,0
2046,0.0003377000102773309,0.0,0.00033920002169907093,0
2047,0.0003706000279635191,0.0,0.0003719000378623605,0
2048,0.0003501999890431762,0.0,0.0003515999997034669,0
2049,0.00033199996687471867,0.000521700014360249,0.006151000037789345,1
2050,0.0004891999997198582,0.0,0.0004905000096186996,0
2051,0.00016210007015615702,0.0,0.00016309996135532856,0
2052,0.00020520004909485579,0.0,0.00020620005670934916,0
2053,0.00017090002074837685,0.0,0.00017180002760142088,0
2054,0.00018690002616494894,0.0,0.00018789991736412048,0
2055,0.000174800050444901,0.0,0.00017570005729794502,0
2056,0.00015189999248832464,0.0,0.00015269999857991934,0
2057,0.00020000000949949026,0.0,0.00020100001711398363,0
2058,0.00015350000467151403,0.0,0.00015440001152455807,0
2059,0.00015239999629557133,0.00045520009007304907,0.005126100033521652,1
2060,0.00048779998905956745,0.0,0.0004890999989584088,0
2061,0.0002090999623760581,0.0,0.0002101999707520008,0
2062,0.00024910003412514925,0.0,0.0002500999253243208,0
2063,0.00017500005196779966,0.0,0.0001759000588208437,0
2064,0.00031999999191612005,0.0,0.00032140000257641077,0
2065,0.0004132000030949712,0.0,0.00041470001451671124,0
2066,0.00030369998421519995,0.0,0.000304899993352592,0
2067,0.00019880000036209822,0.0,0.0001998000079765916,0
2068,0.0001946000847965479,0.0,0.00019569997675716877,0
2069,0.0001666999887675047,0.0003467000788077712,0.005562099977396429,1
2070,0.0003496999852359295,0.0,0.0003510999958962202,0
2071,0.00018710002768784761,0.0,0.00018800003454089165,0
2072,0.00020370003767311573,0.0,0.0002047000452876091,0
2073,0.0001697000116109848,0.0,0.00017070001922547817,0
2074,0.0001895000459626317,0.0,0.00019050005357712507,0
2075,0.00019910000264644623,0.0,0.00019999989308416843,0
2076,0.000152900000102818,0.0,0.0001537000061944127,0
2077,0.00015209999401122332,0.0,0.000152900000102818,0
2078,0.0001965999836102128,0.0,0.00019749999046325684,0
2079,0.00015239999629557133,0.0004782000323757529,0.005326800048351288,1
2080,0.0002753000007942319,0.0,0.00027660001069307327,0
2081,0.00020549993496388197,0.0,0.000206399941816926,0
2082,0.0002028000308200717,0.0,0.00020370003767311573,0
2083,0.00018670002464205027,0.0,0.0001879000337794423,0
2084,0.00021080009173601866,0.0,0.00021190010011196136,0
2085,0.00020560005214065313,0.0,0.0002066000597551465,0
2086,0.00015700003132224083,0.0,0.00015790003817528486,0
2087,0.00018719991203397512,0.0,0.00018799991812556982,0
2088,0.0002055000513792038,0.0,0.00020640005823224783,0
2089,0.00015510001685470343,0.0004985000705346465,0.005346800084225833,1
2090,0.00032600003760308027,0.0,0.00032739993184804916,0
2091,0.0001965999836102128,0.0,0.00019759999122470617,0
2092,0.0002223999472334981,0.0,0.0002234999556094408,0
2093,0.0001686000032350421,0.0,0.00016950001008808613,0
2094,0.000152900000102818,0.0,0.00015390000771731138,0
2095,0.0001996000064536929,0.0,0.00020060001406818628,0
2096,0.00016099994536489248,0.0,0.00016199995297938585,0
2097,0.00018879992421716452,0.0,0.0001895999303087592,0
2098,0.00020590005442500114,0.0,0.0002068999456241727,0
2099,0.00015380000695586205,0.0004091999726369977,0.005445600021630526,1
2100,0.00030369998421519995,0.0,0.000304899993352592,0
2101,0.00021860003471374512,0.0,0.00021950004156678915,0
2102,0.0001993000041693449,0.0,0.00020020001102238894,0
2103,0.0001674999948590994,0.0,0.00016840000171214342,0
2104,0.00015419989358633757,0.0,0.0001550999004393816,0
2105,0.00023440003860741854,0.0,0.0002354000462219119,0
2106,0.0001534000039100647,0.0,0.00015430001076310873,0
2107,0.00015249999705702066,0.0,0.00015330000314861536,0
2108,0.00019779999274760485,0.0,0.00019859999883919954,0
2109,0.000152900000102818,0.0004929000278934836,0.005547499982640147,1
2110,0.00029580004047602415,0.0,0.0003100000321865082,0
2111,0.0002142000012099743,0.0,0.00021520000882446766,0
2112,0.0002145000034943223,0.0,0.00021550001110881567,0
2113,0.00020849995780736208,0.0,0.00020949996542185545,0
2114,0.00015199999324977398,0.0,0.000152900000102818,0
2115,0.00019639998208731413,0.0,0.0001973999897018075,0
2116,0.0001514999894425273,0.0,0.00015239999629557133,0
2117,0.00015049998182803392,0.0,0.00015129998791962862,0
2118,0.0001829999964684248,0.0,0.00018390000332146883,0
2119,0.00020150002092123032,0.00040879996959120035,0.00515600002836436,1
2120,0.00029580004047602415,0.0,0.00029710005037486553,0
2121,0.000206099939532578,0.0,0.00020709994714707136,0
2122,0.000206099939532578,0.0,0.00020699994638562202,0
2123,0.00017719995230436325,0.0,0.00017819995991885662,0
2124,0.00015440001152455807,0.0,0.00015520001761615276,0
2125,0.0001996000064536929,0.0,0.00020060001406818628,0
2126,0.00015380000695586205,0.0,0.00015460001304745674,0
2127,0.0001514999894425273,0.0,0.00015239999629557133,0
2128,0.00018540001474320889,0.0,0.00018630002159625292,0
2129,0.0002050000475719571,0.00040870008524507284,0.005746199982240796,1
2130,0.00033629999961704016,0.0,0.00033790001180022955,0
2131,0.00017909996677190065,0.0,0.00018009997438639402,0
2132,0.0001884999219328165,0.0,0.00018949992954730988,0
2133,0.00016120006330311298,0.0,0.00016199995297938585,0
2134,0.0001580000389367342,0.0,0.00015900004655122757,0
2135,0.00017330003902316093,0.0,0.00017440004739910364,0
2136,0.00016329996287822723,0.0,0.00016419996973127127,0
2137,0.00015689991414546967,0.0,0.00015769992023706436,0
2138,0.00017150002531707287,0.0,0.0001724000321701169,0
2139,0.00015709991566836834,0.00034460006281733513,0.005021899938583374,1
2140,0.00034470006357878447,0.0,0.00034600007347762585,0
2141,0.00016639998648315668,0.0,0.00016729999333620071,0
2142,0.00019619998056441545,0.0,0.00019719998817890882,0
2143,0.00016119994688779116,0.0,0.00016199995297938585,0
2144,0.0001577000366523862,0.0,0.00015850004274398088,0
2145,0.00017250003293156624,0.0,0.0001735000405460596,0
2146,0.0001574999187141657,0.0,0.00015829992480576038,0
2147,0.00015580002218484879,0.0,0.00015670002903789282,0
2148,0.00017539993859827518,0.0,0.00017639994621276855,0
2149,0.00015719991642981768,0.00033760000951588154,0.005199300008825958,1
2150,0.00037150003481656313,0.0,0.0003728000447154045,0
2151,0.00017170002683997154,0.0,0.0001727000344544649,0
2152,0.0002218999434262514,0.0,0.00022279995027929544,0
2153,0.00015639991033822298,0.0,0.000157299917191267,0
2154,0.0001537000061944127,0.0,0.00015460001304745674,0
2155,0.00016840000171214342,0.0,0.00016930000856518745,0
2156,0.00015460001304745674,0.0,0.00015550001990050077,0
2157,0.00017500005196779966,0.0,0.0001759999431669712,0
2158,0.00018009997438639402,0.0,0.00018099998123943806,0
2159,0.00015400000847876072,0.0003418000414967537,0.005230700015090406,1
2160,0.00037070002872496843,0.0,0.0003720000386238098,0
2161,0.00019530009012669325,0.0,0.00019630009774118662,0
2162,0.0001852000132203102,0.0,0.00018630002159625292,0
2163,0.00015630002599209547,0.0,0.0001572000328451395,0
2164,0.00015440001152455807,0.0,0.00015520001761615276,0
2165,0.00016799999866634607,0.0,0.0001689000055193901,0
2166,0.00015489989891648293,0.0,0.00015579990576952696,0
2167,0.00019010005053132772,0.0,0.00019090005662292242,0
2168,0.0001656000968068838,0.0,0.00016649998724460602,0
2169,0.0001542000100016594,0.0003117000451311469,0.005249700043350458,1
2170,0.0005190999945625663,0.0,0.000520500005222857,0
2171,0.00016499997582286596,0.0,0.00016599998343735933,0
2172,0.0001852000132203102,0.0,0.00018610002007335424,0
2173,0.00015620002523064613,0.0,0.00015710003208369017,0
2174,0.00015480001457035542,0.0,0.0001556000206619501,0
2175,0.00016880000475794077,0.0,0.0001697000116109848,0
2176,0.00022270006593316793,0.0,0.00022360007278621197,0
2177,0.00015439989510923624,0.0,0.00015519990120083094,0
2178,0.000166199984960258,0.0,0.0001669999910518527,0
2179,0.00015239999629557133,0.0003127999370917678,0.00502699997741729,1
2180,0.00039309996645897627,0.0,0.0003945999778807163,0
2181,0.00020240002777427435,0.0,0.00020340003538876772,0
2182,0.00019100005738437176,0.0,0.0001919000642374158,0
2183,0.0001610000617802143,0.0,0.00016200006939470768,0
2184,0.00015780003741383553,0.0,0.00015879992861300707,0
2185,0.00017190002836287022,0.0,0.00017280003521591425,0
2186,0.00015700003132224083,0.0,0.0001580000389367342,0
2187,0.00016069994308054447,0.0,0.00016149994917213917,0
2188,0.00017159990966320038,0.0,0.0001724999165162444,0
2189,0.00015750003512948751,0.0003127999370917678,0.005134399980306625,1
2190,0.00034680007956922054,0.0,0.00034799997229129076,0
2191,0.0002343000378459692,0.0,0.0002354000462219119,0
2192,0.00024359999224543571,0.0,0.00024480000138282776,0
2193,0.00016020005568861961,0.0,0.00016110006254166365,0
2194,0.0001564000267535448,0.0,0.00015740003436803818,0
2195,0.00016880000475794077,0.0,0.0001697000116109848,0
2196,0.00015620002523064613,0.0,0.00015710003208369017,0
2197,0.00019049993716180325,0.0,0.00019139994401484728,0
2198,0.00016759999562054873,0.0,0.0001686000032350421,0
2199,0.00015649991109967232,0.0003200001083314419,0.005474100005812943,1
2200,0.00033549999352544546,0.0,0.0003367000026628375,0
2201,0.00020649994257837534,0.0,0.0002074999501928687,0
2202,0.00018039997667074203,0.0,0.00018149998504668474,0
2203,0.00015580002218484879,0.0,0.00015670002903789282,0
2204,0.0001537000061944127,0.0,0.00015460001304745674,0
2205,0.00022390007507055998,0.0,0.00022490008268505335,0
2206,0.00015259999781847,0.0,0.0001534000039100647,0
2207,0.0001514999894425273,0.0,0.000152299995534122,0
2208,0.0001647999742999673,0.0,0.00016559998039156199,0
2209,0.00015239999629557133,0.0004459000192582607,0.005607299972325563,1
2210,0.00034920009784400463,0.0,0.00035039999056607485,0
2211,0.00019160006195306778,0.0,0.00019260006956756115,0
2212,0.00018209998961538076,0.0,0.00018309999722987413,0
2213,0.00019040005281567574,0.0,0.00019130005966871977,0
2214,0.00015330000314861536,0.0,0.0001542000100016594,0
2215,0.00016529997810721397,0.0,0.000166199984960258,0
2216,0.00015259999781847,0.0,0.00015330000314861536,0
2217,0.00015110010281205177,0.0,0.00015189999248832464,0
2218,0.00016449997201561928,0.0,0.0001653999788686633,0
2219,0.0002999999560415745,0.00046250002924352884,0.00556489999871701,1
2220,0.00033660000190138817,0.0,0.00033790001180022955,0
2221,0.00020699994638562202,0.0,0.0002079999540001154,0
2222,0.00018169998656958342,0.0,0.00018259999342262745,0
2223,0.0001550999004393816,0.0,0.0001558999065309763,0
2224,0.00015209999401122332,0.0,0.000152900000102818,0
2225,0.00016529997810721397,0.0,0.000166199984960258,0
2226,0.000152900000102818,0.0,0.00015369988977909088,0
2227,0.0001879000337794423,0.0,0.00018890004139393568,0
2228,0.00016499997582286596,0.0,0.00016589998267591,0
2229,0.00015320000238716602,0.000467300065793097,0.005390500067733228,1
2230,0.0003665999975055456,0.0,0.00036780000664293766,0
2231,0.00019189994782209396,0.0,0.00019289995543658733,0
2232,0.00018450000789016485,0.0,0.00018560001626610756,0
2233,0.00015740003436803818,0.0,0.00015820004045963287,0
2234,0.0001553000183776021,0.0,0.0001561000244691968,0
2235,0.00024179997853934765,0.0,0.00024289998691529036,0
2236,0.00016789999790489674,0.0,0.00016870000399649143,0
2237,0.00015219999477267265,0.0,0.00015300000086426735,0
2238,0.0001647999742999673,0.0,0.00016559998039156199,0
2239,0.00015440001152455807,0.0004376999568194151,0.005521100014448166,1
2240,0.0003512999974191189,0.0,0.0003525000065565109,0
2241,0.00018969993107020855,0.0,0.00019069993868470192,0
2242,0.00018319999799132347,0.0,0.0001841000048443675,0
2243,0.00019310007337480783,0.0,0.00019400008022785187,0
2244,0.00015460001304745674,0.0,0.0001556000206619501,0
2245,0.00016759999562054873,0.0,0.00016850000247359276,0
2246,0.00015380000695586205,0.0,0.00015480001457035542,0
2247,0.00015360000543296337,0.0,0.0001545000122860074,0
2248,0.000166199984960258,0.0,0.00016709999181330204,0
2249,0.00015959993470460176,0.00043460004962980747,0.005502199986949563,1
2250,0.0003565000370144844,0.0,0.0003757000667974353,0
2251,0.0001903000520542264,0.0,0.00019130005966871977,0
2252,0.00020199990831315517,0.0,0.0002028999151661992,0
2253,0.0001545000122860074,0.0,0.00015540001913905144,0
2254,0.00015249999705702066,0.0,0.0001534000039100647,0
2255,0.00016679998952895403,0.0,0.00016769999638199806,0
2256,0.0001534000039100647,0.0,0.00015430001076310873,0
2257,0.00017629994545131922,0.0,0.00017719995230436325,0
2258,0.00017929996829479933,0.0,0.0001802999759092927,0
2259,0.00015350000467151403,0.0004419999895617366,0.005923499935306609,1
2260,0.0004162000259384513,0.0,0.00041750003583729267,0
2261,0.0002169000217691064,0.0,0.0002180000301450491,0
2262,0.0002791000297293067,0.0,0.0002801999216899276,0
2263,0.00016369996592402458,0.0,0.00016459997277706861,0
2264,0.00015920004807412624,0.0,0.00016000005416572094,0
2265,0.0001727000344544649,0.0,0.00017370004206895828,0
2266,0.00016059994231909513,0.0,0.00016149994917213917,0
2267,0.00015899993013590574,0.0,0.00015979993622750044,0
2268,0.00018209998961538076,0.0,0.00018309999722987413,0
2269,0.0001574999187141657,0.0002839000662788749,0.005438599968329072,1
2270,0.00034460006281733513,0.0,0.00034580007195472717,0
2271,0.0002492000348865986,0.0,0.00025020004250109196,0
2272,0.0001824999926611781,0.0,0.00018360000103712082,0
2273,0.00015470001380890608,0.0,0.0001556000206619501,0
2274,0.00015279999934136868,0.0,0.00015380000695586205,0
2275,0.00016719999257475138,0.0,0.0001680999994277954,0
2276,0.0001572000328451395,0.0,0.00015810003969818354,0
2277,0.00015239999629557133,0.0,0.00015320000238716602,0
2278,0.00016480009071528912,0.0,0.00016569998115301132,0
2279,0.0001514999894425273,0.000408999971114099,0.005683999974280596,1
2280,0.0005159999709576368,0.0,0.0005177999846637249,0
2281,0.00030519999563694,0.0,0.0003066000062972307,0
2282,0.0003488999791443348,0.0,0.0003502999898046255,0
2283,0.00029120000544935465,0.0,0.00029239989817142487,0
2284,0.00028819998260587454,0.0,0.00028929999098181725,0
2285,0.00035749992821365595,0.0,0.00035859993658959866,0
2286,0.0002893999917432666,0.0,0.0002906000008806586,0
2287,0.00033190008252859116,0.0,0.0003331000916659832,0
2288,0.00034609995782375336,0.0,0.0003472999669611454,0
2289,0.00026160001289099455,0.0004214999498799443,0.005962900002487004,1
2290,0.0004187000449746847,0.0,0.00042019993998110294,0
2291,0.00021650001872330904,0.0,0.0002175000263378024,0
2292,0.00028840010054409504,0.0,0.00028959999326616526,0
2293,0.00017660006415098906,0.0,0.00017760007176548243,0
2294,0.00015790003817528486,0.0,0.0001588000450283289,0
2295,0.00020489993039518595,0.0,0.00020569993648678064,0
2296,0.00015879992861300707,0.0,0.00015959993470460176,0
2297,0.00019449996761977673,0.0,0.00019529997371137142,0
2298,0.0002047000452876091,0.0,0.00020560005214065313,0
2299,0.00015970005188137293,0.00041779992170631886,0.006387499975971878,1
2300,0.0003752000629901886,0.0,0.000376800075173378,0
2301,0.0001689000055193901,0.0,0.0001700000138953328,0
2302,0.0001946999691426754,0.0,0.0001957999775186181,0
2303,0.00015929993242025375,0.0,0.00016029994003474712,0
2304,0.00015730003360658884,0.0,0.00015820004045963287,0
2305,0.00017150002531707287,0.0,0.0001724000321701169,0
2306,0.0001935999607667327,0.0,0.00019449996761977673,0
2307,0.00015630002599209547,0.0,0.00015709991566836834,0
2308,0.00017010001465678215,0.0,0.00017100002150982618,0
2309,0.00015689991414546967,0.00044810003601014614,0.005560699966736138,1
2310,0.0005713000427931547,0.0,0.0005727000534534454,0
2311,0.00025619997177273035,0.0,0.0002573999809101224,0
2312,0.0002362000523135066,0.0,0.00023740006145089865,0
2313,0.0001781000755727291,0.0,0.00017909996677190065,0
2314,0.00015920004807412624,0.0,0.00016010005492717028,0
2315,0.00019340007565915585,0.0,0.00019440008327364922,0
2316,0.0001740000443533063,0.0,0.00017490005120635033,0
2317,0.00016249995678663254,0.0,0.0001634999644011259,0
2318,0.0001900999341160059,0.0,0.00019099994096904993,0
2319,0.00023470004089176655,0.0003738999366760254,0.0054284000070765615,1
2320,0.0002842999529093504,0.0,0.0002855999628081918,0
2321,0.00018009997438639402,0.0,0.0001810999820008874,0
2322,0.00020659994333982468,0.0,0.00020759995095431805,0
2323,0.00017509993631392717,0.0,0.00017609994392842054,0
2324,0.00015740003436803818,0.0,0.00015820004045963287,0
2325,0.00019230006728321314,0.0,0.00019329995848238468,0
2326,0.00017619994468986988,0.0,0.00017699995078146458,0
2327,0.000157299917191267,0.0,0.00015819992404431105,0
2328,0.0001895000459626317,0.0,0.00019049993716180325,0
2329,0.0001697000116109848,0.0003966999938711524,0.005177999963052571,1
2330,0.0003630999708548188,0.0,0.00037699996028095484,0
2331,0.0001620999537408352,0.0,0.00016309996135532856,0
2332,0.0001873000292107463,0.0,0.0001881999196484685,0
2333,0.00015780003741383553,0.0,0.0001588000450283289,0
2334,0.00015700003132224083,0.0,0.00015789992175996304,0
2335,0.00017010001465678215,0.0,0.00017100002150982618,0
2336,0.00022960000205785036,0.0,0.0002305000089108944,0
2337,0.00015680002979934216,0.0,0.0001577000366523862,0
2338,0.0001700000138953328,0.0,0.00017100002150982618,0
2339,0.00015670002903789282,0.0004024999216198921,0.005482099950313568,1
2340,0.00036239996552467346,0.0,0.0003638999769464135,0
2341,0.0001767999492585659,0.0,0.00017769995611160994,0
2342,0.00018759991507977247,0.0,0.00018869992345571518,0
2343,0.00016029994003474712,0.0,0.0001612999476492405,0
2344,0.00016199995297938585,0.0,0.00016279995907098055,0
2345,0.0001697000116109848,0.0,0.00017070001922547817,0
2346,0.0001550999004393816,0.0,0.00015599990729242563,0
2347,0.00015440001152455807,0.0,0.0001553000183776021,0
2348,0.00016719999257475138,0.0,0.0001680999994277954,0
2349,0.00015600002370774746,0.0004135000053793192,0.0055568000534549356,1
2350,0.00037100003100931644,0.0,0.0003722000401467085,0
2351,0.0001623999560251832,0.0,0.00016339996363967657,0
2352,0.00019099994096904993,0.0,0.0001919999485835433,0
2353,0.00015959993470460176,0.0,0.0001604999415576458,0
2354,0.0001580000389367342,0.0,0.00015890004578977823,0
2355,0.00017090002074837685,0.0,0.00017200002912431955,0
2356,0.00015719991642981768,0.0,0.0001580999232828617,0
2357,0.00015480001457035542,0.0,0.00015570002142339945,0
2358,0.00020759995095431805,0.0,0.00020849995780736208,0
2359,0.00015689991414546967,0.00041149999015033245,0.005395599990151823,1
2360,0.00034250004682689905,0.0,0.00034390005748718977,0
2361,0.0004338000435382128,0.0,0.00043540005572140217,0
2362,0.00033219996839761734,0.0,0.00033359997905790806,0
2363,0.00016469997353851795,0.0,0.00016579998191446066,0
2364,0.00015930004883557558,0.0,0.00016020005568861961,0
2365,0.0001772999530658126,0.0,0.0001783999614417553,0
2366,0.00015849992632865906,0.0,0.0001593999331817031,0
2367,0.00015660002827644348,0.0,0.00015750003512948751,0
2368,0.00016900000628083944,0.0,0.00016990001313388348,0
2369,0.0001577000366523862,0.0003863999154418707,0.005238999961875379,1
2370,0.0003418999258428812,0.0,0.0003431999357417226,0
2371,0.00016329996287822723,0.0,0.0001642999704927206,0
2372,0.0001881999196484685,0.0,0.00018909992650151253,0
2373,0.00015840004198253155,0.0,0.00015930004883557558,0
2374,0.00016369996592402458,0.0,0.00016469997353851795,0
2375,0.00017709995154291391,0.0,0.00017809995915740728,0
2376,0.0001569000305607915,0.0,0.00015790003817528486,0
2377,0.0001561000244691968,0.0,0.00015710003208369017,0
2378,0.00016900000628083944,0.0,0.0001700000138953328,0
2379,0.00015600002370774746,0.0003966999938711524,0.005561599973589182,1
2380,0.00037249992601573467,0.0,0.0003738999366760254,0
2381,0.0001751999370753765,0.0,0.00017619994468986988,0
2382,0.00018199998885393143,0.0,0.00018289999570697546,0
2383,0.00022479996550828218,0.0,0.00022579997312277555,0
2384,0.00015380000695586205,0.0,0.00015460001304745674,0
2385,0.00016679998952895403,0.0,0.0001677999971434474,0
2386,0.0001537000061944127,0.0,0.00015460001304745674,0
2387,0.00015269999857991934,0.0,0.00015360000543296337,0
2388,0.00022410007659345865,0.0,0.00022520008496940136,0
2389,0.00026620004791766405,0.00040490005630999804,0.005532900104299188,1
2390,0.0003397000255063176,0.0,0.00034090003464370966,0
2391,0.00016389996744692326,0.0,0.0001647999742999673,0
2392,0.00018830003682523966,0.0,0.00018939992878586054,0
2393,0.00015840004198253155,0.0,0.00015930004883557558,0
2394,0.00015650002751499414,0.0,0.00015740003436803818,0
2395,0.0001721000298857689,0.0,0.00017300003673881292,0
2396,0.00016130006406456232,0.0,0.0001623000716790557,0
2397,0.00016579998191446066,0.0,0.0001666999887675047,0
2398,0.00016990001313388348,0.0,0.00017090002074837685,0
2399,0.0001577999209985137,0.0004032000433653593,0.005309399915859103,1
2400,0.0003037999849766493,0.0,0.00030509999487549067,0
2401,0.0001965000992640853,0.0,0.00019750010687857866,0
2402,0.0001852000132203102,0.0,0.00018620002083480358,0
2403,0.00015959993470460176,0.0,0.00016059994231909513,0
2404,0.00015660002827644348,0.0,0.00015740003436803818,0
2405,0.00017900008242577314,0.0,0.00017990008927881718,0
2406,0.0001879000337794423,0.0,0.00018880004063248634,0
2407,0.0001514999894425273,0.0,0.00015219999477267265,0
2408,0.0001642000861465931,0.0,0.00016510009299963713,0
2409,0.00015209999401122332,0.00044570001773536205,0.006407700013369322,1
2410,0.0003796000964939594,0.0,0.00038100010715425014,0
2411,0.00017150002531707287,0.0,0.00017250003293156624,0
2412,0.00018649990670382977,0.0,0.00018749991431832314,0
2413,0.0001561000244691968,0.0,0.00015700003132224083,0
2414,0.0001537000061944127,0.0,0.00015460001304745674,0
2415,0.00020460004452615976,0.0,0.0002055000513792038,0
2416,0.00015510001685470343,0.0,0.00015590002294629812,0
2417,0.00015330000314861536,0.0,0.00015410000924021006,0
2418,0.00016549997963011265,0.0,0.00016649998724460602,0
2419,0.00015269999857991934,0.00043810007628053427,0.005410399986431003,1
2420,0.0003370000049471855,0.0,0.0003383000148460269,0
2421,0.00016090006101876497,0.0,0.00016190006863325834,0
2422,0.00018750003073364496,0.0,0.00018860003910958767,0
2423,0.00015949993394315243,0.0,0.00016039994079619646,0
2424,0.0001612999476492405,0.0,0.00016219995450228453,0
2425,0.0001700000138953328,0.0,0.00017090002074837685,0
2426,0.0001580000389367342,0.0,0.00015890004578977823,0
2427,0.00015670002903789282,0.0,0.00015750003512948751,0
2428,0.00016850000247359276,0.0,0.0001694000093266368,0
2429,0.00015600002370774746,0.00039659999310970306,0.005657100002281368,1
2430,0.00035640003625303507,0.0,0.0003576000453904271,0
2431,0.00020029989536851645,0.0,0.00020119990222156048,0
2432,0.00018590001855045557,0.0,0.0001868000254034996,0
2433,0.0001556000206619501,0.0,0.00015650002751499414,0
2434,0.00015279999934136868,0.0,0.0001537000061944127,0
2435,0.0001669001067057252,0.0,0.00016789999790489674,0
2436,0.0001517999917268753,0.0,0.00015269999857991934,0
2437,0.00015139998868107796,0.0,0.000152299995534122,0
2438,0.0001661001006141305,0.0,0.0001669999910518527,0
2439,0.000152900000102818,0.00043590005952864885,0.00556189997587353,1
2440,0.00035399990156292915,0.0,0.00035539991222321987,0
2441,0.00017070001922547817,0.0,0.00017190002836287022,0
2442,0.00018259999342262745,0.0,0.00018370000179857016,0
2443,0.00015540001913905144,0.0,0.0001564000267535448,0
2444,0.00015240011271089315,0.0,0.00015339988749474287,0
2445,0.00018830003682523966,0.0,0.00018910004291683435,0
2446,0.00016709999181330204,0.0,0.0001680999994277954,0
2447,0.00015259999781847,0.0,0.0001534000039100647,0
2448,0.00016439997125416994,0.0,0.00016529997810721397,0
2449,0.00015049998182803392,0.0004290000069886446,0.005765800015069544,1
2450,0.0003693000180646777,0.0,0.00037050002720206976,0
2451,0.00018949992954730988,0.0,0.0001903999364003539,0
2452,0.00023509992752224207,0.0,0.00023619993589818478,0
2453,0.000188700039871037,0.0,0.00018960004672408104,0
2454,0.00015240011271089315,0.0,0.00015320000238716602,0
2455,0.00016569998115301132,0.0,0.00016659998800605536,0
2456,0.00015279999934136868,0.0,0.00015360000543296337,0
2457,0.00015059998258948326,0.0,0.00015139998868107796,0
2458,0.00016719999257475138,0.0,0.00016820000018924475,0
2459,0.00015129998791962862,0.00043540005572140217,0.005481500062160194,1
2460,0.0003068000078201294,0.0,0.0003081000177189708,0
2461,0.0002332000294700265,0.0,0.0002343000378459692,0
2462,0.00018710002768784761,0.0,0.00018800003454089165,0
2463,0.00015820004045963287,0.0,0.0001591000473126769,0
2464,0.0001558999065309763,0.0,0.00015679991338402033,0
2465,0.0001702000154182315,0.0,0.00017110002227127552,0
2466,0.00016140006482601166,0.0,0.0001623000716790557,0
2467,0.00015579990576952696,0.0,0.00015659991186112165,0
2468,0.00016910000704228878,0.0,0.0001700000138953328,0
2469,0.0001550999004393816,0.00040410005021840334,0.005675499909557402,1
2470,0.0003549999091774225,0.0,0.00035619991831481457,0
2471,0.0001922999508678913,0.0,0.00019319995772093534,0
2472,0.00018289999570697546,0.0,0.0001838000025600195,0
2473,0.0001561000244691968,0.0,0.00015689991414546967,0
2474,0.00015780003741383553,0.0,0.00015860004350543022,0
2475,0.00016649998724460602,0.0,0.00016739999409765005,0
2476,0.00015410000924021006,0.0,0.00015490001533180475,0
2477,0.00015199999324977398,0.0,0.00015300000086426735,0
2478,0.00016469997353851795,0.0,0.00016549997963011265,0
2479,0.00015369988977909088,0.0004377000732347369,0.005604599951766431,1
2480,0.0003521000035107136,0.0,0.0003533000126481056,0
2481,0.00018839992117136717,0.0,0.00018939992878586054,0
2482,0.00022119993809610605,0.0,0.00022229994647204876,0
2483,0.00015480001457035542,0.0,0.00015570002142339945,0
2484,0.00015330000314861536,0.0,0.0001542000100016594,0
2485,0.00016689999029040337,0.0,0.0001677999971434474,0
2486,0.000152900000102818,0.0,0.00015380000695586205,0
2487,0.00015689991414546967,0.0,0.0001577999209985137,0
2488,0.00016549997963011265,0.0,0.00016639998648315668,0
2489,0.00015330000314861536,0.00043329992331564426,0.005667299963533878,1
2490,0.000467000063508749,0.0,0.0004685999592766166,0
2491,0.00020999996922910213,0.0,0.0002109999768435955,0
2492,0.0002297000028192997,0.0,0.00023070001043379307,0
2493,0.00015989993698894978,0.0,0.00016089994460344315,0
2494,0.00016099994536489248,0.0,0.00016199995297938585,0
2495,0.00016880000475794077,0.0,0.0001697000116109848,0
2496,0.0001558999065309763,0.0,0.000156699912622571,0
2497,0.00015249999705702066,0.0,0.0001534000039100647,0
2498,0.0001653999788686633,0.0,0.000166199984960258,0
2499,0.00015249999705702066,0.0004890999989584088,0.005758799961768091,1
2500,0.00037320004776120186,0.0,0.00037450005766004324,0
2501,0.00016990001313388348,0.0,0.00017090002074837685,0
2502,0.00018969993107020855,0.0,0.00019079993944615126,0
2503,0.0001591000473126769,0.0,0.00016009993851184845,0
2504,0.0001572000328451395,0.0,0.00015810003969818354,0
2505,0.0001729999203234911,0.0,0.00017389992717653513,0
2506,0.0001583000412210822,0.0,0.00015909993089735508,0
2507,0.0001572000328451395,0.0,0.0001580000389367342,0
2508,0.00017030001617968082,0.0,0.00017110002227127552,0
2509,0.00015680002979934216,0.0004005999071523547,0.005478300037793815,1
2510,0.0004256999818608165,0.0,0.0004270999925211072,0
2511,0.00024410011246800423,0.0,0.00024510000366717577,0
2512,0.0002031000331044197,0.0,0.00020439992658793926,0
2513,0.00015810003969818354,0.0,0.00015900004655122757,0
2514,0.00016080006025731564,0.0,0.000161800067871809,0
2515,0.00022059993352741003,0.0,0.0002215999411419034,0
2516,0.00017010001465678215,0.0,0.00017100002150982618,0
2517,0.00015410000924021006,0.0,0.0001550000160932541,0
2518,0.00016579998191446066,0.0,0.0001666999887675047,0
2519,0.00015279999934136868,0.0004474999150261283,0.005707199918106198,1
2520,0.0003364000003784895,0.0,0.0003377000102773309,0
2521,0.0002120999852195382,0.0,0.00021299999207258224,0
2522,0.00018179998733103275,0.0,0.00018279999494552612,0
2523,0.00015559990424662828,0.0,0.00015659991186112165,0
2524,0.0001537000061944127,0.0,0.0001545000122860074,0
2525,0.00016769999638199806,0.0,0.0001686000032350421,0
2526,0.00015380000695586205,0.0,0.00015460001304745674,0
2527,0.00015700003132224083,0.0,0.00015780003741383553,0
2528,0.00016630010213702917,0.0,0.00016719999257475138,0
2529,0.00015410000924021006,0.0004268999909982085,0.005885099992156029,1
2530,0.0003504999913275242,0.0,0.00035180000122636557,0
2531,0.00019029993563890457,0.0,0.00019139994401484728,0
2532,0.00020839995704591274,0.0,0.00020949996542185545,0
2533,0.00021740002557635307,0.0,0.00021840003319084644,0
2534,0.00018619990441948175,0.0,0.00018719991203397512,0
2535,0.00023390003480017185,0.0,0.00023490004241466522,0
2536,0.00015460001304745674,0.0,0.0001556000206619501,0
2537,0.00015300000086426735,0.0,0.00015380000695586205,0
2538,0.00017009989824146032,0.0,0.00017099990509450436,0
2539,0.000152299995534122,0.0004357000580057502,0.0057616999838501215,1
2540,0.00037759996484965086,0.0,0.00037889997474849224,0
2541,0.0001639999682083726,0.0,0.00016499997582286596,0
2542,0.00018989993259310722,0.0,0.0001908999402076006,0
2543,0.0001591000473126769,0.0,0.0001599000534042716,0
2544,0.00016130006406456232,0.0,0.0001623000716790557,0
2545,0.00017120002303272486,0.0,0.0001721000298857689,0
2546,0.00015700003132224083,0.0,0.00015790003817528486,0
2547,0.0001564000267535448,0.0,0.00015750003512948751,0
2548,0.00016930000856518745,0.0,0.0001702000154182315,0
2549,0.0001569000305607915,0.0004152000183239579,0.005477100028656423,1
2550,0.0003256000345572829,0.0,0.0003269000444561243,0
2551,0.0001900999341160059,0.0,0.00019099994096904993,0
2552,0.00018269999418407679,0.0,0.00018370000179857016,0
2553,0.00024060008581727743,0.0,0.0002416000934317708,0
2554,0.00015350000467151403,0.0,0.0001545000122860074,0
2555,0.00016709999181330204,0.0,0.0001680999994277954,0
2556,0.00015300000086426735,0.0,0.00015390000771731138,0
2557,0.00015129998791962862,0.0,0.00015209999401122332,0
2558,0.0001642999704927206,0.0,0.00016519997734576464,0
2559,0.00018800003454089165,0.0004366999492049217,0.005825100000947714,1
2560,0.0003578000469133258,0.0,0.00035910005681216717,0
2561,0.00017200002912431955,0.0,0.00017290003597736359,0
2562,0.0001838000025600195,0.0,0.00018480001017451286,0
2563,0.00015590002294629812,0.0,0.00015680002979934216,0
2564,0.00015390000771731138,0.0,0.00015480001457035542,0
2565,0.00021030008792877197,0.0,0.00021119997836649418,0
2566,0.0001542000100016594,0.0,0.00015520001761615276,0
2567,0.00015199999324977398,0.0,0.00015300000086426735,0
2568,0.00016630010213702917,0.0,0.0001672001089900732,0
2569,0.0001556000206619501,0.0004347000503912568,0.005911300075240433,1
2570,0.0003573000431060791,0.0,0.0003587000537663698,0
2571,0.00020929996389895678,0.0,0.0002101999707520008,0
2572,0.0001821999903768301,0.0,0.00018319999799132347,0
2573,0.00015540001913905144,0.0,0.0001564000267535448,0
2574,0.0001517999917268753,0.0,0.00015279999934136868,0
2575,0.0001669999910518527,0.0,0.00016789999790489674,0
2576,0.00015460001304745674,0.0,0.00015550001990050077,0
2577,0.00031809997744858265,0.0,0.0003195999888703227,0
2578,0.00034309993498027325,0.0,0.0003445999464020133,0
2579,0.00032240001019090414,0.0005420999368652701,0.006688299938105047,1
2580,0.00031139992643147707,0.0,0.00031269993633031845,0
2581,0.00019109994173049927,0.0,0.00019209994934499264,0
2582,0.00023470004089176655,0.0,0.00024830002803355455,0
2583,0.0001702000154182315,0.0,0.00017110002227127552,0
2584,0.0001534000039100647,0.0,0.00015430001076310873,0
2585,0.00016759999562054873,0.0,0.0001686000032350421,0
2586,0.00015279999934136868,0.0,0.00015360000543296337,0
2587,0.00015189999248832464,0.0,0.00015279999934136868,0
2588,0.0002025999128818512,0.0,0.00020349991973489523,0
2589,0.0001542000100016594,0.00043599994387477636,0.0059489000122994184,1
2590,0.00031809997744858265,0.0,0.0003192999865859747,0
2591,0.00018860003910958767,0.0,0.00018960004672408104,0
2592,0.00018360000103712082,0.0,0.00018470000941306353,0
2593,0.00015470001380890608,0.0,0.00015570002142339945,0
2594,0.0002938000252470374,0.0,0.0002949000336229801,0
2595,0.00021550001110881567,0.0,0.00021650001872330904,0
2596,0.00015730003360658884,0.0,0.00015810003969818354,0
2597,0.00015390000771731138,0.0,0.00015470001380890608,0
2598,0.00016489997506141663,0.0,0.00016569998115301132,0
2599,0.00018900004215538502,0.0004000000189989805,0.005870599998161197,1
2600,0.00035420001950114965,0.0,0.0003554000286385417,0
2601,0.00019129994325339794,0.0,0.00019239995162934065,0
2602,0.00018259999342262745,0.0,0.00018350000027567148,0
2603,0.00015599990729242563,0.0,0.00015689991414546967,0
2604,0.0001545000122860074,0.0,0.0001553000183776021,0
2605,0.00025399995502084494,0.0,0.0002674999414011836,0
2606,0.00015360000543296337,0.0,0.0001545000122860074,0
2607,0.00015249999705702066,0.0,0.0001534000039100647,0
2608,0.00016609998419880867,0.0,0.00016689999029040337,0
2609,0.00015330000314861536,0.00046310003381222486,0.0058262000093236566,1
2610,0.000341000035405159,0.0,0.0003424000460654497,0
2611,0.00020870007574558258,0.0,0.0002098000841215253,0
2612,0.00018309999722987413,0.0,0.00018420000560581684,0
2613,0.00015440001152455807,0.0,0.00015520001761615276,0
2614,0.0001514999894425273,0.0,0.00015249999705702066,0
2615,0.00016559998039156199,0.0,0.00016659998800605536,0
2616,0.00015189999248832464,0.0,0.00015269999857991934,0
2617,0.00024359999224543571,0.0,0.0002445999998599291,0
2618,0.00016939989291131496,0.0,0.00017039990052580833,0
2619,0.00015400000847876072,0.00042779999785125256,0.00590420002117753,1
2620,0.0004237999673932791,0.0,0.00042509997729212046,0
2621,0.00020949996542185545,0.0,0.00021059997379779816,0
2622,0.00021279999054968357,0.0,0.0002136999974027276,0
2623,0.00015649991109967232,0.0,0.00015739991795271635,0
2624,0.00015350000467151403,0.0,0.00015430001076310873,0
2625,0.00016799999866634607,0.0,0.0001689000055193901,0
2626,0.0001537000061944127,0.0,0.00015460001304745674,0
2627,0.00015269999857991934,0.0,0.00015350000467151403,0
2628,0.0001694998936727643,0.0,0.00017039990052580833,0
2629,0.00015350000467151403,0.00043599994387477636,0.005783700034953654,1
2630,0.0003613999579101801,0.0,0.00036259996704757214,0
2631,0.00019109994173049927,0.0,0.00019219995010644197,0
2632,0.00018339999951422215,0.0,0.00018440000712871552,0
2633,0.0001556000206619501,0.0,0.00015639991033822298,0
2634,0.0001537000061944127,0.0,0.0001545000122860074,0
2635,0.00017010001465678215,0.0,0.00017120002303272486,0
2636,0.00015259999781847,0.0,0.0001534000039100647,0
2637,0.00015269999857991934,0.0,0.00015360000543296337,0
2638,0.00016339996363967657,0.0,0.00016439997125416994,0
2639,0.00015259999781847,0.00045409996528178453,0.006151899928227067,1
2640,0.00037640007212758064,0.0,0.000377700082026422,0
2641,0.00020790006965398788,0.0,0.0002090000780299306,0
2642,0.00017930008471012115,0.0,0.00018039997667074203,0
2643,0.00015490001533180475,0.0,0.00015590002294629812,0
2644,0.0001537000061944127,0.0,0.0001545000122860074,0
2645,0.00017200002912431955,0.0,0.00017290003597736359,0
2646,0.00015330000314861536,0.0,0.0001542000100016594,0
2647,0.00015219999477267265,0.0,0.00015300000086426735,0
2648,0.00016549997963011265,0.0,0.00016639998648315668,0
2649,0.00015169999096542597,0.0004464000230655074,0.005981400026939809,1
2650,0.0004999000811949372,0.0,0.0005012000910937786,0
2651,0.00016950001008808613,0.0,0.00017060001846402884,0
2652,0.00019139994401484728,0.0,0.00019239995162934065,0
2653,0.00016029994003474712,0.0,0.00016119994688779116,0
2654,0.00015750003512948751,0.0,0.00015840004198253155,0
2655,0.00017120002303272486,0.0,0.00017230003140866756,0
2656,0.00017390004359185696,0.0,0.0001930000726133585,0
2657,0.00015629990957677364,0.0,0.000157299917191267,0
2658,0.00017060001846402884,0.0,0.00017150002531707287,0
2659,0.00015920004807412624,0.0004469000268727541,0.005760200088843703,1
2660,0.000368200009688735,0.0,0.00036940001882612705,0
2661,0.0001607000594958663,0.0,0.000161800067871809,0
2662,0.00019019993487745523,0.0,0.00019109994173049927,0
2663,0.00015919993165880442,0.0,0.0001601999392732978,0
2664,0.00015700003132224083,0.0,0.00015780003741383553,0
2665,0.00017090002074837685,0.0,0.00017190002836287022,0
2666,0.00015799992252141237,0.0,0.0001588999293744564,0
2667,0.0001569000305607915,0.0,0.00015780003741383553,0
2668,0.00020990008488297462,0.0,0.00021080009173601866,0
2669,0.0001572000328451395,0.00040849996730685234,0.005920900031924248,1
2670,0.0003519000019878149,0.0,0.00035310001112520695,0
2671,0.0001895999303087592,0.0,0.00019049993716180325,0
2672,0.00018370000179857016,0.0,0.00018470000941306353,0
2673,0.00015769992023706436,0.0,0.0001585999270901084,0
2674,0.00015940004959702492,0.0,0.00016030005645006895,0
2675,0.00016739999409765005,0.0,0.00016820000018924475,0
2676,0.00015460001304745674,0.0,0.0001553000183776021,0
2677,0.00015310000162571669,0.0,0.00015409989282488823,0
2678,0.00016599998343735933,0.0,0.00016689999029040337,0
2679,0.0001545000122860074,0.0004395999712869525,0.006009700009599328,1
2680,0.00035580003168433905,0.0,0.0003570000408217311,0
2681,0.00019080005586147308,0.0,0.00019170006271451712,0
2682,0.00018400000408291817,0.0,0.00018500001169741154,0
2683,0.00015540001913905144,0.0,0.00015630002599209547,0
2684,0.0001531998859718442,0.0,0.00015409989282488823,0
2685,0.00020979996770620346,0.0,0.0002106999745592475,0
2686,0.00015380000695586205,0.0,0.00015460001304745674,0
2687,0.00015390000771731138,0.0,0.00015490001533180475,0
2688,0.00016549997963011265,0.0,0.00016629998572170734,0
2689,0.0001537000061944127,0.0004526999546214938,0.005998200038447976,1
2690,0.0003400000277906656,0.0,0.00035960006061941385,0
2691,0.00019230006728321314,0.0,0.00019329995848238468,0
2692,0.00018450000789016485,0.0,0.00018550001550465822,0
2693,0.00015600002370774746,0.0,0.00015689991414546967,0
2694,0.00015199999324977398,0.0,0.000152900000102818,0
2695,0.0001677999971434474,0.0,0.00016870000399649143,0
2696,0.0001537000061944127,0.0,0.00015449989587068558,0
2697,0.00015480001457035542,0.0,0.00015570002142339945,0
2698,0.00016499997582286596,0.0,0.00016579998191446066,0
2699,0.00015390000771731138,0.0004442998906597495,0.006871799938380718,1
2700,0.0005056000081822276,0.0,0.0005077000241726637,0
2701,0.00027900002896785736,0.0,0.0002804000396281481,0
2702,0.0002183000324293971,0.0,0.00021930004004389048,0
2703,0.00019789999350905418,0.0,0.00019890000112354755,0
2704,0.00017200002912431955,0.0,0.00017290003597736359,0
2705,0.00019219995010644197,0.0,0.00019319995772093534,0
2706,0.0001732999226078391,0.0,0.00017429993022233248,0
2707,0.00020809995476156473,0.0,0.00020899996161460876,0
2708,0.00019319995772093534,0.0,0.00019409996457397938,0
2709,0.0001716000260785222,0.0003931999672204256,0.0065737999975681305,1
2710,0.00042339996434748173,0.0,0.0004249999765306711,0
2711,0.0002239999594166875,0.0,0.0002250999677926302,0
2712,0.000318199978210032,0.0,0.00031919998582452536,0
2713,0.00018120009917765856,0.0,0.00018229999113827944,0
2714,0.0001677999971434474,0.0,0.00016870000399649143,0
2715,0.00025489996187388897,0.0,0.00025589996948838234,0
2716,0.00016840000171214342,0.0,0.00016930000856518745,0
2717,0.00016460008919239044,0.0,0.0001656000968068838,0
2718,0.000470799976028502,0.0,0.0004726999904960394,0
2719,0.00035340001340955496,0.000495100044645369,0.007618399919010699,1
2720,0.0004859999753534794,0.0,0.0004881999921053648,0
2721,0.0003720999229699373,0.0,0.00037399993743747473,0
2722,0.000399499898776412,0.0,0.0004010999109596014,0
2723,0.0003565999213606119,0.0,0.0003581999335438013,0
2724,0.0003132999408990145,0.0,0.0003146999515593052,0
2725,0.0002505999291315675,0.0,0.00025189993903040886,0
2726,0.00017629994545131922,0.0,0.0001772999530658126,0
2727,0.00016769999638199806,0.0,0.00016870000399649143,0
2728,0.000238100066781044,0.0,0.00023930007591843605,0
2729,0.00017660006415098906,0.0003700000233948231,0.007180800079368055,1
2730,0.0003386000171303749,0.0,0.00034010002855211496,0
2731,0.00020520004909485579,0.0,0.00020640005823224783,0
2732,0.00020610005594789982,0.0,0.00020720006432384253,0
2733,0.0001732000382617116,0.0,0.00017410004511475563,0
2734,0.00016499997582286596,0.0,0.00016599998343735933,0
2735,0.00018099998123943806,0.0,0.00018199998885393143,0
2736,0.0001656000968068838,0.0,0.00016650010365992785,0
2737,0.00016559998039156199,0.0,0.00016639998648315668,0
2738,0.00017969997134059668,0.0,0.0001805999781936407,0
2739,0.00023340003099292517,0.0004859999753534794,0.006770999985747039,1
2740,0.0005308999679982662,0.0,0.0005329999839887023,0
2741,0.000543300062417984,0.0,0.0005454000784084201,0
2742,0.00036179996095597744,0.0,0.00036319997161626816,0
2743,0.00023389991838485003,0.0,0.00023529992904514074,0
2744,0.00041290000081062317,0.0,0.00041420001070946455,0
2745,0.00028849998489022255,0.0,0.00028989999555051327,0
2746,0.00026759994216263294,0.0,0.000269099953584373,0
2747,0.00040220003575086594,0.0,0.000404000049456954,0
2748,0.0004325000336393714,0.0,0.0004342000465840101,0
2749,0.001738700084388256,0.000556300044991076,0.00872540008276701,1
2750,0.0003130999393761158,0.0,0.0003149999538436532,0
2751,0.00018719991203397512,0.0,0.0001881999196484685,0
2752,0.00021410000044852495,0.0,0.00021520000882446766,0
2753,0.0001748999347910285,0.0,0.0001759999431669712,0
2754,0.0001984999980777502,0.0,0.00019950000569224358,0
2755,0.00020849995780736208,0.0,0.0002093999646604061,0
2756,0.00015949993394315243,0.0,0.00016039994079619646,0
2757,0.00017879996448755264,0.0,0.00017969997134059668,0
2758,0.00021430000197142363,0.0,0.00021549989469349384,0
2759,0.00019990000873804092,0.00046959996689110994,0.006858300068415701,1
2760,0.0004311000229790807,0.0,0.0004325999179854989,0
2761,0.00018019997514784336,0.0,0.0001813999842852354,0
2762,0.00022709998302161694,0.0,0.000228599994443357,0
2763,0.00020410004071891308,0.0,0.00020530004985630512,0
2764,0.00025219994131475687,0.0,0.00025319994892925024,0
2765,0.000291300006210804,0.0,0.00029250001534819603,0
2766,0.0001770000671967864,0.0,0.00017790007404983044,0
2767,0.00016830000095069408,0.0,0.00016930000856518745,0
2768,0.0002497999230399728,0.0,0.0002508999314159155,0
2769,0.0002226999495178461,0.0003746000584214926,0.006863399990834296,1
2770,0.00028819998260587454,0.0,0.0002896999940276146,0
2771,0.00019399996381253004,0.0,0.00019519997294992208,0
2772,0.0002128999913111329,0.0,0.00021399999968707561,0
2773,0.00021879991982132196,0.0,0.00021979992743581533,0
2774,0.00020320003386586905,0.0,0.00020410004071891308,0
2775,0.0002319000195711851,0.0,0.00023310002870857716,0
2776,0.0001772999530658126,0.0,0.0001783999614417553,0
2777,0.00016109994612634182,0.0,0.0001620999537408352,0
2778,0.0003412999212741852,0.0,0.00034259993117302656,0
2779,0.0002327000256627798,0.00037759996484965086,0.007413599989376962,1
2780,0.0005925999721512198,0.0,0.0005950999911874533,0
2781,0.00042619998566806316,0.0,0.0004278999986127019,0
2782,0.0004996000789105892,0.0,0.0005014000926166773,0
2783,0.00043080002069473267,0.0,0.0004328000359237194,0
2784,0.0004133000038564205,0.0,0.0004149000160396099,0
2785,0.0005004999693483114,0.0,0.0005021999822929502,0
2786,0.0004053999437019229,0.0,0.0004067999543622136,0
2787,0.00046870007645338774,0.0,0.0004702000878751278,0
2788,0.0005197999998927116,0.0,0.0005215000128373504,0
2789,0.0004555000923573971,0.0005085999146103859,0.009260700084269047,1
2790,0.0005087000317871571,0.0,0.000510699930600822,0
2791,0.00043240003287792206,0.0,0.00043400004506111145,0
2792,0.00047090009320527315,0.0,0.0004727001069113612,0
2793,0.0004319000290706754,0.0,0.0004336000420153141,0
2794,0.0003640999784693122,0.0,0.0003657999914139509,0
2795,0.00041229999624192715,0.0,0.0004138000076636672,0
2796,0.00042189995292574167,0.0,0.0004235999658703804,0
2797,0.0003986000083386898,0.0,0.00040040002204477787,0
2798,0.00044769991654902697,0.0,0.00044929992873221636,0
2799,0.0003960999893024564,0.0006215999601408839,0.008241100003942847,1
2800,0.0004138998920097947,0.0,0.00041539990343153477,0
2801,0.0002125999890267849,0.0,0.00021359999664127827,0
2802,0.00022279995027929544,0.0,0.00022409996017813683,0
2803,0.00020330003462731838,0.0,0.0002044000430032611,0
2804,0.00016739999409765005,0.0,0.00016850000247359276,0
2805,0.0002471000188961625,0.0,0.00024830002803355455,0
2806,0.00021470000501722097,0.0,0.00021580001339316368,0
2807,0.00017200002912431955,0.0,0.00017280003521591425,0
2808,0.00024729990400373936,0.0,0.00024839991237968206,0
2809,0.00017310003750026226,0.0004154000198468566,0.008496299968101084,1
2810,0.0005129000637680292,0.0,0.0005148999625816941,0
2811,0.0004408999811857939,0.0,0.00044269999489188194,0
2812,0.0002956000389531255,0.0,0.00029710005037486553,0
2813,0.0003220000071451068,0.0,0.00032320001628249884,0
2814,0.00036369997542351484,0.0,0.0003651999868452549,0
2815,0.0003104000352323055,0.0,0.00031160004436969757,0
2816,0.0003304999554529786,0.0,0.00033199996687471867,0
2817,0.00023110001347959042,0.0,0.00023210002109408379,0
2818,0.0002397999633103609,0.0,0.00024099997244775295,0
2819,0.00016830000095069408,0.00043679994996637106,0.008387499954551458,1
2820,0.0005254000425338745,0.0,0.0005272999405860901,0
2821,0.0003776999656111002,0.0,0.0003793999785557389,0
2822,0.0004502000520005822,0.0,0.00045220006722956896,0
2823,0.0003923999611288309,0.0,0.000394499977119267,0
2824,0.00038840004708617926,0.0,0.000390100060030818,0
2825,0.0004181000404059887,0.0,0.0004200000548735261,0
2826,0.0003687000134959817,0.0,0.00037050002720206976,0
2827,0.00039820000529289246,0.0,0.0003999000182375312,0
2828,0.00038410001434385777,0.0,0.0003856000257655978,0
2829,0.000440400093793869,0.0004320999141782522,0.00845550000667572,1
2830,0.0005650999955832958,0.0,0.0005672000115737319,0
2831,0.0003381000133231282,0.0,0.00034010002855211496,0
2832,0.0004480000352486968,0.0,0.0004499000497162342,0
2833,0.0004059000639244914,0.0,0.00040770007763057947,0
2834,0.00042449997272342443,0.0,0.0004262999864295125,0
2835,0.00045510008931159973,0.0,0.0004569999873638153,0
2836,0.0003872999222949147,0.0,0.00038899993523955345,0
2837,0.000395099981687963,0.0,0.0003968999953940511,0
2838,0.00040010001976042986,0.0,0.00040200003422796726,0
2839,0.00041009997949004173,0.0004982000682502985,0.009028999949805439,1
2840,0.0005948999896645546,0.0,0.0005970000056549907,0
2841,0.0004450000124052167,0.0,0.00044700002763420343,0
2842,0.0004798000445589423,0.0,0.00048159994184970856,0
2843,0.00039469997864216566,0.0,0.00039679999463260174,0
2844,0.00041480001527816057,0.0,0.00041660002898424864,0
2845,0.00045000005047768354,0.0,0.0004518999485298991,0
2846,0.0003996000159531832,0.0,0.0004012999124825001,0
2847,0.00040689995512366295,0.0,0.000408699968829751,0
2848,0.0004881999921053648,0.0,0.0004903000080958009,0
2849,0.00041999993845820427,0.0005232000257819891,0.00901239993982017,1
2850,0.00046959996689110994,0.0,0.00047179998364299536,0
2851,0.0004336000420153141,0.0,0.0004352000541985035,0
2852,0.0003696000203490257,0.0,0.00037130003329366446,0
2853,0.0003971999976783991,0.0,0.0003989000106230378,0
2854,0.00034280004911124706,0.0,0.0003445000620558858,0
2855,0.0003559000324457884,0.0,0.00035740004386752844,0
2856,0.0003247000277042389,0.0,0.00032620003912597895,0
2857,0.0003999999025836587,0.0,0.0004016999155282974,0
2858,0.0004721001023426652,0.0,0.00047389999963343143,0
2859,0.0004181999247521162,0.0004902000073343515,0.009411899955011904,1
2860,0.0006723999977111816,0.0,0.0006745000137016177,0
2861,0.00047179998364299536,0.0,0.00047389999963343143,0
2862,0.00042500009294599295,0.0,0.00042729999404400587,0
2863,0.0003706999123096466,0.0,0.00037239992525428534,0
2864,0.0004042999353259802,0.0,0.0004058999475091696,0
2865,0.0003971999976783991,0.0,0.00039900001138448715,0
2866,0.0004168999148532748,0.0,0.0004186999285593629,0
2867,0.0003914999542757869,0.0,0.00039309996645897627,0
2868,0.00043670006562024355,0.0,0.0004384000785648823,0
2869,0.0004093999741598964,0.00037889997474849224,0.009981099981814623,1
2870,0.0007006999803707004,0.0,0.0007025999948382378,0
2871,0.0002460000105202198,0.0,0.0002473000204190612,0
2872,0.0002509000478312373,0.0,0.00025209994055330753,0
2873,0.0001694000093266368,0.0,0.00017040001694113016,0
2874,0.0001735000405460596,0.0,0.00017470004968345165,0
2875,0.00020460004452615976,0.0,0.00020570005290210247,0
2876,0.00016830000095069408,0.0,0.00016929989214986563,0
2877,0.0004187000449746847,0.0,0.00042020005639642477,0
2878,0.0004599000094458461,0.0,0.0004618000239133835,0
2879,0.0003926999634131789,0.0005015000933781266,0.010296400054357946,1
2880,0.0005103000439703465,0.0,0.0005122000584378839,0
2881,0.00038730003871023655,0.0,0.00038920005317777395,0
2882,0.00042860000394284725,0.0,0.0004304000176489353,0
2883,0.0004058999475091696,0.0,0.00040799996349960566,0
2884,0.00037050002720206976,0.0,0.00037240004166960716,0
2885,0.0003894000547006726,0.0,0.0003912000684067607,0
2886,0.00035360001493245363,0.0,0.00035530002787709236,0
2887,0.000354600022546947,0.0,0.00035640003625303507,0
2888,0.0006258999928832054,0.0,0.0006278000073507428,0
2889,0.0005587000632658601,0.0005329999839887023,0.010066999937407672,1
2890,0.0005746999522671103,0.0,0.0005763999652117491,0
2891,0.00023170001804828644,0.0,0.00023290002718567848,0
2892,0.00041580002289265394,0.0,0.0004176999209448695,0
2893,0.0005439999513328075,0.0,0.0006881000008434057,0
2894,0.00028719997499138117,0.0,0.00028849998489022255,0
2895,0.0006162999197840691,0.0,0.0006181999342516065,0
2896,0.000340700033120811,0.0,0.0003426000475883484,0
2897,0.00027359998784959316,0.0,0.00027489999774843454,0
2898,0.00045229995157569647,0.0,0.0004542999668046832,0
2899,0.0004304000176489353,0.0005151999648660421,0.009681600029580295,1
2900,0.0005361000075936317,0.0,0.0005382000235840678,0
2901,0.0004278999986127019,0.0,0.0004298000130802393,0
2902,0.00044029997661709785,0.0,0.0004422999918460846,0
2903,0.00037370005156844854,0.0,0.00037560006603598595,0
2904,0.0004140000091865659,0.0,0.00041580002289265394,0
2905,0.0003936000866815448,0.0,0.0003952999832108617,0
2906,0.00039009994361549616,0.0,0.00039199995808303356,0
2907,0.0003789999755099416,0.0,0.0003806999884545803,0
2908,0.0005225000204518437,0.0,0.0005243000341579318,0
2909,0.0005940999835729599,0.000964700011536479,0.009017799980938435,1
2910,0.0005207000067457557,0.0,0.0005226000212132931,0
2911,0.0004000000189989805,0.0,0.0004019000334665179,0
2912,0.0004135000053793192,0.0,0.0004152000183239579,0
2913,0.0003704000264406204,0.0,0.0003720000386238098,0
2914,0.00035280000884085894,0.0,0.00035450002178549767,0
2915,0.00031949998810887337,0.0,0.0003209999995306134,0
2916,0.00017310003750026226,0.0,0.00017420004587620497,0
2917,0.00044169998727738857,0.0,0.0004437000025063753,0
2918,0.0004200999392196536,0.0,0.00042189995292574167,0
2919,0.0003758000675588846,0.00042429997120052576,0.008319500018842518,1
2920,0.00033950002398341894,0.0,0.000341000035405159,0
2921,0.00022330007050186396,0.0,0.000224500079639256,0
2922,0.00027630000840872526,0.0,0.00027740001678466797,0
2923,0.00017909996677190065,0.0,0.00018019997514784336,0
2924,0.00016739999409765005,0.0,0.00016830000095069408,0
2925,0.00018610002007335424,0.0,0.00018710002768784761,0
2926,0.0001653999788686633,0.0,0.00016629998572170734,0
2927,0.00016359996516257524,0.0,0.00016449997201561928,0
2928,0.00021479988936334848,0.0,0.0002158998977392912,0
2929,0.00017390004359185696,0.00034039991442114115,0.006946700043044984,1
2930,0.00042399996891617775,0.0,0.00042559998109936714,0
2931,0.0002237000735476613,0.0,0.000224800081923604,0
2932,0.00025420007295906544,0.0,0.0002554000820964575,0
2933,0.00017100002150982618,0.0,0.00017200002912431955,0
2934,0.00016489997506141663,0.0,0.00016579998191446066,0
2935,0.00018009997438639402,0.0,0.00018119998276233673,0
2936,0.00016570009756833315,0.0,0.0001666999887675047,0
2937,0.00016439997125416994,0.0,0.0001653999788686633,0
2938,0.00018750003073364496,0.0,0.00018850003834813833,0
2939,0.0001661001006141305,0.0003646000986918807,0.00775180000346154,1
2940,0.0005028999876230955,0.0,0.0005049000028520823,0
2941,0.00023639993742108345,0.0,0.00023769994731992483,0
2942,0.00025109993293881416,0.0,0.00025219994131475687,0
2943,0.00017879996448755264,0.0,0.000179799972102046,0
2944,0.00016519997734576464,0.0,0.00016609998419880867,0
2945,0.0001802000915631652,0.0,0.00018119998276233673,0
2946,0.00016140006482601166,0.0,0.00016240007244050503,0
2947,0.00016030005645006895,0.0,0.00016130006406456232,0
2948,0.00017609994392842054,0.0,0.00017699995078146458,0
2949,0.00017070001922547817,0.0003217000048607588,0.007263400009833276,1
2950,0.0005159000866115093,0.0,0.0005182001041248441,0
2951,0.00024720001965761185,0.0,0.00024850002955645323,0
2952,0.00023120001424103975,0.0,0.00023260002490133047,0
2953,0.00027650000993162394,0.0,0.0002778000198304653,0
2954,0.00024209998082369566,0.0,0.0002432999899610877,0
2955,0.0003136999439448118,0.0,0.00031489995308220387,0
2956,0.00021150009706616402,0.0,0.00021260010544210672,0
2957,0.00016799999866634607,0.0,0.0001689000055193901,0
2958,0.0002614000113680959,0.0,0.0002626000205054879,0
2959,0.00017120002303272486,0.00034929998219013214,0.007370700011961162,1
2960,0.0003581999335438013,0.0,0.0003597999457269907,0
2961,0.00022469996474683285,0.0,0.00022579997312277555,0
2962,0.0002581999870017171,0.0,0.00025939999613910913,0
2963,0.00019540009088814259,0.0,0.00019649998284876347,0
2964,0.00016599998343735933,0.0,0.0001669999910518527,0
2965,0.00022299995180219412,0.0,0.00022419996093958616,0
2966,0.00017429993022233248,0.0,0.00017529993783682585,0
2967,0.00018019997514784336,0.0,0.00018119998276233673,0
2968,0.0002474000211805105,0.0,0.0002484000287950039,0
2969,0.00016910000704228878,0.0003388000186532736,0.006963800056837499,1
2970,0.0003611000720411539,0.0,0.0003626999678090215,0
2971,0.00022550008725374937,0.0,0.00022650009486824274,0
2972,0.00025889999233186245,0.0,0.0002601000014692545,0
2973,0.00019789999350905418,0.0,0.00019910000264644623,0
2974,0.00018610002007335424,0.0,0.00018720002844929695,0
2975,0.00020969996694475412,0.0,0.0002109999768435955,0
2976,0.00017389992717653513,0.0,0.00017479993402957916,0
2977,0.00017439993098378181,0.0,0.00017529993783682585,0
2978,0.00021119997836649418,0.0,0.00021229998674243689,0
2979,0.0001680999994277954,0.0003704000264406204,0.006855499930679798,1
2980,0.00032840005587786436,0.0,0.0003302000695839524,0
2981,0.00022280006669461727,0.0,0.0002237000735476613,0
2982,0.00025759998243302107,0.0,0.0002586999908089638,0
2983,0.00017180002760142088,0.0,0.00017280003521591425,0
2984,0.00016510009299963713,0.0,0.00016600009985268116,0
2985,0.0001829999964684248,0.0,0.00018400000408291817,0
2986,0.00016489997506141663,0.0,0.00016579998191446066,0
2987,0.00016469997353851795,0.0,0.00016559998039156199,0
2988,0.00018669990822672844,0.0,0.00018759991507977247,0
2989,0.00016379996668547392,0.00031450006645172834,0.007246099994517863,1
2990,0.00030010007321834564,0.0,0.000301400083117187,0
2991,0.00018269999418407679,0.0,0.0001838000025600195,0
2992,0.00020859995856881142,0.0,0.00020979996770620346,0
2993,0.00016880000475794077,0.0,0.00016980001237243414,0
2994,0.0001650999765843153,0.0,0.00016609998419880867,0
2995,0.00018179998733103275,0.0,0.00018269999418407679,0
2996,0.00016719999257475138,0.0,0.0001680999994277954,0
2997,0.00016409996896982193,0.0,0.00016489997506141663,0
2998,0.00018810003530234098,0.0,0.00018900004215538502,0
2999,0.00016469997353851795,0.0003040999872609973,0.007141500012949109,1
