step,step_state_sec,to_numpy_sec,total_step_sec,saved
0,0.06207369995536283,0.00046060001477599144,0.06476859998656437,1
1,0.00043940002797171474,0.0,0.0004414000432007015,0
2,0.0003497999859973788,0.0,0.00035119999665766954,0
3,0.00021860003471374512,0.0,0.00021970004308968782,0
4,0.0002161000156775117,0.0,0.00021700002253055573,0
5,0.00013719999697059393,0.0,0.00013810000382363796,0
6,0.00013580004451796412,0.0,0.0001365999924018979,0
7,0.00013449997641146183,0.0,0.00013529998250305653,0
8,0.00018179998733103275,0.0,0.00018269999418407679,0
9,0.00013810000382363796,0.0,0.000139000010676682,0
10,0.0001344000338576734,0.0,0.00013530004071071744,0
11,0.00016599998343735933,0.0,0.00016689999029040337,0
12,0.0001476999605074525,0.0,0.00014859996736049652,0
13,0.0001335999695584178,0.0,0.0001343999756500125,0
14,0.00015439995331689715,0.0,0.0001552999601699412,0
15,0.0001742999884299934,0.0,0.00017529999604448676,0
16,0.00019109999993816018,0.0,0.00019190000602975488,0
17,0.0001580000389367342,0.0,0.0001588000450283289,0
18,0.0001789000234566629,0.0,0.00018010003259405494,0
19,0.00023669999791309237,0.0006454999675042927,0.003227700013667345,1
20,0.0003548999666236341,0.0,0.0003561999765224755,0
21,0.0002832000027410686,0.0,0.00028440001187846065,0
22,0.00018420000560581684,0.0,0.00018510001245886087,0
23,0.0002674999996088445,0.0,0.0002685000072233379,0
24,0.00013239996042102575,0.0,0.00013319996651262045,0
25,0.00016719999257475138,0.0,0.00016789999790489674,0
26,0.00020140002015978098,0.0,0.00020220002625137568,0
27,0.000145800004247576,0.0,0.00014670001110062003,0
28,0.0001303000026382506,0.0,0.00013100000796839595,0
29,0.00013010000111535192,0.0,0.0001309000072069466,0
30,0.00014219997683539987,0.0,0.00014319998444989324,0
31,0.0001886999816633761,0.0,0.00018959998851642013,0
32,0.00013050000416114926,0.0,0.00013130001025274396,0
33,0.00012909999350085855,0.0,0.0001297999988310039,0
34,0.00014349998673424125,0.0,0.00014439999358728528,0
35,0.0001303000026382506,0.0,0.00013109995052218437,0
36,0.00012909999350085855,0.0,0.00012989999959245324,0
37,0.0001409000251442194,0.0,0.00014180003199726343,0
38,0.00016630004392936826,0.0,0.00016719999257475138,0
39,0.00012919999426230788,0.0004175999783910811,0.0025717999669723213,1
40,0.0002584000467322767,0.0,0.00025949999690055847,0
41,0.00016230001347139478,0.0,0.00016329996287822723,0
42,0.00013339996803551912,0.0,0.00013419997412711382,0
43,0.00016219995450228453,0.0,0.00016309996135532856,0
44,0.0001324999611824751,0.0,0.00013339996803551912,0
45,0.00013050000416114926,0.0,0.0001314000110141933,0
46,0.00013020000187680125,0.0,0.00013110000872984529,0
47,0.0001829999964684248,0.0,0.00018400000408291817,0
48,0.00013080000644549727,0.0,0.0001317000132985413,0
49,0.00013050000416114926,0.0,0.00013130001025274396,0
50,0.00014350004494190216,0.0,0.00014429999282583594,0
51,0.00013719999697059393,0.0,0.00013800000306218863,0
52,0.00013299996498972178,0.0,0.0001338999718427658,0
53,0.0001303000026382506,0.0,0.00013100000796839595,0
54,0.00017880002269521356,0.0,0.0001797000295482576,0
55,0.00013110000872984529,0.0,0.00013190001482143998,0
56,0.00012939999578520656,0.0,0.00013020000187680125,0
57,0.0001433999859727919,0.0,0.00014429999282583594,0
58,0.00013070000568404794,0.0,0.00013160001253709197,0
59,0.00023579999106004834,0.0004523999523371458,0.0034054999705404043,1
60,0.0005409000441431999,0.0,0.0005422999965958297,0
61,0.00017769995611160994,0.0,0.0001786999637261033,0
62,0.00020019995281472802,0.0,0.00020099995890632272,0
63,0.00015929999062791467,0.0,0.0001601999974809587,0
64,0.00013260002015158534,0.0,0.00013350002700462937,0
65,0.00013429997488856316,0.0,0.0001351999817416072,0
66,0.00012939999578520656,0.0,0.00013020000187680125,0
67,0.00014409999130293727,0.0,0.00014489999739453197,0
68,0.0001303000026382506,0.0,0.00013109995052218437,0
69,0.000166199984960258,0.0,0.0001669999910518527,0
70,0.0001438999897800386,0.0,0.0001446999958716333,0
71,0.0001306000049225986,0.0,0.00013130001025274396,0
72,0.0001294999965466559,0.0,0.00013020000187680125,0
73,0.00013080000644549727,0.0,0.00013160001253709197,0
74,0.00014110002666711807,0.0,0.00014189997455105186,0
75,0.00012969999806955457,0.0,0.00013040000339969993,0
76,0.00018069997895509005,0.0,0.00018159998580813408,0
77,0.00014479999663308263,0.0,0.00014570000348612666,0
78,0.00013310002395883203,0.0,0.00013400003081187606,0
79,0.00013280002167448401,0.0003918999573215842,0.002375999989453703,1
80,0.00025099999038502574,0.0,0.0002521999995224178,0
81,0.0001370999962091446,0.0,0.00013800000306218863,0
82,0.00013349996879696846,0.0,0.0001343999756500125,0
83,0.0001577999792061746,0.0,0.00015889998758211732,0
84,0.00013350002700462937,0.0,0.00013430003309622407,0
85,0.00013200001558288932,0.0,0.00013290002243593335,0
86,0.0001330000231973827,0.0,0.00013390003005042672,0
87,0.00015059998258948326,0.0,0.0001514999894425273,0
88,0.0001324999611824751,0.0,0.00013329996727406979,0
89,0.00013080000644549727,0.0,0.00013159995432943106,0
90,0.0001433999859727919,0.0,0.00014429999282583594,0
91,0.00013260002015158534,0.0,0.0001333000254817307,0
92,0.00013080000644549727,0.0,0.00013160001253709197,0
93,0.00012969999806955457,0.0,0.00013040000339969993,0
94,0.0001718999701552093,0.0,0.00017319998005405068,0
95,0.00023169995984062552,0.0,0.00023289996897801757,0
96,0.0001905999961309135,0.0,0.00019150000298395753,0
97,0.00019109999993816018,0.0,0.00019210000755265355,0
98,0.00013729999773204327,0.0,0.0001382000045850873,0
99,0.0002019999665208161,0.0005423999973572791,0.002909399976488203,1
100,0.000305800000205636,0.0,0.0003070999518968165,0
101,0.0001403999631293118,0.0,0.00014139997074380517,0
102,0.00013699999544769526,0.0,0.0001379000023007393,0
103,0.0001674999948590994,0.0,0.0001686000032350421,0
104,0.00013290002243593335,0.0,0.00013370002852752805,0
105,0.00012989999959245324,0.0,0.0001309000072069466,0
106,0.00012989999959245324,0.0,0.00013079994823783636,0
107,0.00014849996659904718,0.0,0.00014949997421354055,0
108,0.00013099994976073503,0.0,0.00013179995585232973,0
109,0.00013040000339969993,0.0,0.00013120000949129462,0
110,0.0001601999974809587,0.0,0.00016110000433400273,0
111,0.00017590000061318278,0.0,0.00017680000746622682,0
112,0.00013010000111535192,0.0,0.0001309000072069466,0
113,0.0001689000055193901,0.0,0.00018769997404888272,0
114,0.00028229999588802457,0.0,0.0002835000050254166,0
115,0.00019320001592859626,0.0,0.00020680000307038426,0
116,0.00013290002243593335,0.0,0.00013370002852752805,0
117,0.00014730001566931605,0.0,0.00014820002252236009,0
118,0.00013340002624318004,0.0,0.00013760000001639128,0
119,0.0001335999695584178,0.00045170000521466136,0.002547200012486428,1
120,0.00026290002278983593,0.0,0.0002642000326886773,0
121,0.0002022999688051641,0.0,0.00020329997641965747,0
122,0.00021850003395229578,0.0,0.00021959998412057757,0
123,0.00036040000850334764,0.0,0.0003616000176407397,0
124,0.0003019999712705612,0.0,0.0003029999788850546,0
125,0.0002261999761685729,0.0,0.0002269999822601676,0
126,0.00016360002337023616,0.0,0.00016440002946183085,0
127,0.00015350000467151403,0.0,0.00015440001152455807,0
128,0.00016120000509545207,0.0,0.00016200001118704677,0
129,0.00013110000872984529,0.0,0.00013180001405999064,0
130,0.00014459999511018395,0.0,0.00014540000120177865,0
131,0.00015400000847876072,0.0,0.00015490001533180475,0
132,0.0001317000132985413,0.0,0.00013260002015158534,0
133,0.00013050000416114926,0.0,0.00013130001025274396,0
134,0.00014380004722625017,0.0,0.0001447000540792942,0
135,0.00013050000416114926,0.0,0.0001314000110141933,0
136,0.00012879999121651053,0.0,0.0001294999965466559,0
137,0.00014209997607395053,0.0,0.00014299998292699456,0
138,0.00013460003538057208,0.0,0.00013550004223361611,0
139,0.00012969999806955457,0.00037399999564513564,0.0026485000271350145,1
140,0.0002682000049389899,0.0,0.00026950001483783126,0
141,0.00013920001219958067,0.0,0.0001401000190526247,0
142,0.00013420003233477473,0.0,0.00013510003918781877,0
143,0.00015959999291226268,0.0,0.0001604999997653067,0
144,0.00013589998707175255,0.0,0.00013689999468624592,0
145,0.00013319996651262045,0.0,0.00013399997260421515,0
146,0.00013129995204508305,0.0,0.00013209995813667774,0
147,0.00015269999857991934,0.0,0.00015350000467151403,0
148,0.00013040000339969993,0.0,0.00013120000949129462,0
149,0.00013020000187680125,0.0,0.00013100000796839595,0
150,0.0001433999859727919,0.0,0.0001441999920643866,0
151,0.00013070000568404794,0.0,0.00013150001177564263,0
152,0.00013040000339969993,0.0,0.00013120000949129462,0
153,0.00013000000035390258,0.0,0.00013080000644549727,0
154,0.00014730001566931605,0.0,0.00014810002176091075,0
155,0.00013190001482143998,0.0,0.00013270002091303468,0
156,0.0001294999965466559,0.0,0.00013050000416114926,0
157,0.00014220003504306078,0.0,0.00014320004265755415,0
158,0.00013040000339969993,0.0,0.00013130001025274396,0
159,0.00012930005323141813,0.0003535000141710043,0.0022304000449366868,1
160,0.00029009999707341194,0.0,0.000291300006210804,0
161,0.00013609998859465122,0.0,0.0001370999962091446,0
162,0.0001317000132985413,0.0,0.00013260002015158534,0
163,0.00015580002218484879,0.0,0.00015680002979934216,0
164,0.0001309000072069466,0.0,0.0001317000132985413,0
165,0.00012939999578520656,0.0,0.00013020000187680125,0
166,0.00012900005094707012,0.0,0.00012980005703866482,0
167,0.0001998000079765916,0.0,0.00020080001559108496,0
168,0.0002579999854788184,0.0,0.0002590999938547611,0
169,0.00013660005060955882,0.0,0.00013740005670115352,0
170,0.00023990002227947116,0.0,0.00024069997016340494,0
171,0.00017169996863231063,0.0,0.00017259997548535466,0
172,0.00014869996812194586,0.0,0.00014949997421354055,0
173,0.00016710005002096295,0.0,0.0001678000553511083,0
174,0.00020329997641965747,0.0,0.0002041999832727015,0
175,0.0002101999707520008,0.0,0.0002109999768435955,0
176,0.00016440002946183085,0.0,0.0001651000347919762,0
177,0.00015060004079714417,0.0,0.00015139998868107796,0
178,0.00013259996194392443,0.0,0.00013329996727406979,0
179,0.00012909999350085855,0.00045960000716149807,0.0026082000113092363,1
180,0.00031649996526539326,0.0,0.0003176999744027853,0
181,0.0001537000061944127,0.0,0.00015470001380890608,0
182,0.0001341000315733254,0.0,0.00013510003918781877,0
183,0.0001585999852977693,0.0,0.00015949999215081334,0
184,0.0001319999573752284,0.0,0.00013289996422827244,0
185,0.00012989999959245324,0.0,0.00013080000644549727,0
186,0.00013369997031986713,0.0,0.00013449997641146183,0
187,0.00014479999663308263,0.0,0.00014570000348612666,0
188,0.00013050000416114926,0.0,0.00013130001025274396,0
189,0.00013000000035390258,0.0,0.0001309000072069466,0
190,0.00014249997911974788,0.0,0.00014329998521134257,0
191,0.00013190001482143998,0.0,0.00013270002091303468,0
192,0.0001295000547543168,0.0,0.000130399945192039,0
193,0.00013409997336566448,0.0,0.00013489997945725918,0
194,0.0001453000004403293,0.0,0.00014620000729337335,0
195,0.00013860000763088465,0.0,0.00013940001372247934,0
196,0.0001314000110141933,0.0,0.000132200017105788,0
197,0.00014260003808885813,0.0,0.0001433999859727919,0
198,0.00012959999730810523,0.0,0.00013040000339969993,0
199,0.00012889999197795987,0.00036890001501888037,0.0025454999995417893,1
200,0.0004351999959908426,0.0,0.00043840002035722136,0
201,0.0001881999778561294,0.0,0.00018939998699352145,0
202,0.0001612999476492405,0.0,0.00016219995450228453,0
203,0.00016259995754808187,0.0,0.0001634999644011259,0
204,0.00015259999781847,0.0,0.00015360000543296337,0
205,0.00013210001634433866,0.0,0.00013310002395883203,0
206,0.00012839998817071319,0.0,0.00012919999426230788,0
207,0.00014410004951059818,0.0,0.0001449999981559813,0
208,0.0001289999927394092,0.0,0.0001297999988310039,0
209,0.00013210001634433866,0.0,0.0001330000231973827,0
210,0.00014050002209842205,0.0,0.00014150002971291542,0
211,0.00012919999426230788,0.0,0.00013000000035390258,0
212,0.00012739998055621982,0.0,0.0001281999866478145,0
213,0.00012600002810359,0.0,0.0001268000341951847,0
214,0.00013990001752972603,0.0,0.00014070002362132072,0
215,0.000125700025819242,0.0,0.0001265000319108367,0
216,0.0001297999988310039,0.0,0.0001306000049225986,0
217,0.00013749999925494194,0.0,0.00013829994713887572,0
218,0.00012539996532723308,0.0,0.00012609997065737844,0
219,0.00012420001439750195,0.0003641000366769731,0.002347000001464039,1
220,0.00027980003505945206,0.0,0.00028090004343539476,0
221,0.00013339996803551912,0.0,0.00013429997488856316,0
222,0.00013000000035390258,0.0,0.0001309000072069466,0
223,0.00015219999477267265,0.0,0.00015310000162571669,0
224,0.00012889999197795987,0.0,0.0001297999988310039,0
225,0.00012659997446462512,0.0,0.00012739998055621982,0
226,0.0002096000243909657,0.0,0.0002104000304825604,0
227,0.00016390002565458417,0.0,0.00016490003326907754,0
228,0.00012959999730810523,0.0,0.00013050000416114926,0
229,0.00022869999520480633,0.0,0.00022990000434219837,0
230,0.0001947000273503363,0.0,0.000195500033441931,0
231,0.00020790001144632697,0.0,0.00020870001753792167,0
232,0.000146100006531924,0.0,0.00014710001414641738,0
233,0.00012699997751042247,0.0,0.00012769998284056783,0
234,0.0001404000213369727,0.0,0.00014130002819001675,0
235,0.00012750003952533007,0.0,0.00012829998740926385,0
236,0.00012639997294172645,0.0,0.00012719997903332114,0
237,0.00017380004283040762,0.0,0.00017450004816055298,0
238,0.0001275999820791185,0.0,0.00012839998817071319,0
239,0.00012959999730810523,0.00038219999987632036,0.0022789999493397772,1
240,0.00021719996584579349,0.0,0.00021839997498318553,0
241,0.00016930000856518745,0.0,0.0001702000154182315,0
242,0.00012930005323141813,0.0,0.00013020000187680125,0
243,0.00015400000847876072,0.0,0.0001550000160932541,0
244,0.00013329996727406979,0.0,0.00013419997412711382,0
245,0.00012729997979477048,0.0,0.0001281999866478145,0
246,0.00012660003267228603,0.0,0.00012740003876388073,0
247,0.00014080002438277006,0.0,0.00014160003047436476,0
248,0.00012600002810359,0.0,0.0001268000341951847,0
249,0.0001249000197276473,0.0,0.000125700025819242,0
250,0.00013719999697059393,0.0,0.00013800000306218863,0
251,0.00012700003571808338,0.0,0.00012780004180967808,0
252,0.00013120000949129462,0.0,0.00013210001634433866,0
253,0.00012550002429634333,0.0,0.0001262999721802771,0
254,0.00013840000610798597,0.0,0.00013930001296103,0
255,0.00012630003038793802,0.0,0.00012710003647953272,0
256,0.00012580002658069134,0.0,0.00012669997522607446,0
257,0.00013830000534653664,0.0,0.00013920001219958067,0
258,0.00012749998131766915,0.0,0.00012839998817071319,0
259,0.0001303000026382506,0.00036720000207424164,0.0023722999612800777,1
260,0.0004650999908335507,0.0,0.0004673000075854361,0
261,0.00023289996897801757,0.0,0.0002340999781154096,0
262,0.00013619998935610056,0.0,0.00013719999697059393,0
263,0.00015979999443516135,0.0,0.00016080000204965472,0
264,0.0001286999904550612,0.0,0.00012959999730810523,0
265,0.00012720003724098206,0.0,0.0001281000440940261,0
266,0.00012779998360201716,0.0,0.0001286999904550612,0
267,0.00014169997302815318,0.0,0.00014259997988119721,0
268,0.00012729997979477048,0.0,0.0001281999866478145,0
269,0.0001281999866478145,0.0,0.0001289999927394092,0
270,0.00013840000610798597,0.0,0.00013940001372247934,0
271,0.00012729997979477048,0.0,0.0001281999866478145,0
272,0.00012829998740926385,0.0,0.00012909999350085855,0
273,0.00012640003114938736,0.0,0.00012720003724098206,0
274,0.0001474000164307654,0.0,0.00014830002328380942,0
275,0.00012590002734214067,0.0,0.00012670003343373537,0
276,0.00012879999121651053,0.0,0.00012969999806955457,0
277,0.0002106999745592475,0.0,0.00021159998141229153,0
278,0.00018660002388060093,0.0,0.00018750003073364496,0
279,0.00015849998453631997,0.0003845000173896551,0.002545700001064688,1
280,0.0002468000166118145,0.0,0.00024809996830299497,0
281,0.00013459997717291117,0.0,0.00013569998554885387,0
282,0.0001297999988310039,0.0,0.0001309000072069466,0
283,0.00015840004198253155,0.0,0.000159399991389364,0
284,0.00013010000111535192,0.0,0.00013100000796839595,0
285,0.00015919998986646533,0.0,0.00016009999671950936,0
286,0.0001281999866478145,0.0,0.00012909999350085855,0
287,0.00023880001390352845,0.0,0.00023990002227947116,0
288,0.00014479999663308263,0.0,0.000145800004247576,0
289,0.00014460005331784487,0.0,0.00014560000272467732,0
290,0.00016240001423284411,0.0,0.00016339996363967657,0
291,0.00014379998901858926,0.0,0.0001446999958716333,0
292,0.00012779998360201716,0.0,0.00012859998969361186,0
293,0.00012670003343373537,0.0,0.0001276000402867794,0
294,0.0001412000274285674,0.0,0.00014210003428161144,0
295,0.0001289999927394092,0.0,0.0001297999988310039,0
296,0.00012800004333257675,0.0,0.0001287000486627221,0
297,0.00016270001651719213,0.0,0.00016360002337023616,0
298,0.00015079998411238194,0.0,0.00015169999096542597,0
299,0.0001275999820791185,0.0003407999756745994,0.002419999975245446,1
300,0.0002834000042639673,0.0,0.00028470001416280866,0
301,0.00017300003673881292,0.0,0.00017399998614564538,0
302,0.00013179995585232973,0.0,0.00013289996422827244,0
303,0.00015519995940849185,0.0,0.00015629996778443456,0
304,0.0001311999512836337,0.0,0.00013229995965957642,0
305,0.0001286999904550612,0.0,0.00012959999730810523,0
306,0.00012909999350085855,0.0,0.00012989999959245324,0
307,0.0001422999775968492,0.0,0.0001430999836884439,0
308,0.00013280002167448401,0.0,0.0001336000277660787,0
309,0.00012939999578520656,0.0,0.00013020000187680125,0
310,0.00014139997074380517,0.0,0.0001422999775968492,0
311,0.00012820004485547543,0.0,0.00012900005094707012,0
312,0.00012669997522607446,0.0,0.00012749998131766915,0
313,0.00012719997903332114,0.0,0.00012799998512491584,0
314,0.00013950001448392868,0.0,0.00014030002057552338,0
315,0.0001311999512836337,0.0,0.0001319999573752284,0
316,0.00012769998284056783,0.0,0.00012849998893216252,0
317,0.00013940001372247934,0.0,0.00014030002057552338,0
318,0.0001276000402867794,0.0,0.00012850004713982344,0
319,0.00012749998131766915,0.0003695000195875764,0.002402900019660592,1
320,0.00043809995986521244,0.0,0.0004392999690026045,0
321,0.00013880000915378332,0.0,0.00014000001829117537,0
322,0.0001309000072069466,0.0,0.00013180001405999064,0
323,0.00015659997006878257,0.0,0.00015769997844472528,0
324,0.00012880004942417145,0.0,0.00012959999730810523,0
325,0.0001306000049225986,0.0,0.00013160001253709197,0
326,0.00012919999426230788,0.0,0.00013010000111535192,0
327,0.00014110002666711807,0.0,0.0001420000335201621,0
328,0.0001276000402867794,0.0,0.0001284000463783741,0
329,0.00012729997979477048,0.0,0.00012809998588636518,0
330,0.00014099996769800782,0.0,0.0001419999753125012,0
331,0.00012779998360201716,0.0,0.00012859998969361186,0
332,0.00012610002886503935,0.0,0.00012690003495663404,0
333,0.00012989999959245324,0.0,0.00013080000644549727,0
334,0.00014000001829117537,0.0,0.0001409000251442194,0
335,0.00012610002886503935,0.0,0.00012690003495663404,0
336,0.0001268000341951847,0.0,0.0001276000402867794,0
337,0.0001379000023007393,0.0,0.00013890000991523266,0
338,0.00012780004180967808,0.0,0.00012859998969361186,0
339,0.00012589996913447976,0.0003588999970816076,0.0022048999671824276,1
340,0.0002801999798975885,0.0,0.00028139998903498054,0
341,0.00023180001880973577,0.0,0.00023280002642422915,0
342,0.00017790001584216952,0.0,0.00017880002269521356,0
343,0.00015440001152455807,0.0,0.00015550001990050077,0
344,0.0001928000128827989,0.0,0.00019380002049729228,0
345,0.00014189997455105186,0.0,0.0001427999814040959,0
346,0.0001286999904550612,0.0,0.0001294999965466559,0
347,0.00014240003656595945,0.0,0.0001433000434190035,0
348,0.00018839997937902808,0.0,0.00018919998547062278,0
349,0.00012769998284056783,0.0,0.00012849998893216252,0
350,0.00014370004646480083,0.0,0.00014449999434873462,0
351,0.00018750003073364496,0.0,0.00018829997861757874,0
352,0.00014209997607395053,0.0,0.00014289998216554523,0
353,0.00016799999866634607,0.0,0.00016880000475794077,0
354,0.00016039999900385737,0.0,0.00016140000661835074,0
355,0.0002343000378459692,0.0,0.00023519998649135232,0
356,0.0001317000132985413,0.0,0.000132500019390136,0
357,0.00013920001219958067,0.0,0.00014020001981407404,0
358,0.00012720003724098206,0.0,0.00012800004333257675,0
359,0.00012749998131766915,0.0003902000025846064,0.0023258000146597624,1
360,0.0002695999573916197,0.0,0.0002707999665290117,0
361,0.00013940001372247934,0.0,0.00014050002209842205,0
362,0.0001294999965466559,0.0,0.00013040000339969993,0
363,0.00015609996626153588,0.0,0.00015709997387602925,0
364,0.00012890005018562078,0.0,0.0001297999988310039,0
365,0.0001275999820791185,0.0,0.00012849998893216252,0
366,0.0001270999782718718,0.0,0.0001278999843634665,0
367,0.0001420000335201621,0.0,0.0001428000396117568,0
368,0.00013280002167448401,0.0,0.00013370002852752805,0
369,0.0001275999820791185,0.0,0.00012839998817071319,0
370,0.00014059996465221047,0.0,0.00014139997074380517,0
371,0.00012900005094707012,0.0,0.00012980005703866482,0
372,0.00012829998740926385,0.0,0.00012909999350085855,0
373,0.0001262999721802771,0.0,0.0001270999782718718,0
374,0.0001406000228598714,0.0,0.00014150002971291542,0
375,0.00013190001482143998,0.0,0.00013290002243593335,0
376,0.00012830004561692476,0.0,0.00012919999426230788,0
377,0.0001414999715052545,0.0,0.00014239997835829854,0
378,0.00012879999121651053,0.0,0.00012969999806955457,0
379,0.00012799998512491584,0.00029639998683705926,0.0023465999984182417,1
380,0.00046250002924352884,0.0,0.00046440004371106625,0
381,0.0003043999895453453,0.0,0.00030559999868273735,0
382,0.00017380004283040762,0.0,0.00017469999147579074,0
383,0.0002232000115327537,0.0,0.00022420001914724708,0
384,0.00013429997488856316,0.0,0.0001351999817416072,0
385,0.00014409999130293727,0.0,0.00014509999891743064,0
386,0.00012769998284056783,0.0,0.00012849998893216252,0
387,0.0001430999836884439,0.0,0.00014399999054148793,0
388,0.00012799998512491584,0.0,0.00012889999197795987,0
389,0.0001284000463783741,0.0,0.00012919999426230788,0
390,0.00014329998521134257,0.0,0.0001441999920643866,0
391,0.00012890005018562078,0.0,0.00012969999806955457,0
392,0.00012749998131766915,0.0,0.00012829998740926385,0
393,0.0001267999759875238,0.0,0.00012769998284056783,0
394,0.00014020001981407404,0.0,0.00014110002666711807,0
395,0.00012809998588636518,0.0,0.00012889999197795987,0
396,0.00012639997294172645,0.0,0.00012719997903332114,0
397,0.00013910001143813133,0.0,0.00014000001829117537,0
398,0.000132500019390136,0.0,0.00013340002624318004,0
399,0.00012770004104822874,0.0003176999744027853,0.002322800050023943,1
400,0.0002389000146649778,0.0,0.0002403000253252685,0
401,0.0001487999688833952,0.0,0.0001498999772593379,0
402,0.00015350000467151403,0.0,0.00015439995331689715,0
403,0.00015599996550008655,0.0,0.00015709997387602925,0
404,0.0001306000049225986,0.0,0.00013139995280653238,0
405,0.0001289999927394092,0.0,0.00012989999959245324,0
406,0.00012839998817071319,0.0,0.00012919999426230788,0
407,0.00014189997455105186,0.0,0.0001427999814040959,0
408,0.00012889999197795987,0.0,0.0001297999988310039,0
409,0.000132500019390136,0.0,0.0001333000254817307,0
410,0.0001422999775968492,0.0,0.00014319998444989324,0
411,0.0001281999866478145,0.0,0.0001289999927394092,0
412,0.00012839998817071319,0.0,0.00012929999502375722,0
413,0.0001259999698959291,0.0,0.00012689997674897313,0
414,0.00022639997769147158,0.0,0.00022739998530596495,0
415,0.000159099989105016,0.0,0.0001598999951966107,0
416,0.00013599998783320189,0.0,0.00013679999392479658,0
417,0.0001446999958716333,0.0,0.00014560000272467732,0
418,0.0001292000524699688,0.0,0.00013000000035390258,0
419,0.00012799998512491584,0.0003147000097669661,0.0023737999727018178,1
420,0.00040820002323016524,0.0,0.0004100000369362533,0
421,0.0002772000152617693,0.0,0.00027860002592206,0
422,0.00017449998995289207,0.0,0.00017559999832883477,0
423,0.000185999961104244,0.0,0.00018699996871873736,0
424,0.00013239996042102575,0.0,0.00013339996803551912,0
425,0.00013449997641146183,0.0,0.00013539998326450586,0
426,0.00012859998969361186,0.0,0.00012939999578520656,0
427,0.0001430999836884439,0.0,0.00014399999054148793,0
428,0.0001294999965466559,0.0,0.00013050000416114926,0
429,0.0001275999820791185,0.0,0.00012839998817071319,0
430,0.00015609996626153588,0.0,0.0001571999746374786,0
431,0.00013350002700462937,0.0,0.00013430003309622407,0
432,0.00012780004180967808,0.0,0.00012859998969361186,0
433,0.0001251999638043344,0.0,0.0001259999698959291,0
434,0.00013930001296103,0.0,0.0001401000190526247,0
435,0.00012589996913447976,0.0,0.00012689997674897313,0
436,0.00012509996304288507,0.0,0.0001259999698959291,0
437,0.00013810000382363796,0.0,0.00013890000991523266,0
438,0.0001270999782718718,0.0,0.00012799998512491584,0
439,0.00017499999376013875,0.0003078999579884112,0.0021961999591439962,1
440,0.00020970002515241504,0.0,0.000228899996727705,0
441,0.00014819996431469917,0.0,0.00014919997192919254,0
442,0.00013100000796839595,0.0,0.00013190001482143998,0
443,0.00015389994950965047,0.0,0.0001547999563626945,0
444,0.00013050000416114926,0.0,0.0001314000110141933,0
445,0.00013100000796839595,0.0,0.00013180001405999064,0
446,0.00012909999350085855,0.0,0.00012989999959245324,0
447,0.00014249997911974788,0.0,0.0001433999859727919,0
448,0.0001286999904550612,0.0,0.0001294999965466559,0
449,0.00012750003952533007,0.0,0.0001284000463783741,0
450,0.0001406000228598714,0.0,0.00014159997226670384,0
451,0.00012799998512491584,0.0,0.00012879999121651053,0
452,0.00013110000872984529,0.0,0.00013200001558288932,0
453,0.00012849998893216252,0.0,0.00012929999502375722,0
454,0.00014130002819001675,0.0,0.00014220003504306078,0
455,0.00012749998131766915,0.0,0.00012849998893216252,0
456,0.00012729997979477048,0.0,0.0001281999866478145,0
457,0.00014020001981407404,0.0,0.0001412000274285674,0
458,0.00012889999197795987,0.0,0.0001297999988310039,0
459,0.00013150001177564263,0.0003378000110387802,0.002414699993096292,1
460,0.0002766999532468617,0.0,0.0002779999631457031,0
461,0.00016649998724460602,0.0,0.00016759999562054873,0
462,0.00013110000872984529,0.0,0.00013210001634433866,0
463,0.000159099989105016,0.0,0.00016009999671950936,0
464,0.00012939999578520656,0.0,0.00013040000339969993,0
465,0.00012749998131766915,0.0,0.00012839998817071319,0
466,0.00012699997751042247,0.0,0.00012799998512491584,0
467,0.00014130002819001675,0.0,0.00014230003580451012,0
468,0.00012859998969361186,0.0,0.00012959999730810523,0
469,0.0001281999866478145,0.0,0.00012909999350085855,0
470,0.00014439999358728528,0.0,0.0001453000004403293,0
471,0.00012739998055621982,0.0,0.00012839998817071319,0
472,0.00012640003114938736,0.0,0.0001273000380024314,0
473,0.00012610002886503935,0.0,0.00012690003495663404,0
474,0.00013960001524537802,0.0,0.00014050002209842205,0
475,0.00012719997903332114,0.0,0.00012799998512491584,0
476,0.0001270999782718718,0.0,0.0001278999843634665,0
477,0.00014230003580451012,0.0,0.00014320004265755415,0
478,0.00012809998588636518,0.0,0.0001289999927394092,0
479,0.00014759995974600315,0.00041140004759654403,0.0025661999825388193,1
480,0.00029180001001805067,0.0,0.0002931999624706805,0
481,0.00013589998707175255,0.0,0.00013689999468624592,0
482,0.00013110000872984529,0.0,0.00013210001634433866,0
483,0.00015440001152455807,0.0,0.00015540001913905144,0
484,0.0001286999904550612,0.0,0.00012969999806955457,0
485,0.00012879999121651053,0.0,0.00012969999806955457,0
486,0.00012660003267228603,0.0,0.00012750003952533007,0
487,0.000145800004247576,0.0,0.00014670001110062003,0
488,0.00012830004561692476,0.0,0.00012909999350085855,0
489,0.00012739998055621982,0.0,0.0001281999866478145,0
490,0.00013949995627626777,0.0,0.0001403999631293118,0
491,0.0001281999866478145,0.0,0.0001289999927394092,0
492,0.00012630003038793802,0.0,0.00012720003724098206,0
493,0.00012620002962648869,0.0,0.0001270999782718718,0
494,0.0001400999608449638,0.0,0.00014099996769800782,0
495,0.00016649998724460602,0.0,0.00016729999333620071,0
496,0.00012690003495663404,0.0,0.00012790004257112741,0
497,0.00013870000839233398,0.0,0.00013970001600682735,0
498,0.00012809998588636518,0.0,0.00012889999197795987,0
499,0.00012729997979477048,0.00039739999920129776,0.0024625000078231096,1
500,0.00023250002413988113,0.0,0.0002463000128045678,0
501,0.00013530004071071744,0.0,0.00013640004908666015,0
502,0.00013050000416114926,0.0,0.0001314000110141933,0
503,0.00015310000162571669,0.0,0.00015410000924021006,0
504,0.00012850004713982344,0.0,0.00012939999578520656,0
505,0.00012739998055621982,0.0,0.00012829998740926385,0
506,0.0001317000132985413,0.0,0.00013260002015158534,0
507,0.00014159997226670384,0.0,0.00014239997835829854,0
508,0.00012740003876388073,0.0,0.0001281000440940261,0
509,0.00012729997979477048,0.0,0.0001281999866478145,0
510,0.00013969995779916644,0.0,0.00014059996465221047,0
511,0.00012799998512491584,0.0,0.00012889999197795987,0
512,0.00012640003114938736,0.0,0.00012720003724098206,0
513,0.00013070000568404794,0.0,0.0001317000132985413,0
514,0.00014030002057552338,0.0,0.0001412000274285674,0
515,0.00012780004180967808,0.0,0.00012860004790127277,0
516,0.00012659997446462512,0.0,0.00012739998055621982,0
517,0.00013870000839233398,0.0,0.00013960001524537802,0
518,0.00012699997751042247,0.0,0.00012779998360201716,0
519,0.00012639997294172645,0.0003978000022470951,0.0022552000009454787,1
520,0.00024140003370121121,0.0,0.00024260004283860326,0
521,0.00014870002632960677,0.0,0.00014969997573643923,0
522,0.00013050000416114926,0.0,0.00013149995356798172,0
523,0.00015330000314861536,0.0,0.0001542000100016594,0
524,0.00012769998284056783,0.0,0.00012859998969361186,0
525,0.00012799998512491584,0.0,0.00012879999121651053,0
526,0.00012849998893216252,0.0,0.00012929999502375722,0
527,0.00014100002590566874,0.0,0.00014180003199726343,0
528,0.00012769998284056783,0.0,0.00012859998969361186,0
529,0.0001267999759875238,0.0,0.00012769998284056783,0
530,0.00013970001600682735,0.0,0.0001406000228598714,0
531,0.00012740003876388073,0.0,0.00012830004561692476,0
532,0.0001278999843634665,0.0,0.00012879999121651053,0
533,0.00013239996042102575,0.0,0.00013329996727406979,0
534,0.00018479995196685195,0.0,0.00018569995881989598,0
535,0.00014089996693655849,0.0,0.00014169997302815318,0
536,0.00012589996913447976,0.0,0.0001267999759875238,0
537,0.00020480004604905844,0.0,0.00020570005290210247,0
538,0.00014079996617510915,0.0,0.00014179997378960252,0
539,0.0001316999550908804,0.0005003000260330737,0.002694499969948083,1
540,0.00030319998040795326,0.0,0.00030479999259114265,0
541,0.00019370001973584294,0.0,0.0001947000273503363,0
542,0.00013180001405999064,0.0,0.00013280002167448401,0
543,0.00015999999595806003,0.0,0.00016090000281110406,0
544,0.00012919999426230788,0.0,0.00013010000111535192,0
545,0.0001278999843634665,0.0,0.00012879999121651053,0
546,0.00012770004104822874,0.0,0.0001287000486627221,0
547,0.00014209997607395053,0.0,0.00014299998292699456,0
548,0.00013339996803551912,0.0,0.00013429997488856316,0
549,0.00012779998360201716,0.0,0.0001286999904550612,0
550,0.0001404000213369727,0.0,0.00014130002819001675,0
551,0.00012799998512491584,0.0,0.00012879999121651053,0
552,0.0001267999759875238,0.0,0.00012769998284056783,0
553,0.00012520002201199532,0.0,0.00012610002886503935,0
554,0.00013860000763088465,0.0,0.00013940001372247934,0
555,0.0001308999489992857,0.0,0.00013179995585232973,0
556,0.00012739998055621982,0.0,0.00012829998740926385,0
557,0.00013920001219958067,0.0,0.0001401000190526247,0
558,0.0001284000463783741,0.0,0.00012929999502375722,0
559,0.0001254999660886824,0.0004328000359237194,0.0023332000127993524,1
560,0.00022280000848695636,0.0,0.00022410001838579774,0
561,0.00018019997514784336,0.0,0.00018119998276233673,0
562,0.00016289995983242989,0.0,0.00016369996592402458,0
563,0.00015609996626153588,0.0,0.00015699997311457992,0
564,0.0001297999988310039,0.0,0.0001306000049225986,0
565,0.00012719997903332114,0.0,0.00012809998588636518,0
566,0.0001309000072069466,0.0,0.00013189995661377907,0
567,0.00021950004156678915,0.0,0.0002204999909736216,0
568,0.00012989999959245324,0.0,0.00013070000568404794,0
569,0.0001278999843634665,0.0,0.00012889999197795987,0
570,0.00014189997455105186,0.0,0.0001427999814040959,0
571,0.0001297999988310039,0.0,0.00013069994747638702,0
572,0.00013499998021870852,0.0,0.00013589998707175255,0
573,0.00013150001177564263,0.0,0.00013240001862868667,0
574,0.0001420000335201621,0.0,0.00014290004037320614,0
575,0.00012779998360201716,0.0,0.00012859998969361186,0
576,0.0001270999782718718,0.0,0.0001278999843634665,0
577,0.000139000010676682,0.0,0.00013990001752972603,0
578,0.00012639997294172645,0.0,0.00012719997903332114,0
579,0.00012550002429634333,0.0004487999831326306,0.002346699999179691,1
580,0.00020920002134516835,0.0,0.00021050003124400973,0
581,0.00016689999029040337,0.0,0.0001677999971434474,0
582,0.00019369996152818203,0.0,0.00019459996838122606,0
583,0.0001552999601699412,0.0,0.00015619996702298522,0
584,0.00013599998783320189,0.0,0.00013689999468624592,0
585,0.0001286999904550612,0.0,0.00012959999730810523,0
586,0.0001278999843634665,0.0,0.00012879999121651053,0
587,0.00014230003580451012,0.0,0.00014319998444989324,0
588,0.0001275999820791185,0.0,0.00012859998969361186,0
589,0.00012849998893216252,0.0,0.0001294999965466559,0
590,0.0001404000213369727,0.0,0.00014130002819001675,0
591,0.00013230001786723733,0.0,0.00013320002472028136,0
592,0.00012739998055621982,0.0,0.00012829998740926385,0
593,0.00012739998055621982,0.0,0.0001281999866478145,0
594,0.0001398000167682767,0.0,0.00014070002362132072,0
595,0.00012740003876388073,0.0,0.00012820004485547543,0
596,0.00012669997522607446,0.0,0.0001275999820791185,0
597,0.00013880000915378332,0.0,0.00013970001600682735,0
598,0.00012749998131766915,0.0,0.00012839998817071319,0
599,0.00013070000568404794,0.0004162000259384513,0.0023724999628029764,1
600,0.00021520000882446766,0.0,0.00021650001872330904,0
601,0.00013530004071071744,0.0,0.0001362999901175499,0
602,0.00016299996059387922,0.0,0.00016389996744692326,0
603,0.0001778999576345086,0.0,0.00017889996524900198,0
604,0.00014399999054148793,0.0,0.00014479999663308263,0
605,0.00012769998284056783,0.0,0.00012849998893216252,0
606,0.00012809998588636518,0.0,0.0001289999927394092,0
607,0.00014150002971291542,0.0,0.0001425000373274088,0
608,0.00012809998588636518,0.0,0.0001289999927394092,0
609,0.00012689997674897313,0.0,0.00012779998360201716,0
610,0.00014260003808885813,0.0,0.00014350004494190216,0
611,0.0001278999843634665,0.0,0.00012879999121651053,0
612,0.00012719997903332114,0.0,0.0001281999866478145,0
613,0.00012620002962648869,0.0,0.00012710003647953272,0
614,0.00013880000915378332,0.0,0.0001398000167682767,0
615,0.00012640003114938736,0.0,0.00012720003724098206,0
616,0.00012620002962648869,0.0,0.00012720003724098206,0
617,0.00014209997607395053,0.0,0.00014299998292699456,0
618,0.00012719997903332114,0.0,0.00012799998512491584,0
619,0.00012600002810359,0.000430900021456182,0.002853300014976412,1
620,0.0002261999761685729,0.0,0.00022739998530596495,0
621,0.0001373999984934926,0.0,0.0001385000068694353,0
622,0.00013040000339969993,0.0,0.00013130001025274396,0
623,0.0001564000267535448,0.0,0.00015740003436803818,0
624,0.00012779998360201716,0.0,0.00012879999121651053,0
625,0.00012649997370317578,0.0,0.00012729997979477048,0
626,0.0001316999550908804,0.0,0.00013259996194392443,0
627,0.00014139997074380517,0.0,0.0001422999775968492,0
628,0.00012690003495663404,0.0,0.00012780004180967808,0
629,0.000125400023534894,0.0,0.00012620002962648869,0
630,0.00013880000915378332,0.0,0.00013970001600682735,0
631,0.00012620002962648869,0.0,0.00012710003647953272,0
632,0.00012580002658069134,0.0,0.00012670003343373537,0
633,0.00014890002785250545,0.0,0.00014979997649788857,0
634,0.00014169997302815318,0.0,0.00014259997988119721,0
635,0.00012669997522607446,0.0,0.0001275999820791185,0
636,0.00012670003343373537,0.0,0.00012750003952533007,0
637,0.00013890000991523266,0.0,0.0001398000167682767,0
638,0.00012590002734214067,0.0,0.0001268000341951847,0
639,0.00012619997141882777,0.0004456000169739127,0.0025218999944627285,1
640,0.00024039996787905693,0.0,0.0002416999777778983,0
641,0.00017280003521591425,0.0,0.00017380004283040762,0
642,0.00013240001862868667,0.0,0.0001333000254817307,0
643,0.00016039999900385737,0.0,0.0001613000058569014,0
644,0.00013070000568404794,0.0,0.00013160001253709197,0
645,0.00012919999426230788,0.0,0.00013010000111535192,0
646,0.0001281999866478145,0.0,0.00012909999350085855,0
647,0.00014169997302815318,0.0,0.00014259997988119721,0
648,0.00012879999121651053,0.0,0.0001297999988310039,0
649,0.00012779998360201716,0.0,0.00012859998969361186,0
650,0.0001697000116109848,0.0,0.00017060001846402884,0
651,0.0001433999859727919,0.0,0.0001441999920643866,0
652,0.00012609997065737844,0.0,0.00012699997751042247,0
653,0.00012669997522607446,0.0,0.00012769998284056783,0
654,0.000139000010676682,0.0,0.0001398000167682767,0
655,0.00012639997294172645,0.0,0.00012719997903332114,0
656,0.0001265000319108367,0.0,0.0001273000380024314,0
657,0.0001406000228598714,0.0,0.00014150002971291542,0
658,0.00012919999426230788,0.0,0.00013020000187680125,0
659,0.00012799998512491584,0.00042339996434748173,0.0024224999942816794,1
660,0.00024580000899732113,0.0,0.0002470000181347132,0
661,0.0001474000164307654,0.0,0.00014840002404525876,0
662,0.0001352000399492681,0.0,0.00013619998935610056,0
663,0.00015520001761615276,0.0,0.00015609996626153588,0
664,0.00013040000339969993,0.0,0.00013139995280653238,0
665,0.0001289999927394092,0.0,0.0001297999988310039,0
666,0.0001276000402867794,0.0,0.0001284000463783741,0
667,0.00014169997302815318,0.0,0.00014249997911974788,0
668,0.00012719997903332114,0.0,0.0001281999866478145,0
669,0.00013110000872984529,0.0,0.00013200001558288932,0
670,0.00013859994942322373,0.0,0.00013939995551481843,0
671,0.00012719997903332114,0.0,0.00012799998512491584,0
672,0.000125700025819242,0.0,0.0001265000319108367,0
673,0.0001249000197276473,0.0,0.000125700025819242,0
674,0.00013830000534653664,0.0,0.00013920001219958067,0
675,0.00012619997141882777,0.0,0.0001270999782718718,0
676,0.00013040000339969993,0.0,0.00013130001025274396,0
677,0.0001379000023007393,0.0,0.00013880000915378332,0
678,0.00012809998588636518,0.0,0.00012889999197795987,0
679,0.00012659997446462512,0.0004455000162124634,0.0025452999980188906,1
680,0.0004579999949783087,0.0,0.00045980000868439674,0
681,0.00022909999825060368,0.0,0.00023040000814944506,0
682,0.00017329998081550002,0.0,0.0001742999884299934,0
683,0.00021049997303634882,0.0,0.00021159998141229153,0
684,0.00016200001118704677,0.0,0.00016310001956298947,0
685,0.00013070000568404794,0.0,0.00013160001253709197,0
686,0.0001297999988310039,0.0,0.00013070000568404794,0
687,0.00017720001051202416,0.0,0.0001781000173650682,0
688,0.0001286999904550612,0.0,0.00012969999806955457,0
689,0.00012820004485547543,0.0,0.00012900005094707012,0
690,0.0001642999704927206,0.0,0.00016529997810721397,0
691,0.00014359998749569058,0.0,0.00014459999511018395,0
692,0.00012740003876388073,0.0,0.0001281999866478145,0
693,0.00012649997370317578,0.0,0.00012739998055621982,0
694,0.00017439998919144273,0.0,0.00017529999604448676,0
695,0.00012690003495663404,0.0,0.00012779998360201716,0
696,0.00012669997522607446,0.0,0.00012749998131766915,0
697,0.00016199995297938585,0.0,0.00016299996059387922,0
698,0.00014189997455105186,0.0,0.0001427999814040959,0
699,0.00012740003876388073,0.00044450000859797,0.0025875000283122063,1
700,0.00021620001643896103,0.0,0.0002174999681301415,0
701,0.0001686000032350421,0.0,0.00016959995264187455,0
702,0.00016379996668547392,0.0,0.00016469997353851795,0
703,0.00015819998225197196,0.0,0.00015919998986646533,0
704,0.0001309000072069466,0.0,0.00013190001482143998,0
705,0.00012820004485547543,0.0,0.0001292000524699688,0
706,0.00012849998893216252,0.0,0.00012939999578520656,0
707,0.00018780003301799297,0.0,0.000188700039871037,0
708,0.0001281999866478145,0.0,0.0001289999927394092,0
709,0.00012769998284056783,0.0,0.00012849998893216252,0
710,0.00014160003047436476,0.0,0.00014240003656595945,0
711,0.00012809998588636518,0.0,0.00012889999197795987,0
712,0.00012739998055621982,0.0,0.0001281999866478145,0
713,0.00012620002962648869,0.0,0.00012700003571808338,0
714,0.00014320004265755415,0.0,0.0001441999920643866,0
715,0.00014089996693655849,0.0,0.0001419999753125012,0
716,0.00013070000568404794,0.0,0.00013159995432943106,0
717,0.00016150000737980008,0.0,0.00016250001499429345,0
718,0.00014329998521134257,0.0,0.00014429999282583594,0
719,0.00012619997141882777,0.0004316999693401158,0.002477899950463325,1
720,0.0004026999813504517,0.0,0.0004042999935336411,0
721,0.00033899996196851134,0.0,0.00034069997491315007,0
722,0.0003693000180646777,0.0,0.0003705999697558582,0
723,0.00019200000679120421,0.0,0.000193099956959486,0
724,0.00013409997336566448,0.0,0.00013489997945725918,0
725,0.00012960005551576614,0.0,0.00013049994595348835,0
726,0.00012839998817071319,0.0,0.00012919999426230788,0
727,0.0001441999920643866,0.0,0.00014509999891743064,0
728,0.00012780004180967808,0.0,0.00012860004790127277,0
729,0.00012749998131766915,0.0,0.00012829998740926385,0
730,0.00013989995932206511,0.0,0.00014079996617510915,0
731,0.00012739998055621982,0.0,0.00012809998588636518,0
732,0.00012640003114938736,0.0,0.00012720003724098206,0
733,0.00012530002277344465,0.0,0.00012610002886503935,0
734,0.0002891999902203679,0.0,0.0002908000024035573,0
735,0.00014980003470554948,0.0,0.00015079998411238194,0
736,0.0001317000132985413,0.0,0.000132500019390136,0
737,0.0002494999789632857,0.0,0.0002505999873392284,0
738,0.00019989995053038,0.0,0.00020089995814487338,0
739,0.00020019995281472802,0.00041290000081062317,0.0027252999716438353,1
740,0.00025919999461621046,0.0,0.0002606000052765012,0
741,0.00015159999020397663,0.0,0.00015259999781847,0
742,0.00013110000872984529,0.0,0.00013209995813667774,0
743,0.00015799998072907329,0.0,0.000159099989105016,0
744,0.0001629000180400908,0.0,0.00016380002489313483,0
745,0.00015520001761615276,0.0,0.00015600002370774746,0
746,0.0001275999820791185,0.0,0.00012849998893216252,0
747,0.00014600000577047467,0.0,0.0001469000126235187,0
748,0.00012889999197795987,0.0,0.00012969999806955457,0
749,0.00012729997979477048,0.0,0.00012809998588636518,0
750,0.0001395999570377171,0.0,0.00014049996389076114,0
751,0.00012809998588636518,0.0,0.00012889999197795987,0
752,0.00012620002962648869,0.0,0.00012700003571808338,0
753,0.0001270999782718718,0.0,0.0001278999843634665,0
754,0.00014329998521134257,0.0,0.00014429999282583594,0
755,0.00012770004104822874,0.0,0.00012859998969361186,0
756,0.0001262999721802771,0.0,0.0001270999782718718,0
757,0.00013860000763088465,0.0,0.00013950001448392868,0
758,0.00012689997674897313,0.0,0.00012779998360201716,0
759,0.00012589996913447976,0.0004100000369362533,0.0027129999944008887,1
760,0.00024580000899732113,0.0,0.0002470000181347132,0
761,0.0001708000199869275,0.0,0.00017180002760142088,0
762,0.0001309000072069466,0.0,0.00013190001482143998,0
763,0.00016140000661835074,0.0,0.00016240001423284411,0
764,0.00013040000339969993,0.0,0.00013129995204508305,0
765,0.00012909999350085855,0.0,0.00013010000111535192,0
766,0.0001284000463783741,0.0,0.00012929999502375722,0
767,0.00014299998292699456,0.0,0.00014409999130293727,0
768,0.00012860004790127277,0.0,0.00012939999578520656,0
769,0.00012809998588636518,0.0,0.00012889999197795987,0
770,0.00014049996389076114,0.0,0.0001414999715052545,0
771,0.00013020000187680125,0.0,0.00013120000949129462,0
772,0.00012720003724098206,0.0,0.0001281000440940261,0
773,0.00012739998055621982,0.0,0.0001281999866478145,0
774,0.00014079996617510915,0.0,0.00014169997302815318,0
775,0.00012859998969361186,0.0,0.0001294999965466559,0
776,0.0001275999820791185,0.0,0.00012859998969361186,0
777,0.0001406999654136598,0.0,0.00014169997302815318,0
778,0.00013239996042102575,0.0,0.00013329996727406979,0
779,0.00012779998360201716,0.0003999999607913196,0.0026217999984510243,1
780,0.00033929996425285935,0.0,0.00034089997643604875,0
781,0.00026890001026913524,0.0,0.0002701000194065273,0
782,0.00026240001898258924,0.0,0.0002634000265970826,0
783,0.00019240000983700156,0.0,0.0001933000166900456,0
784,0.00018020003335550427,0.0,0.00018120004096999764,0
785,0.00020190002396702766,0.0,0.00020279997261241078,0
786,0.0001338999718427658,0.0,0.0001346999779343605,0
787,0.00017199997091665864,0.0,0.000172999978531152,0
788,0.0001446999958716333,0.0,0.00014560000272467732,0
789,0.00015300000086426735,0.0,0.00015400000847876072,0
790,0.0001680999994277954,0.0,0.00016920000780373812,0
791,0.00013120000949129462,0.0,0.00013200001558288932,0
792,0.00012749998131766915,0.0,0.00012829998740926385,0
793,0.00012749998131766915,0.0,0.00012839998817071319,0
794,0.00013990001752972603,0.0,0.00014070002362132072,0
795,0.00012700003571808338,0.0,0.00012790004257112741,0
796,0.00014070002362132072,0.0,0.00014150002971291542,0
797,0.00012719997903332114,0.0,0.00012799998512491584,0
798,0.00013219995889812708,0.0,0.00013299996498972178,0
799,0.00013999996008351445,0.00037650001468136907,0.0026546999579295516,1
800,0.0002832000027410686,0.0,0.0002846000134013593,0
801,0.00013619998935610056,0.0,0.00013719999697059393,0
802,0.00013260002015158534,0.0,0.0001336000277660787,0
803,0.00015700003132224083,0.0,0.0001580000389367342,0
804,0.00012989999959245324,0.0,0.00013080000644549727,0
805,0.00012700003571808338,0.0,0.00012790004257112741,0
806,0.00012809998588636518,0.0,0.00012909999350085855,0
807,0.00014720001490786672,0.0,0.00014810002176091075,0
808,0.00012700003571808338,0.0,0.00012790004257112741,0
809,0.0001265000319108367,0.0,0.00012739998055621982,0
810,0.00013890000991523266,0.0,0.00013970001600682735,0
811,0.00012749998131766915,0.0,0.00012839998817071319,0
812,0.00012649997370317578,0.0,0.00012739998055621982,0
813,0.00012560002505779266,0.0,0.0001265000319108367,0
814,0.00013870000839233398,0.0,0.00013960001524537802,0
815,0.00012809998588636518,0.0,0.00012889999197795987,0
816,0.00012639997294172645,0.0,0.00012729997979477048,0
817,0.0001379999448545277,0.0,0.00013889995170757174,0
818,0.00012689997674897313,0.0,0.00012769998284056783,0
819,0.00012619997141882777,0.0003637999761849642,0.002427399973385036,1
820,0.0002503000432625413,0.0,0.0002513999934308231,0
821,0.00016039999900385737,0.0,0.0001613000058569014,0
822,0.00013190001482143998,0.0,0.00013270002091303468,0
823,0.0001566999708302319,0.0,0.0001577999792061746,0
824,0.0001311999512836337,0.0,0.00013189995661377907,0
825,0.00012909999350085855,0.0,0.00013010000111535192,0
826,0.0001333000254817307,0.0,0.00013420003233477473,0
827,0.00014249997911974788,0.0,0.00014349998673424125,0
828,0.0001281999866478145,0.0,0.00012909999350085855,0
829,0.00012809998588636518,0.0,0.0001289999927394092,0
830,0.00014029996236786246,0.0,0.0001411999692209065,0
831,0.00012889999197795987,0.0,0.0001297999988310039,0
832,0.0001278999843634665,0.0,0.00012879999121651053,0
833,0.00013180001405999064,0.0,0.00013260002015158534,0
834,0.00014100002590566874,0.0,0.00014189997455105186,0
835,0.00012749998131766915,0.0,0.00012839998817071319,0
836,0.0001278999843634665,0.0,0.00012889999197795987,0
837,0.00013890000991523266,0.0,0.0001398000167682767,0
838,0.00012849998893216252,0.0,0.00012939999578520656,0
839,0.00012649997370317578,0.0003800999838858843,0.0025869999662972987,1
840,0.00024419999681413174,0.0,0.0002455000067129731,0
841,0.00016250001499429345,0.0,0.00016350002260878682,0
842,0.00012710003647953272,0.0,0.00012800004333257675,0
843,0.00025969999842345715,0.0,0.0002607000060379505,0
844,0.00013160001253709197,0.0,0.000132500019390136,0
845,0.0001270999782718718,0.0,0.0001278999843634665,0
846,0.00012539996532723308,0.0,0.00012619997141882777,0
847,0.0001385000068694353,0.0,0.00013930001296103,0
848,0.00012440001592040062,0.0,0.000125400023534894,0
849,0.00012859998969361186,0.0,0.0001294999965466559,0
850,0.00013599998783320189,0.0,0.00013689999468624592,0
851,0.00012440001592040062,0.0,0.00012520002201199532,0
852,0.00012400001287460327,0.0,0.0001249000197276473,0
853,0.0001249000197276473,0.0,0.000125700025819242,0
854,0.0001352000399492681,0.0,0.00013610004680231214,0
855,0.0001238000113517046,0.0,0.0001246000174432993,0
856,0.00012290000449866056,0.0,0.00012390001211315393,0
857,0.0001382000045850873,0.0,0.00013920001219958067,0
858,0.00019589997828006744,0.0,0.00019669998437166214,0
859,0.00012500002048909664,0.00039679999463260174,0.0029823000077158213,1
860,0.0002737000468187034,0.0,0.0002749999985098839,0
861,0.00016220001270994544,0.0,0.0001631999621167779,0
862,0.00015269999857991934,0.0,0.00015350000467151403,0
863,0.0001556000206619501,0.0,0.00015670002903789282,0
864,0.00012590002734214067,0.0,0.00012670003343373537,0
865,0.00012390001211315393,0.0,0.00012470001820474863,0
866,0.00012640003114938736,0.0,0.0001273000380024314,0
867,0.00013800000306218863,0.0,0.00013890000991523266,0
868,0.0001249000197276473,0.0,0.00012560002505779266,0
869,0.000125400023534894,0.0,0.00012620002962648869,0
870,0.0001409000251442194,0.0,0.00014180003199726343,0
871,0.00012590002734214067,0.0,0.00012660003267228603,0
872,0.00013320002472028136,0.0,0.0001341000315733254,0
873,0.0001249000197276473,0.0,0.00012580002658069134,0
874,0.00013619998935610056,0.0,0.00013699999544769526,0
875,0.0001230000052601099,0.0,0.0001238000113517046,0
876,0.0001230000052601099,0.0,0.0001238000113517046,0
877,0.00015249999705702066,0.0,0.0001534000039100647,0
878,0.00015660002827644348,0.0,0.00015760003589093685,0
879,0.00012590002734214067,0.0003597000031732023,0.002451899985317141,1
880,0.00027120002778247,0.0,0.0002723999787122011,0
881,0.00013989995932206511,0.0,0.00014089996693655849,0
882,0.00013050000416114926,0.0,0.00013129995204508305,0
883,0.0001553000183776021,0.0,0.00015619996702298522,0
884,0.00012839998817071319,0.0,0.00012929999502375722,0
885,0.0001268000341951847,0.0,0.0001276000402867794,0
886,0.0001268000341951847,0.0,0.0001275999820791185,0
887,0.00014079996617510915,0.0,0.00014169997302815318,0
888,0.0001314000110141933,0.0,0.00013219995889812708,0
889,0.00012769998284056783,0.0,0.00012859998969361186,0
890,0.00013970001600682735,0.0,0.00014049996389076114,0
891,0.00012749998131766915,0.0,0.00012829998740926385,0
892,0.0001265000319108367,0.0,0.0001273000380024314,0
893,0.0001262999721802771,0.0,0.0001270999782718718,0
894,0.00013910001143813133,0.0,0.0001401000190526247,0
895,0.00012669997522607446,0.0,0.00012749998131766915,0
896,0.00012929999502375722,0.0,0.00013020000187680125,0
897,0.00013890000991523266,0.0,0.0001398000167682767,0
898,0.00012790004257112741,0.0,0.0001286999904550612,0
899,0.00012699997751042247,0.0003690000157803297,0.002541599969845265,1
900,0.00031869998201727867,0.0,0.00031999999191612005,0
901,0.00013620004756376147,0.0,0.00013719999697059393,0
902,0.0001414999715052545,0.0,0.00014239997835829854,0
903,0.00015679997159168124,0.0,0.0001577999792061746,0
904,0.00013080000644549727,0.0,0.00013160001253709197,0
905,0.00012929999502375722,0.0,0.00013020000187680125,0
906,0.00013320002472028136,0.0,0.00013409997336566448,0
907,0.0001419999753125012,0.0,0.00014289998216554523,0
908,0.00012809998588636518,0.0,0.00012889999197795987,0
909,0.00012740003876388073,0.0,0.00012829998740926385,0
910,0.00013860000763088465,0.0,0.00013950001448392868,0
911,0.00012719997903332114,0.0,0.00012809998588636518,0
912,0.00012649997370317578,0.0,0.00012739998055621982,0
913,0.000146100006531924,0.0,0.00014709995593875647,0
914,0.00013669999316334724,0.0,0.00013770000077784061,0
915,0.00012390001211315393,0.0,0.00012470001820474863,0
916,0.00012310000602155924,0.0,0.00012400001287460327,0
917,0.00013480003690347075,0.0,0.00013560004299506545,0
918,0.00012440001592040062,0.0,0.00012520002201199532,0
919,0.00012209999840706587,0.0004627000307664275,0.002815400017425418,1
920,0.0002823999966494739,0.0,0.0002837000065483153,0
921,0.000152900000102818,0.0,0.00015390000771731138,0
922,0.00015949999215081334,0.0,0.00016029999824240804,0
923,0.0001846000086516142,0.0,0.00018560001626610756,0
924,0.0001254999660886824,0.0,0.00012639997294172645,0
925,0.00012469995999708772,0.0,0.00012559996685013175,0
926,0.0001240999554283917,0.0,0.00012509996304288507,0
927,0.00013880000915378332,0.0,0.00013979995856061578,0
928,0.00012929999502375722,0.0,0.0001303000026382506,0
929,0.00012590002734214067,0.0,0.00012670003343373537,0
930,0.0001370999962091446,0.0,0.00013800000306218863,0
931,0.00012510002125054598,0.0,0.00012590002734214067,0
932,0.00012390001211315393,0.0,0.00012459995923563838,0
933,0.00012369995238259435,0.0,0.00012449995847418904,0
934,0.00013679999392479658,0.0,0.00013770000077784061,0
935,0.00012470001820474863,0.0,0.00012560002505779266,0
936,0.00015949999215081334,0.0,0.00016029999824240804,0
937,0.00013619998935610056,0.0,0.00013719999697059393,0
938,0.000125400023534894,0.0,0.00012630003038793802,0
939,0.00012340000830590725,0.00039190001552924514,0.002809500030707568,1
940,0.00022469996474683285,0.0,0.0002258999738842249,0
941,0.00017479999223724008,0.0,0.00017579999985173345,0
942,0.00012799998512491584,0.0,0.00012889999197795987,0
943,0.000152299995534122,0.0,0.00015320000238716602,0
944,0.0001613000058569014,0.0,0.00016219995450228453,0
945,0.0001286999904550612,0.0,0.00012959999730810523,0
946,0.00012740003876388073,0.0,0.00012820004485547543,0
947,0.00014160003047436476,0.0,0.00014249997911974788,0
948,0.00012739998055621982,0.0,0.00012829998740926385,0
949,0.00012699997751042247,0.0,0.00012779998360201716,0
950,0.00014030002057552338,0.0,0.00014130002819001675,0
951,0.0001317000132985413,0.0,0.00013260002015158534,0
952,0.00012809998588636518,0.0,0.00012889999197795987,0
953,0.00012659997446462512,0.0,0.00012749998131766915,0
954,0.00014030002057552338,0.0,0.0001412000274285674,0
955,0.0001276000402867794,0.0,0.00012850004713982344,0
956,0.00012749998131766915,0.0,0.00012839998817071319,0
957,0.00013910001143813133,0.0,0.00013999996008351445,0
958,0.00014939997345209122,0.0,0.0001503999810665846,0
959,0.0001275999820791185,0.0003624999662861228,0.002743799996096641,1
960,0.0005709000397473574,0.0,0.0005724000511690974,0
961,0.00018449994968250394,0.0,0.00018559995805844665,0
962,0.00023229996440932155,0.0,0.00023339997278526425,0
963,0.0002164000179618597,0.0,0.00021760002709925175,0
964,0.00021279999054968357,0.0,0.0002136999974027276,0
965,0.00013040000339969993,0.0,0.0001314000110141933,0
966,0.00013000000035390258,0.0,0.0001309000072069466,0
967,0.00014399999054148793,0.0,0.0001449999981559813,0
968,0.00012970005627721548,0.0,0.0001305999467149377,0
969,0.00012849998893216252,0.0,0.00012939999578520656,0
970,0.00014479999663308263,0.0,0.00014570000348612666,0
971,0.00012959999730810523,0.0,0.00013040000339969993,0
972,0.0001270999782718718,0.0,0.00012809998588636518,0
973,0.0001278999843634665,0.0,0.00012879999121651053,0
974,0.00013890000991523266,0.0,0.0001398000167682767,0
975,0.00012699997751042247,0.0,0.00012799998512491584,0
976,0.0001268000341951847,0.0,0.00012770004104822874,0
977,0.00014329998521134257,0.0,0.0001441999920643866,0
978,0.00012839998817071319,0.0,0.00012919999426230788,0
979,0.0001268000341951847,0.0004140000091865659,0.002625600027386099,1
980,0.0002664000494405627,0.0,0.00026760000037029386,0
981,0.0001480000209994614,0.0,0.00014900002861395478,0
982,0.0001317000132985413,0.0,0.00013260002015158534,0
983,0.0001577000366523862,0.0,0.00015870004426687956,0
984,0.00013010000111535192,0.0,0.00013110000872984529,0
985,0.00012859998969361186,0.0,0.0001294999965466559,0
986,0.00013449997641146183,0.0,0.00013539998326450586,0
987,0.0001428000396117568,0.0,0.00014369998825713992,0
988,0.00012889999197795987,0.0,0.00012969999806955457,0
989,0.00012820004485547543,0.0,0.00012919999426230788,0
990,0.00014049996389076114,0.0,0.0001414999715052545,0
991,0.00012779998360201716,0.0,0.00012859998969361186,0
992,0.00012710003647953272,0.0,0.00012790004257112741,0
993,0.00012580002658069134,0.0,0.00012670003343373537,0
994,0.0001441999920643866,0.0,0.0001449999981559813,0
995,0.00012720003724098206,0.0,0.00012800004333257675,0
996,0.0001275999820791185,0.0,0.00012859998969361186,0
997,0.0001400999608449638,0.0,0.00014099996769800782,0
998,0.00012879999121651053,0.0,0.00012959999730810523,0
999,0.0001268000341951847,0.00035609997576102614,0.0025707000168040395,1
1000,0.0002889000461436808,0.0,0.0002901999978348613,0
1001,0.00014739995822310448,0.0,0.00014839996583759785,0
1002,0.0001286999904550612,0.0,0.0001294999965466559,0
1003,0.0001770000089891255,0.0,0.00017790001584216952,0
1004,0.0001294999965466559,0.0,0.00013040000339969993,0
1005,0.0001273000380024314,0.0,0.0001281000440940261,0
1006,0.0001265000319108367,0.0,0.0001273000380024314,0
1007,0.00014139997074380517,0.0,0.00014239997835829854,0
1008,0.00012959999730810523,0.0,0.00013040000339969993,0
1009,0.00012859998969361186,0.0,0.0001294999965466559,0
1010,0.00014329998521134257,0.0,0.00016249995678663254,0
1011,0.0001512000453658402,0.0,0.00015209999401122332,0
1012,0.00012929999502375722,0.0,0.0001303000026382506,0
1013,0.00012780004180967808,0.0,0.00012859998969361186,0
1014,0.00014259997988119721,0.0,0.00014349998673424125,0
1015,0.00012799998512491584,0.0,0.00012889999197795987,0
1016,0.00012779998360201716,0.0,0.00012859998969361186,0
1017,0.0001427999814040959,0.0,0.00014369998825713992,0
1018,0.00012909999350085855,0.0,0.00013000000035390258,0
1019,0.00012719997903332114,0.0003793999785557389,0.002668800007086247,1
1020,0.000305800000205636,0.0,0.0003071000101044774,0
1021,0.00014889996964484453,0.0,0.0001498999772593379,0
1022,0.00013209995813667774,0.0,0.00013299996498972178,0
1023,0.0001612999476492405,0.0,0.00016219995450228453,0
1024,0.00012959999730810523,0.0,0.00013040000339969993,0
1025,0.00012839998817071319,0.0,0.00012919999426230788,0
1026,0.0001324999611824751,0.0,0.00013339996803551912,0
1027,0.00014179997378960252,0.0,0.00014289998216554523,0
1028,0.0001286999904550612,0.0,0.0001294999965466559,0
1029,0.0001275999820791185,0.0,0.00012849998893216252,0
1030,0.0001401000190526247,0.0,0.00014110002666711807,0
1031,0.00012830004561692476,0.0,0.0001292000524699688,0
1032,0.00012699997751042247,0.0,0.0001278999843634665,0
1033,0.00013020000187680125,0.0,0.00013100000796839595,0
1034,0.00014100002590566874,0.0,0.00014189997455105186,0
1035,0.00012799998512491584,0.0,0.00012879999121651053,0
1036,0.00012660003267228603,0.0,0.00012750003952533007,0
1037,0.0001382000045850873,0.0,0.00013910001143813133,0
1038,0.00012750003952533007,0.0,0.0001284000463783741,0
1039,0.00012630003038793802,0.00037489994429051876,0.0025550000136718154,1
1040,0.00025429995730519295,0.0,0.000255499966442585,0
1041,0.00014700001338496804,0.0,0.00014810002176091075,0
1042,0.00012919999426230788,0.0,0.00013020000187680125,0
1043,0.00015440001152455807,0.0,0.0001552999601699412,0
1044,0.00013379997108131647,0.0,0.0001346999779343605,0
1045,0.00012809998588636518,0.0,0.0001289999927394092,0
1046,0.00012620002962648869,0.0,0.00012710003647953272,0
1047,0.00014050002209842205,0.0,0.00014140002895146608,0
1048,0.00012689997674897313,0.0,0.00012779998360201716,0
1049,0.00012659997446462512,0.0,0.00012749998131766915,0
1050,0.00013839994790032506,0.0,0.0001392999547533691,0
1051,0.00013150001177564263,0.0,0.00013229995965957642,0
1052,0.0001256999676115811,0.0,0.00012649997370317578,0
1053,0.00012649997370317578,0.0,0.00012739998055621982,0
1054,0.00013920001219958067,0.0,0.0001400999608449638,0
1055,0.00012669997522607446,0.0,0.00012749998131766915,0
1056,0.00012620002962648869,0.0,0.00012710003647953272,0
1057,0.00013950001448392868,0.0,0.0001404000213369727,0
1058,0.00012720003724098206,0.0,0.00012800004333257675,0
1059,0.0001309000072069466,0.0003598000039346516,0.00244020001264289,1
1060,0.00023070001043379307,0.0,0.0002318999613635242,0
1061,0.00014760001795366406,0.0,0.0001485000248067081,0
1062,0.00012989999959245324,0.0,0.00013070000568404794,0
1063,0.00015929999062791467,0.0,0.0001601999974809587,0
1064,0.00012859998969361186,0.0,0.00012939999578520656,0
1065,0.0001276000402867794,0.0,0.00012829998740926385,0
1066,0.00012739998055621982,0.0,0.0001281999866478145,0
1067,0.00014159997226670384,0.0,0.00014259997988119721,0
1068,0.00012889999197795987,0.0,0.0001297999988310039,0
1069,0.0001281999866478145,0.0,0.0001289999927394092,0
1070,0.0002277999883517623,0.0,0.00022879999596625566,0
1071,0.00014479999663308263,0.0,0.00014570000348612666,0
1072,0.00012860004790127277,0.0,0.00012940005399286747,0
1073,0.0001275999820791185,0.0,0.00012859998969361186,0
1074,0.00013919995399191976,0.0,0.00013999996008351445,0
1075,0.00012749998131766915,0.0,0.00012829998740926385,0
1076,0.00013080000644549727,0.0,0.00013160001253709197,0
1077,0.00013930001296103,0.0,0.00014020001981407404,0
1078,0.00012809998588636518,0.0,0.00012879999121651053,0
1079,0.000125700025819242,0.00036539998836815357,0.002648000023327768,1
1080,0.0002562999725341797,0.0,0.00025759998243302107,0
1081,0.00014760001795366406,0.0,0.00014859996736049652,0
1082,0.00012889999197795987,0.0,0.00012989999959245324,0
1083,0.00015470001380890608,0.0,0.00015570002142339945,0
1084,0.00012780004180967808,0.0,0.0001286999904550612,0
1085,0.00012639997294172645,0.0,0.00012719997903332114,0
1086,0.00012989999959245324,0.0,0.00013070000568404794,0
1087,0.00014050002209842205,0.0,0.00014140002895146608,0
1088,0.00012689997674897313,0.0,0.00012769998284056783,0
1089,0.0001259999698959291,0.0,0.0001267999759875238,0
1090,0.00013800000306218863,0.0,0.00013889995170757174,0
1091,0.0001270999782718718,0.0,0.0001278999843634665,0
1092,0.00012620002962648869,0.0,0.00012710003647953272,0
1093,0.00012919999426230788,0.0,0.00013020000187680125,0
1094,0.0001387999509461224,0.0,0.00013969995779916644,0
1095,0.00012719997903332114,0.0,0.00012799998512491584,0
1096,0.00012660003267228603,0.0,0.00012750003952533007,0
1097,0.00013910001143813133,0.0,0.00014020001981407404,0
1098,0.0001276000402867794,0.0,0.00012859998969361186,0
1099,0.0001259999698959291,0.000374099996406585,0.002538900007493794,1
1100,0.0002847999567165971,0.0,0.00028609996661543846,0
1101,0.00016690004849806428,0.0,0.00016789999790489674,0
1102,0.00013040000339969993,0.0,0.00013130001025274396,0
1103,0.00019869999960064888,0.0,0.0001996000064536929,0
1104,0.00012879999121651053,0.0,0.00012959999730810523,0
1105,0.00012739998055621982,0.0,0.00012829998740926385,0
1106,0.00012800004333257675,0.0,0.00012890005018562078,0
1107,0.0001398000167682767,0.0,0.00014070002362132072,0
1108,0.0001275999820791185,0.0,0.00012849998893216252,0
1109,0.00012580002658069134,0.0,0.00012660003267228603,0
1110,0.00014240003656595945,0.0,0.00014320004265755415,0
1111,0.0001270999782718718,0.0,0.0001278999843634665,0
1112,0.0001275999820791185,0.0,0.00012849998893216252,0
1113,0.00012590002734214067,0.0,0.0001268000341951847,0
1114,0.00013920001219958067,0.0,0.0001401000190526247,0
1115,0.0001276000402867794,0.0,0.0001284000463783741,0
1116,0.0001267999759875238,0.0,0.0001275999820791185,0
1117,0.00013830000534653664,0.0,0.00013920001219958067,0
1118,0.00013120000949129462,0.0,0.00013210001634433866,0
1119,0.00012670003343373537,0.00036069995258003473,0.0024853000068105757,1
1120,0.00024580000899732113,0.0,0.0002471000188961625,0
1121,0.00015330000314861536,0.0,0.00015440001152455807,0
1122,0.00013070000568404794,0.0,0.00013160001253709197,0
1123,0.00015600002370774746,0.0,0.0001569000305607915,0
1124,0.00012829998740926385,0.0,0.00012929999502375722,0
1125,0.00012669997522607446,0.0,0.00012739998055621982,0
1126,0.0001262999721802771,0.0,0.0001270999782718718,0
1127,0.00014140002895146608,0.0,0.00014240003656595945,0
1128,0.00013240001862868667,0.0,0.00013340002624318004,0
1129,0.00016719999257475138,0.0,0.00016820000018924475,0
1130,0.0001422999775968492,0.0,0.00014329998521134257,0
1131,0.00012779998360201716,0.0,0.00012859998969361186,0
1132,0.00012670003343373537,0.0,0.00012770004104822874,0
1133,0.00012640003114938736,0.0,0.00012729997979477048,0
1134,0.00014029996236786246,0.0,0.0001411999692209065,0
1135,0.0001309000072069466,0.0,0.0001317000132985413,0
1136,0.00012749998131766915,0.0,0.00012829998740926385,0
1137,0.0001395999570377171,0.0,0.0001403999631293118,0
1138,0.00012829998740926385,0.0,0.00012909999350085855,0
1139,0.00012640003114938736,0.0004023999790661037,0.0028440000023692846,1
1140,0.00024960003793239594,0.0,0.000250800047069788,0
1141,0.00016170000890269876,0.0,0.00016280001727864146,0
1142,0.00015700003132224083,0.0,0.00015789997996762395,0
1143,0.00016250001499429345,0.0,0.00016339996363967657,0
1144,0.00012829998740926385,0.0,0.00012929999502375722,0
1145,0.0001276000402867794,0.0,0.0001284000463783741,0
1146,0.00012649997370317578,0.0,0.00012729997979477048,0
1147,0.00014249997911974788,0.0,0.0001433999859727919,0
1148,0.00012770004104822874,0.0,0.00012850004713982344,0
1149,0.00012719997903332114,0.0,0.00012809998588636518,0
1150,0.00018969998927786946,0.0,0.00019069999689236283,0
1151,0.00012770004104822874,0.0,0.0001286999904550612,0
1152,0.00012559996685013175,0.0,0.00012639997294172645,0
1153,0.00012479996075853705,0.0,0.0001256999676115811,0
1154,0.00013840000610798597,0.0,0.00013930001296103,0
1155,0.00012510002125054598,0.0,0.00012590002734214067,0
1156,0.000125700025819242,0.0,0.00012659997446462512,0
1157,0.00014000001829117537,0.0,0.00014089996693655849,0
1158,0.00012669997522607446,0.0,0.00012749998131766915,0
1159,0.00012459995923563838,0.0003950000391341746,0.002672599977813661,1
1160,0.0002820999943651259,0.0,0.0002835000050254166,0
1161,0.00013370002852752805,0.0,0.00013459997717291117,0
1162,0.00012959999730810523,0.0,0.00013040000339969993,0
1163,0.00015590002294629812,0.0,0.00015680002979934216,0
1164,0.00012929999502375722,0.0,0.00013010000111535192,0
1165,0.00012690003495663404,0.0,0.00012780004180967808,0
1166,0.00012710003647953272,0.0,0.00012809998588636518,0
1167,0.00014290004037320614,0.0,0.00014380004722625017,0
1168,0.0001278999843634665,0.0,0.00012879999121651053,0
1169,0.00012619997141882777,0.0,0.00012719997903332114,0
1170,0.00013940001372247934,0.0,0.00014020001981407404,0
1171,0.00012889999197795987,0.0,0.0001297999988310039,0
1172,0.00012769998284056783,0.0,0.00012849998893216252,0
1173,0.00012699997751042247,0.0,0.00012779998360201716,0
1174,0.00016009999671950936,0.0,0.0001610000035725534,0
1175,0.00012769998284056783,0.0,0.00012859998969361186,0
1176,0.00012660003267228603,0.0,0.00012750003952533007,0
1177,0.000139000010676682,0.0,0.00013990001752972603,0
1178,0.00012779998360201716,0.0,0.0001286999904550612,0
1179,0.00012579996837303042,0.00041580002289265394,0.002637099998537451,1
1180,0.00027570000384002924,0.0,0.0002770000137388706,0
1181,0.00013450003461912274,0.0,0.00013559998478740454,0
1182,0.0001281999866478145,0.0,0.00012909999350085855,0
1183,0.000215300009585917,0.0,0.00021659996127709746,0
1184,0.00019069999689236283,0.0,0.00019180000526830554,0
1185,0.00023119995603337884,0.0,0.00023209996288642287,0
1186,0.00013479997869580984,0.0,0.0001357999863103032,0
1187,0.00016920000780373812,0.0,0.00017010001465678215,0
1188,0.00016150000737980008,0.0,0.00016240001423284411,0
1189,0.0001297999988310039,0.0,0.00013069994747638702,0
1190,0.00014159997226670384,0.0,0.00014249997911974788,0
1191,0.00012929999502375722,0.0,0.00013020000187680125,0
1192,0.0001275999820791185,0.0,0.00012839998817071319,0
1193,0.0001275999820791185,0.0,0.00012859998969361186,0
1194,0.0001404000213369727,0.0,0.00014140002895146608,0
1195,0.00012859998969361186,0.0,0.00012959999730810523,0
1196,0.00013150001177564263,0.0,0.0001324999611824751,0
1197,0.0001385000068694353,0.0,0.00013960001524537802,0
1198,0.0001275999820791185,0.0,0.00012849998893216252,0
1199,0.00012669997522607446,0.00040249997982755303,0.002681099984329194,1
1200,0.00025859999004751444,0.0,0.0002597999991849065,0
1201,0.00013329996727406979,0.0,0.00013429997488856316,0
1202,0.0001289999927394092,0.0,0.00012989999959245324,0
1203,0.0001545000122860074,0.0,0.00015550001990050077,0
1204,0.0001278999843634665,0.0,0.00012879999121651053,0
1205,0.00013079994823783636,0.0,0.00013179995585232973,0
1206,0.0001259999698959291,0.0,0.00012689997674897313,0
1207,0.0001411999692209065,0.0,0.0001419999753125012,0
1208,0.00012790004257112741,0.0,0.00012880004942417145,0
1209,0.00012580002658069134,0.0,0.00012669997522607446,0
1210,0.00013840000610798597,0.0,0.00013930001296103,0
1211,0.00012710003647953272,0.0,0.00012799998512491584,0
1212,0.0001256999676115811,0.0,0.00012649997370317578,0
1213,0.0001303000026382506,0.0,0.00013120000949129462,0
1214,0.00013840000610798597,0.0,0.00013920001219958067,0
1215,0.00012580002658069134,0.0,0.00012670003343373537,0
1216,0.00012609997065737844,0.0,0.00012699997751042247,0
1217,0.00015959999291226268,0.0,0.0001604999997653067,0
1218,0.00014130002819001675,0.0,0.00014219997683539987,0
1219,0.00012539996532723308,0.0005212000105530024,0.0033731000148691237,1
1220,0.0002859000233002007,0.0,0.0002872000331990421,0
1221,0.00015129998791962862,0.0,0.00015239999629557133,0
1222,0.000132200017105788,0.0,0.00013310002395883203,0
1223,0.0001705000177025795,0.0,0.00017140002455562353,0
1224,0.00013200001558288932,0.0,0.00013290002243593335,0
1225,0.0001289999927394092,0.0,0.00012989999959245324,0
1226,0.00012849998893216252,0.0,0.00012939999578520656,0
1227,0.00014449999434873462,0.0,0.000145500001963228,0
1228,0.00012909999350085855,0.0,0.00013000000035390258,0
1229,0.00012799998512491584,0.0,0.0001289999927394092,0
1230,0.00013909995323047042,0.0,0.0001400999608449638,0
1231,0.00013589998707175255,0.0,0.00013669999316334724,0
1232,0.0001281999866478145,0.0,0.0001289999927394092,0
1233,0.00012790004257112741,0.0,0.00012879999121651053,0
1234,0.0001818999880924821,0.0,0.00018289999570697546,0
1235,0.00012929999502375722,0.0,0.00013020000187680125,0
1236,0.0001275999820791185,0.0,0.00012839998817071319,0
1237,0.0002177999704144895,0.0,0.00021879997802898288,0
1238,0.00021219998598098755,0.0,0.00021329999435693026,0
1239,0.0002112000365741551,0.00047200004337355494,0.0035029000137001276,1
1240,0.0004369000089354813,0.0,0.00043830001959577203,0
1241,0.00017670000670477748,0.0,0.00017770001431927085,0
1242,0.00022899999748915434,0.0,0.0002300000051036477,0
1243,0.00023689999943599105,0.0,0.00023799994960427284,0
1244,0.00013669999316334724,0.0,0.00013770000077784061,0
1245,0.00013050000416114926,0.0,0.0001314000110141933,0
1246,0.00018619996262714267,0.0,0.00018699996871873736,0
1247,0.00017409998690709472,0.0,0.0001750999945215881,0
1248,0.00024039996787905693,0.0,0.00024119997397065163,0
1249,0.0001278999843634665,0.0,0.00012879999121651053,0
1250,0.0001694000093266368,0.0,0.00017030001617968082,0
1251,0.00013380002928897738,0.0,0.00013460003538057208,0
1252,0.00015550001990050077,0.0,0.00015630002599209547,0
1253,0.0001724000321701169,0.0,0.00017329998081550002,0
1254,0.00016950001008808613,0.0,0.00017040001694113016,0
1255,0.00017040001694113016,0.0,0.0001716000260785222,0
1256,0.000285100017208606,0.0,0.0002866999711841345,0
1257,0.0003065000055357814,0.0,0.00030780001543462276,0
1258,0.0002682000049389899,0.0,0.0002699000178836286,0
1259,0.00041199999395757914,0.0006215000175870955,0.004002900037448853,1
1260,0.0004390000249259174,0.0,0.00044030003482475877,0
1261,0.00017680000746622682,0.0,0.0001778999576345086,0
1262,0.00017199997091665864,0.0,0.00017289997776970267,0
1263,0.00019099999917671084,0.0,0.0001919999485835433,0
1264,0.00014159997226670384,0.0,0.00014249997911974788,0
1265,0.00013020000187680125,0.0,0.00013109995052218437,0
1266,0.00015539996093139052,0.0,0.00015629996778443456,0
1267,0.00014459999511018395,0.0,0.000145500001963228,0
1268,0.0001289999927394092,0.0,0.00012989999959245324,0
1269,0.00012640003114938736,0.0,0.0001273000380024314,0
1270,0.00013960001524537802,0.0,0.00014050002209842205,0
1271,0.00013400003081187606,0.0,0.0001349000376649201,0
1272,0.00012619997141882777,0.0,0.0001270999782718718,0
1273,0.0001275999820791185,0.0,0.00012839998817071319,0
1274,0.00014150002971291542,0.0,0.00014230003580451012,0
1275,0.00012600002810359,0.0,0.00012700003571808338,0
1276,0.00012480001896619797,0.0,0.00012560002505779266,0
1277,0.00013760000001639128,0.0,0.0001385000068694353,0
1278,0.0001268000341951847,0.0,0.00012770004104822874,0
1279,0.00013310002395883203,0.00040550000267103314,0.0027635000296868384,1
1280,0.00029779999749735,0.0,0.00029909994918853045,0
1281,0.0001346999779343605,0.0,0.0001357999863103032,0
1282,0.00013100000796839595,0.0,0.00013190001482143998,0
1283,0.00019570003496482968,0.0,0.00019669998437166214,0
1284,0.0001278999843634665,0.0,0.0001286999904550612,0
1285,0.00012669997522607446,0.0,0.0001275999820791185,0
1286,0.0001262999721802771,0.0,0.0001270999782718718,0
1287,0.0001433000434190035,0.0,0.00014420005027204752,0
1288,0.00013000000035390258,0.0,0.00013100000796839595,0
1289,0.00012919999426230788,0.0,0.00013010000111535192,0
1290,0.00013969995779916644,0.0,0.00014059996465221047,0
1291,0.00012919999426230788,0.0,0.00013000000035390258,0
1292,0.00012739998055621982,0.0,0.0001281999866478145,0
1293,0.00012729997979477048,0.0,0.00012809998588636518,0
1294,0.0001439000479876995,0.0,0.0001447000540792942,0
1295,0.00012769998284056783,0.0,0.00012849998893216252,0
1296,0.00012839998817071319,0.0,0.00012919999426230788,0
1297,0.00014050002209842205,0.0,0.00014130002819001675,0
1298,0.00012889999197795987,0.0,0.00012969999806955457,0
1299,0.0001286999904550612,0.00033199996687471867,0.0027490999782457948,1
1300,0.0004430999979376793,0.0,0.00044440000783652067,0
1301,0.0001925000105984509,0.0,0.00019390002125874162,0
1302,0.00027740001678466797,0.0,0.00027900002896785736,0
1303,0.0002595999976620078,0.0,0.00026080000679939985,0
1304,0.00013319996651262045,0.0,0.00013409997336566448,0
1305,0.00015030003851279616,0.0,0.0001512000453658402,0
1306,0.0001680999994277954,0.0,0.00016910000704228878,0
1307,0.00018010003259405494,0.0,0.00018100003944709897,0
1308,0.0001422999775968492,0.0,0.00014329998521134257,0
1309,0.00012739998055621982,0.0,0.00012829998740926385,0
1310,0.0001401000190526247,0.0,0.00014110002666711807,0
1311,0.0001273000380024314,0.0,0.00012820004485547543,0
1312,0.00012579996837303042,0.0,0.00012669997522607446,0
1313,0.00013010000111535192,0.0,0.00013100000796839595,0
1314,0.00013930001296103,0.0,0.00014020001981407404,0
1315,0.0001268000341951847,0.0,0.00012769998284056783,0
1316,0.00012579996837303042,0.0,0.00012659997446462512,0
1317,0.00013770000077784061,0.0,0.00013870000839233398,0
1318,0.0001265000319108367,0.0,0.00012739998055621982,0
1319,0.0001251999638043344,0.0004524000105448067,0.002999999967869371,1
1320,0.00026190001517534256,0.0,0.0002631000243127346,0
1321,0.00014780001947656274,0.0,0.00014869996812194586,0
1322,0.00013000000035390258,0.0,0.00013100000796839595,0
1323,0.00015769997844472528,0.0,0.00015879998682066798,0
1324,0.00013020000187680125,0.0,0.00013100000796839595,0
1325,0.00012829998740926385,0.0,0.00012929999502375722,0
1326,0.0001284000463783741,0.0,0.00012929999502375722,0
1327,0.00014680001186206937,0.0,0.00014790002023801208,0
1328,0.00012889999197795987,0.0,0.0001297999988310039,0
1329,0.00012779998360201716,0.0,0.0001286999904550612,0
1330,0.00014050002209842205,0.0,0.00014140002895146608,0
1331,0.0001281999866478145,0.0,0.00012909999350085855,0
1332,0.00012719997903332114,0.0,0.00012799998512491584,0
1333,0.00012640003114938736,0.0,0.0001273000380024314,0
1334,0.00016230001347139478,0.0,0.00016340002184733748,0
1335,0.00014000001829117537,0.0,0.00014100002590566874,0
1336,0.00012620002962648869,0.0,0.0001270999782718718,0
1337,0.0001385000068694353,0.0,0.00013940001372247934,0
1338,0.0001275999820791185,0.0,0.00012849998893216252,0
1339,0.00012619997141882777,0.00048560003051534295,0.003068499965593219,1
1340,0.00023490004241466522,0.0,0.00023629999486729503,0
1341,0.00018499995348975062,0.0,0.000185999961104244,0
1342,0.00016299996059387922,0.0,0.00016389996744692326,0
1343,0.00015649996930733323,0.0,0.00015759997768327594,0
1344,0.00013070000568404794,0.0,0.00013150001177564263,0
1345,0.0001275999820791185,0.0,0.00012849998893216252,0
1346,0.00012739998055621982,0.0,0.0001281999866478145,0
1347,0.00014570000348612666,0.0,0.00014650000957772136,0
1348,0.00012859998969361186,0.0,0.0001294999965466559,0
1349,0.00012699997751042247,0.0,0.0001278999843634665,0
1350,0.0001401000190526247,0.0,0.00014100002590566874,0
1351,0.00012799998512491584,0.0,0.00012889999197795987,0
1352,0.00012749998131766915,0.0,0.00012839998817071319,0
1353,0.00012700003571808338,0.0,0.00012780004180967808,0
1354,0.0001398000167682767,0.0,0.00014070002362132072,0
1355,0.0001306000049225986,0.0,0.00013160001253709197,0
1356,0.00012799998512491584,0.0,0.00012889999197795987,0
1357,0.00013950001448392868,0.0,0.0001403999631293118,0
1358,0.00012839998817071319,0.0,0.00012929999502375722,0
1359,0.00012670003343373537,0.0004335999838076532,0.003241600003093481,1
1360,0.00048099999548867345,0.0,0.00048240000614896417,0
1361,0.00021430000197142363,0.0,0.00021540001034736633,0
1362,0.00018750003073364496,0.0,0.00018850003834813833,0
1363,0.0001810999820008874,0.0,0.0001821999903768301,0
1364,0.00013139995280653238,0.0,0.00013219995889812708,0
1365,0.00016589998267591,0.0,0.00016679998952895403,0
1366,0.00016090000281110406,0.0,0.00016170000890269876,0
1367,0.00014259997988119721,0.0,0.00014359998749569058,0
1368,0.00012820004485547543,0.0,0.0001289999927394092,0
1369,0.00012809998588636518,0.0,0.0001289999927394092,0
1370,0.00013940001372247934,0.0,0.00014030002057552338,0
1371,0.00013209995813667774,0.0,0.00013289996422827244,0
1372,0.0001281000440940261,0.0,0.00012879999121651053,0
1373,0.00012849998893216252,0.0,0.00012919999426230788,0
1374,0.000139000010676682,0.0,0.0001398000167682767,0
1375,0.00012749998131766915,0.0,0.00012829998740926385,0
1376,0.00012670003343373537,0.0,0.0001276000402867794,0
1377,0.00013719999697059393,0.0,0.0001382000045850873,0
1378,0.0001265000319108367,0.0,0.00012720003724098206,0
1379,0.00012969999806955457,0.000438000017311424,0.00295140000525862,1
1380,0.0004683999577537179,0.0,0.0004696999676525593,0
1381,0.00014180003199726343,0.0,0.00014289998216554523,0
1382,0.0001317000132985413,0.0,0.00013260002015158534,0
1383,0.00016550003783777356,0.0,0.00016659998800605536,0
1384,0.00013349996879696846,0.0,0.00013449997641146183,0
1385,0.00012809998588636518,0.0,0.0001289999927394092,0
1386,0.00012799998512491584,0.0,0.00012889999197795987,0
1387,0.00014289998216554523,0.0,0.00014369998825713992,0
1388,0.00012879999121651053,0.0,0.00012969999806955457,0
1389,0.00012739998055621982,0.0,0.00012839998817071319,0
1390,0.00013960001524537802,0.0,0.0001406000228598714,0
1391,0.00012849998893216252,0.0,0.00012929999502375722,0
1392,0.00013190001482143998,0.0,0.00013269996270537376,0
1393,0.0001270999782718718,0.0,0.0001278999843634665,0
1394,0.0001395999570377171,0.0,0.00014059996465221047,0
1395,0.00012749998131766915,0.0,0.00012839998817071319,0
1396,0.00012660003267228603,0.0,0.00012750003952533007,0
1397,0.000139000010676682,0.0,0.00013990001752972603,0
1398,0.0001265000319108367,0.0,0.00012729997979477048,0
1399,0.0001650999765843153,0.0004340999876148999,0.0029519000090658665,1
1400,0.0004335999838076532,0.0,0.0004349999944679439,0
1401,0.0001742999884299934,0.0,0.0001753999968059361,0
1402,0.00017019995721057057,0.0,0.00017119996482506394,0
1403,0.00018729997100308537,0.0,0.00018849998014047742,0
1404,0.00013500003842636943,0.0,0.00013580004451796412,0
1405,0.0001286999904550612,0.0,0.00012959999730810523,0
1406,0.00012700003571808338,0.0,0.00012779998360201716,0
1407,0.00017330003902316093,0.0,0.0001742999884299934,0
1408,0.00012799998512491584,0.0,0.00012879999121651053,0
1409,0.00012739998055621982,0.0,0.0001281999866478145,0
1410,0.000139000010676682,0.0,0.0001398000167682767,0
1411,0.00012849998893216252,0.0,0.0001294999965466559,0
1412,0.00013200001558288932,0.0,0.0001330000231973827,0
1413,0.00012859998969361186,0.0,0.0001294999965466559,0
1414,0.00013950001448392868,0.0,0.0001404000213369727,0
1415,0.0001268000341951847,0.0,0.00012749998131766915,0
1416,0.00012639997294172645,0.0,0.0001270999782718718,0
1417,0.0001382000045850873,0.0,0.00013910001143813133,0
1418,0.00014750001719221473,0.0,0.00014830002328380942,0
1419,0.00021059997379779816,0.0004886999959126115,0.0036968999775126576,1
1420,0.00034120003692805767,0.0,0.0003428999916650355,0
1421,0.00014379998901858926,0.0,0.00014479999663308263,0
1422,0.00013580004451796412,0.0,0.0001368000521324575,0
1423,0.00016659998800605536,0.0,0.00016769999638199806,0
1424,0.00013350002700462937,0.0,0.00013430003309622407,0
1425,0.00013270002091303468,0.0,0.0001336000277660787,0
1426,0.0001506999833509326,0.0,0.00015169999096542597,0
1427,0.00016519997734576464,0.0,0.00016609998419880867,0
1428,0.00013780000153928995,0.0,0.00013860000763088465,0
1429,0.0001343999756500125,0.0,0.0001351999817416072,0
1430,0.00014730001566931605,0.0,0.00014820002252236009,0
1431,0.00013450003461912274,0.0,0.00013530004071071744,0
1432,0.00013270002091303468,0.0,0.00013350002700462937,0
1433,0.00016029999824240804,0.0,0.0001613000058569014,0
1434,0.00016190001042559743,0.0,0.00016280001727864146,0
1435,0.00013420003233477473,0.0,0.00013510003918781877,0
1436,0.00013320002472028136,0.0,0.0001341000315733254,0
1437,0.00014600000577047467,0.0,0.0001469000126235187,0
1438,0.00013380002928897738,0.0,0.00013470003614202142,0
1439,0.00013120000949129462,0.00039409997407346964,0.0033008999889716506,1
1440,0.000532599980942905,0.0,0.000534099992364645,0
1441,0.00017950002802535892,0.0,0.00018070003716275096,0
1442,0.0001792000257410109,0.0,0.0001803000341169536,0
1443,0.00018859998090192676,0.0,0.00018969998927786946,0
1444,0.00014780001947656274,0.0,0.00014870002632960677,0
1445,0.00016380002489313483,0.0,0.00016460003098472953,0
1446,0.0001632000203244388,0.0,0.00016420002793893218,0
1447,0.0001797000295482576,0.0,0.00018070003716275096,0
1448,0.00015869998605921865,0.0,0.00015979999443516135,0
1449,0.0001716000260785222,0.0,0.00017250003293156624,0
1450,0.0002001000102609396,0.0,0.00020110001787543297,0
1451,0.0001708000199869275,0.0,0.0001716000260785222,0
1452,0.0002332000294700265,0.0,0.00023420003708451986,0
1453,0.00014540000120177865,0.0,0.00014640000881627202,0
1454,0.0001829999964684248,0.0,0.00018400000408291817,0
1455,0.0001317000132985413,0.0,0.000132500019390136,0
1456,0.00013159995432943106,0.0,0.00013239996042102575,0
1457,0.0001626999583095312,0.0,0.00016359996516257524,0
1458,0.00014429999282583594,0.0,0.0001453000004403293,0
1459,0.00012849998893216252,0.00039170001400634646,0.003874199988786131,1
1460,0.0005356000037863851,0.0,0.0005375000182539225,0
1461,0.0001870999694801867,0.0,0.00018829997861757874,0
1462,0.00017279997700825334,0.0,0.0001737999846227467,0
1463,0.00018420000560581684,0.0,0.00018530001398175955,0
1464,0.0002112000365741551,0.0,0.0002123000449500978,0
1465,0.00013319996651262045,0.0,0.00013409997336566448,0
1466,0.0001303000026382506,0.0,0.00013120000949129462,0
1467,0.0002142000012099743,0.0,0.00021510000806301832,0
1468,0.0001314000110141933,0.0,0.00013240001862868667,0
1469,0.0001289999927394092,0.0,0.00012989999959245324,0
1470,0.00014249997911974788,0.0,0.00014349998673424125,0
1471,0.0002009000163525343,0.0,0.00020190002396702766,0
1472,0.0001303000026382506,0.0,0.00013120000949129462,0
1473,0.00012839998817071319,0.0,0.00012919999426230788,0
1474,0.00023330003023147583,0.0,0.0002343000378459692,0
1475,0.00013010000111535192,0.0,0.00013100000796839595,0
1476,0.00012849998893216252,0.0,0.00012939999578520656,0
1477,0.00014650000957772136,0.0,0.00014739995822310448,0
1478,0.00019910000264644623,0.0,0.00020000000949949026,0
1479,0.00013080000644549727,0.0004566999850794673,0.003465400019194931,1
1480,0.0002586999908089638,0.0,0.00027270003920421004,0
1481,0.0001745999907143414,0.0,0.00017559999832883477,0
1482,0.00012929999502375722,0.0,0.0001303000026382506,0
1483,0.00015869998605921865,0.0,0.00015979999443516135,0
1484,0.00012909999350085855,0.0,0.00013010000111535192,0
1485,0.00017820001812651753,0.0,0.00017910002497956157,0
1486,0.00012719997903332114,0.0,0.0001281999866478145,0
1487,0.0001449999981559813,0.0,0.00014590000500902534,0
1488,0.00012589996913447976,0.0,0.00012669997522607446,0
1489,0.00012559996685013175,0.0,0.00012639997294172645,0
1490,0.0001392999547533691,0.0,0.00014029996236786246,0
1491,0.00012609997065737844,0.0,0.00012699997751042247,0
1492,0.00012530002277344465,0.0,0.00012620002962648869,0
1493,0.00012450001668184996,0.0,0.00012530002277344465,0
1494,0.0001838000025600195,0.0,0.00018459995044395328,0
1495,0.00012609997065737844,0.0,0.00012689997674897313,0
1496,0.00012610002886503935,0.0,0.00012700003571808338,0
1497,0.0001385000068694353,0.0,0.00013940001372247934,0
1498,0.00012670003343373537,0.0,0.00012750003952533007,0
1499,0.000125400023534894,0.000443600001744926,0.003293899993877858,1
1500,0.0004575000493787229,0.0,0.0004589000018313527,0
1501,0.00017610000213608146,0.0,0.00017719995230436325,0
1502,0.00017059996025636792,0.0,0.0001715999678708613,0
1503,0.00018939998699352145,0.0,0.00019039999460801482,0
1504,0.00015269999857991934,0.0,0.00015360000543296337,0
1505,0.0001286999904550612,0.0,0.00012959999730810523,0
1506,0.00012859998969361186,0.0,0.00012959999730810523,0
1507,0.00014220003504306078,0.0,0.00014319998444989324,0
1508,0.00012829998740926385,0.0,0.00012909999350085855,0
1509,0.00012830004561692476,0.0,0.00012919999426230788,0
1510,0.00013990001752972603,0.0,0.0001650999765843153,0
1511,0.00014620000729337335,0.0,0.00014710001414641738,0
1512,0.00021399999968707561,0.0,0.00021520000882446766,0
1513,0.00013920001219958067,0.0,0.00014000001829117537,0
1514,0.00023090001195669174,0.0,0.00023230002261698246,0
1515,0.00020450004376471043,0.0,0.00020549999317154288,0
1516,0.00015619996702298522,0.0,0.00015709997387602925,0
1517,0.00019180000526830554,0.0,0.00019329995848238468,0
1518,0.00021570001263171434,0.0,0.00021670002024620771,0
1519,0.0001317000132985413,0.000610099988989532,0.003261400037445128,1
1520,0.0002655999851413071,0.0,0.0002668999950401485,0
1521,0.00017110002227127552,0.0,0.0001721000298857689,0
1522,0.00016609998419880867,0.0,0.0001669999910518527,0
1523,0.00016060000052675605,0.0,0.0001615999499335885,0
1524,0.00013050000416114926,0.0,0.00013130001025274396,0
1525,0.00012630003038793802,0.0,0.0001270999782718718,0
1526,0.00019869999960064888,0.0,0.00019970000721514225,0
1527,0.00024229998234659433,0.0,0.00024319998919963837,0
1528,0.0001314000110141933,0.0,0.000132200017105788,0
1529,0.00012889999197795987,0.0,0.00012969999806955457,0
1530,0.00014249997911974788,0.0,0.00014329998521134257,0
1531,0.0001294999965466559,0.0,0.00013040000339969993,0
1532,0.0001362999901175499,0.0,0.00013729999773204327,0
1533,0.0001278999843634665,0.0,0.00012879999121651053,0
1534,0.00014059996465221047,0.0,0.00014159997226670384,0
1535,0.00012699997751042247,0.0,0.0001278999843634665,0
1536,0.00012710003647953272,0.0,0.00012790004257112741,0
1537,0.00014030002057552338,0.0,0.0001412000274285674,0
1538,0.00012659997446462512,0.0,0.00012749998131766915,0
1539,0.00013329996727406979,0.0004076000186614692,0.0031014999840408564,1
1540,0.0002543999580666423,0.0,0.00025559996720403433,0
1541,0.00016500003403052688,0.0,0.00016600004164502025,0
1542,0.00013110000872984529,0.0,0.00013200001558288932,0
1543,0.00015820004045963287,0.0,0.00015919998986646533,0
1544,0.00012889999197795987,0.0,0.0001297999988310039,0
1545,0.00013150001177564263,0.0,0.00013240001862868667,0
1546,0.00013200001558288932,0.0,0.0001330000231973827,0
1547,0.00014130002819001675,0.0,0.00014220003504306078,0
1548,0.00012779998360201716,0.0,0.00012879999121651053,0
1549,0.00012659997446462512,0.0,0.00012749998131766915,0
1550,0.00016680004773661494,0.0,0.00016769999638199806,0
1551,0.0001281999866478145,0.0,0.0001289999927394092,0
1552,0.00013180001405999064,0.0,0.00013260002015158534,0
1553,0.0001268000341951847,0.0,0.0001275999820791185,0
1554,0.0001385000068694353,0.0,0.00013940001372247934,0
1555,0.00012740003876388073,0.0,0.00012830004561692476,0
1556,0.00012799998512491584,0.0,0.00012889999197795987,0
1557,0.00013870000839233398,0.0,0.00013960001524537802,0
1558,0.00012829998740926385,0.0,0.00012909999350085855,0
1559,0.0001273000380024314,0.0003597000031732023,0.0027963999891653657,1
1560,0.0002541999565437436,0.0,0.00025569996796548367,0
1561,0.00018159998580813408,0.0,0.00018289999570697546,0
1562,0.00019859999883919954,0.0,0.0001996000064536929,0
1563,0.00033870001789182425,0.0,0.0003399000270292163,0
1564,0.00014980003470554948,0.0,0.00015079998411238194,0
1565,0.0001946999691426754,0.0,0.00019569997675716877,0
1566,0.00018039997667074203,0.0,0.00018129998352378607,0
1567,0.00017669994849711657,0.0,0.0001775999553501606,0
1568,0.00013020000187680125,0.0,0.00013110000872984529,0
1569,0.00012719997903332114,0.0,0.00012809998588636518,0
1570,0.0001400999608449638,0.0,0.00014109996845945716,0
1571,0.0001281999866478145,0.0,0.00012919999426230788,0
1572,0.00013539998326450586,0.0,0.0001362999901175499,0
1573,0.00012659997446462512,0.0,0.0001275999820791185,0
1574,0.000139000010676682,0.0,0.00013999996008351445,0
1575,0.00012749998131766915,0.0,0.00012839998817071319,0
1576,0.00012750003952533007,0.0,0.00012849998893216252,0
1577,0.00013870000839233398,0.0,0.00013970001600682735,0
1578,0.0001275999820791185,0.0,0.00012839998817071319,0
1579,0.00013509998098015785,0.0003632999723777175,0.003136599960271269,1
1580,0.0003177000326104462,0.0,0.00031910004327073693,0
1581,0.00022040004841983318,0.0,0.00022149999858811498,0
1582,0.00017129996558651328,0.0,0.000172399973962456,0
1583,0.00022739998530596495,0.0,0.00022839999292045832,0
1584,0.00013120000949129462,0.0,0.00013210001634433866,0
1585,0.0001286999904550612,0.0,0.00012969999806955457,0
1586,0.00012879999121651053,0.0,0.00012959999730810523,0
1587,0.00014320004265755415,0.0,0.0001441999920643866,0
1588,0.00012729997979477048,0.0,0.0001281999866478145,0
1589,0.0001278999843634665,0.0,0.00012879999121651053,0
1590,0.00018510001245886087,0.0,0.0001860000193119049,0
1591,0.00012939999578520656,0.0,0.0001303000026382506,0
1592,0.0001270999782718718,0.0,0.00012799998512491584,0
1593,0.00012700003571808338,0.0,0.00012790004257112741,0
1594,0.00013920001219958067,0.0,0.00014020001981407404,0
1595,0.00012649997370317578,0.0,0.00012739998055621982,0
1596,0.00012619997141882777,0.0,0.00012699997751042247,0
1597,0.0001737999846227467,0.0,0.00017469999147579074,0
1598,0.00012740003876388073,0.0,0.0001281999866478145,0
1599,0.0001256999676115811,0.00028680003015324473,0.003108199976850301,1
1600,0.0003141000051982701,0.0,0.00032839999767020345,0
1601,0.00021999998716637492,0.0,0.00022109999554231763,0
1602,0.00019799999427050352,0.0,0.00019910000264644623,0
1603,0.00016160000814124942,0.0,0.00016270001651719213,0
1604,0.00013020000187680125,0.0,0.00013110000872984529,0
1605,0.0001287000486627221,0.0,0.00012959999730810523,0
1606,0.00012829998740926385,0.0,0.00012919999426230788,0
1607,0.00014240003656595945,0.0,0.0001433000434190035,0
1608,0.00012700003571808338,0.0,0.00012779998360201716,0
1609,0.0001354999840259552,0.0,0.00013639999087899923,0
1610,0.00014320004265755415,0.0,0.00014410004951059818,0
1611,0.00012859998969361186,0.0,0.0001294999965466559,0
1612,0.00012690003495663404,0.0,0.00012780004180967808,0
1613,0.00012700003571808338,0.0,0.0001278999843634665,0
1614,0.00013960001524537802,0.0,0.0001406000228598714,0
1615,0.00012659997446462512,0.0,0.00012749998131766915,0
1616,0.00013339996803551912,0.0,0.0001343999756500125,0
1617,0.0001400999608449638,0.0,0.00014099996769800782,0
1618,0.00012699997751042247,0.0,0.0001278999843634665,0
1619,0.0001580000389367342,0.0003991000121459365,0.0037283000419847667,1
1620,0.0003163000219501555,0.0,0.00031779997516423464,0
1621,0.0002502999850548804,0.0,0.0002514999941922724,0
1622,0.00017100002150982618,0.0,0.00017199997091665864,0
1623,0.00022719998378306627,0.0,0.00022829999215900898,0
1624,0.00013390003005042672,0.0,0.00013480003690347075,0
1625,0.0001309000072069466,0.0,0.00013180001405999064,0
1626,0.0001286999904550612,0.0,0.00012959999730810523,0
1627,0.0001438999897800386,0.0,0.00014479999663308263,0
1628,0.00013649999164044857,0.0,0.0001373999984934926,0
1629,0.0001281000440940261,0.0,0.0001289999927394092,0
1630,0.0001962999813258648,0.0,0.0001973999897018075,0
1631,0.00014600000577047467,0.0,0.0001469000126235187,0
1632,0.00012969999806955457,0.0,0.00013070000568404794,0
1633,0.00012900005094707012,0.0,0.0001297999988310039,0
1634,0.0001438999897800386,0.0,0.00014479999663308263,0
1635,0.0001286999904550612,0.0,0.0001294999965466559,0
1636,0.00012829998740926385,0.0,0.00012909999350085855,0
1637,0.0001829999964684248,0.0,0.00018400000408291817,0
1638,0.00012989999959245324,0.0,0.00013069994747638702,0
1639,0.00012779998360201716,0.00043680000817403197,0.003081000002566725,1
1640,0.0003000000142492354,0.0,0.0003016000264324248,0
1641,0.00017610000213608146,0.0,0.00017710000975057483,0
1642,0.00020870001753792167,0.0,0.00020980002591386437,0
1643,0.00018370000179857016,0.0,0.00018480001017451286,0
1644,0.00014710001414641738,0.0,0.00014810002176091075,0
1645,0.000130399945192039,0.0,0.00013129995204508305,0
1646,0.0001306000049225986,0.0,0.00013150001177564263,0
1647,0.00019029999384656549,0.0,0.00019120000069960952,0
1648,0.00018269999418407679,0.0,0.00018360000103712082,0
1649,0.00017119996482506394,0.0,0.00017209997167810798,0
1650,0.00019939994672313333,0.0,0.00020029995357617736,0
1651,0.00015209999401122332,0.0,0.00015310000162571669,0
1652,0.00013080000644549727,0.0,0.0001317000132985413,0
1653,0.00012929999502375722,0.0,0.0001303000026382506,0
1654,0.0002060999977402389,0.0,0.00020709994714707136,0
1655,0.0001707999617792666,0.0,0.00017169996863231063,0
1656,0.0001697000116109848,0.0,0.00017069996101781726,0
1657,0.00019890000112354755,0.0,0.0001998000079765916,0
1658,0.00015330000314861536,0.0,0.00015410000924021006,0
1659,0.00012989999959245324,0.00043670000741258264,0.00309070001821965,1
1660,0.00028639996889978647,0.0,0.0002875999780371785,0
1661,0.00019370001973584294,0.0,0.0001946999691426754,0
1662,0.00012689997674897313,0.0,0.00012779998360201716,0
1663,0.00017439998919144273,0.0,0.00017529999604448676,0
1664,0.00014449999434873462,0.0,0.00014540000120177865,0
1665,0.00018510001245886087,0.0,0.0001860000193119049,0
1666,0.00015250005526468158,0.0,0.0001552999601699412,0
1667,0.0002474000211805105,0.0,0.00024860003031790257,0
1668,0.0003318000235594809,0.0,0.00033330003498122096,0
1669,0.0003792999777942896,0.0,0.00038079998921602964,0
1670,0.0004466000245884061,0.0,0.00044810003601014614,0
1671,0.0003905000048689544,0.0,0.00039199995808303356,0
1672,0.00048370001604780555,0.0,0.0004855000297538936,0
1673,0.0004885999951511621,0.0,0.0004902000073343515,0
1674,0.00037129997508600354,0.0,0.00037289998726919293,0
1675,0.0002475999644957483,0.0,0.0002487999736331403,0
1676,0.00020070001482963562,0.0,0.00020169996423646808,0
1677,0.0002796000335365534,0.0,0.00028090004343539476,0
1678,0.00018909998470917344,0.0,0.00019029999384656549,0
1679,0.00019829999655485153,0.0005535000236704946,0.003375799977220595,1
1680,0.0002652000403031707,0.0,0.0002666999935172498,0
1681,0.00018649996491149068,0.0,0.00018759997328743339,0
1682,0.0001651000347919762,0.0,0.00016610004240646958,0
1683,0.0001569000305607915,0.0,0.00015809998149052262,0
1684,0.00012699997751042247,0.0,0.0001278999843634665,0
1685,0.00012729997979477048,0.0,0.0001281999866478145,0
1686,0.00012660003267228603,0.0,0.0001276000402867794,0
1687,0.0001821999903768301,0.0,0.0001832999987527728,0
1688,0.00012809998588636518,0.0,0.00012909999350085855,0
1689,0.00012509996304288507,0.0,0.00012609997065737844,0
1690,0.00013939995551481843,0.0,0.00014029996236786246,0
1691,0.0001270999782718718,0.0,0.00012799998512491584,0
1692,0.0001268000341951847,0.0,0.00012770004104822874,0
1693,0.00012640003114938736,0.0,0.00012729997979477048,0
1694,0.0002109999768435955,0.0,0.00021199998445808887,0
1695,0.00012669997522607446,0.0,0.0001275999820791185,0
1696,0.00012620002962648869,0.0,0.00012720003724098206,0
1697,0.00013810000382363796,0.0,0.000139000010676682,0
1698,0.00012690003495663404,0.0,0.00012790004257112741,0
1699,0.00012520002201199532,0.0004670999478548765,0.003117699990980327,1
1700,0.00044430000707507133,0.0,0.0004456000169739127,0
1701,0.00017479999223724008,0.0,0.00017579999985173345,0
1702,0.00017100002150982618,0.0,0.00017200002912431955,0
1703,0.0001922000083141029,0.0,0.00019320001592859626,0
1704,0.00020710000535473228,0.0,0.0002080000122077763,0
1705,0.00012929999502375722,0.0,0.00013020000187680125,0
1706,0.00012809998588636518,0.0,0.0001289999927394092,0
1707,0.0001417000312358141,0.0,0.00014259997988119721,0
1708,0.0001270999782718718,0.0,0.00012809998588636518,0
1709,0.00012669997522607446,0.0,0.00012749998131766915,0
1710,0.00013940001372247934,0.0,0.0001404000213369727,0
1711,0.00017110002227127552,0.0,0.0001721000298857689,0
1712,0.0001265000319108367,0.0,0.00012740003876388073,0
1713,0.0001249000197276473,0.0,0.00012580002658069134,0
1714,0.00013860000763088465,0.0,0.00013960001524537802,0
1715,0.00012530002277344465,0.0,0.00012620002962648869,0
1716,0.00012520002201199532,0.0,0.00012610002886503935,0
1717,0.00021760002709925175,0.0,0.00021870003547519445,0
1718,0.00021109997760504484,0.0,0.00021199998445808887,0
1719,0.00017870002193376422,0.000554499973077327,0.0037306000012904406,1
1720,0.00029280001763254404,0.0,0.0002943000290542841,0
1721,0.0001829999964684248,0.0,0.00018400000408291817,0
1722,0.0001314000110141933,0.0,0.00013230001786723733,0
1723,0.00015929999062791467,0.0,0.00016029999824240804,0
1724,0.00012900005094707012,0.0,0.00013000000035390258,0
1725,0.00019320001592859626,0.0,0.0001941000227816403,0
1726,0.00012969999806955457,0.0,0.0001306000049225986,0
1727,0.00014600000577047467,0.0,0.0001469000126235187,0
1728,0.00012790004257112741,0.0,0.00012880004942417145,0
1729,0.00012769998284056783,0.0,0.00012849998893216252,0
1730,0.00014089996693655849,0.0,0.00014189997455105186,0
1731,0.00012939999578520656,0.0,0.0001303000026382506,0
1732,0.00013200001558288932,0.0,0.00013280002167448401,0
1733,0.00012779998360201716,0.0,0.0001286999904550612,0
1734,0.0001400999608449638,0.0,0.00014089996693655849,0
1735,0.00012719997903332114,0.0,0.0001281999866478145,0
1736,0.00012670003343373537,0.0,0.0001276000402867794,0
1737,0.0001385000068694353,0.0,0.00013940001372247934,0
1738,0.00012670003343373537,0.0,0.00012750003952533007,0
1739,0.0001297999988310039,0.00036910001654177904,0.0029938999796286225,1
1740,0.0002750999992713332,0.0,0.0002764000091701746,0
1741,0.00020000000949949026,0.0,0.00020110001787543297,0
1742,0.00013130001025274396,0.0,0.000132200017105788,0
1743,0.00015979999443516135,0.0,0.00016070000128820539,0
1744,0.0001303000026382506,0.0,0.0001311999512836337,0
1745,0.00012839998817071319,0.0,0.00012939999578520656,0
1746,0.00013320002472028136,0.0,0.0001341000315733254,0
1747,0.00014429999282583594,0.0,0.00014519999967887998,0
1748,0.00012839998817071319,0.0,0.00012929999502375722,0
1749,0.00012769998284056783,0.0,0.00012859998969361186,0
1750,0.00014019996160641313,0.0,0.00014109996845945716,0
1751,0.0001281999866478145,0.0,0.0001289999927394092,0
1752,0.00012750003952533007,0.0,0.00012830004561692476,0
1753,0.00013190001482143998,0.0,0.00013290002243593335,0
1754,0.0001401000190526247,0.0,0.00014100002590566874,0
1755,0.00012649997370317578,0.0,0.00012729997979477048,0
1756,0.0001270999782718718,0.0,0.0001278999843634665,0
1757,0.00014019996160641313,0.0,0.00014109996845945716,0
1758,0.0001286999904550612,0.0,0.0001294999965466559,0
1759,0.00012729997979477048,0.00036800000816583633,0.003188000002410263,1
1760,0.00023689999943599105,0.0,0.0002381000085733831,0
1761,0.00017959997057914734,0.0,0.00018069997895509005,0
1762,0.00017850002041086555,0.0,0.00017950002802535892,0
1763,0.00023100001271814108,0.0,0.00023200002033263445,0
1764,0.000139000010676682,0.0,0.00014000001829117537,0
1765,0.00023519998649135232,0.0,0.00023639999562874436,0
1766,0.00021239998750388622,0.0,0.0002133999951183796,0
1767,0.00021929998183622956,0.0,0.0002201999886892736,0
1768,0.00019160000374540687,0.0,0.00019239995162934065,0
1769,0.00015030003851279616,0.0,0.00015109998639672995,0
1770,0.00014369998825713992,0.0,0.0001446999958716333,0
1771,0.0001303000026382506,0.0,0.00013120000949129462,0
1772,0.00012729997979477048,0.0,0.00012809998588636518,0
1773,0.0001273000380024314,0.0,0.00012820004485547543,0
1774,0.00014030002057552338,0.0,0.00014129996998235583,0
1775,0.00012739998055621982,0.0,0.00012829998740926385,0
1776,0.00012580002658069134,0.0,0.00012670003343373537,0
1777,0.0002125999890267849,0.0,0.00021359999664127827,0
1778,0.00020060001406818628,0.0,0.00020159996347501874,0
1779,0.00012739998055621982,0.0003752000047825277,0.0031393999815918505,1
1780,0.00025530002312734723,0.0,0.0002566000330261886,0
1781,0.00017170002683997154,0.0,0.000172699976246804,0
1782,0.00012989999959245324,0.0,0.0001309000072069466,0
1783,0.00015710003208369017,0.0,0.00015819998225197196,0
1784,0.00012849998893216252,0.0,0.00012939999578520656,0
1785,0.00012780004180967808,0.0,0.00012880004942417145,0
1786,0.00012689997674897313,0.0,0.00012779998360201716,0
1787,0.00014239997835829854,0.0,0.0001433999859727919,0
1788,0.0001276000402867794,0.0,0.00012850004713982344,0
1789,0.0001317000132985413,0.0,0.00013260002015158534,0
1790,0.0001406000228598714,0.0,0.00014150002971291542,0
1791,0.00012839998817071319,0.0,0.00012919999426230788,0
1792,0.00012740003876388073,0.0,0.00012830004561692476,0
1793,0.00012659997446462512,0.0,0.00012739998055621982,0
1794,0.00019329995848238468,0.0,0.00019429996609687805,0
1795,0.00013120000949129462,0.0,0.00013210001634433866,0
1796,0.00012620002962648869,0.0,0.00012710003647953272,0
1797,0.0001398000167682767,0.0,0.00014070002362132072,0
1798,0.00012889999197795987,0.0,0.0001297999988310039,0
1799,0.0001267999759875238,0.0003632999723777175,0.0030178999877534807,1
1800,0.00024140003370121121,0.0,0.0002427000436000526,0
1801,0.0001680999994277954,0.0,0.00016910000704228878,0
1802,0.00016910000704228878,0.0,0.0001700000138953328,0
1803,0.00016009999671950936,0.0,0.00016110000433400273,0
1804,0.00013129995204508305,0.0,0.00013219995889812708,0
1805,0.00012909999350085855,0.0,0.00012989999959245324,0
1806,0.0001286999904550612,0.0,0.00012959999730810523,0
1807,0.00014369998825713992,0.0,0.00014459999511018395,0
1808,0.00012849998893216252,0.0,0.00012939999578520656,0
1809,0.00013210001634433866,0.0,0.0001330000231973827,0
1810,0.00014210003428161144,0.0,0.00014300004113465548,0
1811,0.0001281999866478145,0.0,0.00012909999350085855,0
1812,0.0001262999721802771,0.0,0.00012719997903332114,0
1813,0.00012649997370317578,0.0,0.00012729997979477048,0
1814,0.00013950001448392868,0.0,0.0001404000213369727,0
1815,0.00012720003724098206,0.0,0.0001281000440940261,0
1816,0.00012620002962648869,0.0,0.0001270999782718718,0
1817,0.00014329998521134257,0.0,0.0001441999920643866,0
1818,0.00012910005170851946,0.0,0.00012989999959245324,0
1819,0.00012699997751042247,0.00040880002779886127,0.0036551000084728003,1
1820,0.00043100002221763134,0.0,0.00043260003440082073,0
1821,0.00017820001812651753,0.0,0.00017929996829479933,0
1822,0.000172699976246804,0.0,0.00017369998386129737,0
1823,0.00021810003090649843,0.0,0.00021930004004389048,0
1824,0.0001724000321701169,0.0,0.00017339998157694936,0
1825,0.0001317000132985413,0.0,0.00013270002091303468,0
1826,0.00013000000035390258,0.0,0.0001309000072069466,0
1827,0.00017930002650246024,0.0,0.00018020003335550427,0
1828,0.00013050000416114926,0.0,0.00013150001177564263,0
1829,0.00013000000035390258,0.0,0.00013080000644549727,0
1830,0.00021500000730156898,0.0,0.0002161000156775117,0
1831,0.0001471999567002058,0.0,0.0001479999627918005,0
1832,0.00013000000035390258,0.0,0.0001308999489992857,0
1833,0.0001294999965466559,0.0,0.00013050000416114926,0
1834,0.00017680000746622682,0.0,0.00017780001508072019,0
1835,0.00013000000035390258,0.0,0.00013110000872984529,0
1836,0.00013920001219958067,0.0,0.00014019996160641313,0
1837,0.00020060001406818628,0.0,0.00020169996423646808,0
1838,0.00014759995974600315,0.0,0.00014859996736049652,0
1839,0.0001289999927394092,0.0004044999950565398,0.00312030001077801,1
1840,0.00026920001255348325,0.0,0.00027060002321377397,0
1841,0.00017180002760142088,0.0,0.00017290003597736359,0
1842,0.00015119998715817928,0.0,0.00015209999401122332,0
1843,0.00015810003969818354,0.0,0.00015899998834356666,0
1844,0.00012749998131766915,0.0,0.00012839998817071319,0
1845,0.00012660003267228603,0.0,0.00012740003876388073,0
1846,0.00012610002886503935,0.0,0.00012700003571808338,0
1847,0.00014180003199726343,0.0,0.0001427999814040959,0
1848,0.00012839998817071319,0.0,0.00012919999426230788,0
1849,0.00013070000568404794,0.0,0.00013150001177564263,0
1850,0.00013909995323047042,0.0,0.00013999996008351445,0
1851,0.00012689997674897313,0.0,0.00012779998360201716,0
1852,0.00012530002277344465,0.0,0.00012630003038793802,0
1853,0.00012630003038793802,0.0,0.0001273000380024314,0
1854,0.00013990001752972603,0.0,0.00014070002362132072,0
1855,0.00012670003343373537,0.0,0.00012749998131766915,0
1856,0.00013000000035390258,0.0,0.00013100000796839595,0
1857,0.0001385000068694353,0.0,0.00013940001372247934,0
1858,0.0001276000402867794,0.0,0.0001284000463783741,0
1859,0.00012699997751042247,0.0004572999896481633,0.0032322999904863536,1
1860,0.00039220001781359315,0.0,0.00039360002847388387,0
1861,0.00018749997252598405,0.0,0.00018849998014047742,0
1862,0.00013189995661377907,0.0,0.0001327999634668231,0
1863,0.00015809998149052262,0.0,0.00015899998834356666,0
1864,0.00012859998969361186,0.0,0.00012959999730810523,0
1865,0.00012809998588636518,0.0,0.0001289999927394092,0
1866,0.00012849998893216252,0.0,0.00012929999502375722,0
1867,0.00017879996448755264,0.0,0.000179799972102046,0
1868,0.00012829998740926385,0.0,0.00012909999350085855,0
1869,0.00012790004257112741,0.0,0.00012879999121651053,0
1870,0.00014059996465221047,0.0,0.0001414999715052545,0
1871,0.00012829998740926385,0.0,0.00012909999350085855,0
1872,0.0001273000380024314,0.0,0.00012820004485547543,0
1873,0.000145800004247576,0.0,0.00014670001110062003,0
1874,0.0002481999690644443,0.0,0.00024939997820183635,0
1875,0.0001792000257410109,0.0,0.00018010003259405494,0
1876,0.00017990003107115626,0.0,0.00018070003716275096,0
1877,0.00022089999401941895,0.0,0.00022190000163391232,0
1878,0.00018229999113827944,0.0,0.00018319999799132347,0
1879,0.00018009997438639402,0.00038839998887851834,0.003417800005991012,1
1880,0.00048129999777302146,0.0,0.0004827000084333122,0
1881,0.00014590000500902534,0.0,0.00014700001338496804,0
1882,0.00013129995204508305,0.0,0.00013239996042102575,0
1883,0.00019479996990412474,0.0,0.00019569997675716877,0
1884,0.00012959999730810523,0.0,0.00013050000416114926,0
1885,0.0001748999929986894,0.0,0.00017590000061318278,0
1886,0.00012719997903332114,0.0,0.00012809998588636518,0
1887,0.00024359999224543571,0.0,0.00024449999909847975,0
1888,0.00012729997979477048,0.0,0.0001281999866478145,0
1889,0.00012589996913447976,0.0,0.0001267999759875238,0
1890,0.00014020001981407404,0.0,0.00014109996845945716,0
1891,0.00012710003647953272,0.0,0.00012800004333257675,0
1892,0.0001265000319108367,0.0,0.00012729997979477048,0
1893,0.0001259999698959291,0.0,0.0001267999759875238,0
1894,0.00016170000890269876,0.0,0.0001626000157557428,0
1895,0.00012720003724098206,0.0,0.0001281000440940261,0
1896,0.000125700025819242,0.0,0.00012669997522607446,0
1897,0.0001385000068694353,0.0,0.00013940001372247934,0
1898,0.0001278999843634665,0.0,0.00012879999121651053,0
1899,0.00012649997370317578,0.00044510001316666603,0.0031759999692440033,1
1900,0.0002440999960526824,0.0,0.0002454000059515238,0
1901,0.00016609998419880867,0.0,0.00016729999333620071,0
1902,0.00012919999426230788,0.0,0.00013010000111535192,0
1903,0.00015699997311457992,0.0,0.00015799998072907329,0
1904,0.0001289999927394092,0.0,0.00012989999959245324,0
1905,0.00012849998893216252,0.0,0.0001294999965466559,0
1906,0.0001276000402867794,0.0,0.00012850004713982344,0
1907,0.0001805999781936407,0.0,0.00018149998504668474,0
1908,0.00012879999121651053,0.0,0.00012969999806955457,0
1909,0.00012779998360201716,0.0,0.0001286999904550612,0
1910,0.0001411999692209065,0.0,0.00014209997607395053,0
1911,0.00012879999121651053,0.0,0.00012969999806955457,0
1912,0.00012879999121651053,0.0,0.00012969999806955457,0
1913,0.00012729997979477048,0.0,0.00012809998588636518,0
1914,0.00017670000670477748,0.0,0.00017770001431927085,0
1915,0.00012839998817071319,0.0,0.00012919999426230788,0
1916,0.00012749998131766915,0.0,0.00012829998740926385,0
1917,0.0001395999570377171,0.0,0.00014049996389076114,0
1918,0.00012829998740926385,0.0,0.00012919999426230788,0
1919,0.00012809998588636518,0.0004417000454850495,0.003232099988963455,1
1920,0.00047070003347471356,0.0,0.00047259998973459005,0
1921,0.0002788000274449587,0.0,0.00028039998142048717,0
1922,0.0003006000188179314,0.0,0.00030180002795532346,0
1923,0.00022419996093958616,0.0,0.00022549997083842754,0
1924,0.00016490003326907754,0.0,0.00016580004012212157,0
1925,0.00016360002337023616,0.0,0.0001645000302232802,0
1926,0.00018769997404888272,0.0,0.0001886999816633761,0
1927,0.00021009996999055147,0.0,0.0002109999768435955,0
1928,0.00014820002252236009,0.0,0.00014910002937540412,0
1929,0.00014750001719221473,0.0,0.00014830002328380942,0
1930,0.00015510001685470343,0.0,0.00015600002370774746,0
1931,0.00013050000416114926,0.0,0.00013130001025274396,0
1932,0.00012830004561692476,0.0,0.00012919999426230788,0
1933,0.00012689997674897313,0.0,0.00012769998284056783,0
1934,0.00014079996617510915,0.0,0.00014159997226670384,0
1935,0.00016389996744692326,0.0,0.00016489997506141663,0
1936,0.00012890005018562078,0.0,0.00012989999959245324,0
1937,0.00014000001829117537,0.0,0.00014079996617510915,0
1938,0.00012799998512491584,0.0,0.00012879999121651053,0
1939,0.00012710003647953272,0.00041529996087774634,0.0032805000082589686,1
1940,0.00026539998361840844,0.0,0.0002666999935172498,0
1941,0.00017950002802535892,0.0,0.00018060003640130162,0
1942,0.00020680000307038426,0.0,0.00020780001068487763,0
1943,0.00015659997006878257,0.0,0.0001574999769218266,0
1944,0.0001287000486627221,0.0,0.00012959999730810523,0
1945,0.0001267999759875238,0.0,0.00012779998360201716,0
1946,0.00013010000111535192,0.0,0.00013099994976073503,0
1947,0.00014179997378960252,0.0,0.00014269998064264655,0
1948,0.00012720003724098206,0.0,0.00012820004485547543,0
1949,0.00012580002658069134,0.0,0.00012669997522607446,0
1950,0.0001382000045850873,0.0,0.00013910001143813133,0
1951,0.00012670003343373537,0.0,0.0001275999820791185,0
1952,0.00012589996913447976,0.0,0.0001267999759875238,0
1953,0.00012939999578520656,0.0,0.00013040000339969993,0
1954,0.000139000010676682,0.0,0.0001398000167682767,0
1955,0.0001265000319108367,0.0,0.00012740003876388073,0
1956,0.00012550002429634333,0.0,0.00012640003114938736,0
1957,0.00013689999468624592,0.0,0.00013780000153928995,0
1958,0.00012520002201199532,0.0,0.00012610002886503935,0
1959,0.00012430001515895128,0.000424400030169636,0.003181300009600818,1
1960,0.0002733999863266945,0.0,0.00027459999546408653,0
1961,0.00016840000171214342,0.0,0.00016950001008808613,0
1962,0.00013050000416114926,0.0,0.0001314000110141933,0
1963,0.00015769997844472528,0.0,0.00015879998682066798,0
1964,0.00012929999502375722,0.0,0.00013010000111535192,0
1965,0.00012689997674897313,0.0,0.00012779998360201716,0
1966,0.00015899998834356666,0.0,0.0001598999951966107,0
1967,0.00014189997455105186,0.0,0.0001427999814040959,0
1968,0.00012859998969361186,0.0,0.0001294999965466559,0
1969,0.00012649997370317578,0.0,0.00012739998055621982,0
1970,0.0001403999631293118,0.0,0.00014129996998235583,0
1971,0.00012740003876388073,0.0,0.00012829998740926385,0
1972,0.00012670003343373537,0.0,0.0001275999820791185,0
1973,0.00015729997539892793,0.0,0.00015809998149052262,0
1974,0.00013989995932206511,0.0,0.00014089996693655849,0
1975,0.0001275999820791185,0.0,0.00012849998893216252,0
1976,0.00012600002810359,0.0,0.00012700003571808338,0
1977,0.00013830000534653664,0.0,0.00013920001219958067,0
1978,0.00012740003876388073,0.0,0.0001284000463783741,0
1979,0.00012669997522607446,0.0004994000191800296,0.003966799995396286,1
1980,0.000332699972204864,0.0,0.00033409998286515474,0
1981,0.00017960002878680825,0.0,0.00018070003716275096,0
1982,0.0001314000110141933,0.0,0.00013240001862868667,0
1983,0.00015839998377487063,0.0,0.000159399991389364,0
1984,0.00012969999806955457,0.0,0.0001306000049225986,0
1985,0.0001275999820791185,0.0,0.00012839998817071319,0
1986,0.00012589996913447976,0.0,0.00012689997674897313,0
1987,0.00016820000018924475,0.0,0.00016910000704228878,0
1988,0.0001284000463783741,0.0,0.00012919999426230788,0
1989,0.0001275999820791185,0.0,0.00012839998817071319,0
1990,0.00014130002819001675,0.0,0.00014219997683539987,0
1991,0.00012670003343373537,0.0,0.00012770004104822874,0
1992,0.0001270999782718718,0.0,0.0001278999843634665,0
1993,0.00012729997979477048,0.0,0.00012809998588636518,0
1994,0.0001740000443533063,0.0,0.0001748999929986894,0
1995,0.00012669997522607446,0.0,0.0001275999820791185,0
1996,0.00012809998588636518,0.0,0.00012889999197795987,0
1997,0.00013920001219958067,0.0,0.0001401000190526247,0
1998,0.0001281000440940261,0.0,0.00012890005018562078,0
1999,0.00012699997751042247,0.00041550002060830593,0.00320019997889176,1
