step,step_state_sec,to_numpy_sec,total_step_sec,saved
0,0.006510000035632402,0.00043620000360533595,0.008730700006708503,1
1,0.0004387999651953578,0.0,0.0004403999773785472,0
2,0.0002738999901339412,0.0,0.00027489999774843454,0
3,0.00026780000189319253,0.0,0.000268799951300025,0
4,0.00018500001169741154,0.0,0.00018580001778900623,0
5,0.00016629998572170734,0.0,0.00016719999257475138,0
6,0.00019910000264644623,0.0,0.00019999995129182935,0
7,0.00017169996863231063,0.0,0.00017259997548535466,0
8,0.0002185999765060842,0.0,0.00021949998335912824,0
9,0.00019869999960064888,0.0,0.0001996000064536929,0
10,0.00020109995966777205,0.0,0.00020189996575936675,0
11,0.0002853999612852931,0.0,0.0002861999673768878,0
12,0.0002834000042639673,0.0,0.00028420001035556197,0
13,0.00023609999334439635,0.0,0.00023689999943599105,0
14,0.000265000038780272,0.0,0.0002660000463947654,0
15,0.00028500001644715667,0.0,0.00028600002406165004,0
16,0.00022460002219304442,0.0,0.00022540002828463912,0
17,0.0003114999854005873,0.0,0.000312299991492182,0
18,0.00021879997802898288,0.0,0.0002196999848820269,0
19,0.00019880000036209822,0.0005372000159695745,0.0024862000136636198,1
20,0.0004905000096186996,0.0,0.0004919999628327787,0
21,0.00047580001410096884,0.0,0.00047750002704560757,0
22,0.0003856000257655978,0.0,0.0003868999774567783,0
23,0.00025859999004751444,0.0,0.00025969999842345715,0
24,0.00027920003049075603,0.0,0.00028010003734380007,0
25,0.0003066000062972307,0.0,0.00030750001315027475,0
26,0.00030700000934302807,0.0,0.00030780001543462276,0
27,0.0002712999703362584,0.0,0.00027269998099654913,0
28,0.00027030002092942595,0.0,0.00027139997109770775,0
29,0.0002633999683894217,0.0,0.00026429997524246573,0
30,0.00020969996694475412,0.0,0.0002106999745592475,0
31,0.0001941000227816403,0.0,0.000194900028873235,0
32,0.00017190002836287022,0.0,0.00017260003369301558,0
33,0.00016910000704228878,0.0,0.0001700000138953328,0
34,0.00018309999722987413,0.0,0.00018390000332146883,0
35,0.00016950001008808613,0.0,0.00017040001694113016,0
36,0.0001781000173650682,0.0,0.0001789000234566629,0
37,0.00018289999570697546,0.0,0.0001838000025600195,0
38,0.00017140002455562353,0.0,0.00017220003064721823,0
39,0.0001797000295482576,0.0003671000013127923,0.0022939000045880675,1
40,0.00035690004006028175,0.0,0.00035829999251291156,0
41,0.00020439998479560018,0.0,0.00020539999241009355,0
42,0.00019669998437166214,0.0,0.0001976999919861555,0
43,0.0001715999678708613,0.0,0.00017259997548535466,0
44,0.0001688999473117292,0.0,0.00016989995492622256,0
45,0.000185999961104244,0.0,0.00018689996795728803,0
46,0.00017129996558651328,0.0,0.00017219997243955731,0
47,0.00021670002024620771,0.0,0.0002175000263378024,0
48,0.00025290000485256314,0.0,0.00025370001094415784,0
49,0.00016960001084953547,0.0,0.0001705000177025795,0
50,0.00017380004283040762,0.0,0.0001745999907143414,0
51,0.00018440000712871552,0.0,0.00018530001398175955,0
52,0.00017019995721057057,0.0,0.00017099996330216527,0
53,0.0001677999971434474,0.0,0.0001686000032350421,0
54,0.00018020003335550427,0.0,0.0001811000402085483,0
55,0.0001705000177025795,0.0,0.00017140002455562353,0
56,0.0001810999820008874,0.0,0.0001818999880924821,0
57,0.0001702999579720199,0.0,0.00017119996482506394,0
58,0.00016679998952895403,0.0,0.00016759999562054873,0
59,0.00017740001203492284,0.0003029999788850546,0.002065500011667609,1
60,0.0003173999721184373,0.0,0.00031849998049438,0
61,0.00017820001812651753,0.0,0.00017919996753335,0
62,0.0001917000045068562,0.0,0.00019270001212134957,0
63,0.00016929995035752654,0.0,0.0001702999579720199,0
64,0.0001677999971434474,0.0,0.00016870000399649143,0
65,0.00018540001474320889,0.0,0.00018640002235770226,0
66,0.00016870000399649143,0.0,0.00016950001008808613,0
67,0.0001721000298857689,0.0,0.00017290003597736359,0
68,0.00018039997667074203,0.0,0.00018129998352378607,0
69,0.00016910000704228878,0.0,0.00016990001313388348,0
70,0.00016709999181330204,0.0,0.00016789999790489674,0
71,0.0001800000318326056,0.0,0.00018100003944709897,0
72,0.00018939998699352145,0.0,0.00019019999308511615,0
73,0.00016789999790489674,0.0,0.00016880000475794077,0
74,0.00018119998276233673,0.0,0.00018209998961538076,0
75,0.0001686000032350421,0.0,0.00016939995111897588,0
76,0.00017710000975057483,0.0,0.00017799995839595795,0
77,0.00019589997828006744,0.0,0.00019669998437166214,0
78,0.00032000005012378097,0.0,0.00032110000029206276,0
79,0.0002049999893642962,0.0007112000021152198,0.0029347999952733517,1
80,0.000653900031466037,0.0,0.0006557000451721251,0
81,0.00020560005214065313,0.0,0.00020670000230893493,0
82,0.0002204999909736216,0.0,0.00022170000011101365,0
83,0.00018590001855045557,0.0,0.0001868000254034996,0
84,0.0001700000138953328,0.0,0.0001708000199869275,0
85,0.00018550001550465822,0.0,0.00018640002235770226,0
86,0.0001724000321701169,0.0,0.00017330003902316093,0
87,0.0001737999846227467,0.0,0.00017479999223724008,0
88,0.00045439996756613255,0.0,0.0004564999835565686,0
89,0.00031679996754974127,0.0,0.0003182999789714813,0
90,0.00046879996079951525,0.0,0.00047009997069835663,0
91,0.0003527000080794096,0.0,0.00035370001569390297,0
92,0.00047010002890601754,0.0,0.0004710000357590616,0
93,0.00046740000834688544,0.0,0.0004684000159613788,0
94,0.0002316000172868371,0.0,0.00023249996593222022,0
95,0.00016589998267591,0.0,0.0001666999887675047,0
96,0.0001765000051818788,0.0,0.00017740001203492284,0
97,0.00016880000475794077,0.0,0.00016959995264187455,0
98,0.00016449997201561928,0.0,0.00016529997810721397,0
99,0.00018269999418407679,0.0002948999754153192,0.002246999996714294,1
100,0.000437700015027076,0.0,0.0004393000272102654,0
101,0.0002080000122077763,0.0,0.00020910002058371902,0
102,0.00020350003615021706,0.0,0.00020450004376471043,0
103,0.0001750999945215881,0.0,0.00017600000137463212,0
104,0.00016600004164502025,0.0,0.00016680004773661494,0
105,0.00017830001888796687,0.0,0.0001792000257410109,0
106,0.00016529997810721397,0.0,0.00016609998419880867,0
107,0.00016579998191446066,0.0,0.0001666999887675047,0
108,0.00018390000332146883,0.0,0.0001849000109359622,0
109,0.00016580004012212157,0.0,0.00016660004621371627,0
110,0.00016419996973127127,0.0,0.00016499997582286596,0
111,0.00017750001279637218,0.0,0.0001783999614417553,0
112,0.0001629000180400908,0.0,0.00016389996744692326,0
113,0.00016359996516257524,0.0,0.00016449997201561928,0
114,0.00018809997709468007,0.0,0.00018909998470917344,0
115,0.0001632000203244388,0.0,0.00016410002717748284,0
116,0.00017370004206895828,0.0,0.00017470004968345165,0
117,0.000166199984960258,0.0,0.0001669999910518527,0
118,0.00016369996592402458,0.0,0.00016459997277706861,0
119,0.00017799995839595795,0.0002914000069722533,0.002098499971907586,1
120,0.0002951999776996672,0.0,0.00029689999064430594,0
121,0.0002741999924182892,0.0,0.00027550000231713057,0
122,0.00019619998056441545,0.0,0.0001973999897018075,0
123,0.00016840000171214342,0.0,0.0001694000093266368,0
124,0.0002654999843798578,0.0,0.0002666999935172498,0
125,0.0002538000117056072,0.0,0.0002547000185586512,0
126,0.00020150002092123032,0.0,0.00020240002777427435,0
127,0.00017790001584216952,0.0,0.00017870002193376422,0
128,0.00021709996508434415,0.0,0.00021809997269883752,0
129,0.0001669999910518527,0.0,0.0001677999971434474,0
130,0.00016500003403052688,0.0,0.00016589998267591,0
131,0.00017929996829479933,0.0,0.00018019997514784336,0
132,0.00016529997810721397,0.0,0.00016609998419880867,0
133,0.00016440002946183085,0.0,0.00016520003555342555,0
134,0.00021460000425577164,0.0,0.00021540001034736633,0
135,0.00016369996592402458,0.0,0.00016449997201561928,0
136,0.00017280003521591425,0.0,0.00017360004130750895,0
137,0.00016639998648315668,0.0,0.00016729999333620071,0
138,0.0001631999621167779,0.0,0.00016409996896982193,0
139,0.0001786999637261033,0.0003160000196658075,0.003097200009506196,1
140,0.0004944000393152237,0.0,0.0004957999917678535,0
141,0.0001943999668583274,0.0,0.00019539997447282076,0
142,0.00019300001440569758,0.0,0.00019390002125874162,0
143,0.00017360004130750895,0.0,0.00017449998995289207,0
144,0.00016599998343735933,0.0,0.00016679998952895403,0
145,0.00018149998504668474,0.0,0.0001824999926611781,0
146,0.00016609998419880867,0.0,0.0001669999910518527,0
147,0.00016439997125416994,0.0,0.00016519997734576464,0
148,0.00017780001508072019,0.0,0.00017859996296465397,0
149,0.00016909994883462787,0.0,0.00016989995492622256,0
150,0.00016469997353851795,0.0,0.00016549997963011265,0
151,0.0001778999576345086,0.0,0.00017859996296465397,0
152,0.00016519997734576464,0.0,0.00016589998267591,0
153,0.00016420002793893218,0.0,0.00016500003403052688,0
154,0.00017740001203492284,0.0,0.00017820001812651753,0
155,0.00016880000475794077,0.0,0.00016960001084953547,0
156,0.00017340003978461027,0.0,0.00017420004587620497,0
157,0.00016840000171214342,0.0,0.00016920000780373812,0
158,0.00016570003936067224,0.0,0.00016660004621371627,0
159,0.0001756999990902841,0.00028520001797005534,0.00236620003124699,1
160,0.0004778000293299556,0.0,0.00047959998482838273,0
161,0.00024330004816874862,0.0,0.0002443999983370304,0
162,0.00024510000366717577,0.0,0.0002460999530740082,0
163,0.00017590000061318278,0.0,0.00017680000746622682,0
164,0.00016950001008808613,0.0,0.00017040001694113016,0
165,0.0001813999842852354,0.0,0.00018239999189972878,0
166,0.0001674999948590994,0.0,0.00016850000247359276,0
167,0.00016609998419880867,0.0,0.00016679998952895403,0
168,0.0001832999987527728,0.0,0.0001841000048443675,0
169,0.00016659998800605536,0.0,0.00016739999409765005,0
170,0.000179499969817698,0.0,0.00018039997667074203,0
171,0.0001776000135578215,0.0,0.00017860002117231488,0
172,0.00016270001651719213,0.0,0.00016360002337023616,0
173,0.00016599998343735933,0.0,0.00016679998952895403,0
174,0.0001756999990902841,0.0,0.00017660000594332814,0
175,0.00022330001229420304,0.0,0.00022409996017813683,0
176,0.00020899996161460876,0.0,0.0002098999684676528,0
177,0.00019319995772093534,0.0,0.00019419996533542871,0
178,0.00021280004875734448,0.0,0.0002136999974027276,0
179,0.0004958999925293028,0.0004531000158749521,0.0029764000209979713,1
180,0.00037840002914890647,0.0,0.00037969998084008694,0
181,0.00016789999790489674,0.0,0.0001689000055193901,0
182,0.00019109999993816018,0.0,0.00019200000679120421,0
183,0.00016330002108588815,0.0,0.00016420002793893218,0
184,0.00016639998648315668,0.0,0.00016729999333620071,0
185,0.00018440000712871552,0.0,0.00018529995577409863,0
186,0.00016379996668547392,0.0,0.00016459997277706861,0
187,0.00016190001042559743,0.0,0.00016270001651719213,0
188,0.000172999978531152,0.0,0.00017389998538419604,0
189,0.00016409996896982193,0.0,0.00016489997506141663,0
190,0.0001604999997653067,0.0,0.0001613000058569014,0
191,0.00017419998766854405,0.0,0.0001750999945215881,0
192,0.00016140000661835074,0.0,0.00016220001270994544,0
193,0.00016149994917213917,0.0,0.00016229995526373386,0
194,0.00017199997091665864,0.0,0.00017289997776970267,0
195,0.00016529997810721397,0.0,0.000166199984960258,0
196,0.0001694000093266368,0.0,0.0001705000177025795,0
197,0.00016490003326907754,0.0,0.00016580004012212157,0
198,0.00016150000737980008,0.0,0.00016240001423284411,0
199,0.00017170002683997154,0.0002995000104419887,0.002285499998833984,1
200,0.0003155000158585608,0.0,0.0003168000257574022,0
201,0.00019990000873804092,0.0,0.0002009000163525343,0
202,0.00018839997937902808,0.0,0.00018929998623207211,0
203,0.0001634999644011259,0.0,0.00016439997125416994,0
204,0.00016190001042559743,0.0,0.00016270001651719213,0
205,0.00022929999977350235,0.0,0.00023040000814944506,0
206,0.00016220001270994544,0.0,0.00016310001956298947,0
207,0.0001604999997653067,0.0,0.00016140000661835074,0
208,0.0001742999884299934,0.0,0.00017529999604448676,0
209,0.00016259995754808187,0.0,0.0001634999644011259,0
210,0.00016190001042559743,0.0,0.0001626999583095312,0
211,0.00017720001051202416,0.0,0.0001781000173650682,0
212,0.00016150000737980008,0.0,0.00016240001423284411,0
213,0.0001601999974809587,0.0,0.00016110000433400273,0
214,0.000172399973962456,0.0,0.00017319998005405068,0
215,0.00016080000204965472,0.0,0.00016160000814124942,0
216,0.0001686000032350421,0.0,0.0001694000093266368,0
217,0.00016759999562054873,0.0,0.00016840000171214342,0
218,0.00016039999900385737,0.0,0.0001613000058569014,0
219,0.00017229997320100665,0.00029880000511184335,0.0023395000025629997,1
220,0.0003144000074826181,0.0,0.00031560001662001014,0
221,0.0001949999714270234,0.0,0.00019599997904151678,0
222,0.00018040003487840295,0.0,0.00018130004173144698,0
223,0.00015969999367371202,0.0,0.0001604999997653067,0
224,0.00015649996930733323,0.0,0.00015729997539892793,0
225,0.0001700000138953328,0.0,0.0001708000199869275,0
226,0.00028520001797005534,0.0,0.00028629996813833714,0
227,0.00031940004555508494,0.0,0.0003203999949619174,0
228,0.0003095999709330499,0.0,0.0003103999770246446,0
229,0.00017689995002001524,0.0,0.00017779995687305927,0
230,0.0001582999830134213,0.0,0.000159099989105016,0
231,0.00016930000856518745,0.0,0.00017010001465678215,0
232,0.00015709997387602925,0.0,0.00015789997996762395,0
233,0.00016250001499429345,0.0,0.00016340002184733748,0
234,0.0001689000055193901,0.0,0.0001697000116109848,0
235,0.0001604999997653067,0.0,0.0001613000058569014,0
236,0.00016599998343735933,0.0,0.00016689999029040337,0
237,0.00016080000204965472,0.0,0.00016170000890269876,0
238,0.0001571999746374786,0.0,0.00015799998072907329,0
239,0.00016760005382820964,0.0003505000495351851,0.0023829000419937074,1
240,0.00028710003243759274,0.0,0.00028850004309788346,0
241,0.00018719997024163604,0.0,0.00018809997709468007,0
242,0.0001993000041693449,0.0,0.00020030001178383827,0
243,0.00017179996939375997,0.0,0.000172699976246804,0
244,0.00015510001685470343,0.0,0.00015599996550008655,0
245,0.0002258999738842249,0.0,0.00022679998073726892,0
246,0.00017049995949491858,0.0,0.00017119996482506394,0
247,0.0001544999540783465,0.0,0.0001552999601699412,0
248,0.00018699996871873736,0.0,0.00018779997481033206,0
249,0.00018239999189972878,0.0,0.00018319999799132347,0
250,0.0001613000058569014,0.0,0.00016220001270994544,0
251,0.00017090002074837685,0.0,0.00017190002836287022,0
252,0.00015900004655122757,0.0,0.00015979999443516135,0
253,0.000159099989105016,0.0,0.00015999999595806003,0
254,0.00017260003369301558,0.0,0.0001735000405460596,0
255,0.00015869998605921865,0.0,0.00015949999215081334,0
256,0.00017150002531707287,0.0,0.00017259997548535466,0
257,0.00016240001423284411,0.0,0.00016350002260878682,0
258,0.00015930004883557558,0.0,0.0001601999974809587,0
259,0.00017060001846402884,0.0002982000005431473,0.0022025000071153045,1
260,0.000276199949439615,0.0,0.0002774999593384564,0
261,0.00017179996939375997,0.0,0.00017279997700825334,0
262,0.00018450000789016485,0.0,0.00018550001550465822,0
263,0.0001626000157557428,0.0,0.00016340002184733748,0
264,0.00016149994917213917,0.0,0.00016229995526373386,0
265,0.0001745999907143414,0.0,0.00017549999756738544,0
266,0.00016170000890269876,0.0,0.00016250001499429345,0
267,0.00016380002489313483,0.0,0.0001648000325076282,0
268,0.00018020003335550427,0.0,0.00018100003944709897,0
269,0.0001618000096641481,0.0,0.00016270001651719213,0
270,0.00016190001042559743,0.0,0.00016270001651719213,0
271,0.0001742999884299934,0.0,0.0001750999945215881,0
272,0.00016379996668547392,0.0,0.00016459997277706861,0
273,0.00016270001651719213,0.0,0.00016350002260878682,0
274,0.000172999978531152,0.0,0.0001737999846227467,0
275,0.00015929999062791467,0.0,0.00016009999671950936,0
276,0.00016910000704228878,0.0,0.0001699999556876719,0
277,0.0001639999682083726,0.0,0.0001647999742999673,0
278,0.00016329996287822723,0.0,0.00016409996896982193,0
279,0.00017319998005405068,0.0003233000170439482,0.002315599995199591,1
280,0.0005492999916896224,0.0,0.0005525000160560012,0
281,0.00025350000942125916,0.0,0.00025480001932010055,0
282,0.0002185999765060842,0.0,0.00021979998564347625,0
283,0.0001824999926611781,0.0,0.00018339999951422215,0
284,0.00016359996516257524,0.0,0.00016449997201561928,0
285,0.00019809999503195286,0.0,0.0001990000018849969,0
286,0.00018400000408291817,0.0,0.0001849000109359622,0
287,0.00016430002870038152,0.0,0.00016520003555342555,0
288,0.00025540002388879657,0.0,0.0002565999748185277,0
289,0.00018430000636726618,0.0,0.00018530001398175955,0
290,0.0001873000292107463,0.0,0.00018820003606379032,0
291,0.00021520000882446766,0.0,0.0002161000156775117,0
292,0.00016170000890269876,0.0,0.0001626000157557428,0
293,0.0001610000035725534,0.0,0.0001618000096641481,0
294,0.00020949996542185545,0.0,0.00021029997151345015,0
295,0.00019800005247816443,0.0,0.00019899994367733598,0
296,0.0001900999923236668,0.0,0.00019099999917671084,0
297,0.00017950002802535892,0.0,0.00018040003487840295,0
298,0.0001613000058569014,0.0,0.0001621000119484961,0
299,0.00019300001440569758,0.00034139998024329543,0.0024465000024065375,1
300,0.0003437999985180795,0.0,0.0003454000107012689,0
301,0.00016950001008808613,0.0,0.00017049995949491858,0
302,0.00019459996838122606,0.0,0.00019559997599571943,0
303,0.00016529997810721397,0.0,0.00016609998419880867,0
304,0.00018550001550465822,0.0,0.0001865000231191516,0
305,0.0001770000089891255,0.0,0.00017790001584216952,0
306,0.00016300001880154014,0.0,0.00016380002489313483,0
307,0.00016240001423284411,0.0,0.0001632000203244388,0
308,0.00017570005729794502,0.0,0.0001764999469742179,0
309,0.0001674999948590994,0.0,0.00016830000095069408,0
310,0.00016190001042559743,0.0,0.00016280001727864146,0
311,0.00017410004511475563,0.0,0.0001750999945215881,0
312,0.00016009999671950936,0.0,0.00016110000433400273,0
313,0.0001598999951966107,0.0,0.00016080000204965472,0
314,0.0001734999823383987,0.0,0.00017449998995289207,0
315,0.00016440002946183085,0.0,0.0001653000363148749,0
316,0.00017040001694113016,0.0,0.0001713000237941742,0
317,0.00016430002870038152,0.0,0.00016519997734576464,0
318,0.0001598999951966107,0.0,0.00016080000204965472,0
319,0.00017180002760142088,0.00033650000113993883,0.002278400002978742,1
320,0.0004425999941304326,0.0,0.00044380000326782465,0
321,0.00017049995949491858,0.0,0.0001715999678708613,0
322,0.0001881999778561294,0.0,0.00018929998623207211,0
323,0.00016380002489313483,0.0,0.00016470003174617887,0
324,0.00016550003783777356,0.0,0.00016629998572170734,0
325,0.00017710000975057483,0.0,0.00017820001812651753,0
326,0.00016110000433400273,0.0,0.00016200001118704677,0
327,0.0001604999997653067,0.0,0.0001613000058569014,0
328,0.00017359998309984803,0.0,0.00017449998995289207,0
329,0.00016120000509545207,0.0,0.0001621000119484961,0
330,0.00016540003707632422,0.0,0.00016630004392936826,0
331,0.0001737999846227467,0.0,0.0001745999907143414,0
332,0.00015899998834356666,0.0,0.0001598999951966107,0
333,0.00016140000661835074,0.0,0.00016220001270994544,0
334,0.00017410004511475563,0.0,0.000175100052729249,0
335,0.00015999999595806003,0.0,0.0001610000035725534,0
336,0.0003386000171303749,0.0,0.00034010002855211496,0
337,0.0003598000039346516,0.0,0.000361100013833493,0
338,0.00021979998564347625,0.0,0.00022079999325796962,0
339,0.00022730004275217652,0.00040769996121525764,0.0025113000301644206,1
340,0.0002832000027410686,0.0,0.00028449995443224907,0
341,0.0001669999910518527,0.0,0.0001680999994277954,0
342,0.0002584999892860651,0.0,0.00025949999690055847,0
343,0.00016340002184733748,0.0,0.00016430002870038152,0
344,0.00016220001270994544,0.0,0.00016310001956298947,0
345,0.00017600000137463212,0.0,0.00017690000822767615,0
346,0.00016259995754808187,0.0,0.00016339996363967657,0
347,0.0001618000096641481,0.0,0.00016259995754808187,0
348,0.00017780001508072019,0.0,0.00017870002193376422,0
349,0.00016110000433400273,0.0,0.00016200001118704677,0
350,0.00016080000204965472,0.0,0.00016160000814124942,0
351,0.00017390004359185696,0.0,0.00017470004968345165,0
352,0.00016230001347139478,0.0,0.00016310001956298947,0
353,0.00016250001499429345,0.0,0.00016340002184733748,0
354,0.0001773000112734735,0.0,0.00017820001812651753,0
355,0.00016300001880154014,0.0,0.00016380002489313483,0
356,0.00016920000780373812,0.0,0.00017010001465678215,0
357,0.00016570003936067224,0.0,0.0001667000469751656,0
358,0.00016160000814124942,0.0,0.00016240001423284411,0
359,0.0001922000083141029,0.00036780000664293766,0.0024101000162772834,1
360,0.00035249994834885,0.0,0.00035389995900914073,0
361,0.00021919998107478023,0.0,0.0002201999886892736,0
362,0.00023310002870857716,0.0,0.0002340000355616212,0
363,0.00016719999257475138,0.0,0.0001680999994277954,0
364,0.0001632000203244388,0.0,0.00016420002793893218,0
365,0.00017660000594332814,0.0,0.00017750001279637218,0
366,0.00016230001347139478,0.0,0.00016310001956298947,0
367,0.00016080000204965472,0.0,0.00016160000814124942,0
368,0.0001778999576345086,0.0,0.00017879996448755264,0
369,0.00016029999824240804,0.0,0.00016110000433400273,0
370,0.00016120000509545207,0.0,0.0001621000119484961,0
371,0.00017340003978461027,0.0,0.00017420004587620497,0
372,0.00016080000204965472,0.0,0.00016170000890269876,0
373,0.00016029999824240804,0.0,0.00016110000433400273,0
374,0.00017529999604448676,0.0,0.0001762000028975308,0
375,0.00016039999900385737,0.0,0.0001613000058569014,0
376,0.00016910000704228878,0.0,0.0001700000138953328,0
377,0.00016359996516257524,0.0,0.00016439997125416994,0
378,0.00015980005264282227,0.0,0.00016059994231909513,0
379,0.0001705000177025795,0.00032539997482672334,0.0023083999985828996,1
380,0.0002929000183939934,0.0,0.0002941000275313854,0
381,0.00016280001727864146,0.0,0.00016380002489313483,0
382,0.00018179998733103275,0.0,0.00018279999494552612,0
383,0.00020509999012574553,0.0,0.00020640000002458692,0
384,0.0003763000131584704,0.0,0.0003779000253416598,0
385,0.00021630001720041037,0.0,0.0002172000240534544,0
386,0.00021399999968707561,0.0,0.00021500000730156898,0
387,0.00020049995509907603,0.0,0.00020139996195212007,0
388,0.00020839995704591274,0.0,0.00020929996389895678,0
389,0.00018849998014047742,0.0,0.00018939998699352145,0
390,0.0003139000036753714,0.0,0.00031480001052841544,0
391,0.0002093999646604061,0.0,0.00021039997227489948,0
392,0.00015790003817528486,0.0,0.0001588000450283289,0
393,0.00015700003132224083,0.0,0.0001577999792061746,0
394,0.00022280000848695636,0.0,0.0002237000153400004,0
395,0.00021079997532069683,0.0,0.00021169998217374086,0
396,0.00018269999418407679,0.0,0.00018370000179857016,0
397,0.00020270003005862236,0.0,0.00020370003767311573,0
398,0.0001585999852977693,0.0,0.00015949999215081334,0
399,0.00018239999189972878,0.0004093999741598964,0.0024943999596871436,1
400,0.0003082000184804201,0.0,0.00030940002761781216,0
401,0.00019409996457397938,0.0,0.00019509997218847275,0
402,0.00019460002658888698,0.0,0.00020790001144632697,0
403,0.0001742999884299934,0.0,0.0001750999945215881,0
404,0.00015780003741383553,0.0,0.00015869998605921865,0
405,0.0002400000230409205,0.0,0.00024100003065541387,0
406,0.0001713000237941742,0.0,0.0001721000298857689,0
407,0.00015650002751499414,0.0,0.00015729997539892793,0
408,0.00020919996313750744,0.0,0.00021009996999055147,0
409,0.00023419997887685895,0.0,0.00023499998496845365,0
410,0.0003654999891296029,0.0,0.0003662999952211976,0
411,0.00023469998268410563,0.0,0.00023559998953714967,0
412,0.00024050002684816718,0.0,0.00024130003293976188,0
413,0.00020710000535473228,0.0,0.00020810001296922565,0
414,0.0002422000397928059,0.0,0.00024310004664584994,0
415,0.00016090000281110406,0.0,0.00016170000890269876,0
416,0.00017040001694113016,0.0,0.0001713000237941742,0
417,0.00018959998851642013,0.0,0.00019039999460801482,0
418,0.00016879994655027986,0.0,0.0001696999534033239,0
419,0.00020099995890632272,0.0003525000065565109,0.002644799998961389,1
420,0.0005112999933771789,0.0,0.000512800004798919,0
421,0.0002237000153400004,0.0,0.0002248000237159431,0
422,0.00025290000485256314,0.0,0.00025400001322850585,0
423,0.00018560001626610756,0.0,0.00018660002388060093,0
424,0.00019560003420338035,0.0,0.00019649998284876347,0
425,0.00021689996356144547,0.0,0.0002177999704144895,0
426,0.00017600000137463212,0.0,0.00017690000822767615,0
427,0.00016150000737980008,0.0,0.00016230001347139478,0
428,0.00021550001110881567,0.0,0.0002164000179618597,0
429,0.00018210004782304168,0.0,0.0001829999964684248,0
430,0.00016090000281110406,0.0,0.0001618000096641481,0
431,0.00024130003293976188,0.0,0.00024229998234659433,0
432,0.00016449997201561928,0.0,0.00016529997810721397,0
433,0.00016140000661835074,0.0,0.00016220001270994544,0
434,0.00027109996881335974,0.0,0.0002720999764278531,0
435,0.0002188000362366438,0.0,0.00021970004308968782,0
436,0.00024279998615384102,0.0,0.00024389999452978373,0
437,0.00018960004672408104,0.0,0.0001906000543385744,0
438,0.00016459997277706861,0.0,0.00016549997963011265,0
439,0.00022139999782666564,0.0003646999830380082,0.0024565999628975987,1
440,0.0002668999950401485,0.0,0.0002682000049389899,0
441,0.00016900000628083944,0.0,0.0001700000138953328,0
442,0.00019530003191903234,0.0,0.00019640004029497504,0
443,0.00016410002717748284,0.0,0.00016500003403052688,0
444,0.0001613000058569014,0.0,0.0001621000119484961,0
445,0.00017519999528303742,0.0,0.00017610000213608146,0
446,0.0001623999560251832,0.0,0.0001631999621167779,0
447,0.00016309996135532856,0.0,0.00016389996744692326,0
448,0.0001981999957934022,0.0,0.00019920000340789557,0
449,0.00016469997353851795,0.0,0.00016559998039156199,0
450,0.00016449997201561928,0.0,0.0001653999788686633,0
451,0.0001748999929986894,0.0,0.00017579999985173345,0
452,0.00016259995754808187,0.0,0.00016339996363967657,0
453,0.00016080000204965472,0.0,0.00016160000814124942,0
454,0.0001781000173650682,0.0,0.00017900002421811223,0
455,0.0001632000203244388,0.0,0.0001640000264160335,0
456,0.00017110002227127552,0.0,0.00017200002912431955,0
457,0.0001645000302232802,0.0,0.00016529997810721397,0
458,0.00016039999900385737,0.0,0.0001613000058569014,0
459,0.0002069000038318336,0.0003197999903932214,0.0024646000238135457,1
460,0.00046579999616369605,0.0,0.0004676000098697841,0
461,0.0003060000017285347,0.0,0.0003074000123888254,0
462,0.00023940001847222447,0.0,0.00024040002608671784,0
463,0.00016900000628083944,0.0,0.00017010001465678215,0
464,0.0001640000264160335,0.0,0.00016489997506141663,0
465,0.0001776000135578215,0.0,0.00017850002041086555,0
466,0.00016769999638199806,0.0,0.0001686000032350421,0
467,0.00016190001042559743,0.0,0.00016279995907098055,0
468,0.00017389998538419604,0.0,0.00017479999223724008,0
469,0.00016060000052675605,0.0,0.00016140000661835074,0
470,0.0001601999974809587,0.0,0.00016110000433400273,0
471,0.00017419998766854405,0.0,0.0001750999945215881,0
472,0.00016679998952895403,0.0,0.00016759999562054873,0
473,0.0001621000119484961,0.0,0.00016300001880154014,0
474,0.00017380004283040762,0.0,0.0001745999907143414,0
475,0.00016080000204965472,0.0,0.00016160000814124942,0
476,0.00018089998047798872,0.0,0.00018179998733103275,0
477,0.00016289995983242989,0.0,0.00016389996744692326,0
478,0.00015629996778443456,0.0,0.0001571999746374786,0
479,0.00016659998800605536,0.0002694000140763819,0.0024167000083252788,1
480,0.0002924000145867467,0.0,0.00029360002372413874,0
481,0.0003307000151835382,0.0,0.00033190002432093024,0
482,0.00018630002159625292,0.0,0.00018720002844929695,0
483,0.0001610000035725534,0.0,0.0001618000096641481,0
484,0.00015879998682066798,0.0,0.00015959999291226268,0
485,0.00017640000442042947,0.0,0.00017720001051202416,0
486,0.0001640000264160335,0.0,0.0001647999742999673,0
487,0.00015949999215081334,0.0,0.00016039999900385737,0
488,0.00017230003140866756,0.0,0.00017330003902316093,0
489,0.00015889998758211732,0.0,0.00015969999367371202,0
490,0.00015789997996762395,0.0,0.00015869998605921865,0
491,0.0001689000055193901,0.0,0.00016980001237243414,0
492,0.0002712999703362584,0.0,0.0002725999802350998,0
493,0.0001905999961309135,0.0,0.00019180000526830554,0
494,0.00020340003538876772,0.0,0.00020450004376471043,0
495,0.00018259999342262745,0.0,0.00018360000103712082,0
496,0.00021770002786070108,0.0,0.00021879997802898288,0
497,0.0001818999880924821,0.0,0.0001829999964684248,0
498,0.00016110000433400273,0.0,0.00016220001270994544,0
499,0.000174800050444901,0.00024320004740729928,0.0023110000183805823,1
500,0.00029170000925660133,0.0,0.00029310001991689205,0
501,0.0002001000102609396,0.0,0.00020099995890632272,0
502,0.00022719998378306627,0.0,0.00022819999139755964,0
503,0.00016650004545226693,0.0,0.00016729999333620071,0
504,0.00016150000737980008,0.0,0.00016230001347139478,0
505,0.00018879998242482543,0.0,0.00019310001516714692,0
506,0.00017290003597736359,0.0,0.00017369998386129737,0
507,0.00015809998149052262,0.0,0.00015889998758211732,0
508,0.0001898000482469797,0.0,0.00019069999689236283,0
509,0.0001702000154182315,0.0,0.00017099996330216527,0
510,0.00015679997159168124,0.0,0.0001574999769218266,0
511,0.0002044999855570495,0.0,0.0002052999916486442,0
512,0.00015620002523064613,0.0,0.00015710003208369017,0
513,0.0001572000328451395,0.0,0.0001580000389367342,0
514,0.00020100001711398363,0.0,0.00020180002320557833,0
515,0.0001564000267535448,0.0,0.0001572000328451395,0
516,0.00018199998885393143,0.0,0.0001829999964684248,0
517,0.00017709995154291391,0.0,0.00017799995839595795,0
518,0.00015609996626153588,0.0,0.00015699997311457992,0
519,0.00018559995805844665,0.00038949999725446105,0.0027285999967716634,1
520,0.00028330000350251794,0.0,0.00028470001416280866,0
521,0.00021090003428980708,0.0,0.0002120000426657498,0
522,0.0002001000102609396,0.0,0.00020110001787543297,0
523,0.000172999978531152,0.0,0.00017389998538419604,0
524,0.00019479996990412474,0.0,0.00019569997675716877,0
525,0.00019200000679120421,0.0,0.00019290001364424825,0
526,0.0001715999678708613,0.0,0.000172399973962456,0
527,0.0001555999624542892,0.0,0.00015629996778443456,0
528,0.0001900999923236668,0.0,0.00019109999993816018,0
529,0.0001776000135578215,0.0,0.00017860002117231488,0
530,0.00015710003208369017,0.0,0.00015789997996762395,0
531,0.00020289997337386012,0.0,0.00020379998022690415,0
532,0.0001571999746374786,0.0,0.00015809998149052262,0
533,0.00015680002979934216,0.0,0.00015759997768327594,0
534,0.00019029999384656549,0.0,0.00019130000146105886,0
535,0.00020650000078603625,0.0,0.00020740000763908029,0
536,0.00018360000103712082,0.0,0.00018470000941306353,0
537,0.00017519999528303742,0.0,0.00017600000137463212,0
538,0.0001563999685458839,0.0,0.0001571999746374786,0
539,0.00018559995805844665,0.0004246000316925347,0.002891399955842644,1
540,0.0003038999857380986,0.0,0.00030519999563694,0
541,0.000235699990298599,0.0,0.0002367999986745417,0
542,0.0002148000057786703,0.0,0.00021580001339316368,0
543,0.000159399991389364,0.0,0.00016029999824240804,0
544,0.0001572000328451395,0.0,0.00015810003969818354,0
545,0.00016880000475794077,0.0,0.0001697000116109848,0
546,0.00016280001727864146,0.0,0.0001637000241316855,0
547,0.00015840004198253155,0.0,0.00015920004807412624,0
548,0.0001694000093266368,0.0,0.0001702000154182315,0
549,0.00015819998225197196,0.0,0.000159099989105016,0
550,0.00015649996930733323,0.0,0.00015729997539892793,0
551,0.00016939995111897588,0.0,0.0001702999579720199,0
552,0.00019519997294992208,0.0,0.00019599997904151678,0
553,0.0001574999769218266,0.0,0.00015839998377487063,0
554,0.00016880000475794077,0.0,0.0001697000116109848,0
555,0.00015769997844472528,0.0,0.00015849998453631997,0
556,0.00016500003403052688,0.0,0.00016600004164502025,0
557,0.00015899998834356666,0.0,0.00015979999443516135,0
558,0.00016029999824240804,0.0,0.00016119994688779116,0
559,0.00016769999638199806,0.0003551999689079821,0.002397799980826676,1
560,0.00029739999445155263,0.0,0.00029880000511184335,0
561,0.00019249995239078999,0.0,0.0001935999607667327,0
562,0.0001886999816633761,0.0,0.00018959998851642013,0
563,0.00015919998986646533,0.0,0.00016009999671950936,0
564,0.00015729997539892793,0.0,0.00015809998149052262,0
565,0.0001694000093266368,0.0,0.00017030001617968082,0
566,0.00015689997235313058,0.0,0.00015769997844472528,0
567,0.00015540001913905144,0.0,0.00015630002599209547,0
568,0.00017470004968345165,0.0,0.0001756999990902841,0
569,0.00015709997387602925,0.0,0.00015789997996762395,0
570,0.0001566999708302319,0.0,0.0001574999769218266,0
571,0.0001696999534033239,0.0,0.00017049995949491858,0
572,0.00017169996863231063,0.0,0.00017259997548535466,0
573,0.00016459997277706861,0.0,0.00016549997963011265,0
574,0.00018239999189972878,0.0,0.0001832999987527728,0
575,0.00016200001118704677,0.0,0.00016280001727864146,0
576,0.0001708000199869275,0.0,0.00017170002683997154,0
577,0.00016410002717748284,0.0,0.00016489997506141663,0
578,0.00016060000052675605,0.0,0.00016140000661835074,0
579,0.00017660000594332814,0.00032190000638365746,0.0023852000012993813,1
580,0.00028630002634599805,0.0,0.0002874999772757292,0
581,0.00016880000475794077,0.0,0.00016979995416477323,0
582,0.0001894999877549708,0.0,0.00019039999460801482,0
583,0.00016830000095069408,0.0,0.00016920000780373812,0
584,0.00016229995526373386,0.0,0.00016309996135532856,0
585,0.00017579999985173345,0.0,0.00017660000594332814,0
586,0.00016220001270994544,0.0,0.00016310001956298947,0
587,0.00015959999291226268,0.0,0.00016039999900385737,0
588,0.00017640000442042947,0.0,0.00017739995382726192,0
589,0.000242499983869493,0.0,0.00024349999148398638,0
590,0.00016440002946183085,0.0,0.00016520003555342555,0
591,0.0001784000196494162,0.0,0.00017940002726390958,0
592,0.00016270001651719213,0.0,0.00016350002260878682,0
593,0.00016140000661835074,0.0,0.00016230001347139478,0
594,0.0001784000196494162,0.0,0.00017940002726390958,0
595,0.00016200001118704677,0.0,0.0001629000180400908,0
596,0.0001702000154182315,0.0,0.00017110002227127552,0
597,0.00016440002946183085,0.0,0.00016520003555342555,0
598,0.00016150000737980008,0.0,0.00016230001347139478,0
599,0.0001727000344544649,0.00039090000791475177,0.0024356000358238816,1
600,0.00040169997373595834,0.0,0.00040309998439624906,0
601,0.00017030001617968082,0.0,0.00017140002455562353,0
602,0.00019270001212134957,0.0,0.00019380002049729228,0
603,0.00016549997963011265,0.0,0.00016639998648315668,0
604,0.00016299996059387922,0.0,0.00016389996744692326,0
605,0.00017469999147579074,0.0,0.00017549999756738544,0
606,0.00016200001118704677,0.0,0.00016280001727864146,0
607,0.00016190001042559743,0.0,0.00016270001651719213,0
608,0.00017850002041086555,0.0,0.00017950002802535892,0
609,0.00016340002184733748,0.0,0.00016420002793893218,0
610,0.00016300001880154014,0.0,0.00016390002565458417,0
611,0.00017469999147579074,0.0,0.00017559999832883477,0
612,0.0001626999583095312,0.0,0.0001634999644011259,0
613,0.0001621000119484961,0.0,0.00016289995983242989,0
614,0.0001781000173650682,0.0,0.00017899996601045132,0
615,0.00016270001651719213,0.0,0.00016369996592402458,0
616,0.0001697000116109848,0.0,0.0001705000177025795,0
617,0.00016460003098472953,0.0,0.0001653999788686633,0
618,0.00016070000128820539,0.0,0.00016160000814124942,0
619,0.00017180002760142088,0.0003309999592602253,0.002493700012564659,1
620,0.0003192999865859747,0.0,0.0003206999972462654,0
621,0.0001680999994277954,0.0,0.00016910000704228878,0
622,0.00018740002997219563,0.0,0.00018830003682523966,0
623,0.00016569998115301132,0.0,0.0001666999887675047,0
624,0.00016280001727864146,0.0,0.00016360002337023616,0
625,0.00017720001051202416,0.0,0.0001781000173650682,0
626,0.00016270001651719213,0.0,0.00016360002337023616,0
627,0.00015999999595806003,0.0,0.0001610000035725534,0
628,0.00017879996448755264,0.0,0.00017969997134059668,0
629,0.0001610000035725534,0.0,0.00016190001042559743,0
630,0.0001610000035725534,0.0,0.00016190001042559743,0
631,0.00017399998614564538,0.0,0.0001748999929986894,0
632,0.00016250001499429345,0.0,0.00016339996363967657,0
633,0.0001613000058569014,0.0,0.00016220001270994544,0
634,0.00017640000442042947,0.0,0.0001773000112734735,0
635,0.00015969999367371202,0.0,0.0001604999997653067,0
636,0.00016960001084953547,0.0,0.00017049995949491858,0
637,0.00016549997963011265,0.0,0.00016629998572170734,0
638,0.00016200001118704677,0.0,0.0001629000180400908,0
639,0.00017339998157694936,0.0003189999843016267,0.002576700004283339,1
640,0.00029360002372413874,0.0,0.0002949000336229801,0
641,0.00019699998665601015,0.0,0.00019799999427050352,0
642,0.0002259000320918858,0.0,0.00022689998149871826,0
643,0.0001610000035725534,0.0,0.0001618000096641481,0
644,0.00015740003436803818,0.0,0.00015820004045963287,0
645,0.00017140002455562353,0.0,0.00017230003140866756,0
646,0.0001577999792061746,0.0,0.00015869998605921865,0
647,0.00015699997311457992,0.0,0.0001577999792061746,0
648,0.00017309997929260135,0.0,0.00017399998614564538,0
649,0.00015650002751499414,0.0,0.00015730003360658884,0
650,0.00015649996930733323,0.0,0.00015729997539892793,0
651,0.0001686000032350421,0.0,0.0001694000093266368,0
652,0.00016930000856518745,0.0,0.0001702000154182315,0
653,0.00015670002903789282,0.0,0.00015760003589093685,0
654,0.00019019999308511615,0.0,0.00019099999917671084,0
655,0.00016820000018924475,0.0,0.00016900000628083944,0
656,0.0001556000206619501,0.0,0.0001563999685458839,0
657,0.00015430001076310873,0.0,0.00015520001761615276,0
658,0.000166199984960258,0.0,0.00016709999181330204,0
659,0.00015569996321573853,0.0003831000067293644,0.0025917000020854175,1
660,0.0002995000104419887,0.0,0.00030070001957938075,0
661,0.0002066000015474856,0.0,0.0002074999501928687,0
662,0.00018689996795728803,0.0,0.00018779997481033206,0
663,0.0001604999997653067,0.0,0.00016150000737980008,0
664,0.00015919998986646533,0.0,0.00015999999595806003,0
665,0.0001707999617792666,0.0,0.00017169996863231063,0
666,0.00015870004426687956,0.0,0.00015959999291226268,0
667,0.00015769997844472528,0.0,0.00015869998605921865,0
668,0.00017419998766854405,0.0,0.0001750999945215881,0
669,0.00015680002979934216,0.0,0.00015760003589093685,0
670,0.00015679997159168124,0.0,0.00015759997768327594,0
671,0.00016870000399649143,0.0,0.00016960001084953547,0
672,0.0001694000093266368,0.0,0.0001702000154182315,0
673,0.00016090000281110406,0.0,0.00016170000890269876,0
674,0.00017829996068030596,0.0,0.00017909996677190065,0
675,0.00016029999824240804,0.0,0.00016119994688779116,0
676,0.0001702000154182315,0.0,0.00017100002150982618,0
677,0.00016439997125416994,0.0,0.00016519997734576464,0
678,0.0001610000035725534,0.0,0.0001618000096641481,0
679,0.00017090002074837685,0.00032249995274469256,0.0023660000297240913,1
680,0.0002807000419124961,0.0,0.00028199999360367656,0
681,0.00016799999866634607,0.0,0.00016900000628083944,0
682,0.0001889999839477241,0.0,0.00018999999156221747,0
683,0.00016960001084953547,0.0,0.0001705000177025795,0
684,0.00016330002108588815,0.0,0.00016409996896982193,0
685,0.00017590000061318278,0.0,0.00017680000746622682,0
686,0.0001621000119484961,0.0,0.00016299996059387922,0
687,0.00016150000737980008,0.0,0.00016240001423284411,0
688,0.0001737999846227467,0.0,0.00017469999147579074,0
689,0.00016529997810721397,0.0,0.00016609998419880867,0
690,0.000159099989105016,0.0,0.0001598999951966107,0
691,0.0001745999907143414,0.0,0.00017549999756738544,0
692,0.00016160000814124942,0.0,0.00016240001423284411,0
693,0.0001610000035725534,0.0,0.0001618000096641481,0
694,0.00017219997243955731,0.0,0.00017309997929260135,0
695,0.0001650999765843153,0.0,0.00016599998343735933,0
696,0.00016880000475794077,0.0,0.00016980001237243414,0
697,0.00016410002717748284,0.0,0.00016490003326907754,0
698,0.00015900004655122757,0.0,0.00015979999443516135,0
699,0.0001718999701552093,0.00039270002162083983,0.0026587999891489744,1
700,0.0003341999836266041,0.0,0.0003353999927639961,0
701,0.00016789999790489674,0.0,0.0001689000055193901,0
702,0.0001900999923236668,0.0,0.00019120000069960952,0
703,0.00017030001617968082,0.0,0.00017120002303272486,0
704,0.00016220001270994544,0.0,0.00016300001880154014,0
705,0.0001745999907143414,0.0,0.00017559999832883477,0
706,0.0001618000096641481,0.0,0.00016270001651719213,0
707,0.0001613000058569014,0.0,0.00016230001347139478,0
708,0.00017800001660361886,0.0,0.0001789000234566629,0
709,0.0001626000157557428,0.0,0.00016340002184733748,0
710,0.00016200001118704677,0.0,0.00016280001727864146,0
711,0.0001742999884299934,0.0,0.00017519999528303742,0
712,0.00016029999824240804,0.0,0.00016120000509545207,0
713,0.0001612999476492405,0.0,0.0001620999537408352,0
714,0.0001778999576345086,0.0,0.00017879996448755264,0
715,0.00016140000661835074,0.0,0.00016220001270994544,0
716,0.0001713000237941742,0.0,0.00017230003140866756,0
717,0.00017750001279637218,0.0,0.00017860002117231488,0
718,0.00016460003098472953,0.0,0.00016540003707632422,0
719,0.0002099000266753137,0.00037869997322559357,0.002445099991746247,1
720,0.0002999999560415745,0.0,0.0003013999667018652,0
721,0.00016690004849806428,0.0,0.00016799999866634607,0
722,0.00018719997024163604,0.0,0.00018809997709468007,0
723,0.0001696999534033239,0.0,0.00017059996025636792,0
724,0.00016160000814124942,0.0,0.0001623999560251832,0
725,0.0001756999990902841,0.0,0.00017670000670477748,0
726,0.00016200001118704677,0.0,0.00016280001727864146,0
727,0.0001618000096641481,0.0,0.00016270001651719213,0
728,0.00017340003978461027,0.0,0.0001743000466376543,0
729,0.00016719999257475138,0.0,0.00016820000018924475,0
730,0.00016170000890269876,0.0,0.00016250001499429345,0
731,0.00017409998690709472,0.0,0.00017499999376013875,0
732,0.0001604999997653067,0.0,0.00016140000661835074,0
733,0.0001588000450283289,0.0,0.00015969999367371202,0
734,0.0001756999990902841,0.0,0.00017670000670477748,0
735,0.00016170000890269876,0.0,0.00016270001651719213,0
736,0.0001699999556876719,0.0,0.00017099996330216527,0
737,0.00016489997506141663,0.0,0.00016579998191446066,0
738,0.00016039999900385737,0.0,0.00016120000509545207,0
739,0.00016989995492622256,0.0003793000360019505,0.0027222000062465668,1
740,0.00033300003269687295,0.0,0.000334200041834265,0
741,0.00019569997675716877,0.0,0.00019669998437166214,0
742,0.0002049999893642962,0.0,0.00020599999697878957,0
743,0.0001610000035725534,0.0,0.00016190001042559743,0
744,0.00015929999062791467,0.0,0.00016009999671950936,0
745,0.000172999978531152,0.0,0.00017389998538419604,0
746,0.00015969999367371202,0.0,0.0001604999997653067,0
747,0.00015809998149052262,0.0,0.00015889998758211732,0
748,0.000361400016117841,0.0,0.0003625000244937837,0
749,0.00019310001516714692,0.0,0.00019400002202019095,0
750,0.0001610000035725534,0.0,0.00016190001042559743,0
751,0.00017300003673881292,0.0,0.00017390004359185696,0
752,0.0001637000241316855,0.0,0.00016460003098472953,0
753,0.000159399991389364,0.0,0.0001601999974809587,0
754,0.00017190002836287022,0.0,0.000172699976246804,0
755,0.00016009999671950936,0.0,0.0001610000035725534,0
756,0.0001680999994277954,0.0,0.00016900000628083944,0
757,0.00016230001347139478,0.0,0.00016310001956298947,0
758,0.00016769999638199806,0.0,0.0001686000032350421,0
759,0.00017039995873346925,0.00035930000012740493,0.0026490999734960496,1
760,0.0003358999965712428,0.0,0.000355200027115643,0
761,0.00019390002125874162,0.0,0.00019489997066557407,0
762,0.00018199998885393143,0.0,0.0001829999964684248,0
763,0.00015969999367371202,0.0,0.00016060000052675605,0
764,0.00015759997768327594,0.0,0.00015849998453631997,0
765,0.00017290003597736359,0.0,0.00017380004283040762,0
766,0.00015740003436803818,0.0,0.00015839998377487063,0
767,0.00015510001685470343,0.0,0.00015600002370774746,0
768,0.0001669999910518527,0.0,0.0001677999971434474,0
769,0.00015630002599209547,0.0,0.00015710003208369017,0
770,0.00016950001008808613,0.0,0.00017030001617968082,0
771,0.00017690000822767615,0.0,0.00017779995687305927,0
772,0.00016009999671950936,0.0,0.00016090000281110406,0
773,0.000159399991389364,0.0,0.0001601999974809587,0
774,0.00017289997776970267,0.0,0.00017369998386129737,0
775,0.00015900004655122757,0.0,0.00015979999443516135,0
776,0.0001686000032350421,0.0,0.00016950001008808613,0
777,0.00016799999866634607,0.0,0.00016880000475794077,0
778,0.0001596000511199236,0.0,0.0001604999997653067,0
779,0.00017229997320100665,0.0003236000193282962,0.002362900006119162,1
780,0.00034339999547228217,0.0,0.00034470000537112355,0
781,0.00018360000103712082,0.0,0.0001846000086516142,0
782,0.00019779999274760485,0.0,0.00019890000112354755,0
783,0.00016620004316791892,0.0,0.0001672000507824123,0
784,0.00016420002793893218,0.0,0.00016519997734576464,0
785,0.0001773000112734735,0.0,0.00017820001812651753,0
786,0.00016900000628083944,0.0,0.00016990001313388348,0
787,0.00016300001880154014,0.0,0.00016380002489313483,0
788,0.0001753999968059361,0.0,0.00017630000365898013,0
789,0.0001629000180400908,0.0,0.0001637000241316855,0
790,0.00016249995678663254,0.0,0.00016339996363967657,0
791,0.00017309997929260135,0.0,0.00017399998614564538,0
792,0.00016610004240646958,0.0,0.0001669999910518527,0
793,0.00016329996287822723,0.0,0.00016409996896982193,0
794,0.00017519999528303742,0.0,0.0001762000028975308,0
795,0.00016160000814124942,0.0,0.00016240001423284411,0
796,0.0001713000237941742,0.0,0.00017220003064721823,0
797,0.00016460003098472953,0.0,0.00016540003707632422,0
798,0.00018239999189972878,0.0,0.0001832999987527728,0
799,0.00017490005120635033,0.0003247000277042389,0.0025645000278018415,1
800,0.00035369995748624206,0.0,0.00035499996738508344,0
801,0.00024010002380236983,0.0,0.00024100003065541387,0
802,0.00018350000027567148,0.0,0.00018450000789016485,0
803,0.00015850004274398088,0.0,0.00015929999062791467,0
804,0.00015550001990050077,0.0,0.00015630002599209547,0
805,0.00019190000602975488,0.0,0.00019290001364424825,0
806,0.00017090002074837685,0.0,0.00017180002760142088,0
807,0.00015670002903789282,0.0,0.00015750003512948751,0
808,0.00016719999257475138,0.0,0.00016799999866634607,0
809,0.00015680002979934216,0.0,0.00015760003589093685,0
810,0.0001564000267535448,0.0,0.00015730003360658884,0
811,0.0001900999923236668,0.0,0.0001908999984152615,0
812,0.00016979995416477323,0.0,0.00017069996101781726,0
813,0.00015489995712414384,0.0,0.00015579996397718787,0
814,0.00016739999409765005,0.0,0.00016830000095069408,0
815,0.0001545000122860074,0.0,0.0001553000183776021,0
816,0.00016420002793893218,0.0,0.0001651000347919762,0
817,0.0001632000203244388,0.0,0.0001640000264160335,0
818,0.0001550000160932541,0.0,0.00015580002218484879,0
819,0.00016689999029040337,0.0003576000453904271,0.0028331000357866287,1
820,0.00033140002051368356,0.0,0.000332699972204864,0
821,0.00019669998437166214,0.0,0.00019779999274760485,0
822,0.00018540001474320889,0.0,0.00018640002235770226,0
823,0.00016190001042559743,0.0,0.00016280001727864146,0
824,0.00016090000281110406,0.0,0.0001618000096641481,0
825,0.00017369998386129737,0.0,0.0001745999907143414,0
826,0.00015959999291226268,0.0,0.00016039999900385737,0
827,0.00015679997159168124,0.0,0.00015759997768327594,0
828,0.00016990001313388348,0.0,0.00017090002074837685,0
829,0.00016300001880154014,0.0,0.00016390002565458417,0
830,0.00015849998453631997,0.0,0.00015929999062791467,0
831,0.00017049995949491858,0.0,0.00017129996558651328,0
832,0.0001577999792061746,0.0,0.0001585999852977693,0
833,0.00015760003589093685,0.0,0.00015840004198253155,0
834,0.00017070001922547817,0.0,0.0001716000260785222,0
835,0.0001618000096641481,0.0,0.0001626000157557428,0
836,0.0001674999948590994,0.0,0.00016850000247359276,0
837,0.0001610000035725534,0.0,0.00016190001042559743,0
838,0.00015729997539892793,0.0,0.00015809998149052262,0
839,0.0001697000116109848,0.0003220000071451068,0.0025997000047937036,1
840,0.0002959000412374735,0.0,0.00029720005113631487,0
841,0.00020889996085315943,0.0,0.00020999996922910213,0
842,0.00020379998022690415,0.0,0.00020489998860284686,0
843,0.00018319999799132347,0.0,0.00018400000408291817,0
844,0.00015879998682066798,0.0,0.00015959999291226268,0
845,0.00019180000526830554,0.0,0.00019270001212134957,0
846,0.0001724000321701169,0.0,0.00017319998005405068,0
847,0.00015709997387602925,0.0,0.00015789997996762395,0
848,0.00018879998242482543,0.0,0.00018959998851642013,0
849,0.00020920002134516835,0.0,0.00021000002743676305,0
850,0.0001545000122860074,0.0,0.0001553000183776021,0
851,0.00020190002396702766,0.0,0.00020269997185096145,0
852,0.00015590002294629812,0.0,0.00015660002827644348,0
853,0.0001561000244691968,0.0,0.0001569000305607915,0
854,0.00026240001898258924,0.0,0.0002634000265970826,0
855,0.00021470000501722097,0.0,0.00021549995290115476,0
856,0.00018890004139393568,0.0,0.00018989999080076814,0
857,0.00017879996448755264,0.0,0.00017959997057914734,0
858,0.00015869998605921865,0.0,0.00015949999215081334,0
859,0.00022440002067014575,0.00037289998726919293,0.0029279000009410083,1
860,0.00035609997576102614,0.0,0.0003573999856598675,0
861,0.00020790001144632697,0.0,0.00020890001906082034,0
862,0.00018040003487840295,0.0,0.00018149998504668474,0
863,0.00017110002227127552,0.0,0.00017200002912431955,0
864,0.0001604999997653067,0.0,0.00016150000737980008,0
865,0.00017770001431927085,0.0,0.00017860002117231488,0
866,0.0001601999974809587,0.0,0.00016120000509545207,0
867,0.00015929999062791467,0.0,0.0001601999974809587,0
868,0.00017360004130750895,0.0,0.00017449998995289207,0
869,0.00017039995873346925,0.0,0.00017129996558651328,0
870,0.00016090000281110406,0.0,0.0001618000096641481,0
871,0.00017479999223724008,0.0,0.00017559999832883477,0
872,0.00016070000128820539,0.0,0.00016160000814124942,0
873,0.00015940004959702492,0.0,0.00016020005568861961,0
874,0.0001713000237941742,0.0,0.00017219997243955731,0
875,0.00015979999443516135,0.0,0.00016060000052675605,0
876,0.00017250003293156624,0.0,0.0001735000405460596,0
877,0.00016380002489313483,0.0,0.00016459997277706861,0
878,0.00015929999062791467,0.0,0.00016009999671950936,0
879,0.00017110002227127552,0.00032729998929426074,0.002492500003427267,1
880,0.000332699972204864,0.0,0.0003339999821037054,0
881,0.0002022999688051641,0.0,0.00020329997641965747,0
882,0.00019300001440569758,0.0,0.00019400002202019095,0
883,0.00016690004849806428,0.0,0.00016789999790489674,0
884,0.00016369996592402458,0.0,0.00016459997277706861,0
885,0.00020700000459328294,0.0,0.00020810001296922565,0
886,0.00016350002260878682,0.0,0.0001642999704927206,0
887,0.0001629000180400908,0.0,0.00016369996592402458,0
888,0.0001745999907143414,0.0,0.00017549999756738544,0
889,0.00016250001499429345,0.0,0.00016340002184733748,0
890,0.00018140004249289632,0.0,0.00018230004934594035,0
891,0.0001781000173650682,0.0,0.00017900002421811223,0
892,0.00016220001270994544,0.0,0.00016310001956298947,0
893,0.00016220001270994544,0.0,0.00016300001880154014,0
894,0.00017419998766854405,0.0,0.00017499999376013875,0
895,0.00016080000204965472,0.0,0.00016160000814124942,0
896,0.00017399998614564538,0.0,0.00017499999376013875,0
897,0.0001640000264160335,0.0,0.0001648000325076282,0
898,0.00016070000128820539,0.0,0.00016150000737980008,0
899,0.00017259997548535466,0.00025939999613910913,0.0024397000088356435,1
900,0.0003861000295728445,0.0,0.0003874000394716859,0
901,0.00020680000307038426,0.0,0.00020790001144632697,0
902,0.00018350000027567148,0.0,0.0001846000086516142,0
903,0.00015899998834356666,0.0,0.0001598999951966107,0
904,0.0001566999708302319,0.0,0.0001574999769218266,0
905,0.00017010001465678215,0.0,0.00017110002227127552,0
906,0.00015730003360658884,0.0,0.00015820004045963287,0
907,0.00015649996930733323,0.0,0.00015729997539892793,0
908,0.00016850000247359276,0.0,0.00016930000856518745,0
909,0.00015590002294629812,0.0,0.00015670002903789282,0
910,0.00015570002142339945,0.0,0.00015650002751499414,0
911,0.00017279997700825334,0.0,0.0001737999846227467,0
912,0.00015569996321573853,0.0,0.00015649996930733323,0
913,0.00015499995788559318,0.0,0.0001558999647386372,0
914,0.0001677999971434474,0.0,0.00016870000399649143,0
915,0.0001561000244691968,0.0,0.0001569000305607915,0
916,0.00016300001880154014,0.0,0.0001640000264160335,0
917,0.00021989998640492558,0.0,0.00022079999325796962,0
918,0.00015569996321573853,0.0,0.00015659997006878257,0
919,0.00016739999409765005,0.00033569999504834414,0.0026499999803490937,1
920,0.00032950000604614615,0.0,0.0003307999577373266,0
921,0.000192799954675138,0.0,0.0001938999630510807,0
922,0.00018149998504668474,0.0,0.0001824999926611781,0
923,0.000159399991389364,0.0,0.00016029999824240804,0
924,0.00019319995772093534,0.0,0.00019399996381253004,0
925,0.00017009995644912124,0.0,0.00017099996330216527,0
926,0.00015729997539892793,0.0,0.00015809998149052262,0
927,0.0001552999601699412,0.0,0.00015619996702298522,0
928,0.00016769999638199806,0.0,0.00016850000247359276,0
929,0.00015590002294629812,0.0,0.00015670002903789282,0
930,0.00015879998682066798,0.0,0.00015969999367371202,0
931,0.0001677999971434474,0.0,0.00016869994578883052,0
932,0.00015709997387602925,0.0,0.00015789997996762395,0
933,0.00015499995788559318,0.0,0.0001558999647386372,0
934,0.0001674999948590994,0.0,0.00016830000095069408,0
935,0.0001569000305607915,0.0,0.0001577000366523862,0
936,0.00016870000399649143,0.0,0.00016960001084953547,0
937,0.00015889998758211732,0.0,0.00015969999367371202,0
938,0.0001555999624542892,0.0,0.00015659997006878257,0
939,0.00016719999257475138,0.000345999957062304,0.002794099971652031,1
940,0.00033219996839761734,0.0,0.0003333999775350094,0
941,0.00019719998817890882,0.0,0.00019809999503195286,0
942,0.00018630002159625292,0.0,0.0001873000292107463,0
943,0.00016140000661835074,0.0,0.00016230001347139478,0
944,0.00015799998072907329,0.0,0.00015889998758211732,0
945,0.0001718999701552093,0.0,0.00017289997776970267,0
946,0.000159399991389364,0.0,0.0001601999974809587,0
947,0.00015789997996762395,0.0,0.00015879998682066798,0
948,0.00017359998309984803,0.0,0.0001745999907143414,0
949,0.00017120002303272486,0.0,0.00017200002912431955,0
950,0.00015789997996762395,0.0,0.00015879998682066798,0
951,0.00016980001237243414,0.0,0.00017089996254071593,0
952,0.00015799998072907329,0.0,0.00015879998682066798,0
953,0.00015680002979934216,0.0,0.00015760003589093685,0
954,0.00017369998386129737,0.0,0.0001745999907143414,0
955,0.00015849998453631997,0.0,0.00015929999062791467,0
956,0.00016660004621371627,0.0,0.0001675000530667603,0
957,0.00016060000052675605,0.0,0.00016150000737980008,0
958,0.00015740003436803818,0.0,0.00015820004045963287,0
959,0.00016880000475794077,0.00033549999352544546,0.0027968999929726124,1
960,0.00031859998125582933,0.0,0.0003198999911546707,0
961,0.00017180002760142088,0.0,0.00017290003597736359,0
962,0.0001879000337794423,0.0,0.0001889999839477241,0
963,0.00016339996363967657,0.0,0.0001642999704927206,0
964,0.00016110000433400273,0.0,0.0001621000119484961,0
965,0.0001753999968059361,0.0,0.00017630000365898013,0
966,0.00016200001118704677,0.0,0.00016300001880154014,0
967,0.0001653000363148749,0.0,0.00016620004316791892,0
968,0.00017590000061318278,0.0,0.00017690000822767615,0
969,0.00016140000661835074,0.0,0.00016230001347139478,0
970,0.0001610000035725534,0.0,0.0001618000096641481,0
971,0.00017419998766854405,0.0,0.0001750999945215881,0
972,0.00016140000661835074,0.0,0.00016230001347139478,0
973,0.00016460003098472953,0.0,0.0001656000385992229,0
974,0.00017340003978461027,0.0,0.00017439998919144273,0
975,0.00016120000509545207,0.0,0.0001621000119484961,0
976,0.00016910000704228878,0.0,0.0001700000138953328,0
977,0.00016280001727864146,0.0,0.0001637000241316855,0
978,0.0001601999974809587,0.0,0.0001610000035725534,0
979,0.00017499999376013875,0.00036750000435858965,0.0025578999775461853,1
980,0.00028879998717457056,0.0,0.00029009999707341194,0
981,0.00016609998419880867,0.0,0.00016719999257475138,0
982,0.00018939998699352145,0.0,0.00019049999536946416,0
983,0.00016309996135532856,0.0,0.0001639999682083726,0
984,0.00016169995069503784,0.0,0.00016259995754808187,0
985,0.00017319998005405068,0.0,0.00017419998766854405,0
986,0.00016120000509545207,0.0,0.00016200001118704677,0
987,0.00018229999113827944,0.0,0.00018319999799132347,0
988,0.00017600000137463212,0.0,0.00017690000822767615,0
989,0.0001613000058569014,0.0,0.0001621000119484961,0
990,0.00016060000052675605,0.0,0.00016140000661835074,0
991,0.000172699976246804,0.0,0.00017359998309984803,0
992,0.0001604999997653067,0.0,0.00016140000661835074,0
993,0.0001642999704927206,0.0,0.00016519997734576464,0
994,0.00017260003369301558,0.0,0.00017360004130750895,0
995,0.0001598999951966107,0.0,0.00016090000281110406,0
996,0.00017009995644912124,0.0,0.00017099996330216527,0
997,0.00016519997734576464,0.0,0.00016609998419880867,0
998,0.00016060000052675605,0.0,0.00016160000814124942,0
999,0.0001775999553501606,0.00033330003498122096,0.00275719998171553,1
1000,0.00037589995190501213,0.0,0.0003771999618038535,0
1001,0.00018719997024163604,0.0,0.00018809997709468007,0
1002,0.00019409996457397938,0.0,0.00019519997294992208,0
1003,0.0001610000035725534,0.0,0.00016190001042559743,0
1004,0.00015839998377487063,0.0,0.00015929999062791467,0
1005,0.00017670000670477748,0.0,0.0001776000135578215,0
1006,0.00015850004274398088,0.0,0.000159399991389364,0
1007,0.0001572000328451395,0.0,0.00015799998072907329,0
1008,0.0001702000154182315,0.0,0.00017110002227127552,0
1009,0.00015659997006878257,0.0,0.00015739997616037726,0
1010,0.00015759997768327594,0.0,0.00015839998377487063,0
1011,0.00017439998919144273,0.0,0.0001753999968059361,0
1012,0.00015949999215081334,0.0,0.00016039999900385737,0
1013,0.0001596000511199236,0.0,0.00016039999900385737,0
1014,0.0001713000237941742,0.0,0.00017229997320100665,0
1015,0.00015889998758211732,0.0,0.00015969999367371202,0
1016,0.00016759999562054873,0.0,0.00016850000247359276,0
1017,0.00016599998343735933,0.0,0.00016709999181330204,0
1018,0.00015890004578977823,0.0,0.00015969999367371202,0
1019,0.00017010001465678215,0.00027849996695294976,0.0027877999818883836,1
1020,0.0002581999870017171,0.0,0.00025949999690055847,0
1021,0.00017850002041086555,0.0,0.00017940002726390958,0
1022,0.00018319999799132347,0.0,0.00018420000560581684,0
1023,0.00017389998538419604,0.0,0.00017479999223724008,0
1024,0.00016340002184733748,0.0,0.00016430002870038152,0
1025,0.00017180002760142088,0.0,0.00017279997700825334,0
1026,0.00015759997768327594,0.0,0.00015839998377487063,0
1027,0.00015699997311457992,0.0,0.0001577999792061746,0
1028,0.00016960001084953547,0.0,0.0001705000177025795,0
1029,0.0001708000199869275,0.0,0.0001715999678708613,0
1030,0.0001650999765843153,0.0,0.00016599998343735933,0
1031,0.00017399998614564538,0.0,0.0001748999929986894,0
1032,0.0001601999974809587,0.0,0.00016120000509545207,0
1033,0.0001601999974809587,0.0,0.0001610000035725534,0
1034,0.00017289997776970267,0.0,0.00017369998386129737,0
1035,0.0001604999997653067,0.0,0.00016140000661835074,0
1036,0.000172999978531152,0.0,0.00017389998538419604,0
1037,0.00016300001880154014,0.0,0.0001640000264160335,0
1038,0.00015899998834356666,0.0,0.0001598999951966107,0
1039,0.0001715999678708613,0.00027220003539696336,0.0024779000086709857,1
1040,0.0003281999961473048,0.0,0.0003294000052846968,0
1041,0.00016920000780373812,0.0,0.00017009995644912124,0
1042,0.00018939998699352145,0.0,0.00019049999536946416,0
1043,0.0001650999765843153,0.0,0.00016609998419880867,0
1044,0.00016459997277706861,0.0,0.00016549997963011265,0
1045,0.0001810999820008874,0.0,0.00018209998961538076,0
1046,0.0001637000241316855,0.0,0.00016470003174617887,0
1047,0.00016220001270994544,0.0,0.00016310001956298947,0
1048,0.00017660000594332814,0.0,0.00017750001279637218,0
1049,0.00016410002717748284,0.0,0.00016500003403052688,0
1050,0.0001632000203244388,0.0,0.00016410002717748284,0
1051,0.0001797000295482576,0.0,0.00018060003640130162,0
1052,0.00016190001042559743,0.0,0.00016270001651719213,0
1053,0.00016240001423284411,0.0,0.0001632000203244388,0
1054,0.0001756999990902841,0.0,0.00017660000594332814,0
1055,0.00016200001118704677,0.0,0.0001629000180400908,0
1056,0.00017579999985173345,0.0,0.00017670000670477748,0
1057,0.00016609998419880867,0.0,0.00016689999029040337,0
1058,0.00016420002793893218,0.0,0.0001651000347919762,0
1059,0.00017440004739910364,0.00028330000350251794,0.002656000026036054,1
1060,0.00031889998354017735,0.0,0.0003201999934390187,0
1061,0.00016799999866634607,0.0,0.00016920000780373812,0
1062,0.00018919998547062278,0.0,0.00019029999384656549,0
1063,0.00016359996516257524,0.0,0.00016449997201561928,0
1064,0.000166199984960258,0.0,0.00016719999257475138,0
1065,0.00017600000137463212,0.0,0.00017690000822767615,0
1066,0.00016190001042559743,0.0,0.00016280001727864146,0
1067,0.0001610000035725534,0.0,0.0001618000096641481,0
1068,0.00017359998309984803,0.0,0.00017439998919144273,0
1069,0.00016070000128820539,0.0,0.00016160000814124942,0
1070,0.00016449997201561928,0.0,0.0001653999788686633,0
1071,0.0001727000344544649,0.0,0.00017370004206895828,0
1072,0.0001601999974809587,0.0,0.00016120000509545207,0
1073,0.00015999999595806003,0.0,0.00016080000204965472,0
1074,0.00017309997929260135,0.0,0.00017399998614564538,0
1075,0.00016060000052675605,0.0,0.00016149994917213917,0
1076,0.00017249997472390532,0.0,0.00017339998157694936,0
1077,0.00016409996896982193,0.0,0.00016489997506141663,0
1078,0.00016039999900385737,0.0,0.00016120000509545207,0
1079,0.00017219997243955731,0.00027540000155568123,0.002412599977105856,1
1080,0.0003011999651789665,0.0,0.0003024999750778079,0
1081,0.00017150002531707287,0.0,0.0001727000344544649,0
1082,0.00019190000602975488,0.0,0.00019300001440569758,0
1083,0.00016630004392936826,0.0,0.00016719999257475138,0
1084,0.0001634999644011259,0.0,0.00016439997125416994,0
1085,0.00023509998572990298,0.0,0.00023609999334439635,0
1086,0.0001640000264160335,0.0,0.00016490003326907754,0
1087,0.00016390002565458417,0.0,0.00016490003326907754,0
1088,0.00017720001051202416,0.0,0.00017800001660361886,0
1089,0.0001629000180400908,0.0,0.0001637000241316855,0
1090,0.00016570003936067224,0.0,0.0001666999887675047,0
1091,0.0001753999968059361,0.0,0.00017630000365898013,0
1092,0.00016200001118704677,0.0,0.0001629000180400908,0
1093,0.00016240001423284411,0.0,0.0001632000203244388,0
1094,0.00017499999376013875,0.0,0.00017590000061318278,0
1095,0.00016199995297938585,0.0,0.00016289995983242989,0
1096,0.00017640000442042947,0.0,0.0001773000112734735,0
1097,0.00016609998419880867,0.0,0.0001669999910518527,0
1098,0.00016279995907098055,0.0,0.00016369996592402458,0
1099,0.00017549999756738544,0.00024799996754154563,0.002548399963416159,1
1100,0.0003074000123888254,0.0,0.0003087000222876668,0
1101,0.00021239998750388622,0.0,0.0002133999951183796,0
1102,0.00018350000027567148,0.0,0.00018440000712871552,0
1103,0.0001596000511199236,0.0,0.0001604999997653067,0
1104,0.00015699997311457992,0.0,0.0001577999792061746,0
1105,0.00040580000495538116,0.0,0.0004070000140927732,0
1106,0.000222100003156811,0.0,0.0002229000092484057,0
1107,0.00015959999291226268,0.0,0.00016039999900385737,0
1108,0.00023140001576393843,0.0,0.00023230002261698246,0
1109,0.00020870001753792167,0.0,0.0002096000243909657,0
1110,0.00015899998834356666,0.0,0.0001598999951966107,0
1111,0.00020220002625137568,0.0,0.0002031000331044197,0
1112,0.00015740003436803818,0.0,0.00015820004045963287,0
1113,0.00015729997539892793,0.0,0.00015819998225197196,0
1114,0.0002044999855570495,0.0,0.00020539999241009355,0
1115,0.00015890004578977823,0.0,0.00015970005188137293,0
1116,0.00018259999342262745,0.0,0.00018339999951422215,0
1117,0.00017380004283040762,0.0,0.00017450004816055298,0
1118,0.00015580002218484879,0.0,0.00015660002827644348,0
1119,0.00018889998318627477,0.0004062000080011785,0.0029882999951951206,1
1120,0.00034249998861923814,0.0,0.0003437999985180795,0
1121,0.00020100001711398363,0.0,0.000202000024728477,0
1122,0.00018470000941306353,0.0,0.00018580001778900623,0
1123,0.00015949999215081334,0.0,0.00016039999900385737,0
1124,0.0001742999884299934,0.0,0.00017529999604448676,0
1125,0.00017940002726390958,0.0,0.0001803000341169536,0
1126,0.00016160000814124942,0.0,0.00016250001499429345,0
1127,0.00016039999900385737,0.0,0.00016139994841068983,0
1128,0.00017279997700825334,0.0,0.00017359998309984803,0
1129,0.00016199995297938585,0.0,0.00016279995907098055,0
1130,0.00016090000281110406,0.0,0.0001618000096641481,0
1131,0.0002242999617010355,0.0,0.00022529996931552887,0
1132,0.00017389998538419604,0.0,0.00017479999223724008,0
1133,0.00015879998682066798,0.0,0.00015959999291226268,0
1134,0.000172999978531152,0.0,0.00017389998538419604,0
1135,0.00015919998986646533,0.0,0.00015999999595806003,0
1136,0.0001917000045068562,0.0,0.00019260001135990024,0
1137,0.00016440002946183085,0.0,0.0001653000363148749,0
1138,0.00015979999443516135,0.0,0.00016070000128820539,0
1139,0.0001707999617792666,0.0002964999875985086,0.002562599955126643,1
1140,0.00031599996145814657,0.0,0.0003299000090919435,0
1141,0.00016679998952895403,0.0,0.00016789999790489674,0
1142,0.00019379996228963137,0.0,0.0001949999714270234,0
1143,0.00016410002717748284,0.0,0.00016500003403052688,0
1144,0.00016600004164502025,0.0,0.00016689999029040337,0
1145,0.00021440000273287296,0.0,0.000215300009585917,0
1146,0.0002539000124670565,0.0,0.00025480001932010055,0
1147,0.00015949999215081334,0.0,0.00016039999900385737,0
1148,0.00017229997320100665,0.0,0.00017319998005405068,0
1149,0.00016420002793893218,0.0,0.00016490003326907754,0
1150,0.0001601999974809587,0.0,0.0001610000035725534,0
1151,0.00017229997320100665,0.0,0.00017319998005405068,0
1152,0.00015920004807412624,0.0,0.00015999999595806003,0
1153,0.000159099989105016,0.0,0.0001598999951966107,0
1154,0.00017180002760142088,0.0,0.0001727000344544649,0
1155,0.00016310001956298947,0.0,0.00016390002565458417,0
1156,0.0001697000116109848,0.0,0.0001705000177025795,0
1157,0.00016460003098472953,0.0,0.00016550003783777356,0
1158,0.0001604999997653067,0.0,0.0001613000058569014,0
1159,0.00017180002760142088,0.00033199996687471867,0.002611100033391267,1
1160,0.0002938000252470374,0.0,0.0002951999776996672,0
1161,0.00016649998724460602,0.0,0.00016769999638199806,0
1162,0.00018850003834813833,0.0,0.0001894999877549708,0
1163,0.0001694000093266368,0.0,0.00017039995873346925,0
1164,0.00016340002184733748,0.0,0.0001642999704927206,0
1165,0.00017600000137463212,0.0,0.00017690000822767615,0
1166,0.0001629000180400908,0.0,0.00016380002489313483,0
1167,0.00016310001956298947,0.0,0.00016390002565458417,0
1168,0.00017359998309984803,0.0,0.00017449998995289207,0
1169,0.00016529997810721397,0.0,0.00016609998419880867,0
1170,0.00016110000433400273,0.0,0.00016190001042559743,0
1171,0.00017419998766854405,0.0,0.00017519999528303742,0
1172,0.00016240001423284411,0.0,0.0001632000203244388,0
1173,0.00016160000814124942,0.0,0.00016240001423284411,0
1174,0.00017330003902316093,0.0,0.00017410004511475563,0
1175,0.00016519997734576464,0.0,0.00016599998343735933,0
1176,0.0001710999640636146,0.0,0.00017199997091665864,0
1177,0.0001653999788686633,0.0,0.00016629998572170734,0
1178,0.00016140000661835074,0.0,0.00016230001347139478,0
1179,0.00017229997320100665,0.00033000000985339284,0.0026111999759450555,1
1180,0.0003474999684840441,0.0,0.0003488999791443348,0
1181,0.00016710005002096295,0.0,0.0001680999994277954,0
1182,0.0001878999755717814,0.0,0.00018889998318627477,0
1183,0.0001674999948590994,0.0,0.00016840000171214342,0
1184,0.00016170000890269876,0.0,0.00016250001499429345,0
1185,0.00017419998766854405,0.0,0.00017519999528303742,0
1186,0.0001610000035725534,0.0,0.00016200001118704677,0
1187,0.00016029999824240804,0.0,0.00016110000433400273,0
1188,0.00017610000213608146,0.0,0.00017710000975057483,0
1189,0.0001604999997653067,0.0,0.0001613000058569014,0
1190,0.0001604999997653067,0.0,0.0001613000058569014,0
1191,0.0001737999846227467,0.0,0.0001745999907143414,0
1192,0.0001604999997653067,0.0,0.0001613000058569014,0
1193,0.00015999999595806003,0.0,0.00016080000204965472,0
1194,0.00017610000213608146,0.0,0.0001770000089891255,0
1195,0.00016029999824240804,0.0,0.00016110000433400273,0
1196,0.00017369998386129737,0.0,0.00017479999223724008,0
1197,0.00016420002793893218,0.0,0.00016520003555342555,0
1198,0.0001598999951966107,0.0,0.00016080000204965472,0
1199,0.00017099996330216527,0.0003329000319354236,0.002525599964428693,1
1200,0.00031319999834522605,0.0,0.00031450000824406743,0
1201,0.0001805999781936407,0.0,0.00018159998580813408,0
1202,0.00018910004291683435,0.0,0.00019010005053132772,0
1203,0.00017100002150982618,0.0,0.0001718999701552093,0
1204,0.0001639999682083726,0.0,0.0001647999742999673,0
1205,0.0001775999553501606,0.0,0.00017859996296465397,0
1206,0.00016369996592402458,0.0,0.00016449997201561928,0
1207,0.0001618000096641481,0.0,0.00016259995754808187,0
1208,0.00024589995155110955,0.0,0.0002470999606885016,0
1209,0.0002329999697394669,0.0,0.00023389997659251094,0
1210,0.00016680004773661494,0.0,0.00016769999638199806,0
1211,0.0002142000012099743,0.0,0.00021510000806301832,0
1212,0.0002476999652571976,0.0,0.00024859997211024165,0
1213,0.0002639999729581177,0.0,0.0002649999805726111,0
1214,0.0003427000483497977,0.0,0.0003436999977566302,0
1215,0.0001642999704927206,0.0,0.00016519997734576464,0
1216,0.00029469997389242053,0.0,0.0002956999815069139,0
1217,0.00018040003487840295,0.0,0.00018140004249289632,0
1218,0.00016369996592402458,0.0,0.00016459997277706861,0
1219,0.00017359998309984803,0.00035859999479725957,0.0028628999716602266,1
1220,0.0003610999556258321,0.0,0.00036239996552467346,0
1221,0.00016899994807317853,0.0,0.0001699999556876719,0
1222,0.0001962999813258648,0.0,0.00019729998894035816,0
1223,0.00016520003555342555,0.0,0.00016620004316791892,0
1224,0.00016310001956298947,0.0,0.0001640000264160335,0
1225,0.0001762000028975308,0.0,0.00017710000975057483,0
1226,0.00016170000890269876,0.0,0.0001626000157557428,0
1227,0.00016120000509545207,0.0,0.0001621000119484961,0
1228,0.0001949999714270234,0.0,0.00019599997904151678,0
1229,0.0001640000264160335,0.0,0.00016490003326907754,0
1230,0.0001621000119484961,0.0,0.00016300001880154014,0
1231,0.00017420004587620497,0.0,0.00017500005196779966,0
1232,0.00016039999900385737,0.0,0.00016120000509545207,0
1233,0.0001604999997653067,0.0,0.00016140000661835074,0
1234,0.00017549999756738544,0.0,0.00017639994621276855,0
1235,0.00016110000433400273,0.0,0.00016190001042559743,0
1236,0.00016980001237243414,0.0,0.00017070001922547817,0
1237,0.0001637000241316855,0.0,0.00016460003098472953,0
1238,0.00016170000890269876,0.0,0.0001626000157557428,0
1239,0.00017660000594332814,0.00037840002914890647,0.0027913000085391104,1
1240,0.0003554999711923301,0.0,0.0003567999810911715,0
1241,0.0001689000055193901,0.0,0.0001699999556876719,0
1242,0.00018759997328743339,0.0,0.0001886999816633761,0
1243,0.00016380002489313483,0.0,0.00016470003174617887,0
1244,0.00016190001042559743,0.0,0.00016280001727864146,0
1245,0.00017590000061318278,0.0,0.00017690000822767615,0
1246,0.00016609998419880867,0.0,0.0001669999910518527,0
1247,0.00015999999595806003,0.0,0.00016090000281110406,0
1248,0.000172999978531152,0.0,0.00017399998614564538,0
1249,0.0001604999997653067,0.0,0.0001613000058569014,0
1250,0.00016039999900385737,0.0,0.00016120000509545207,0
1251,0.00017359998309984803,0.0,0.00017449998995289207,0
1252,0.0001640000264160335,0.0,0.0001648000325076282,0
1253,0.00016009999671950936,0.0,0.0001610000035725534,0
1254,0.00017209997167810798,0.0,0.000172999978531152,0
1255,0.00016010005492717028,0.0,0.00016099994536489248,0
1256,0.00017670000670477748,0.0,0.00017780001508072019,0
1257,0.00017279997700825334,0.0,0.00017369998386129737,0
1258,0.00016009999671950936,0.0,0.00016110000433400273,0
1259,0.00016739999409765005,0.000354000017978251,0.003204300010111183,1
1260,0.0003785000299103558,0.0,0.0003798999823629856,0
1261,0.0001621000119484961,0.0,0.00016309996135532856,0
1262,0.00022499996703118086,0.0,0.0002258999738842249,0
1263,0.000159099989105016,0.0,0.0001598999951966107,0
1264,0.0001572000328451395,0.0,0.00015799998072907329,0
1265,0.0001718999701552093,0.0,0.00017279997700825334,0
1266,0.00015709997387602925,0.0,0.00015789997996762395,0
1267,0.00015619996702298522,0.0,0.00015709997387602925,0
1268,0.00017380004283040762,0.0,0.00017460004892200232,0
1269,0.00015660002827644348,0.0,0.00015739997616037726,0
1270,0.00015679997159168124,0.0,0.00015759997768327594,0
1271,0.00016880000475794077,0.0,0.00016980001237243414,0
1272,0.00015609996626153588,0.0,0.00015689997235313058,0
1273,0.00015579996397718787,0.0,0.00015659997006878257,0
1274,0.00020299997413530946,0.0,0.0002038999809883535,0
1275,0.0001564000267535448,0.0,0.0001572000328451395,0
1276,0.00016589998267591,0.0,0.0001666999887675047,0
1277,0.00015959999291226268,0.0,0.00016060000052675605,0
1278,0.00015550001990050077,0.0,0.00015630002599209547,0
1279,0.00016620004316791892,0.0004314000252634287,0.0030882999999448657,1
1280,0.0002940999693237245,0.0,0.0002953999792225659,0
1281,0.00016659998800605536,0.0,0.00016759999562054873,0
1282,0.00019639998208731413,0.0,0.00019759999122470617,0
1283,0.00016430002870038152,0.0,0.0001653000363148749,0
1284,0.00016220001270994544,0.0,0.00016300001880154014,0
1285,0.00017850002041086555,0.0,0.00017940002726390958,0
1286,0.000159399991389364,0.0,0.00016029999824240804,0
1287,0.0001582999830134213,0.0,0.000159099989105016,0
1288,0.00017180002760142088,0.0,0.0001727000344544649,0
1289,0.00015979999443516135,0.0,0.00016070000128820539,0
1290,0.00016059994231909513,0.0,0.00016149994917213917,0
1291,0.00017780001508072019,0.0,0.0001786999637261033,0
1292,0.00016140000661835074,0.0,0.00016230001347139478,0
1293,0.00016009999671950936,0.0,0.00016090000281110406,0
1294,0.00017280003521591425,0.0,0.00017370004206895828,0
1295,0.00016009999671950936,0.0,0.00016080000204965472,0
1296,0.00017259997548535466,0.0,0.0001734999823383987,0
1297,0.00016240001423284411,0.0,0.0001632000203244388,0
1298,0.00015900004655122757,0.0,0.00015999999595806003,0
1299,0.00016990001313388348,0.0003355999942868948,0.0027470000204630196,1
1300,0.0003228000132367015,0.0,0.00032410002313554287,0
1301,0.00020190002396702766,0.0,0.0002028000308200717,0
1302,0.00018909998470917344,0.0,0.0001900999923236668,0
1303,0.00024050002684816718,0.0,0.00024150003446266055,0
1304,0.00017140002455562353,0.0,0.00017230003140866756,0
1305,0.0001805999781936407,0.0,0.00018159998580813408,0
1306,0.00016369996592402458,0.0,0.00016449997201561928,0
1307,0.00016280001727864146,0.0,0.00016359996516257524,0
1308,0.00017769995611160994,0.0,0.00017859996296465397,0
1309,0.00016279995907098055,0.0,0.00016369996592402458,0
1310,0.00016139994841068983,0.0,0.00016219995450228453,0
1311,0.00017449998995289207,0.0,0.0001753999968059361,0
1312,0.00016270001651719213,0.0,0.00016350002260878682,0
1313,0.00016220001270994544,0.0,0.00016300001880154014,0
1314,0.00017790001584216952,0.0,0.00017880002269521356,0
1315,0.00016190001042559743,0.0,0.0001626000157557428,0
1316,0.00017119996482506394,0.0,0.00017199997091665864,0
1317,0.00016339996363967657,0.0,0.00016419996973127127,0
1318,0.0001599000534042716,0.0,0.00016080000204965472,0
1319,0.0001821999903768301,0.00034219998633489013,0.002951700007542968,1
1320,0.0003445000038482249,0.0,0.00034580001374706626,0
1321,0.00019300001440569758,0.0,0.00019409996457397938,0
1322,0.00018170004477724433,0.0,0.0001827000523917377,0
1323,0.00015739997616037726,0.0,0.0001582999830134213,0
1324,0.00015739997616037726,0.0,0.00015819998225197196,0
1325,0.00017009995644912124,0.0,0.00017089996254071593,0
1326,0.00016110000433400273,0.0,0.0001620999537408352,0
1327,0.0001555999624542892,0.0,0.00015649996930733323,0
1328,0.00016689999029040337,0.0,0.00016769999638199806,0
1329,0.00015600002370774746,0.0,0.00015680002979934216,0
1330,0.0001550000160932541,0.0,0.00015580002218484879,0
1331,0.00016799999866634607,0.0,0.00016880000475794077,0
1332,0.00015929999062791467,0.0,0.00016009999671950936,0
1333,0.00015570002142339945,0.0,0.00015660002827644348,0
1334,0.00016799999866634607,0.0,0.0001689000055193901,0
1335,0.00015670002903789282,0.0,0.00015759997768327594,0
1336,0.00016430002870038152,0.0,0.00016520003555342555,0
1337,0.00015660002827644348,0.0,0.00015740003436803818,0
1338,0.00018829997861757874,0.0,0.00018919998547062278,0
1339,0.00016569998115301132,0.0003989000106230378,0.0029047999996691942,1
1340,0.00031999999191612005,0.0,0.0003212000010535121,0
1341,0.00019459996838122606,0.0,0.00019559997599571943,0
1342,0.00018210004782304168,0.0,0.0001829999964684248,0
1343,0.0001737999846227467,0.0,0.00017469999147579074,0
1344,0.00016490003326907754,0.0,0.00016580004012212157,0
1345,0.0001750999945215881,0.0,0.00017600000137463212,0
1346,0.0001621000119484961,0.0,0.00016310001956298947,0
1347,0.00016109994612634182,0.0,0.00016199995297938585,0
1348,0.00017199997091665864,0.0,0.00017289997776970267,0
1349,0.00015979999443516135,0.0,0.00016070000128820539,0
1350,0.00016430002870038152,0.0,0.0001650999765843153,0
1351,0.00017279997700825334,0.0,0.00017369998386129737,0
1352,0.00016119994688779116,0.0,0.0001620999537408352,0
1353,0.00017309997929260135,0.0,0.00017389998538419604,0
1354,0.00015980005264282227,0.0,0.00016060000052675605,0
1355,0.00015899998834356666,0.0,0.00015979999443516135,0
1356,0.0001762000028975308,0.0,0.00017710000975057483,0
1357,0.0001604999997653067,0.0,0.00016140000661835074,0
1358,0.00016820000018924475,0.0,0.00016910000704228878,0
1359,0.0001626000157557428,0.0003420999855734408,0.002750699990428984,1
1360,0.0003664999967440963,0.0,0.00036780000664293766,0
1361,0.00022079999325796962,0.0,0.00022200000239536166,0
1362,0.00024120003217831254,0.0,0.00024230004055425525,0
1363,0.00016799999866634607,0.0,0.00016900000628083944,0
1364,0.00016380002489313483,0.0,0.00016460003098472953,0
1365,0.00017479999223724008,0.0,0.0001756999990902841,0
1366,0.00016219995450228453,0.0,0.00016309996135532856,0
1367,0.00016249995678663254,0.0,0.00016329996287822723,0
1368,0.00019749999046325684,0.0,0.00019859999883919954,0
1369,0.00016360002337023616,0.0,0.00016460003098472953,0
1370,0.00016200001118704677,0.0,0.00016280001727864146,0
1371,0.00017449998995289207,0.0,0.0001753999968059361,0
1372,0.00016160000814124942,0.0,0.00016249995678663254,0
1373,0.0001613000058569014,0.0,0.00016220001270994544,0
1374,0.00017750001279637218,0.0,0.00017850002041086555,0
1375,0.0001613000058569014,0.0,0.0001621000119484961,0
1376,0.00016870000399649143,0.0,0.00016960001084953547,0
1377,0.0001629000180400908,0.0,0.0001637000241316855,0
1378,0.00016020005568861961,0.0,0.0001610000035725534,0
1379,0.00017579999985173345,0.00034059997415170074,0.0028475999715738,1
1380,0.00034149998100474477,0.0,0.00034279999090358615,0
1381,0.00019689998589456081,0.0,0.00019789999350905418,0
1382,0.00018360000103712082,0.0,0.00018459995044395328,0
1383,0.00016110000433400273,0.0,0.00016200001118704677,0
1384,0.00015809998149052262,0.0,0.00015889998758211732,0
1385,0.00017089996254071593,0.0,0.00017169996863231063,0
1386,0.0001626999583095312,0.0,0.0001634999644011259,0
1387,0.00015689997235313058,0.0,0.0001577999792061746,0
1388,0.00016899994807317853,0.0,0.00016989995492622256,0
1389,0.00015759997768327594,0.0,0.00015849998453631997,0
1390,0.00015550001990050077,0.0,0.0001564000267535448,0
1391,0.00016880000475794077,0.0,0.00016980001237243414,0
1392,0.0001598999951966107,0.0,0.00016080000204965472,0
1393,0.00015689997235313058,0.0,0.0001577999792061746,0
1394,0.00016799999866634607,0.0,0.00016880000475794077,0
1395,0.0001550000160932541,0.0,0.00015590002294629812,0
1396,0.00016270001651719213,0.0,0.00016350002260878682,0
1397,0.00015869998605921865,0.0,0.00015949999215081334,0
1398,0.00015969999367371202,0.0,0.0001604999997653067,0
1399,0.00016679998952895403,0.0003950000391341746,0.002812799997627735,1
1400,0.000327400048263371,0.0,0.00032869999995455146,0
1401,0.00020619999850168824,0.0,0.00020710000535473228,0
1402,0.00018309999722987413,0.0,0.00018400000408291817,0
1403,0.00015899998834356666,0.0,0.00015979999443516135,0
1404,0.00023340003099292517,0.0,0.0002348999842070043,0
1405,0.00022270000772550702,0.0,0.00022380001610144973,0
1406,0.00016060000052675605,0.0,0.00016150000737980008,0
1407,0.00015760003589093685,0.0,0.00015850004274398088,0
1408,0.00019270001212134957,0.0,0.00019370001973584294,0
1409,0.000166199984960258,0.0,0.00016709999181330204,0
1410,0.00016109994612634182,0.0,0.00016199995297938585,0
1411,0.00017499999376013875,0.0,0.00017600000137463212,0
1412,0.0001601999974809587,0.0,0.00016110000433400273,0
1413,0.00015979999443516135,0.0,0.00016070000128820539,0
1414,0.00017249997472390532,0.0,0.00017329998081550002,0
1415,0.00016459997277706861,0.0,0.00016549997963011265,0
1416,0.00016920000780373812,0.0,0.00017010001465678215,0
1417,0.0001634999644011259,0.0,0.00016439997125416994,0
1418,0.0001607999438419938,0.0,0.00016169995069503784,0
1419,0.00017289997776970267,0.0003273999900557101,0.002778499969281256,1
1420,0.00032759999157860875,0.0,0.00032890000147745013,0
1421,0.00016709999181330204,0.0,0.00016820000018924475,0
1422,0.00020640000002458692,0.0,0.00020750000840052962,0
1423,0.0001653999788686633,0.0,0.00016629998572170734,0
1424,0.00016220001270994544,0.0,0.0001632000203244388,0
1425,0.00017490005120635033,0.0,0.00017579999985173345,0
1426,0.00016090000281110406,0.0,0.0001618000096641481,0
1427,0.00016190001042559743,0.0,0.00016270001651719213,0
1428,0.0001776000135578215,0.0,0.00017850002041086555,0
1429,0.00016220001270994544,0.0,0.00016300001880154014,0
1430,0.00016310001956298947,0.0,0.00016390002565458417,0
1431,0.00017340003978461027,0.0,0.0001743000466376543,0
1432,0.00016140000661835074,0.0,0.00016230001347139478,0
1433,0.00016620004316791892,0.0,0.00016709999181330204,0
1434,0.00017529999604448676,0.0,0.00017610000213608146,0
1435,0.00016140000661835074,0.0,0.00016230001347139478,0
1436,0.00017010001465678215,0.0,0.00017100002150982618,0
1437,0.00016550003783777356,0.0,0.00016630004392936826,0
1438,0.00016250001499429345,0.0,0.00016350002260878682,0
1439,0.00017770001431927085,0.00033680000342428684,0.002770800027064979,1
1440,0.0005025000427849591,0.0,0.0005037000519223511,0
1441,0.00016769999638199806,0.0,0.00016880000475794077,0
1442,0.00018360000103712082,0.0,0.00018470000941306353,0
1443,0.00015820004045963287,0.0,0.00015919998986646533,0
1444,0.00015619996702298522,0.0,0.00015699997311457992,0
1445,0.00017369998386129737,0.0,0.0001745999907143414,0
1446,0.000159099989105016,0.0,0.0001598999951966107,0
1447,0.0001571999746374786,0.0,0.00015809998149052262,0
1448,0.00016929995035752654,0.0,0.0001702999579720199,0
1449,0.00015759997768327594,0.0,0.00015849998453631997,0
1450,0.00015740003436803818,0.0,0.00015839998377487063,0
1451,0.00017230003140866756,0.0,0.0001732000382617116,0
1452,0.0001564000267535448,0.0,0.00015729997539892793,0
1453,0.00015699997311457992,0.0,0.0001577999792061746,0
1454,0.00016850000247359276,0.0,0.00016930000856518745,0
1455,0.00015510001685470343,0.0,0.00015590002294629812,0
1456,0.00016559998039156199,0.0,0.00016649998724460602,0
1457,0.00016279995907098055,0.0,0.00016379996668547392,0
1458,0.0001566999708302319,0.0,0.00015759997768327594,0
1459,0.0001677999971434474,0.0003719999804161489,0.0030279000056907535,1
1460,0.0003377000102773309,0.0,0.0003388000186532736,0
1461,0.00019340001745149493,0.0,0.0001943999668583274,0
1462,0.00018609996186569333,0.0,0.0001870999694801867,0
1463,0.00016090000281110406,0.0,0.00016189995221793652,0
1464,0.00015649996930733323,0.0,0.00015739997616037726,0
1465,0.00017049995949491858,0.0,0.00017139996634796262,0
1466,0.00015879998682066798,0.0,0.00015969999367371202,0
1467,0.0001572000328451395,0.0,0.00015810003969818354,0
1468,0.00017309997929260135,0.0,0.00017409998690709472,0
1469,0.0001582999830134213,0.0,0.00015919998986646533,0
1470,0.00015660002827644348,0.0,0.00015750003512948751,0
1471,0.0001697000116109848,0.0,0.00017060001846402884,0
1472,0.00015889998758211732,0.0,0.00015969999367371202,0
1473,0.00015739997616037726,0.0,0.00015819998225197196,0
1474,0.00020429998403415084,0.0,0.00020519999088719487,0
1475,0.00015750003512948751,0.0,0.00015839998377487063,0
1476,0.0001653999788686633,0.0,0.00016629998572170734,0
1477,0.00015929999062791467,0.0,0.0001601999974809587,0
1478,0.0001561000244691968,0.0,0.00015700003132224083,0
1479,0.00016799999866634607,0.0003428999916650355,0.002927199995610863,1
1480,0.0003364000003784895,0.0,0.0003377000102773309,0
1481,0.0001943999668583274,0.0,0.0001954999752342701,0
1482,0.00018309999722987413,0.0,0.0001841000048443675,0
1483,0.0001598999951966107,0.0,0.00016080000204965472,0
1484,0.00015710003208369017,0.0,0.00015790003817528486,0
1485,0.0001702000154182315,0.0,0.00017110002227127552,0
1486,0.0001613000058569014,0.0,0.00016220001270994544,0
1487,0.00015660002827644348,0.0,0.00015740003436803818,0
1488,0.00016990001313388348,0.0,0.0001708000199869275,0
1489,0.0001572000328451395,0.0,0.0001580000389367342,0
1490,0.0001569000305607915,0.0,0.00015760003589093685,0
1491,0.00016850000247359276,0.0,0.0001694000093266368,0
1492,0.0001613000058569014,0.0,0.00016220001270994544,0
1493,0.00015600002370774746,0.0,0.00015680002979934216,0
1494,0.00016820000018924475,0.0,0.00016900000628083944,0
1495,0.00015619996702298522,0.0,0.00015699997311457992,0
1496,0.00016639998648315668,0.0,0.00016729999333620071,0
1497,0.00015959999291226268,0.0,0.00016039999900385737,0
1498,0.00016009999671950936,0.0,0.00016099994536489248,0
1499,0.00016850000247359276,0.00033489998895674944,0.0029320999747142196,1
1500,0.0003337000380270183,0.0,0.00033490004716441035,0
1501,0.00019310001516714692,0.0,0.0001941000227816403,0
1502,0.0001970999874174595,0.0,0.00019809999503195286,0
1503,0.00017180002760142088,0.0,0.00017280003521591425,0
1504,0.0002610000083222985,0.0,0.0002620000159367919,0
1505,0.0002180000301450491,0.0,0.00021900003775954247,0
1506,0.00017339998157694936,0.0,0.0001742999884299934,0
1507,0.00015729997539892793,0.0,0.00015809998149052262,0
1508,0.00018450000789016485,0.0,0.00018540001474320889,0
1509,0.0001922999508678913,0.0,0.00019329995848238468,0
1510,0.00015789997996762395,0.0,0.00015869998605921865,0
1511,0.00022340001305565238,0.0,0.00022410001838579774,0
1512,0.0001571999746374786,0.0,0.00015809998149052262,0
1513,0.0001710999640636146,0.0,0.0001718999701552093,0
1514,0.00020130001939833164,0.0,0.00020219996804371476,0
1515,0.00015780003741383553,0.0,0.00015860004350543022,0
1516,0.00017800001660361886,0.0,0.00017880002269521356,0
1517,0.0001984999980777502,0.0,0.0001993000041693449,0
1518,0.0001552999601699412,0.0,0.00015619996702298522,0
1519,0.0001805999781936407,0.0003377000102773309,0.003012999950442463,1
1520,0.00034149998100474477,0.0,0.0003428999916650355,0
1521,0.00022069999249652028,0.0,0.00022170000011101365,0
1522,0.00018239999189972878,0.0,0.0001832999987527728,0
1523,0.0001583000412210822,0.0,0.00015920004807412624,0
1524,0.00015689997235313058,0.0,0.00015769997844472528,0
1525,0.00017329998081550002,0.0,0.00017419998766854405,0
1526,0.00015660002827644348,0.0,0.00015750003512948751,0
1527,0.00015520001761615276,0.0,0.00015620002523064613,0
1528,0.00016799999866634607,0.0,0.0001689000055193901,0
1529,0.0001577999792061746,0.0,0.00015869998605921865,0
1530,0.00015740003436803818,0.0,0.0001582999830134213,0
1531,0.00017149996710941195,0.0,0.000172399973962456,0
1532,0.00015739997616037726,0.0,0.00015819998225197196,0
1533,0.00015709997387602925,0.0,0.00015789997996762395,0
1534,0.00016850000247359276,0.0,0.0001694000093266368,0
1535,0.00015569996321573853,0.0,0.00015659997006878257,0
1536,0.0001647999742999673,0.0,0.00016569998115301132,0
1537,0.00019510003039613366,0.0,0.00019590003648772836,0
1538,0.0001561000244691968,0.0,0.00015700003132224083,0
1539,0.00016870000399649143,0.0003397000255063176,0.00324480002745986,1
1540,0.00032809999538585544,0.0,0.0003294000052846968,0
1541,0.00019869999960064888,0.0,0.00019969994900748134,0
1542,0.00018229999113827944,0.0,0.0001832999987527728,0
1543,0.00015879998682066798,0.0,0.00015979999443516135,0
1544,0.00015709997387602925,0.0,0.00015799998072907329,0
1545,0.00016830000095069408,0.0,0.00016909994883462787,0
1546,0.0001571999746374786,0.0,0.00015799998072907329,0
1547,0.00016090000281110406,0.0,0.00016170000890269876,0
1548,0.00016870000399649143,0.0,0.00016960001084953547,0
1549,0.00015730003360658884,0.0,0.00015819998225197196,0
1550,0.00015609996626153588,0.0,0.00015699997311457992,0
1551,0.00016830000095069408,0.0,0.00016920000780373812,0
1552,0.00015699997311457992,0.0,0.00015789997996762395,0
1553,0.0001613000058569014,0.0,0.00016220001270994544,0
1554,0.0001694000093266368,0.0,0.0001702000154182315,0
1555,0.00015600002370774746,0.0,0.00015680002979934216,0
1556,0.00017419998766854405,0.0,0.00017499999376013875,0
1557,0.0001585999852977693,0.0,0.000159399991389364,0
1558,0.00015520001761615276,0.0,0.00015600002370774746,0
1559,0.00041199999395757914,0.0003963999915868044,0.0033009000471793115,1
1560,0.0003288000007160008,0.0,0.0003301000106148422,0
1561,0.00016609998419880867,0.0,0.00016719999257475138,0
1562,0.00019669998437166214,0.0,0.00019779999274760485,0
1563,0.00016880000475794077,0.0,0.00016980001237243414,0
1564,0.0001613000058569014,0.0,0.00016220001270994544,0
1565,0.00017479999223724008,0.0,0.0001756999990902841,0
1566,0.00016220001270994544,0.0,0.00016310001956298947,0
1567,0.00016170000890269876,0.0,0.00016250001499429345,0
1568,0.00017800001660361886,0.0,0.00017900002421811223,0
1569,0.0001629000180400908,0.0,0.00016380002489313483,0
1570,0.00016280001727864146,0.0,0.00016360002337023616,0
1571,0.00017500005196779966,0.0,0.00017579999985173345,0
1572,0.00016170000890269876,0.0,0.0001626000157557428,0
1573,0.00016110000433400273,0.0,0.00016190001042559743,0
1574,0.0001789000234566629,0.0,0.00017990003107115626,0
1575,0.00016080000204965472,0.0,0.00016170000890269876,0
1576,0.0001686000032350421,0.0,0.0001694000093266368,0
1577,0.00016469997353851795,0.0,0.00016559998039156199,0
1578,0.00016230001347139478,0.0,0.0001631999621167779,0
1579,0.00017219997243955731,0.00031370000215247273,0.0028305999585427344,1
1580,0.00032589997863397,0.0,0.0003271999885328114,0
1581,0.0001708000199869275,0.0,0.00017179996939375997,0
1582,0.00018780003301799297,0.0,0.00018880004063248634,0
1583,0.0001621000119484961,0.0,0.00016300001880154014,0
1584,0.00016039999900385737,0.0,0.0001613000058569014,0
1585,0.00017290003597736359,0.0,0.0001737999846227467,0
1586,0.00016090000281110406,0.0,0.0001618000096641481,0
1587,0.00016390002565458417,0.0,0.00016490003326907754,0
1588,0.00017300003673881292,0.0,0.00017390004359185696,0
1589,0.00016140000661835074,0.0,0.00016230001347139478,0
1590,0.00016039999900385737,0.0,0.0001613000058569014,0
1591,0.00017260003369301558,0.0,0.00017360004130750895,0
1592,0.00016039999900385737,0.0,0.00016110000433400273,0
1593,0.00016469997353851795,0.0,0.00016569998115301132,0
1594,0.00017260003369301558,0.0,0.0001735000405460596,0
1595,0.00015999999595806003,0.0,0.00016080000204965472,0
1596,0.00016880000475794077,0.0,0.00016980001237243414,0
1597,0.00016419996973127127,0.0,0.00016499997582286596,0
1598,0.0001556000206619501,0.0,0.00015649996930733323,0
1599,0.00017060001846402884,0.00040550000267103314,0.0030612999689765275,1
1600,0.00031949998810887337,0.0,0.0003206999972462654,0
1601,0.00016259995754808187,0.0,0.00016359996516257524,0
1602,0.00019869999960064888,0.0,0.00019969994900748134,0
1603,0.00016329996287822723,0.0,0.0001642999704927206,0
1604,0.00020919996313750744,0.0,0.00020999996922910213,0
1605,0.00020839995704591274,0.0,0.0002093999646604061,0
1606,0.00017049995949491858,0.0,0.00017139996634796262,0
1607,0.00015519995940849185,0.0,0.00015599996550008655,0
1608,0.00018370000179857016,0.0,0.00018470000941306353,0
1609,0.00017590000061318278,0.0,0.00017680000746622682,0
1610,0.00015740003436803818,0.0,0.00015820004045963287,0
1611,0.00022069999249652028,0.0,0.00022149999858811498,0
1612,0.0001550999586470425,0.0,0.00015599996550008655,0
1613,0.0001550999586470425,0.0,0.0001558999647386372,0
1614,0.0001846000086516142,0.0,0.00018559995805844665,0
1615,0.00023180001880973577,0.0,0.00023259996669366956,0
1616,0.0001647999742999673,0.0,0.00016569998115301132,0
1617,0.0001981999957934022,0.0,0.00019910000264644623,0
1618,0.0001553000183776021,0.0,0.00015620002523064613,0
1619,0.00018090003868564963,0.000338299956638366,0.002930800023023039,1
1620,0.00032809999538585544,0.0,0.0003293000045232475,0
1621,0.00016559998039156199,0.0,0.00016659998800605536,0
1622,0.0001879000337794423,0.0,0.00018889998318627477,0
1623,0.00016279995907098055,0.0,0.00016379996668547392,0
1624,0.00016240001423284411,0.0,0.0001631999621167779,0
1625,0.0001765000051818788,0.0,0.00017740001203492284,0
1626,0.0001680999994277954,0.0,0.00016900000628083944,0
1627,0.00016230001347139478,0.0,0.00016310001956298947,0
1628,0.00017290003597736359,0.0,0.00017370004206895828,0
1629,0.0001610000035725534,0.0,0.0001618000096641481,0
1630,0.00016140000661835074,0.0,0.00016230001347139478,0
1631,0.00017409998690709472,0.0,0.00017499999376013875,0
1632,0.000166199984960258,0.0,0.0001669999910518527,0
1633,0.00016179995145648718,0.0,0.00016279995907098055,0
1634,0.00017369998386129737,0.0,0.00017449998995289207,0
1635,0.00016140000661835074,0.0,0.00016220001270994544,0
1636,0.00016870000399649143,0.0,0.00016959995264187455,0
1637,0.00016649998724460602,0.0,0.00016739999409765005,0
1638,0.0001610000035725534,0.0,0.00016190001042559743,0
1639,0.00017169996863231063,0.0003341999836266041,0.0028028999804519117,1
1640,0.0003649999853223562,0.0,0.0003662999952211976,0
1641,0.00016789999790489674,0.0,0.0001689000055193901,0
1642,0.00018959998851642013,0.0,0.0001905999961309135,0
1643,0.00016490003326907754,0.0,0.00016579998191446066,0
1644,0.00031869998201727867,0.0,0.0003201999934390187,0
1645,0.00040359998820349574,0.0,0.00040499999886378646,0
1646,0.0001776000135578215,0.0,0.00017860002117231488,0
1647,0.00017780001508072019,0.0,0.00017880002269521356,0
1648,0.0002148000057786703,0.0,0.00021600001491606236,0
1649,0.00017220003064721823,0.0,0.00017300003673881292,0
1650,0.0001680999994277954,0.0,0.0001689000055193901,0
1651,0.00020130001939833164,0.0,0.000202300027012825,0
1652,0.00017870002193376422,0.0,0.00017950002802535892,0
1653,0.0001674999948590994,0.0,0.00016840000171214342,0
1654,0.0001776000135578215,0.0,0.00017850002041086555,0
1655,0.0001621000119484961,0.0,0.00016310001956298947,0
1656,0.00017060001846402884,0.0,0.0001716000260785222,0
1657,0.00017660000594332814,0.0,0.00017750001279637218,0
1658,0.00015739997616037726,0.0,0.00015819998225197196,0
1659,0.00023020000662654638,0.0004908000119030476,0.0037081000045873225,1
1660,0.00037029996747151017,0.0,0.00037159997737035155,0
1661,0.00017689995002001524,0.0,0.00017799995839595795,0
1662,0.00018759997328743339,0.0,0.0001886999816633761,0
1663,0.0001588000450283289,0.0,0.00015969999367371202,0
1664,0.00015839998377487063,0.0,0.00015919998986646533,0
1665,0.00017049995949491858,0.0,0.00017139996634796262,0
1666,0.00016169995069503784,0.0,0.0001626999583095312,0
1667,0.00015619996702298522,0.0,0.00015709997387602925,0
1668,0.00016929995035752654,0.0,0.0001702999579720199,0
1669,0.00015629996778443456,0.0,0.00015709997387602925,0
1670,0.00015760003589093685,0.0,0.00015850004274398088,0
1671,0.00016960001084953547,0.0,0.0001705000177025795,0
1672,0.00018999999156221747,0.0,0.0001908999984152615,0
1673,0.0001569000305607915,0.0,0.0001577000366523862,0
1674,0.00016950001008808613,0.0,0.00017040001694113016,0
1675,0.0001577000366523862,0.0,0.00015850004274398088,0
1676,0.00016599998343735933,0.0,0.00016689999029040337,0
1677,0.00016499997582286596,0.0,0.00016589998267591,0
1678,0.00015860004350543022,0.0,0.000159399991389364,0
1679,0.00016990001313388348,0.0003826000029221177,0.0030238000326789916,1
1680,0.0003231000155210495,0.0,0.00032430002465844154,0
1681,0.00016679998952895403,0.0,0.00016789999790489674,0
1682,0.00019120000069960952,0.0,0.00019230000907555223,0
1683,0.00016759999562054873,0.0,0.00016870000399649143,0
1684,0.00016170000890269876,0.0,0.0001626000157557428,0
1685,0.00017439998919144273,0.0,0.00017529999604448676,0
1686,0.00016279995907098055,0.0,0.00016359996516257524,0
1687,0.0001620999537408352,0.0,0.00016299996059387922,0
1688,0.0001734999823383987,0.0,0.0001742999884299934,0
1689,0.00018289999570697546,0.0,0.0001838000025600195,0
1690,0.00016039999900385737,0.0,0.00016139994841068983,0
1691,0.0001745999907143414,0.0,0.00017549999756738544,0
1692,0.0001601999974809587,0.0,0.0001610000035725534,0
1693,0.00016060000052675605,0.0,0.00016140000661835074,0
1694,0.00018119998276233673,0.0,0.00018229999113827944,0
1695,0.00023290002718567848,0.0,0.00023399997735396028,0
1696,0.00017670000670477748,0.0,0.0001775999553501606,0
1697,0.00016659998800605536,0.0,0.00016739999409765005,0
1698,0.00016080000204965472,0.0,0.00016170000890269876,0
1699,0.00017199997091665864,0.0003423999878577888,0.0027751000015996397,1
1700,0.0003236000193282962,0.0,0.00032490002922713757,0
1701,0.00017190002836287022,0.0,0.000172999978531152,0
1702,0.00019560003420338035,0.0,0.00019669998437166214,0
1703,0.00016279995907098055,0.0,0.00016369996592402458,0
1704,0.00016150000737980008,0.0,0.0001623999560251832,0
1705,0.00017519999528303742,0.0,0.00017610000213608146,0
1706,0.00016039999900385737,0.0,0.00016120000509545207,0
1707,0.00016589998267591,0.0,0.0001666999887675047,0
1708,0.00017330003902316093,0.0,0.00017409998690709472,0
1709,0.00015929999062791467,0.0,0.00016009999671950936,0
1710,0.00016039999900385737,0.0,0.0001613000058569014,0
1711,0.0001734999823383987,0.0,0.00017449998995289207,0
1712,0.00016340002184733748,0.0,0.00016420002793893218,0
1713,0.0001601999974809587,0.0,0.0001610000035725534,0
1714,0.0001715999678708613,0.0,0.00017249997472390532,0
1715,0.00016070000128820539,0.0,0.00016160000814124942,0
1716,0.00016729999333620071,0.0,0.00016820000018924475,0
1717,0.00017479999223724008,0.0,0.0001756999990902841,0
1718,0.00017849996220320463,0.0,0.00017929996829479933,0
1719,0.00018179998733103275,0.0003446000046096742,0.0030039999983273447,1
1720,0.00033389998134225607,0.0,0.00033519999124109745,0
1721,0.00018939998699352145,0.0,0.00019049999536946416,0
1722,0.0001832999987527728,0.0,0.00018420000560581684,0
1723,0.00015919998986646533,0.0,0.00016009999671950936,0
1724,0.00016099994536489248,0.0,0.00016179995145648718,0
1725,0.00017089996254071593,0.0,0.00017179996939375997,0
1726,0.0001566999708302319,0.0,0.0001574999769218266,0
1727,0.0001558999647386372,0.0,0.00015679997159168124,0
1728,0.00016820000018924475,0.0,0.0001691999495960772,0
1729,0.00015579996397718787,0.0,0.00015659997006878257,0
1730,0.000159399991389364,0.0,0.00016029999824240804,0
1731,0.00016719999257475138,0.0,0.0001680999994277954,0
1732,0.00015549996169283986,0.0,0.00015629996778443456,0
1733,0.00015489995712414384,0.0,0.00015569996321573853,0
1734,0.0001689000055193901,0.0,0.0001697000116109848,0
1735,0.0001556000206619501,0.0,0.0001564000267535448,0
1736,0.00016759999562054873,0.0,0.0001686000032350421,0
1737,0.00015760003589093685,0.0,0.00015850004274398088,0
1738,0.00015400000847876072,0.0,0.00015490001533180475,0
1739,0.0001653000363148749,0.0003784999717026949,0.0031173000461421907,1
1740,0.00037839997094124556,0.0,0.0003795999800786376,0
1741,0.00017479999223724008,0.0,0.0001756999990902841,0
1742,0.00019109999993816018,0.0,0.00019210000755265355,0
1743,0.0001653000363148749,0.0,0.00016610004240646958,0
1744,0.0001626000157557428,0.0,0.00016350002260878682,0
1745,0.0001750999945215881,0.0,0.00017600000137463212,0
1746,0.00016730005154386163,0.0,0.00016820000018924475,0
1747,0.00016080000204965472,0.0,0.00016170000890269876,0
1748,0.00017449998995289207,0.0,0.0001753999968059361,0
1749,0.00016189995221793652,0.0,0.00016279995907098055,0
1750,0.00016170000890269876,0.0,0.00016259995754808187,0
1751,0.00017389998538419604,0.0,0.00017479999223724008,0
1752,0.00016620004316791892,0.0,0.00016710005002096295,0
1753,0.00016090000281110406,0.0,0.0001618000096641481,0
1754,0.0001745999907143414,0.0,0.00017559999832883477,0
1755,0.00016150000737980008,0.0,0.00016240001423284411,0
1756,0.00016830000095069408,0.0,0.00016930000856518745,0
1757,0.00016360002337023616,0.0,0.0001645000302232802,0
1758,0.00016460003098472953,0.0,0.00016550003783777356,0
1759,0.000172399973962456,0.00034110003616660833,0.002756899979431182,1
1760,0.00033160002203658223,0.0,0.0003330999752506614,0
1761,0.0001653999788686633,0.0,0.00016639998648315668,0
1762,0.00018740002997219563,0.0,0.00018830003682523966,0
1763,0.0001613000058569014,0.0,0.00016220001270994544,0
1764,0.0001598999951966107,0.0,0.00016070000128820539,0
1765,0.00017769995611160994,0.0,0.00017859996296465397,0
1766,0.00016199995297938585,0.0,0.00016279995907098055,0
1767,0.0001601999974809587,0.0,0.00016110000433400273,0
1768,0.00017260003369301558,0.0,0.0001734999823383987,0
1769,0.00016080000204965472,0.0,0.0001618000096641481,0
1770,0.0001604999997653067,0.0,0.00016140000661835074,0
1771,0.00017500005196779966,0.0,0.00017590000061318278,0
1772,0.0001610000035725534,0.0,0.0001618000096641481,0
1773,0.00016009999671950936,0.0,0.0001610000035725534,0
1774,0.00017289997776970267,0.0,0.00017369998386129737,0
1775,0.00016029999824240804,0.0,0.00016110000433400273,0
1776,0.00016789999790489674,0.0,0.00016870000399649143,0
1777,0.00016639998648315668,0.0,0.00016719999257475138,0
1778,0.0001599000534042716,0.0,0.00016080000204965472,0
1779,0.00017010001465678215,0.00039279996417462826,0.003250200010370463,1
1780,0.0003380000125616789,0.0,0.00033920002169907093,0
1781,0.0001996000064536929,0.0,0.00020050001330673695,0
1782,0.00018390000332146883,0.0,0.00018500001169741154,0
1783,0.00016070000128820539,0.0,0.00016150000737980008,0
1784,0.00015769997844472528,0.0,0.0001585999852977693,0
1785,0.00017019995721057057,0.0,0.0001710999640636146,0
1786,0.00015709997387602925,0.0,0.00015789997996762395,0
1787,0.00019539997447282076,0.0,0.00019619998056441545,0
1788,0.00016840000171214342,0.0,0.00016930000856518745,0
1789,0.0001547999563626945,0.0,0.0001555999624542892,0
1790,0.00015459995483979583,0.0,0.00015539996093139052,0
1791,0.0001674999948590994,0.0,0.00016830000095069408,0
1792,0.00019450002582743764,0.0,0.00019540003268048167,0
1793,0.0001838000025600195,0.0,0.0001846000086516142,0
1794,0.00016850000247359276,0.0,0.00016930000856518745,0
1795,0.00015659997006878257,0.0,0.0001574999769218266,0
1796,0.00016340002184733748,0.0,0.00016420002793893218,0
1797,0.00015890004578977823,0.0,0.00015970005188137293,0
1798,0.000159399991389364,0.0,0.0001601999974809587,0
1799,0.0001664000446908176,0.00039279996417462826,0.0031864000484347343,1
1800,0.0003237000200897455,0.0,0.0003250000299885869,0
1801,0.00020730000687763095,0.0,0.00020830001449212432,0
1802,0.00019290001364424825,0.0,0.00019400002202019095,0
1803,0.0002057999954558909,0.0,0.00020680000307038426,0
1804,0.0001598999951966107,0.0,0.00016070000128820539,0
1805,0.00017469999147579074,0.0,0.00017559999832883477,0
1806,0.00016080000204965472,0.0,0.0001615999499335885,0
1807,0.00015969999367371202,0.0,0.0001604999997653067,0
1808,0.00017680000746622682,0.0,0.00017770001431927085,0
1809,0.00016140000661835074,0.0,0.00016220001270994544,0
1810,0.00016280001727864146,0.0,0.00016369996592402458,0
1811,0.00017330003902316093,0.0,0.00017420004587620497,0
1812,0.00016070000128820539,0.0,0.00016150000737980008,0
1813,0.00015950005035847425,0.0,0.00016029999824240804,0
1814,0.00017690000822767615,0.0,0.00017790001584216952,0
1815,0.00016170000890269876,0.0,0.00016250001499429345,0
1816,0.0001694000093266368,0.0,0.00017030001617968082,0
1817,0.00016280001727864146,0.0,0.00016360002337023616,0
1818,0.00015929999062791467,0.0,0.00016009999671950936,0
1819,0.00017030001617968082,0.0003142000059597194,0.002844400005415082,1
1820,0.00028300000121816993,0.0,0.0002842999529093504,0
1821,0.00022839999292045832,0.0,0.00022950000129640102,0
1822,0.00018909998470917344,0.0,0.00019019999308511615,0
1823,0.00016460003098472953,0.0,0.00016550003783777356,0
1824,0.00016250001499429345,0.0,0.00016330002108588815,0
1825,0.00017479999223724008,0.0,0.0001756999990902841,0
1826,0.00018269999418407679,0.0,0.00018370000179857016,0
1827,0.00016190001042559743,0.0,0.00016280001727864146,0
1828,0.00017390004359185696,0.0,0.00017479999223724008,0
1829,0.00016220001270994544,0.0,0.00016310001956298947,0
1830,0.0001613000058569014,0.0,0.00016220001270994544,0
1831,0.00017319998005405068,0.0,0.00017399998614564538,0
1832,0.00016249995678663254,0.0,0.00016329996287822723,0
1833,0.0001601999974809587,0.0,0.0001610000035725534,0
1834,0.0001737999846227467,0.0,0.0001745999907143414,0
1835,0.00016170000890269876,0.0,0.00016249995678663254,0
1836,0.00016880000475794077,0.0,0.0001697000116109848,0
1837,0.00016280001727864146,0.0,0.00016360002337023616,0
1838,0.00016360002337023616,0.0,0.00016440002946183085,0
1839,0.00017170002683997154,0.00036429997999221087,0.0033955000108107924,1
1840,0.000338299956638366,0.0,0.00033959996653720737,0
1841,0.00019750004867091775,0.0,0.00019859999883919954,0
1842,0.00019180000526830554,0.0,0.0001928000128827989,0
1843,0.00015999999595806003,0.0,0.0001610000035725534,0
1844,0.00015739997616037726,0.0,0.00015819998225197196,0
1845,0.00016960001084953547,0.0,0.00017060001846402884,0
1846,0.00015650002751499414,0.0,0.00015750003512948751,0
1847,0.00015959999291226268,0.0,0.00016039999900385737,0
1848,0.00016910000704228878,0.0,0.00017010001465678215,0
1849,0.00015550001990050077,0.0,0.0001564000267535448,0
1850,0.00015520001761615276,0.0,0.00015600002370774746,0
1851,0.00016759999562054873,0.0,0.00016850000247359276,0
1852,0.0001550000160932541,0.0,0.00015580002218484879,0
1853,0.00015760003589093685,0.0,0.00015850004274398088,0
1854,0.0001669999910518527,0.0,0.00016789999790489674,0
1855,0.0001552999601699412,0.0,0.00015619996702298522,0
1856,0.00016289995983242989,0.0,0.00016379996668547392,0
1857,0.00015809998149052262,0.0,0.00015899998834356666,0
1858,0.00015520001761615276,0.0,0.00015600002370774746,0
1859,0.00017030001617968082,0.00036880001425743103,0.003099100023973733,1
1860,0.00033949996577575803,0.0,0.00034069997491315007,0
1861,0.00019300001440569758,0.0,0.00019400002202019095,0
1862,0.00018319999799132347,0.0,0.0001841000048443675,0
1863,0.00017640000442042947,0.0,0.0001773000112734735,0
1864,0.000166199984960258,0.0,0.00016709999181330204,0
1865,0.00017449998995289207,0.0,0.0001753999968059361,0
1866,0.00016250001499429345,0.0,0.00016330002108588815,0
1867,0.0001604999997653067,0.0,0.00016140000661835074,0
1868,0.0001740000443533063,0.0,0.0001748999929986894,0
1869,0.00016190001042559743,0.0,0.0001629000180400908,0
1870,0.00016489997506141663,0.0,0.00016579998191446066,0
1871,0.00017289997776970267,0.0,0.0001737999846227467,0
1872,0.00016120000509545207,0.0,0.0001620999537408352,0
1873,0.00016110000433400273,0.0,0.00016190001042559743,0
1874,0.00017399998614564538,0.0,0.0001748999929986894,0
1875,0.00016169995069503784,0.0,0.00016259995754808187,0
1876,0.00019299995619803667,0.0,0.0001938999630510807,0
1877,0.0001650999765843153,0.0,0.00016589998267591,0
1878,0.00016090000281110406,0.0,0.00016169995069503784,0
1879,0.00017249997472390532,0.00034600001526996493,0.0030168999801389873,1
1880,0.00033139996230602264,0.0,0.00033279997296631336,0
1881,0.00017129996558651328,0.0,0.00017229997320100665,0
1882,0.00019069999689236283,0.0,0.00019190000602975488,0
1883,0.00016299996059387922,0.0,0.00016389996744692326,0
1884,0.00016070000128820539,0.0,0.00016150000737980008,0
1885,0.00017519999528303742,0.0,0.00017610000213608146,0
1886,0.00016170000890269876,0.0,0.0001626000157557428,0
1887,0.0001647999742999673,0.0,0.00016579998191446066,0
1888,0.00017230003140866756,0.0,0.0001732000382617116,0
1889,0.00016070000128820539,0.0,0.00016150000737980008,0
1890,0.0001598999951966107,0.0,0.00016080000204965472,0
1891,0.00017309997929260135,0.0,0.00017389998538419604,0
1892,0.00016090000281110406,0.0,0.0001618000096641481,0
1893,0.00016419996973127127,0.0,0.00016499997582286596,0
1894,0.00017289997776970267,0.0,0.00017369998386129737,0
1895,0.00016150000737980008,0.0,0.00016230001347139478,0
1896,0.0001778999576345086,0.0,0.00017879996448755264,0
1897,0.00016409996896982193,0.0,0.00016489997506141663,0
1898,0.00016430002870038152,0.0,0.0001653000363148749,0
1899,0.00017390004359185696,0.00034790002973750234,0.0030140000162646174,1
1900,0.00027849996695294976,0.0,0.0002798999776132405,0
1901,0.00021030002972111106,0.0,0.00021130003733560443,0
1902,0.00020020001102238894,0.0,0.00020130001939833164,0
1903,0.00016250001499429345,0.0,0.00016350002260878682,0
1904,0.0002109999768435955,0.0,0.0002120999852195382,0
1905,0.00020919996313750744,0.0,0.00021009996999055147,0
1906,0.00017039995873346925,0.0,0.00017119996482506394,0
1907,0.00015619996702298522,0.0,0.00015699997311457992,0
1908,0.00018319999799132347,0.0,0.00018400000408291817,0
1909,0.00017600000137463212,0.0,0.00017690000822767615,0
1910,0.00015410000924021006,0.0,0.00015490001533180475,0
1911,0.00021980004385113716,0.0,0.00022080005146563053,0
1912,0.0001556000206619501,0.0,0.00015650002751499414,0
1913,0.00015460001304745674,0.0,0.00015550001990050077,0
1914,0.00018309999722987413,0.0,0.0001841000048443675,0
1915,0.00017360004130750895,0.0,0.00017450004816055298,0
1916,0.00017770001431927085,0.0,0.00017870002193376422,0
1917,0.00019789999350905418,0.0,0.00019869999960064888,0
1918,0.00015670002903789282,0.0,0.00015750003512948751,0
1919,0.00018180004553869367,0.0003084000200033188,0.003079200047068298,1
1920,0.00034279999090358615,0.0,0.0003440000000409782,0
1921,0.00019420002354308963,0.0,0.00019500002963468432,0
1922,0.0001846000086516142,0.0,0.00018550001550465822,0
1923,0.0001591000473126769,0.0,0.00016000005416572094,0
1924,0.00017110002227127552,0.0,0.0001718999701552093,0
1925,0.00022629997693002224,0.0,0.00022769998759031296,0
1926,0.0003318000235594809,0.0,0.0003328000311739743,0
1927,0.00016609998419880867,0.0,0.0001669999910518527,0
1928,0.00018089998047798872,0.0,0.00018179998733103275,0
1929,0.0001618000096641481,0.0,0.00016270001651719213,0
1930,0.00019859999883919954,0.0,0.00019940000493079424,0
1931,0.0001742999884299934,0.0,0.00017519999528303742,0
1932,0.00016240001423284411,0.0,0.00016330002108588815,0
1933,0.00016250001499429345,0.0,0.00016340002184733748,0
1934,0.0001748999929986894,0.0,0.00017579999985173345,0
1935,0.00016120000509545207,0.0,0.0001620999537408352,0
1936,0.00017180002760142088,0.0,0.00017280003521591425,0
1937,0.0001651000347919762,0.0,0.00016600004164502025,0
1938,0.00016190001042559743,0.0,0.00016270001651719213,0
1939,0.00017260003369301558,0.00036099995486438274,0.0031853000400587916,1
1940,0.00029769999673590064,0.0,0.0002992000081576407,0
1941,0.0001990000018849969,0.0,0.00019990000873804092,0
1942,0.00019260001135990024,0.0,0.00019370001973584294,0
1943,0.00016190001042559743,0.0,0.00016280001727864146,0
1944,0.0001610000035725534,0.0,0.0001618000096641481,0
1945,0.00017450004816055298,0.0,0.0001753999968059361,0
1946,0.00016569998115301132,0.0,0.00016649998724460602,0
1947,0.00016009999671950936,0.0,0.0001607999438419938,0
1948,0.00017259997548535466,0.0,0.0001734999823383987,0
1949,0.00016029999824240804,0.0,0.00016110000433400273,0
1950,0.0001604999997653067,0.0,0.0001613000058569014,0
1951,0.0001734999823383987,0.0,0.0001742999884299934,0
1952,0.00016329996287822723,0.0,0.00016419996973127127,0
1953,0.00016009999671950936,0.0,0.00016090000281110406,0
1954,0.00017200002912431955,0.0,0.00017280003521591425,0
1955,0.00016090000281110406,0.0,0.00016170000890269876,0
1956,0.00016930000856518745,0.0,0.0001702000154182315,0
1957,0.0001669999910518527,0.0,0.00016799999866634607,0
1958,0.00016009999671950936,0.0,0.0001610000035725534,0
1959,0.00017200002912431955,0.0003469999646767974,0.003313200024422258,1
1960,0.00034110003616660833,0.0,0.00034229998709633946,0
1961,0.00024209998082369566,0.0,0.00024309998843818903,0
1962,0.00018710002768784761,0.0,0.00018810003530234098,0
1963,0.00016029999824240804,0.0,0.00016120000509545207,0
1964,0.00015730003360658884,0.0,0.00015810003969818354,0
1965,0.0001705000177025795,0.0,0.00017140002455562353,0
1966,0.00015799998072907329,0.0,0.00015879998682066798,0
1967,0.0001610000035725534,0.0,0.0001618000096641481,0
1968,0.00016840000171214342,0.0,0.00016930000856518745,0
1969,0.0001561000244691968,0.0,0.0001569000305607915,0
1970,0.0001564000267535448,0.0,0.0001572000328451395,0
1971,0.00016870000399649143,0.0,0.00016950001008808613,0
1972,0.00015590002294629812,0.0,0.00015670002903789282,0
1973,0.00019460002658888698,0.0,0.00019560003420338035,0
1974,0.00016930000856518745,0.0,0.00017030001617968082,0
1975,0.00015650002751499414,0.0,0.00015740003436803818,0
1976,0.00016440002946183085,0.0,0.00016540003707632422,0
1977,0.00015839998377487063,0.0,0.00015929999062791467,0
1978,0.00015689997235313058,0.0,0.0001577999792061746,0
1979,0.0002935999655164778,0.00039060000563040376,0.0035424999659880996,1
1980,0.00032130000181496143,0.0,0.00032270001247525215,0
1981,0.00017369998386129737,0.0,0.00017479999223724008,0
1982,0.00019859999883919954,0.0,0.00019970000721514225,0
1983,0.00016430002870038152,0.0,0.00016519997734576464,0
1984,0.00016220001270994544,0.0,0.00016310001956298947,0
1985,0.0001753999968059361,0.0,0.00017640000442042947,0
1986,0.00016120000509545207,0.0,0.00016200001118704677,0
1987,0.00016620004316791892,0.0,0.0001669999910518527,0
1988,0.00017479999223724008,0.0,0.0001756999990902841,0
1989,0.00016149994917213917,0.0,0.0001623999560251832,0
1990,0.00016229995526373386,0.0,0.0001631999621167779,0
1991,0.00017399998614564538,0.0,0.00017479999223724008,0
1992,0.00016580004012212157,0.0,0.00016660004621371627,0
1993,0.00016090000281110406,0.0,0.00016170000890269876,0
1994,0.00017469999147579074,0.0,0.00017549999756738544,0
1995,0.00016249995678663254,0.0,0.00016329996287822723,0
1996,0.0001686000032350421,0.0,0.00016950001008808613,0
1997,0.00016449997201561928,0.0,0.0001653999788686633,0
1998,0.00016379996668547392,0.0,0.00016469997353851795,0
1999,0.00017229997320100665,0.00033850001636892557,0.002888999995775521,1
