step,step_state_sec,to_numpy_sec,total_step_sec,saved
0,0.009602800011634827,0.0003304999554529786,0.011883300030604005,1
1,0.000496799941174686,0.0,0.000498899957165122,0
2,0.0003662999952211976,0.0,0.000367900007404387,0
3,0.0003880000440403819,0.0,0.00038950005546212196,0
4,0.00034170004073530436,0.0,0.0003432000521570444,0
5,0.00038789992686361074,0.0,0.0003896999405696988,0
6,0.0004608999006450176,0.0,0.00046289991587400436,0
7,0.0003842000151053071,0.0,0.00038569991011172533,0
8,0.00036349997390061617,0.0,0.0003649999853223562,0
9,0.00038760004099458456,0.0004160000244155526,0.0029049000004306436,1
10,0.0005038999952375889,0.0,0.0005058000097051263,0
11,0.000367600005120039,0.0,0.0003693000180646777,0
12,0.00037889997474849224,0.0,0.00038029998540878296,0
13,0.00036789989098906517,0.0,0.00036949990317225456,0
14,0.00036589999217540026,0.0,0.0003674000035971403,0
15,0.0003861000295728445,0.0,0.00038780004251748323,0
16,0.0005039999959990382,0.0,0.0005059000104665756,0
17,0.00038059998769313097,0.0,0.00038219999987632036,0
18,0.0004051999421790242,0.0,0.0004067999543622136,0
19,0.0003595000598579645,0.00042099994607269764,0.0030197000596672297,1
20,0.00048809999134391546,0.0,0.0004898000042885542,0
21,0.000394499977119267,0.0,0.0003961999900639057,0
22,0.0004093999741598964,0.0,0.00041099998634308577,0
23,0.00037240004166960716,0.0,0.00037400005385279655,0
24,0.0003559000324457884,0.0,0.0003573000431060791,0
25,0.00037690007593482733,0.0,0.00037859997246414423,0
26,0.0003583999350667,0.0,0.0003599999472498894,0
27,0.0003600999480113387,0.0,0.00036179996095597744,0
28,0.00036969990469515324,0.0,0.00037129991687834263,0
29,0.000358999939635396,0.0004529000725597143,0.00293810002040118,1
30,0.0005374999018386006,0.0,0.000539399916306138,0
31,0.00025200005620718,0.0,0.00025320006534457207,0
32,0.0002597999991849065,0.0,0.00026089989114552736,0
33,0.0003538000164553523,0.0,0.000354900024831295,0
34,0.00021279999054968357,0.0,0.00021440000273287296,0
35,0.0002615000121295452,0.0,0.0002628000220283866,0
36,0.0004027000395581126,0.0,0.00040380004793405533,0
37,0.00018970004748553038,0.0,0.00019080005586147308,0
38,0.0002668999368324876,0.0,0.00026789994444698095,0
39,0.00017849996220320463,0.00035550002939999104,0.002581499982625246,1
40,0.0005409999284893274,0.0,0.0005431999452412128,0
41,0.00041880004573613405,0.0,0.0004205000586807728,0
42,0.00045240006875246763,0.0,0.0004545000847429037,0
43,0.000417000032030046,0.0,0.0004186999285593629,0
44,0.000355200027115643,0.0,0.00035699992440640926,0
45,0.00038700003642588854,0.0,0.0003885999321937561,0
46,0.00036339997313916683,0.0,0.00036509998608380556,0
47,0.0003925000783056021,0.0,0.0003944000927731395,0
48,0.00044950004667043686,0.0,0.0004512999439612031,0
49,0.0004195999354124069,0.000467000063508749,0.003205199958756566,1
50,0.0005160999717190862,0.0,0.0005182999884709716,0
51,0.00040069990791380405,0.0,0.00040229992009699345,0
52,0.0004094999749213457,0.0,0.00041119998786598444,0
53,0.0003697999054566026,0.0,0.0003714999184012413,0
54,0.0002911000046879053,0.0,0.00029250001534819603,0
55,0.0002402999671176076,0.0,0.00024129997473210096,0
56,0.00017769995611160994,0.0,0.00017849996220320463,0
57,0.0001832999987527728,0.0,0.00018430000636726618,0
58,0.00018879992421716452,0.0,0.0001897999318316579,0
59,0.0001724000321701169,0.0003295999485999346,0.002272099955007434,1
60,0.0004607000155374408,0.0,0.00046230002772063017,0
61,0.0003474999684840441,0.0,0.00034899997990578413,0
62,0.0003749000607058406,0.0,0.0003766000736504793,0
63,0.0003434000536799431,0.0,0.000344799947924912,0
64,0.00033199996687471867,0.0,0.0003334999782964587,0
65,0.0003537999000400305,0.0,0.00035529991146177053,0
66,0.0003367000026628375,0.0,0.00033820001408457756,0
67,0.00032920006196945906,0.0,0.0003307000733911991,0
68,0.00038350000977516174,0.0,0.0003855000250041485,0
69,0.0005130000645294785,0.00046129990369081497,0.0029833000153303146,1
70,0.000466100056655705,0.0,0.0004675000673159957,0
71,0.0002343000378459692,0.0,0.00023550004698336124,0
72,0.00032430002465844154,0.0,0.00032540003303438425,0
73,0.00018949992954730988,0.0,0.0001903999364003539,0
74,0.00017410004511475563,0.0,0.00017499993555247784,0
75,0.00025949999690055847,0.0,0.00026050000451505184,0
76,0.00017529993783682585,0.0,0.00017609994392842054,0
77,0.00017260003369301558,0.0,0.0001735000405460596,0
78,0.00026030000299215317,0.0,0.0002614000113680959,0
79,0.00017369992565363646,0.00035500002559274435,0.0023430000292137265,1
80,0.0004034999292343855,0.0,0.0004048999398946762,0
81,0.0001832999987527728,0.0,0.00018430000636726618,0
82,0.00027299998328089714,0.0,0.00027409999165683985,0
83,0.00018279999494552612,0.0,0.00018360000103712082,0
84,0.00017259991727769375,0.0,0.00017349992413073778,0
85,0.0002859999658539891,0.0,0.00028689997270703316,0
86,0.00017360004130750895,0.0,0.00017439993098378181,0
87,0.00016820000018924475,0.0,0.00016900000628083944,0
88,0.00025319994892925024,0.0,0.0002541999565437436,0
89,0.00017190002836287022,0.000358999939635396,0.0021756000351160765,1
90,0.0004836000734940171,0.0,0.00048550008796155453,0
91,0.00027029996272176504,0.0,0.0002717999741435051,0
92,0.0002530999481678009,0.0,0.0002541999565437436,0
93,0.00018420000560581684,0.0,0.00018530001398175955,0
94,0.00017150002531707287,0.0,0.0001724000321701169,0
95,0.00018610002007335424,0.0,0.0001870999112725258,0
96,0.00017060001846402884,0.0,0.0001716000260785222,0
97,0.0002036999212577939,0.0,0.0002047999296337366,0
98,0.0002004000125452876,0.0,0.00020140002015978098,0
99,0.00017100002150982618,0.00035990006290376186,0.0026027000276371837,1
100,0.00048370007425546646,0.0,0.00048509996850043535,0
101,0.000229199999012053,0.0,0.00023030000738799572,0
102,0.00025379995349794626,0.0,0.0002549999626353383,0
103,0.00022360007278621197,0.0,0.00022470008116215467,0
104,0.00023480004165321589,0.0,0.0002359000500291586,0
105,0.0002586999908089638,0.0,0.00025969999842345715,0
106,0.00017600005958229303,0.0,0.00017680006567388773,0
107,0.0001694000093266368,0.0,0.00017030001617968082,0
108,0.00022149994038045406,0.0,0.0002223999472334981,0
109,0.00017250003293156624,0.00028879998717457056,0.0022760999854654074,1
110,0.0002687000669538975,0.0,0.00027000007685273886,0
111,0.00019560009241104126,0.0,0.00019669998437166214,0
112,0.00024369999300688505,0.0,0.00024480000138282776,0
113,0.00017639994621276855,0.0,0.00017719995230436325,0
114,0.00016900000628083944,0.0,0.00016990001313388348,0
115,0.00018319999799132347,0.0,0.00018420000560581684,0
116,0.0001700000138953328,0.0,0.00017090002074837685,0
117,0.000179799972102046,0.0,0.00018069997895509005,0
118,0.0001841000048443675,0.0,0.00018500001169741154,0
119,0.00016719999257475138,0.0002804000396281481,0.001987099996767938,1
120,0.00023830006830394268,0.0,0.00023960007820278406,0
121,0.00017230003140866756,0.0,0.00017330003902316093,0
122,0.00019289995543658733,0.0,0.0001938999630510807,0
123,0.0001674999948590994,0.0,0.00016840000171214342,0
124,0.0001694000093266368,0.0,0.00017040001694113016,0
125,0.00018129998352378607,0.0,0.00018229999113827944,0
126,0.00016589998267591,0.0,0.0001666999887675047,0
127,0.00016459997277706861,0.0,0.00016549997963011265,0
128,0.000179499969817698,0.0,0.00018049997743219137,0
129,0.0001740999286994338,0.0002717000897973776,0.0020209000213071704,1
130,0.0002576999831944704,0.0,0.0002590999938547611,0
131,0.00017269991803914309,0.0,0.0001737999264150858,0
132,0.00019419996533542871,0.0,0.00019539997447282076,0
133,0.00016900000628083944,0.0,0.00016990001313388348,0
134,0.00016730010975152254,0.0,0.0001680999994277954,0
135,0.00023900007363408804,0.0,0.00024039996787905693,0
136,0.0002294000005349517,0.0,0.00023070001043379307,0
137,0.00017330003902316093,0.0,0.00017420004587620497,0
138,0.00018649990670382977,0.0,0.0001873999135568738,0
139,0.00016789999790489674,0.0003551000263541937,0.002309400006197393,1
140,0.0002714000875130296,0.0,0.00027269998099654913,0
141,0.00017310003750026226,0.0,0.00017410004511475563,0
142,0.00019839999731630087,0.0,0.00019950000569224358,0
143,0.00017159990966320038,0.0,0.0001724999165162444,0
144,0.0002261999761685729,0.0,0.00022719998378306627,0
145,0.00022709998302161694,0.0,0.00022799998987466097,0
146,0.00017089990433305502,0.0,0.0001718999119475484,0
147,0.0001686000032350421,0.0,0.00016950001008808613,0
148,0.00018099998123943806,0.0,0.00018199998885393143,0
149,0.00017830007709562778,0.0002972999354824424,0.002103000064380467,1
150,0.0003021999727934599,0.0,0.00030369998421519995,0
151,0.0002215999411419034,0.0,0.00022279995027929544,0
152,0.00020159990526735783,0.0,0.00020249991212040186,0
153,0.00016960001084953547,0.0,0.0001705000177025795,0
154,0.000179499969817698,0.0,0.00018039997667074203,0
155,0.00018200010526925325,0.0,0.00018280011136084795,0
156,0.00016799999866634607,0.0,0.0001689000055193901,0
157,0.00016629998572170734,0.0,0.00016709999181330204,0
158,0.00017959997057914734,0.0,0.00018049997743219137,0
159,0.0001778999576345086,0.0002891999902203679,0.0023453999310731888,1
160,0.0004149000160396099,0.0,0.0004162000259384513,0
161,0.0001996000064536929,0.0,0.00020080001559108496,0
162,0.00022410007659345865,0.0,0.00022540008649230003,0
163,0.0001724000321701169,0.0,0.00017340003978461027,0
164,0.00016870000399649143,0.0,0.00016959989443421364,0
165,0.00018159998580813408,0.0,0.00018259999342262745,0
166,0.00016719999257475138,0.0,0.00016799999866634607,0
167,0.00016649998724460602,0.0,0.00016739999409765005,0
168,0.00018780003301799297,0.0,0.00018880004063248634,0
169,0.0001674999948590994,0.0002720999764278531,0.00204149994533509,1
170,0.00030590000096708536,0.0,0.0003074000123888254,0
171,0.00022199994418770075,0.0,0.00022309995256364346,0
172,0.0002471000188961625,0.0,0.0002481999108567834,0
173,0.00016799999866634607,0.0,0.00016900000628083944,0
174,0.00016169995069503784,0.0,0.00016259995754808187,0
175,0.00017709995154291391,0.0,0.00017799995839595795,0
176,0.00016289995983242989,0.0,0.00016369996592402458,0
177,0.00016289995983242989,0.0,0.00016369996592402458,0
178,0.0001818999880924821,0.0,0.00018279999494552612,0
179,0.00016249995678663254,0.00028249993920326233,0.0020071999169886112,1
180,0.00023369991686195135,0.0,0.00023499992676079273,0
181,0.00016870000399649143,0.0,0.0001697000116109848,0
182,0.00018939992878586054,0.0,0.0001903999364003539,0
183,0.000166199984960258,0.0,0.00016709999181330204,0
184,0.00017209991347044706,0.0,0.00017309992108494043,0
185,0.00018129998352378607,0.0,0.0001821999903768301,0
186,0.00016549997963011265,0.0,0.00016629998572170734,0
187,0.0001639999682083726,0.0,0.0001647999742999673,0
188,0.00017530005425214767,0.0,0.0001762000611051917,0
189,0.00016519997734576464,0.0002880999818444252,0.002052099909633398,1
190,0.00028309994377195835,0.0,0.0002845999551936984,0
191,0.00016840000171214342,0.0,0.00016950001008808613,0
192,0.00019180006347596645,0.0,0.00019280007109045982,0
193,0.00016460008919239044,0.0,0.0001653999788686633,0
194,0.000161500065587461,0.0,0.00016240007244050503,0
195,0.00018269999418407679,0.0,0.00018360000103712082,0
196,0.00016359996516257524,0.0,0.00016449997201561928,0
197,0.0001607999438419938,0.0,0.00016169995069503784,0
198,0.00017420004587620497,0.0,0.00017520005349069834,0
199,0.00016110006254166365,0.0002834999468177557,0.0020001999801024795,1
200,0.00028490007389336824,0.0,0.00028630008455365896,0
201,0.00022040004841983318,0.0,0.0002215000567957759,0
202,0.00019340007565915585,0.0,0.00019450008403509855,0
203,0.0001666999887675047,0.0,0.0001674999948590994,0
204,0.00016439997125416994,0.0,0.00016519997734576464,0
205,0.00017799995839595795,0.0,0.00017879996448755264,0
206,0.00016469997353851795,0.0,0.00016559998039156199,0
207,0.0001724000321701169,0.0,0.00017330003902316093,0
208,0.00018770003225654364,0.0,0.00018850003834813833,0
209,0.00016449997201561928,0.00027550000231713057,0.0020586999598890543,1
210,0.00033389998134225607,0.0,0.0003350999904796481,0
211,0.00019649998284876347,0.0,0.00019749999046325684,0
212,0.00029799994081258774,0.0,0.00029909994918853045,0
213,0.00016409996896982193,0.0,0.00016499997582286596,0
214,0.00015989993698894978,0.0,0.0001607999438419938,0
215,0.00017370004206895828,0.0,0.00017450004816055298,0
216,0.0001596000511199236,0.0,0.00016030005645006895,0
217,0.0001642999704927206,0.0,0.0001650999765843153,0
218,0.00017140002455562353,0.0,0.00017230003140866756,0
219,0.00015879992861300707,0.0002661000471562147,0.0024158000014722347,1
220,0.000327700050547719,0.0,0.00032899994403123856,0
221,0.00017880008090287447,0.0,0.0001797000877559185,0
222,0.00018590001855045557,0.0,0.00018690002616494894,0
223,0.00017289991956204176,0.0,0.00017389992717653513,0
224,0.00015410000924021006,0.0,0.0001550000160932541,0
225,0.0001674999948590994,0.0,0.00016830000095069408,0
226,0.00019160006195306778,0.0,0.00019240006804466248,0
227,0.00015330000314861536,0.0,0.00015410000924021006,0
228,0.00016649998724460602,0.0,0.00016729999333620071,0
229,0.00015219999477267265,0.00030890002381056547,0.0024103999603539705,1
230,0.00028359994757920504,0.0,0.0002847999567165971,0
231,0.0001846998929977417,0.0,0.00018559989985078573,0
232,0.00017720006871968508,0.0,0.0001781000755727291,0
233,0.00016389996744692326,0.0,0.0001647999742999673,0
234,0.00015249999705702066,0.0,0.00015330000314861536,0
235,0.00020219990983605385,0.0,0.00020319991745054722,0
236,0.00015470001380890608,0.0,0.00015550001990050077,0
237,0.00015209999401122332,0.0,0.000152900000102818,0
238,0.00016520009376108646,0.0,0.00016600009985268116,0
239,0.00015310000162571669,0.00034090003464370966,0.002353799995034933,1
240,0.00031129992567002773,0.0,0.0003124999348074198,0
241,0.00018530001398175955,0.0,0.00018620002083480358,0
242,0.0001789000816643238,0.0,0.00017990008927881718,0
243,0.00015660002827644348,0.0,0.00015750003512948751,0
244,0.00015410000924021006,0.0,0.00015490001533180475,0
245,0.0002031000331044197,0.0,0.0002039000391960144,0
246,0.00015390000771731138,0.0,0.00015480001457035542,0
247,0.00015380000695586205,0.0,0.00015460001304745674,0
248,0.00016679998952895403,0.0,0.00016759999562054873,0
249,0.0001542000100016594,0.0004005999071523547,0.00285349995829165,1
250,0.00044540001545101404,0.0,0.0004466000245884061,0
251,0.0002492000348865986,0.0,0.0002503000432625413,0
252,0.00019010005053132772,0.0,0.00019100005738437176,0
253,0.00016170006711035967,0.0,0.0001626000739634037,0
254,0.00015890004578977823,0.0,0.00015970005188137293,0
255,0.0001724999165162444,0.0,0.00017349992413073778,0
256,0.00019799999427050352,0.0,0.0001990000018849969,0
257,0.00015879992861300707,0.0,0.0001596999354660511,0
258,0.0001705000177025795,0.0,0.00017150002531707287,0
259,0.00015740003436803818,0.00029039999935775995,0.00272320001386106,1
260,0.00032049999572336674,0.0,0.0003217000048607588,0
261,0.0001634000800549984,0.0,0.00016430008690804243,0
262,0.0001860000193119049,0.0,0.00018690002616494894,0
263,0.00019679998513311148,0.0,0.0001976999919861555,0
264,0.000157299917191267,0.0,0.00015819992404431105,0
265,0.0001852000132203102,0.0,0.00018610002007335424,0
266,0.00015730003360658884,0.0,0.00015810003969818354,0
267,0.00015600002370774746,0.0,0.00015679991338402033,0
268,0.00016920000780373812,0.0,0.00017010001465678215,0
269,0.00022689998149871826,0.0003233000170439482,0.002318799961358309,1
270,0.0002759000053629279,0.0,0.0002772000152617693,0
271,0.00016439997125416994,0.0,0.0001653999788686633,0
272,0.00018480001017451286,0.0,0.00018590001855045557,0
273,0.00016589998267591,0.0,0.00016689999029040337,0
274,0.0001591000473126769,0.0,0.00016000005416572094,0
275,0.0001740000443533063,0.0,0.000175100052729249,0
276,0.00015839992556720972,0.0,0.00015929993242025375,0
277,0.00015710003208369017,0.0,0.00015790003817528486,0
278,0.00017030001617968082,0.0,0.0001713000237941742,0
279,0.00019029993563890457,0.0003019999712705612,0.002356700017116964,1
280,0.00031749997287988663,0.0,0.000318799982778728,0
281,0.00016469997353851795,0.0,0.00016579998191446066,0
282,0.0001865999074652791,0.0,0.00018759991507977247,0
283,0.00016649998724460602,0.0,0.0001674999948590994,0
284,0.00017250003293156624,0.0,0.00017349992413073778,0
285,0.00017659994773566723,0.0,0.00017749995458871126,0
286,0.00015949993394315243,0.0,0.00016029994003474712,0
287,0.00015890004578977823,0.0,0.00015980005264282227,0
288,0.00024339999072253704,0.0,0.0002443999983370304,0
289,0.00019559997599571943,0.00031210004817694426,0.0024010000051930547,1
290,0.000408099964261055,0.0,0.00040959997568279505,0
291,0.00016920000780373812,0.0,0.0001702000154182315,0
292,0.00018729991279542446,0.0,0.00018829992040991783,0
293,0.00016059994231909513,0.0,0.00016149994917213917,0
294,0.00015760003589093685,0.0,0.00015860004350543022,0
295,0.00017190002836287022,0.0,0.00017290003597736359,0
296,0.00016169995069503784,0.0,0.0001626999583095312,0
297,0.00015750003512948751,0.0,0.00015849992632865906,0
298,0.0001702000154182315,0.0,0.00017110002227127552,0
299,0.0001580999232828617,0.00031700008548796177,0.0022911999840289354,1
300,0.0003505999920889735,0.0,0.0003519000019878149,0
301,0.00016599998343735933,0.0,0.00016709999181330204,0
302,0.00018510001245886087,0.0,0.00018609990365803242,0
303,0.00016030005645006895,0.0,0.00016120006330311298,0
304,0.00015760003589093685,0.0,0.00015850004274398088,0
305,0.000170599902048707,0.0,0.00017159990966320038,0
306,0.00018910004291683435,0.0,0.0001900000497698784,0
307,0.00015810003969818354,0.0,0.00015900004655122757,0
308,0.0001708000199869275,0.0,0.00017179991118609905,0
309,0.00015790003817528486,0.0003370000049471855,0.0022235000506043434,1
310,0.0003825000021606684,0.0,0.0003964999923482537,0
311,0.00019209994934499264,0.0,0.00019319995772093534,0
312,0.0001852000132203102,0.0,0.00018620002083480358,0
313,0.0001610000617802143,0.0,0.00016200006939470768,0
314,0.00015780003741383553,0.0,0.00015860004350543022,0
315,0.00017579994164407253,0.0,0.0001767999492585659,0
316,0.00020679994486272335,0.0,0.00020769995171576738,0
317,0.00017180002760142088,0.0,0.00017260003369301558,0
318,0.00017070001922547817,0.0,0.00017170002683997154,0
319,0.0001585999270901084,0.0003594000590965152,0.0023147999309003353,1
320,0.0003312999615445733,0.0,0.00033249997068196535,0
321,0.00016559998039156199,0.0,0.00016659998800605536,0
322,0.00018440000712871552,0.0,0.00018540001474320889,0
323,0.00015930004883557558,0.0,0.00016020005568861961,0
324,0.00015870004426687956,0.0,0.00015970005188137293,0
325,0.0002626000205054879,0.0,0.0002637000288814306,0
326,0.00016439997125416994,0.0,0.00016529997810721397,0
327,0.0001596999354660511,0.0,0.0001604999415576458,0
328,0.00017280003521591425,0.0,0.00017360004130750895,0
329,0.00016000005416572094,0.0003038999857380986,0.0023351000854745507,1
330,0.00028899998869746923,0.0,0.0002902999985963106,0
331,0.00019339995924383402,0.0,0.00019429996609687805,0
332,0.00019839999731630087,0.0,0.00019950000569224358,0
333,0.00020929996389895678,0.0,0.00021029997151345015,0
334,0.00015740003436803818,0.0,0.0001583000412210822,0
335,0.00017120002303272486,0.0,0.0001721000298857689,0
336,0.0001583000412210822,0.0,0.00015919993165880442,0
337,0.0001580000389367342,0.0,0.00015870004426687956,0
338,0.00017049990128725767,0.0,0.00017149990890175104,0
339,0.0001615999499335885,0.0003847000189125538,0.0026445999974384904,1
340,0.0003195999888703227,0.0,0.0003209999995306134,0
341,0.0001626999583095312,0.0,0.00016369996592402458,0
342,0.00022200006060302258,0.0,0.00022289995104074478,0
343,0.00016060005873441696,0.0,0.000161500065587461,0
344,0.00015850004274398088,0.0,0.00015940004959702492,0
345,0.00017089990433305502,0.0,0.00017179991118609905,0
346,0.0001583000412210822,0.0,0.00015930004883557558,0
347,0.00018810003530234098,0.0,0.00018900004215538502,0
348,0.00017079990357160568,0.0,0.00017179991118609905,0
349,0.00015740003436803818,0.00031189993023872375,0.0023092000046744943,1
350,0.00036090007051825523,0.0,0.0003624000819399953,0
351,0.00016960001084953547,0.0,0.00017060001846402884,0
352,0.0002215000567957759,0.0,0.00022240006364881992,0
353,0.0001601999392732978,0.0,0.00016109994612634182,0
354,0.00018440000712871552,0.0,0.00018530001398175955,0
355,0.00017140002455562353,0.0,0.00017230003140866756,0
356,0.00019419996533542871,0.0,0.00019509997218847275,0
357,0.00015659991186112165,0.0,0.0001574999187141657,0
358,0.00022839999292045832,0.0,0.000229199999012053,0
359,0.00015819992404431105,0.00030150008387863636,0.002460499992594123,1
360,0.0005053000058978796,0.0,0.0005071000196039677,0
361,0.00022130005527287722,0.0,0.00022250006441026926,0
362,0.0002625000197440386,0.0,0.00026380002964287996,0
363,0.00020589993800967932,0.0,0.00020679994486272335,0
364,0.00020330003462731838,0.0,0.00020420004148036242,0
365,0.000251100049354136,0.0,0.00025230005849152803,0
366,0.00025320006534457207,0.0,0.00025420007295906544,0
367,0.00020709994714707136,0.0,0.00020789995323866606,0
368,0.00024159997701644897,0.0,0.00024259998463094234,0
369,0.00016270007472485304,0.00029619992710649967,0.002642700099386275,1
370,0.0003367000026628375,0.0,0.0003380000125616789,0
371,0.00021580001339316368,0.0,0.00021680002100765705,0
372,0.0002351999282836914,0.0,0.00023639993742108345,0
373,0.00020410004071891308,0.0,0.00020510004833340645,0
374,0.00016140006482601166,0.0,0.00016240007244050503,0
375,0.00017290003597736359,0.0,0.00017390004359185696,0
376,0.0001585999270901084,0.0,0.00015949993394315243,0
377,0.00015760003589093685,0.0,0.00015840004198253155,0
378,0.00017200002912431955,0.0,0.00017290003597736359,0
379,0.00022479996550828218,0.0003114000428467989,0.002505199983716011,1
380,0.0003010000800713897,0.0,0.0003021999727934599,0
381,0.00016409996896982193,0.0,0.0001650999765843153,0
382,0.00021680002100765705,0.0,0.00021780002862215042,0
383,0.00016090006101876497,0.0,0.000161800067871809,0
384,0.0001596000511199236,0.0,0.0001604999415576458,0
385,0.0001721999142318964,0.0,0.00017309992108494043,0
386,0.00015930004883557558,0.0,0.00016030005645006895,0
387,0.00018880004063248634,0.0,0.00018960004672408104,0
388,0.00020709994714707136,0.0,0.0002079999540001154,0
389,0.00015689991414546967,0.0003030000953003764,0.002373899915255606,1
390,0.0003252999158576131,0.0,0.00032679992727935314,0
391,0.00016629998572170734,0.0,0.00016739999409765005,0
392,0.00018589990213513374,0.0,0.00018699991051107645,0
393,0.00016080006025731564,0.0,0.00016189995221793652,0
394,0.00015890004578977823,0.0,0.00015980005264282227,0
395,0.00017180002760142088,0.0,0.00017280003521591425,0
396,0.00016309996135532856,0.0,0.00016409996896982193,0
397,0.00015760003589093685,0.0,0.00015839992556720972,0
398,0.0001705000177025795,0.0,0.0001716000260785222,0
399,0.0001580999232828617,0.000291000003926456,0.0027205999940633774,1
400,0.00030159996822476387,0.0,0.0003026999766007066,0
401,0.00016229995526373386,0.0,0.00016339996363967657,0
402,0.00018480001017451286,0.0,0.00018580001778900623,0
403,0.00015970005188137293,0.0,0.0001607000594958663,0
404,0.00016149994917213917,0.0,0.0001623999560251832,0
405,0.00017170002683997154,0.0,0.00017269991803914309,0
406,0.00015820004045963287,0.0,0.0001591000473126769,0
407,0.0001569000305607915,0.0,0.00015789992175996304,0
408,0.00017100002150982618,0.0,0.00017200002912431955,0
409,0.00015670002903789282,0.0003369000041857362,0.0025328000774607062,1
410,0.00032750004902482033,0.0,0.00032870005816221237,0
411,0.00018430000636726618,0.0,0.00018540001474320889,0
412,0.00020309991668909788,0.0,0.00020409992430359125,0
413,0.0001916999462991953,0.0,0.00019249995239078999,0
414,0.0001564000267535448,0.0,0.00015740003436803818,0
415,0.0001708000199869275,0.0,0.00017170002683997154,0
416,0.00015820004045963287,0.0,0.0001591000473126769,0
417,0.00015570002142339945,0.0,0.00015650002751499414,0
418,0.00017399992793798447,0.0,0.0001748999347910285,0
419,0.00015740003436803818,0.000309899915009737,0.0023619000567123294,1
420,0.00030129996594041586,0.0,0.0003024999750778079,0
421,0.0001642999704927206,0.0,0.00016529997810721397,0
422,0.00018999993335455656,0.0,0.00019099994096904993,0
423,0.00016119994688779116,0.0,0.00016219995450228453,0
424,0.00017119990661740303,0.0,0.0001721999142318964,0
425,0.00017520005349069834,0.0,0.0001762000611051917,0
426,0.00015890004578977823,0.0,0.00015970005188137293,0
427,0.00016170006711035967,0.0,0.0001626000739634037,0
428,0.00017119990661740303,0.0,0.00017199991270899773,0
429,0.00015820004045963287,0.0003011999651789665,0.0027979000005871058,1
430,0.000390100060030818,0.0,0.00039160007145255804,0
431,0.00021570001263171434,0.0,0.00021670002024620771,0
432,0.0002343999221920967,0.0,0.00023539992980659008,0
433,0.0002650999231263995,0.0,0.00026629993226379156,0
434,0.0001778999576345086,0.0,0.00017879996448755264,0
435,0.00017689995002001524,0.0,0.00017779995687305927,0
436,0.00015940004959702492,0.0,0.00016029994003474712,0
437,0.00015840004198253155,0.0,0.00015920004807412624,0
438,0.00017580005805939436,0.0,0.00017659994773566723,0
439,0.00015929993242025375,0.0003127000527456403,0.0025097999023273587,1
440,0.0003021999727934599,0.0,0.0003032999811694026,0
441,0.0001970999874174595,0.0,0.0001981999957934022,0
442,0.00018470000941306353,0.0,0.0001857000170275569,0
443,0.00016029994003474712,0.0,0.00016119994688779116,0
444,0.00015740003436803818,0.0,0.00015850004274398088,0
445,0.00017110002227127552,0.0,0.0001721000298857689,0
446,0.00015839992556720972,0.0,0.00015929993242025375,0
447,0.00018890004139393568,0.0,0.00018990004900842905,0
448,0.0001721000298857689,0.0,0.00017300003673881292,0
449,0.0001572000328451395,0.000304899993352592,0.002422999939881265,1
450,0.00031269993633031845,0.0,0.0003138999454677105,0
451,0.0001650999765843153,0.0,0.000166199984960258,0
452,0.00018239999189972878,0.0,0.00018339999951422215,0
453,0.0001604000572115183,0.0,0.00016140006482601166,0
454,0.00015670002903789282,0.0,0.00015760003589093685,0
455,0.0001713000237941742,0.0,0.00017220003064721823,0
456,0.00018940004520118237,0.0,0.0001903000520542264,0
457,0.00015609990805387497,0.0,0.00015689991414546967,0
458,0.00016980001237243414,0.0,0.00017070001922547817,0
459,0.00015709991566836834,0.0003378000110387802,0.0023875999031588435,1
460,0.0002941000275313854,0.0,0.000295399921014905,0
461,0.00016279995907098055,0.0,0.00016389996744692326,0
462,0.0001829999964684248,0.0,0.0001841000048443675,0
463,0.0001585999270901084,0.0,0.00015959993470460176,0
464,0.00015820004045963287,0.0,0.0001591000473126769,0
465,0.00017530005425214767,0.0,0.00017630006186664104,0
466,0.00015920004807412624,0.0,0.00016010005492717028,0
467,0.000156999914906919,0.0,0.00015789992175996304,0
468,0.00017090002074837685,0.0,0.00017190002836287022,0
469,0.0001577999209985137,0.00030670000705868006,0.002481199917383492,1
470,0.0003454000689089298,0.0,0.0003467000788077712,0
471,0.00021500000730156898,0.0,0.0002161000156775117,0
472,0.0002335000317543745,0.0,0.00023459992371499538,0
473,0.00016880000475794077,0.0,0.0001697000116109848,0
474,0.00016059994231909513,0.0,0.00016149994917213917,0
475,0.00017439993098378181,0.0,0.00017539993859827518,0
476,0.0001610000617802143,0.0,0.00016189995221793652,0
477,0.0001591000473126769,0.0,0.00016010005492717028,0
478,0.00017190002836287022,0.0,0.00017280003521591425,0
479,0.00016099994536489248,0.00029880006331950426,0.002632400020956993,1
480,0.00029710005037486553,0.0,0.0002983000595122576,0
481,0.00018049997743219137,0.0,0.00018149998504668474,0
482,0.0001965999836102128,0.0,0.0001976999919861555,0
483,0.00016029994003474712,0.0,0.00016119994688779116,0
484,0.00015780003741383553,0.0,0.00015860004350543022,0
485,0.00017070001922547817,0.0,0.0001716000260785222,0
486,0.000157299917191267,0.0,0.0001580999232828617,0
487,0.0001604000572115183,0.0,0.00016140006482601166,0
488,0.00017010001465678215,0.0,0.00017100002150982618,0
489,0.00015839992556720972,0.00030509999487549067,0.002519099973142147,1
490,0.00031590007711201906,0.0,0.0003171999705955386,0
491,0.0001900000497698784,0.0,0.00019100005738437176,0
492,0.00018229999113827944,0.0,0.0001832999987527728,0
493,0.00016080006025731564,0.0,0.00016169995069503784,0
494,0.00015790003817528486,0.0,0.00015890004578977823,0
495,0.00017190002836287022,0.0,0.00017280003521591425,0
496,0.00016279995907098055,0.0,0.00016369996592402458,0
497,0.0001580000389367342,0.0,0.00015879992861300707,0
498,0.00016950001008808613,0.0,0.00017040001694113016,0
499,0.00015739991795271635,0.00030610000248998404,0.0023446999257430434,1
500,0.0003228000132367015,0.0,0.00032400002237409353,0
501,0.0001642000861465931,0.0,0.00016529997810721397,0
502,0.00018560001626610756,0.0,0.0001868000254034996,0
503,0.0001607999438419938,0.0,0.00016169995069503784,0
504,0.00015839992556720972,0.0,0.00015929993242025375,0
505,0.00020190002396702766,0.0,0.0002028000308200717,0
506,0.00015890004578977823,0.0,0.0001599000534042716,0
507,0.0001577999209985137,0.0,0.00015869992785155773,0
508,0.0001716000260785222,0.0,0.00017250003293156624,0
509,0.0001596000511199236,0.00030960002914071083,0.0026361000491306186,1
510,0.0003505999920889735,0.0,0.00035200000274926424,0
511,0.00021650001872330904,0.0,0.00021770002786070108,0
512,0.00023530004546046257,0.0,0.00023630005307495594,0
513,0.00016330007929354906,0.0,0.0001642000861465931,0
514,0.00015940004959702492,0.0,0.0001604000572115183,0
515,0.0001721999142318964,0.0,0.00017319992184638977,0
516,0.0001577000366523862,0.0,0.00015850004274398088,0
517,0.00015710003208369017,0.0,0.0001580000389367342,0
518,0.00017309992108494043,0.0,0.00017399992793798447,0
519,0.00015730003360658884,0.00030949991196393967,0.0024634000146761537,1
520,0.00036529998760670424,0.0,0.0003667999990284443,0
521,0.0001751999370753765,0.0,0.00017629994545131922,0
522,0.00018540001474320889,0.0,0.00018630002159625292,0
523,0.00016030005645006895,0.0,0.00016130006406456232,0
524,0.0001580000389367342,0.0,0.00015900004655122757,0
525,0.00017110002227127552,0.0,0.00017200002912431955,0
526,0.00015840004198253155,0.0,0.00015930004883557558,0
527,0.0001593999331817031,0.0,0.0001601999392732978,0
528,0.00016980001237243414,0.0,0.00017060001846402884,0
529,0.0001572000328451395,0.00030970002990216017,0.002482800045982003,1
530,0.0003226000117138028,0.0,0.00032380002085119486,0
531,0.00016309996135532856,0.0,0.00016419996973127127,0
532,0.00018400000408291817,0.0,0.00018500001169741154,0
533,0.00016030005645006895,0.0,0.00016120006330311298,0
534,0.00015840004198253155,0.0,0.00015930004883557558,0
535,0.00020229991059750319,0.0,0.00020319991745054722,0
536,0.00015950005035847425,0.0,0.0001604000572115183,0
537,0.00015900004655122757,0.0,0.0001599000534042716,0
538,0.0001713999081403017,0.0,0.00017229991499334574,0
539,0.00015890004578977823,0.0003074998967349529,0.0026082999538630247,1
540,0.00048020004760473967,0.0,0.0004822000628337264,0
541,0.00022839999292045832,0.0,0.0002297000028192997,0
542,0.0002125999890267849,0.0,0.0002136999974027276,0
543,0.00016220007091760635,0.0,0.0001631000777706504,0
544,0.00015750003512948751,0.0,0.00015860004350543022,0
545,0.0001694000093266368,0.0,0.00017039990052580833,0
546,0.00015820004045963287,0.0,0.0001591000473126769,0
547,0.00015700003132224083,0.0,0.00015780003741383553,0
548,0.00026789994444698095,0.0,0.000269099953584373,0
549,0.00016419996973127127,0.00030700000934302807,0.0026534999487921596,1
550,0.0002799999201670289,0.0,0.00028119992930442095,0
551,0.00016369996592402458,0.0,0.0001647999742999673,0
552,0.0001846000086516142,0.0,0.0001857000170275569,0
553,0.0001604000572115183,0.0,0.00016130006406456232,0
554,0.00015680002979934216,0.0,0.0001577000366523862,0
555,0.0001756999408826232,0.0,0.00017669994849711657,0
556,0.00015700003132224083,0.0,0.00015790003817528486,0
557,0.00015590002294629812,0.0,0.00015680002979934216,0
558,0.0001694000093266368,0.0,0.00017040001694113016,0
559,0.0001580000389367342,0.0003074000123888254,0.0024926000041887164,1
560,0.0003149999538436532,0.0,0.0003163999645039439,0
561,0.0002158998977392912,0.0,0.0002169999061152339,0
562,0.00023440003860741854,0.0,0.00023550004698336124,0
563,0.00019829999655485153,0.0,0.00019940000493079424,0
564,0.00016050005797296762,0.0,0.00016149994917213917,0
565,0.00018289999570697546,0.0,0.00018400000408291817,0
566,0.00015920004807412624,0.0,0.00016020005568861961,0
567,0.00015780003741383553,0.0,0.00015870004426687956,0
568,0.00017010001465678215,0.0,0.00017090002074837685,0
569,0.00019580009393393993,0.0003378000110387802,0.0027292000595480204,1
570,0.00036129995714873075,0.0,0.0003627999685704708,0
571,0.00016329996287822723,0.0,0.0001642999704927206,0
572,0.00018370000179857016,0.0,0.00018470000941306353,0
573,0.0001607000594958663,0.0,0.00016160006634891033,0
574,0.000157299917191267,0.0,0.00015819992404431105,0
575,0.00017010001465678215,0.0,0.00017100002150982618,0
576,0.0001938000787049532,0.0,0.00019470008555799723,0
577,0.00015710003208369017,0.0,0.00015790003817528486,0
578,0.00016910000704228878,0.0,0.0001700000138953328,0
579,0.00015730003360658884,0.0002978000557050109,0.002565000089816749,1
580,0.00033929990604519844,0.0,0.00034089991822838783,0
581,0.00022080005146563053,0.0,0.0002218999434262514,0
582,0.0002373000606894493,0.0,0.00023830006830394268,0
583,0.0002028000308200717,0.0,0.0002039000391960144,0
584,0.0001623999560251832,0.0,0.00016329996287822723,0
585,0.00017499993555247784,0.0,0.00017589994240552187,0
586,0.0001599999377503991,0.0,0.00016089994460344315,0
587,0.00016000005416572094,0.0,0.00016089994460344315,0
588,0.00017220003064721823,0.0,0.0001732000382617116,0
589,0.00019379996228963137,0.00027989991940557957,0.002715199952945113,1
590,0.00033599999733269215,0.0,0.00033730000723153353,0
591,0.00016459997277706861,0.0,0.00016559998039156199,0
592,0.00018450000789016485,0.0,0.00018550001550465822,0
593,0.00016030005645006895,0.0,0.00016130006406456232,0
594,0.0001577999209985137,0.0,0.00015869992785155773,0
595,0.0001721000298857689,0.0,0.00017300003673881292,0
596,0.0001626000739634037,0.0,0.00016360008157789707,0
597,0.00015760003589093685,0.0,0.00015850004274398088,0
598,0.000170599902048707,0.0,0.00017159990966320038,0
599,0.00015740003436803818,0.00030990003142505884,0.002467300044372678,1
600,0.0003179999766871333,0.0,0.00031939998734742403,0
601,0.0001666999887675047,0.0,0.00016769999638199806,0
602,0.00018479989375919104,0.0,0.00018589990213513374,0
603,0.0001596000511199236,0.0,0.00016050005797296762,0
604,0.00015780003741383553,0.0,0.00015870004426687956,0
605,0.0002093999646604061,0.0,0.00021039997227489948,0
606,0.0001596999354660511,0.0,0.00016059994231909513,0
607,0.0001577999209985137,0.0,0.00015869992785155773,0
608,0.0001705000177025795,0.0,0.00017140002455562353,0
609,0.0001561999088153243,0.00032049999572336674,0.0025585999246686697,1
610,0.0003698999062180519,0.0,0.00037129991687834263,0
611,0.00021590001415461302,0.0,0.0002169000217691064,0
612,0.00023290002718567848,0.0,0.00023410003632307053,0
613,0.00016549997963011265,0.0,0.00016639998648315668,0
614,0.0001612999476492405,0.0,0.00016219995450228453,0
615,0.00017429993022233248,0.0,0.00017529993783682585,0
616,0.0001588000450283289,0.0,0.00015980005264282227,0
617,0.00015890004578977823,0.0,0.00015980005264282227,0
618,0.00018960004672408104,0.0,0.00019059993792325258,0
619,0.0001705000177025795,0.0003272999310865998,0.0026708999648690224,1
620,0.0003079000161960721,0.0,0.0003092000260949135,0
621,0.00016419996973127127,0.0,0.00016529997810721397,0
622,0.0001862999051809311,0.0,0.00018729991279542446,0
623,0.00016089994460344315,0.0,0.00016179995145648718,0
624,0.00015710003208369017,0.0,0.00015790003817528486,0
625,0.000170599902048707,0.0,0.00017149990890175104,0
626,0.00016169995069503784,0.0,0.00016259995754808187,0
627,0.0001553000183776021,0.0,0.0001561000244691968,0
628,0.0001694000093266368,0.0,0.00017039990052580833,0
629,0.00015670002903789282,0.0003234000178053975,0.0024980000453069806,1
630,0.000394799979403615,0.0,0.0003963999915868044,0
631,0.00021620001643896103,0.0,0.00021730002481490374,0
632,0.00023390003480017185,0.0,0.00023490004241466522,0
633,0.00018720002844929695,0.0,0.00018820003606379032,0
634,0.00016099994536489248,0.0,0.00016199995297938585,0
635,0.00017349992413073778,0.0,0.00017439993098378181,0
636,0.00015780003741383553,0.0,0.00015860004350543022,0
637,0.00015860004350543022,0.0,0.00015950005035847425,0
638,0.00017169991042464972,0.0,0.00017269991803914309,0
639,0.00016419996973127127,0.00029850006103515625,0.00259569997433573,1
640,0.000308999908156693,0.0,0.000310199917294085,0
641,0.0001873000292107463,0.0,0.000188400037586689,0
642,0.00018500001169741154,0.0,0.00018610002007335424,0
643,0.00016099994536489248,0.0,0.00016189995221793652,0
644,0.0001577000366523862,0.0,0.0001585999270901084,0
645,0.00017200002912431955,0.0,0.00017300003673881292,0
646,0.00015869992785155773,0.0,0.00015959993470460176,0
647,0.00019339995924383402,0.0,0.00019429996609687805,0
648,0.00017170002683997154,0.0,0.00017260003369301558,0
649,0.00015760003589093685,0.00031999999191612005,0.002732600085437298,1
650,0.0004050999414175749,0.0,0.00040639995131641626,0
651,0.00021670002024620771,0.0,0.00021769991144537926,0
652,0.00023820006754249334,0.0,0.00023929995950311422,0
653,0.00016980001237243414,0.0,0.0001708000199869275,0
654,0.00015989993698894978,0.0,0.0001607999438419938,0
655,0.00017300003673881292,0.0,0.00017399992793798447,0
656,0.00015780003741383553,0.0,0.0001588000450283289,0
657,0.0001569000305607915,0.0,0.00015780003741383553,0
658,0.00017010001465678215,0.0,0.00017110002227127552,0
659,0.00016170006711035967,0.0003125999355688691,0.0026020000223070383,1
660,0.0003432000521570444,0.0,0.0003448000643402338,0
661,0.0001919000642374158,0.0,0.0001930000726133585,0
662,0.0001868000254034996,0.0,0.00018780003301799297,0
663,0.00016089994460344315,0.0,0.00016199995297938585,0
664,0.0001599000534042716,0.0,0.0001607999438419938,0
665,0.00017120002303272486,0.0,0.00017220003064721823,0
666,0.00015799992252141237,0.0,0.0001588999293744564,0
667,0.00016089994460344315,0.0,0.00016169995069503784,0
668,0.00017100002150982618,0.0,0.00017190002836287022,0
669,0.00015799992252141237,0.00031420006416738033,0.002687699976377189,1
670,0.0003504999913275242,0.0,0.0003519000019878149,0
671,0.00021680002100765705,0.0,0.00021790002938359976,0
672,0.0002343999221920967,0.0,0.00023549993056803942,0
673,0.00017030001617968082,0.0,0.0001713000237941742,0
674,0.00015970005188137293,0.0,0.00016060005873441696,0
675,0.0001721999142318964,0.0,0.00017319992184638977,0
676,0.00015760003589093685,0.0,0.00015850004274398088,0
677,0.00015700003132224083,0.0,0.0001580000389367342,0
678,0.00016950001008808613,0.0,0.00017040001694113016,0
679,0.00016140006482601166,0.00030509999487549067,0.0025754000525921583,1
680,0.00031669996678829193,0.0,0.00031779997516423464,0
681,0.0001639999682083726,0.0,0.00016499997582286596,0
682,0.00021490000654011965,0.0,0.00021590001415461302,0
683,0.00015930004883557558,0.0,0.00016030005645006895,0
684,0.00015829992480576038,0.0,0.00015919993165880442,0
685,0.00017260003369301558,0.0,0.0001735000405460596,0
686,0.0001583000412210822,0.0,0.00015920004807412624,0
687,0.00016059994231909513,0.0,0.00016139994841068983,0
688,0.00017070001922547817,0.0,0.00017170002683997154,0
689,0.00015650002751499414,0.0003073000116273761,0.0029202000005170703,1
690,0.0003277999348938465,0.0,0.0003290999447926879,0
691,0.00016559998039156199,0.0,0.00016659998800605536,0
692,0.00018970004748553038,0.0,0.00019070005510002375,0
693,0.00016089994460344315,0.0,0.00016189995221793652,0
694,0.00016259995754808187,0.0,0.0001634999644011259,0
695,0.00017289991956204176,0.0,0.0001737999264150858,0
696,0.00015920004807412624,0.0,0.00016010005492717028,0
697,0.00015750003512948751,0.0,0.0001583000412210822,0
698,0.00017089990433305502,0.0,0.00017179991118609905,0
699,0.00015850004274398088,0.0003234000178053975,0.002612599986605346,1
700,0.00034630007576197386,0.0,0.0003478000871837139,0
701,0.00021349999587982893,0.0,0.00021460000425577164,0
702,0.0001916999462991953,0.0,0.00019289995543658733,0
703,0.0001607000594958663,0.0,0.0001615999499335885,0
704,0.0001580000389367342,0.0,0.0001591000473126769,0
705,0.00017289991956204176,0.0,0.0001737999264150858,0
706,0.0001716000260785222,0.0,0.00017280003521591425,0
707,0.00016439997125416994,0.0,0.0001653999788686633,0
708,0.0001759999431669712,0.0,0.00017709995154291391,0
709,0.00015839992556720972,0.00030449999030679464,0.002722600009292364,1
710,0.00046209990978240967,0.0,0.00046369992196559906,0
711,0.00021700002253055573,0.0,0.00021810003090649843,0
712,0.0002392000751569867,0.0,0.00024030008353292942,0
713,0.00016719999257475138,0.0,0.00016830000095069408,0
714,0.00016179995145648718,0.0,0.0001626999583095312,0
715,0.0001740000443533063,0.0,0.000175100052729249,0
716,0.00015980005264282227,0.0,0.0001607000594958663,0
717,0.0001588000450283289,0.0,0.00015970005188137293,0
718,0.00020869995933026075,0.0,0.00020969996694475412,0
719,0.00015879992861300707,0.0003122000489383936,0.002988399937748909,1
720,0.0004841000773012638,0.0,0.00048539997078478336,0
721,0.00017120002303272486,0.0,0.00017230003140866756,0
722,0.00018759991507977247,0.0,0.00018869992345571518,0
723,0.00016499997582286596,0.0,0.00016599998343735933,0
724,0.00015810003969818354,0.0,0.00015890004578977823,0
725,0.00017290003597736359,0.0,0.00017380004283040762,0
726,0.00015789992175996304,0.0,0.00015869992785155773,0
727,0.00015820004045963287,0.0,0.00015909993089735508,0
728,0.00017110002227127552,0.0,0.00017220003064721823,0
729,0.00016229995526373386,0.00030720001086592674,0.0026458000065758824,1
730,0.0003312999615445733,0.0,0.000332699972204864,0
731,0.00018630002159625292,0.0,0.00018740002997219563,0
732,0.00018400000408291817,0.0,0.00018500001169741154,0
733,0.0001596999354660511,0.0,0.00016059994231909513,0
734,0.0001583000412210822,0.0,0.00015920004807412624,0
735,0.00017090002074837685,0.0,0.00017180002760142088,0
736,0.00015819992404431105,0.0,0.00015909993089735508,0
737,0.0001572000328451395,0.0,0.00015810003969818354,0
738,0.00016980001237243414,0.0,0.00017060001846402884,0
739,0.00015740003436803818,0.0003104000352323055,0.0025318999541923404,1
740,0.0003081000177189708,0.0,0.00030960002914071083,0
741,0.00016489997506141663,0.0,0.00016589998267591,0
742,0.00018569990061223507,0.0,0.00018669990822672844,0
743,0.00016199995297938585,0.0,0.00016299996059387922,0
744,0.00015840004198253155,0.0,0.00015930004883557558,0
745,0.0001770000671967864,0.0,0.00017800007481127977,0
746,0.00015940004959702492,0.0,0.0001604000572115183,0
747,0.00015869992785155773,0.0,0.0001596999354660511,0
748,0.0001713000237941742,0.0,0.00017220003064721823,0
749,0.00015820004045963287,0.00030800001695752144,0.00255730003118515,1
750,0.0002818000502884388,0.0,0.0002832000609487295,0
751,0.00020429992582648993,0.0,0.00020539993420243263,0
752,0.00018480001017451286,0.0,0.00018590001855045557,0
753,0.00016390008386224508,0.0,0.0001650000922381878,0
754,0.00015700003132224083,0.0,0.0001580000389367342,0
755,0.00017019989900290966,0.0,0.00017099990509450436,0
756,0.0001572000328451395,0.0,0.0001580000389367342,0
757,0.00015579990576952696,0.0,0.00015679991338402033,0
758,0.00017070001922547817,0.0,0.0001716000260785222,0
759,0.000188700039871037,0.0003245000261813402,0.002607200061902404,1
760,0.00027840002439916134,0.0,0.0002796000335365534,0
761,0.00016369996592402458,0.0,0.00016459997277706861,0
762,0.00019189994782209396,0.0,0.00019289995543658733,0
763,0.0001612999476492405,0.0,0.00016219995450228453,0
764,0.00015849992632865906,0.0,0.00015929993242025375,0
765,0.00017120002303272486,0.0,0.00017200002912431955,0
766,0.0001572000328451395,0.0,0.0001580000389367342,0
767,0.00015620002523064613,0.0,0.00015710003208369017,0
768,0.00017600005958229303,0.0,0.00017690006643533707,0
769,0.0001572000328451395,0.0003068000078201294,0.002704600105062127,1
770,0.0003106000367552042,0.0,0.0003117999294772744,0
771,0.0001631999621167779,0.0,0.00016419996973127127,0
772,0.00018550001550465822,0.0,0.0001865000231191516,0
773,0.00016039994079619646,0.0,0.00016139994841068983,0
774,0.0001580999232828617,0.0,0.00015899993013590574,0
775,0.00017579994164407253,0.0,0.0001767999492585659,0
776,0.00015810003969818354,0.0,0.00015900004655122757,0
777,0.0001572000328451395,0.0,0.0001580000389367342,0
778,0.0001697000116109848,0.0,0.00017060001846402884,0
779,0.00015700003132224083,0.00031779997516423464,0.0025917000602930784,1
780,0.0003575000446289778,0.0,0.00035900005605071783,0
781,0.00021780002862215042,0.0,0.00021890003699809313,0
782,0.0002362000523135066,0.0,0.00023739994503557682,0
783,0.00019609997980296612,0.0,0.0001970999874174595,0
784,0.00015930004883557558,0.0,0.00016020005568861961,0
785,0.00017229991499334574,0.0,0.0001732999226078391,0
786,0.00015840004198253155,0.0,0.00015940004959702492,0
787,0.00015740003436803818,0.0,0.00015820004045963287,0
788,0.0001748999347910285,0.0,0.00017589994240552187,0
789,0.00015760003589093685,0.00031409994699060917,0.0026301000034436584,1
790,0.0003819999983534217,0.0,0.00038350000977516174,0
791,0.00016920000780373812,0.0,0.00017030001617968082,0
792,0.00018610002007335424,0.0,0.00018720002844929695,0
793,0.00016099994536489248,0.0,0.00016179995145648718,0
794,0.00015789992175996304,0.0,0.0001588999293744564,0
795,0.00017150002531707287,0.0,0.0001724000321701169,0
796,0.000161800067871809,0.0,0.00016270007472485304,0
797,0.00015679991338402033,0.0,0.0001577999209985137,0
798,0.0001700000138953328,0.0,0.00017090002074837685,0
799,0.0001572000328451395,0.0003217000048607588,0.0028505000518634915,1
800,0.0002669000532478094,0.0,0.00026810006238520145,0
801,0.00016369996592402458,0.0,0.00016459997277706861,0
802,0.00018420000560581684,0.0,0.00018510001245886087,0
803,0.0001895000459626317,0.0,0.0001903000520542264,0
804,0.0001556000206619501,0.0,0.00015650002751499414,0
805,0.00017040001694113016,0.0,0.00017120002303272486,0
806,0.00015570002142339945,0.0,0.00015660002827644348,0
807,0.00015550001990050077,0.0,0.00015620002523064613,0
808,0.0001852000132203102,0.0,0.0001860000193119049,0
809,0.00017030001617968082,0.0003146999515593052,0.002570200012996793,1
810,0.0003237000200897455,0.0,0.0003252000315114856,0
811,0.00016729999333620071,0.0,0.00016820000018924475,0
812,0.00018400000408291817,0.0,0.00018500001169741154,0
813,0.00015979993622750044,0.0,0.00016069994308054447,0
814,0.00015799992252141237,0.0,0.0001588999293744564,0
815,0.00017040001694113016,0.0,0.0001713000237941742,0
816,0.00015810003969818354,0.0,0.00015890004578977823,0
817,0.00016029994003474712,0.0,0.00016119994688779116,0
818,0.00016799999866634607,0.0,0.00016900000628083944,0
819,0.00015599990729242563,0.00030449999030679464,0.002667499938979745,1
820,0.00030720001086592674,0.0,0.0003085000207647681,0
821,0.00016259995754808187,0.0,0.00016359996516257524,0
822,0.00018470000941306353,0.0,0.00018580001778900623,0
823,0.00015940004959702492,0.0,0.0001604000572115183,0
824,0.00015799992252141237,0.0,0.0001588999293744564,0
825,0.00017230003140866756,0.0,0.00017339992336928844,0
826,0.00015710003208369017,0.0,0.00015810003969818354,0
827,0.00015689991414546967,0.0,0.0001577999209985137,0
828,0.00016960001084953547,0.0,0.00017060001846402884,0
829,0.00015850004274398088,0.0002924000145867467,0.0028800000436604023,1
830,0.00031180004589259624,0.0,0.0003130000550299883,0
831,0.0002250999677926302,0.0,0.00022609997540712357,0
832,0.00018820003606379032,0.0,0.00018910004291683435,0
833,0.00015929993242025375,0.0,0.0001601999392732978,0
834,0.00015780003741383553,0.0,0.0001585999270901084,0
835,0.00017120002303272486,0.0,0.0001721000298857689,0
836,0.0001775999553501606,0.0,0.00017849996220320463,0
837,0.00015839992556720972,0.0,0.00015929993242025375,0
838,0.00017290003597736359,0.0,0.00017380004283040762,0
839,0.00015740003436803818,0.0003887999337166548,0.0028659000527113676,1
840,0.0002680000616237521,0.0,0.00026940007228404284,0
841,0.0002039000391960144,0.0,0.00020490004681050777,0
842,0.0001865999074652791,0.0,0.00018759991507977247,0
843,0.00016910000704228878,0.0,0.00017010001465678215,0
844,0.00025759998243302107,0.0,0.00025859999004751444,0
845,0.00022950000129640102,0.0,0.00023040000814944506,0
846,0.0001599999377503991,0.0,0.00016099994536489248,0
847,0.00016459997277706861,0.0,0.00016549997963011265,0
848,0.0001802999759092927,0.0,0.00018129998352378607,0
849,0.0001593999331817031,0.0003477000864222646,0.003284799982793629,1
850,0.0005064000142738223,0.0,0.0005086000310257077,0
851,0.00020250002853572369,0.0,0.00020370003767311573,0
852,0.00020530004985630512,0.0,0.0002063000574707985,0
853,0.00016759999562054873,0.0,0.00016850000247359276,0
854,0.00016529997810721397,0.0,0.00016639998648315668,0
855,0.00019890000112354755,0.0,0.0002001000102609396,0
856,0.00017279991880059242,0.0,0.00017369992565363646,0
857,0.00016499997582286596,0.0,0.00016589998267591,0
858,0.00019489997066557407,0.0,0.00019589997828006744,0
859,0.0004191999323666096,0.000443900004029274,0.003951799939386547,1
860,0.00047640001866966486,0.0,0.00047850003466010094,0
861,0.0002867999719455838,0.0,0.0002882999833673239,0
862,0.0002797000342980027,0.0,0.00028090004343539476,0
863,0.00022469996474683285,0.0,0.00022599997464567423,0
864,0.00022579997312277555,0.0,0.00022689998149871826,0
865,0.00020979996770620346,0.0,0.00021079997532069683,0
866,0.0001702000154182315,0.0,0.00017129990737885237,0
867,0.0001653999788686633,0.0,0.00016649998724460602,0
868,0.00019649998284876347,0.0,0.0001976999919861555,0
869,0.00016629998572170734,0.00035859993658959866,0.0035720999585464597,1
870,0.000408399966545403,0.0,0.0004097999772056937,0
871,0.00023269990924745798,0.0,0.00023389991838485003,0
872,0.00020469992887228727,0.0,0.00020569993648678064,0
873,0.00016950001008808613,0.0,0.0001705000177025795,0
874,0.00016599998343735933,0.0,0.00016689999029040337,0
875,0.00017900008242577314,0.0,0.00018010009080171585,0
876,0.0001653000945225358,0.0,0.000166199984960258,0
877,0.0001996000064536929,0.0,0.00020050001330673695,0
878,0.00021059997379779816,0.0,0.0002114999806508422,0
879,0.00016359996516257524,0.00036179996095597744,0.003478099941276014,1
880,0.00033299997448921204,0.0,0.0003344999859109521,0
881,0.00017289991956204176,0.0,0.00017399992793798447,0
882,0.00019759999122470617,0.0,0.00019880000036209822,0
883,0.0001669999910518527,0.0,0.00016789999790489674,0
884,0.0001637000823393464,0.0,0.00016460008919239044,0
885,0.00018370000179857016,0.0,0.00018470000941306353,0
886,0.0001639999682083726,0.0,0.0001647999742999673,0
887,0.00016219995450228453,0.0,0.00016309996135532856,0
888,0.00017529993783682585,0.0,0.00017629994545131922,0
889,0.0001631999621167779,0.0003149000694975257,0.002786100027151406,1
890,0.0002978000557050109,0.0,0.00029939995147287846,0
891,0.00017629994545131922,0.0,0.00017739995382726192,0
892,0.00019970000721514225,0.0,0.00020070001482963562,0
893,0.00016769999638199806,0.0,0.00016870000399649143,0
894,0.00016739999409765005,0.0,0.00016830000095069408,0
895,0.00021239998750388622,0.0,0.00021349999587982893,0
896,0.00021580001339316368,0.0,0.0002169000217691064,0
897,0.00023280002642422915,0.0,0.00023370003327727318,0
898,0.0003400000277906656,0.0,0.0003415999235585332,0
899,0.00041829992551356554,0.00044600002001971006,0.004118099925108254,1
900,0.0005172999808564782,0.0,0.0005190999945625663,0
901,0.00040579994674772024,0.0,0.00040749995969235897,0
902,0.0004521000664681196,0.0,0.00045380007941275835,0
903,0.0003687000134959817,0.0,0.00037020002491772175,0
904,0.00023269990924745798,0.0,0.0002337999176234007,0
905,0.0002258999738842249,0.0,0.0002269999822601676,0
906,0.00020060001406818628,0.0,0.00020160002168267965,0
907,0.00016080006025731564,0.0,0.00016170006711035967,0
908,0.00023010000586509705,0.0,0.00023120001424103975,0
909,0.00018199998885393143,0.0003247000277042389,0.0032242999877780676,1
910,0.0003535000141710043,0.0,0.00035530002787709236,0
911,0.0001818999880924821,0.0,0.00018289999570697546,0
912,0.00019519997294992208,0.0,0.00019639998208731413,0
913,0.00016289995983242989,0.0,0.00016379996668547392,0
914,0.0001607999438419938,0.0,0.00016169995069503784,0
915,0.00024590000975877047,0.0,0.00024750002194195986,0
916,0.00025379995349794626,0.0,0.000255199964158237,0
917,0.0001686000032350421,0.0,0.00016960001084953547,0
918,0.0001870999112725258,0.0,0.00018809991888701916,0
919,0.0001669999910518527,0.00031319994013756514,0.0032203999580815434,1
920,0.00030679989140480757,0.0,0.0003208999987691641,0
921,0.00019869999960064888,0.0,0.00019970000721514225,0
922,0.00019159994553774595,0.0,0.00019259995315223932,0
923,0.00021279999054968357,0.0,0.00021379999816417694,0
924,0.00016400008462369442,0.0,0.0001650000922381878,0
925,0.00017710006795823574,0.0,0.00017800007481127977,0
926,0.00015900004655122757,0.0,0.00016000005416572094,0
927,0.00015789992175996304,0.0,0.00015869992785155773,0
928,0.00017150002531707287,0.0,0.00017230003140866756,0
929,0.00015870004426687956,0.00034280004911124706,0.0029644001042470336,1
930,0.0003383000148460269,0.0,0.0003397000255063176,0
931,0.000251100049354136,0.0,0.00025210005696862936,0
932,0.00023900007363408804,0.0,0.00024010008201003075,0
933,0.00016590009909123182,0.0,0.00016679998952895403,0
934,0.00016190006863325834,0.0,0.00016280007548630238,0
935,0.0002120999852195382,0.0,0.00021309999283403158,0
936,0.00016089994460344315,0.0,0.00016179995145648718,0
937,0.00015930004883557558,0.0,0.00016020005568861961,0
938,0.0001705000177025795,0.0,0.0001713000237941742,0
939,0.00015929993242025375,0.00034220004454255104,0.0030251999851316214,1
940,0.0002905000001192093,0.0,0.0002919000107795,0
941,0.00021660001948475838,0.0,0.00021769991144537926,0
942,0.00018940004520118237,0.0,0.00019040005281567574,0
943,0.00016090006101876497,0.0,0.00016190006863325834,0
944,0.00015820004045963287,0.0,0.00015920004807412624,0
945,0.00017259991727769375,0.0,0.00017369992565363646,0
946,0.0002386000705882907,0.0,0.0002397999633103609,0
947,0.00016679998952895403,0.0,0.0001677999971434474,0
948,0.00017829996068030596,0.0,0.00017919996753335,0
949,0.0001612999476492405,0.0003341999836266041,0.003110899939201772,1
950,0.00039080006536096334,0.0,0.00039220007602125406,0
951,0.00017010001465678215,0.0,0.00017110002227127552,0
952,0.00019079993944615126,0.0,0.00019179994706064463,0
953,0.00016009993851184845,0.0,0.00016119994688779116,0
954,0.0001805999781936407,0.0,0.00018149998504668474,0
955,0.0001908999402076006,0.0,0.00019189994782209396,0
956,0.00020400003995746374,0.0,0.00020489993039518595,0
957,0.00015810003969818354,0.0,0.00015900004655122757,0
958,0.00017100002150982618,0.0,0.00017180002760142088,0
959,0.0001561000244691968,0.00028259993996471167,0.0034027999499812722,1
960,0.0004978000652045012,0.0,0.0004993000766262412,0
961,0.00021730002481490374,0.0,0.00021840003319084644,0
962,0.00023929995950311422,0.0,0.00024039996787905693,0
963,0.0001745999325066805,0.0,0.00017559994012117386,0
964,0.00016029994003474712,0.0,0.0001612999476492405,0
965,0.00017380004283040762,0.0,0.000174800050444901,0
966,0.00015920004807412624,0.0,0.00016000005416572094,0
967,0.00015820004045963287,0.0,0.00015909993089735508,0
968,0.00017100002150982618,0.0,0.00017200002912431955,0
969,0.00016850000247359276,0.00027059996500611305,0.003090200014412403,1
970,0.000314400065690279,0.0,0.0003158000763505697,0
971,0.00016409996896982193,0.0,0.00016519997734576464,0
972,0.00018830003682523966,0.0,0.00018930004443973303,0
973,0.0001601999392732978,0.0,0.00016109994612634182,0
974,0.00016900000628083944,0.0,0.0001700000138953328,0
975,0.00017560005653649569,0.0,0.00017660006415098906,0
976,0.00015989993698894978,0.0,0.0001607999438419938,0
977,0.00015650002751499414,0.0,0.00015739991795271635,0
978,0.00017120002303272486,0.0,0.0001721000298857689,0
979,0.00015849992632865906,0.00033130007795989513,0.003083299961872399,1
980,0.00046220002695918083,0.0,0.0004637000383809209,0
981,0.0002172000240534544,0.0,0.00021840003319084644,0
982,0.0002386999549344182,0.0,0.0002397999633103609,0
983,0.0001647999742999673,0.0,0.00016569998115301132,0
984,0.0001705000177025795,0.0,0.00017150002531707287,0
985,0.00017380004283040762,0.0,0.00017470004968345165,0
986,0.00015820004045963287,0.0,0.00015900004655122757,0
987,0.0001580999232828617,0.0,0.0001588999293744564,0
988,0.00018019997514784336,0.0,0.00018119998276233673,0
989,0.00016679998952895403,0.0002796000335365534,0.003104600007645786,1
990,0.0002991999499499798,0.0,0.00030069996137171984,0
991,0.00019589997828006744,0.0,0.00019689998589456081,0
992,0.0001881999196484685,0.0,0.00018919992726296186,0
993,0.00016029994003474712,0.0,0.00016119994688779116,0
994,0.000166199984960258,0.0,0.00016709999181330204,0
995,0.00022499996703118086,0.0,0.00022609997540712357,0
996,0.0001574999187141657,0.0,0.00015839992556720972,0
997,0.00015680002979934216,0.0,0.00015780003741383553,0
998,0.0001700000138953328,0.0,0.00017100002150982618,0
999,0.00015710003208369017,0.0002861999673768878,0.0031014999840408564,1
1000,0.0002813000464811921,0.0,0.0002826000563800335,0
1001,0.00019610009621828794,0.0,0.00019719998817890882,0
1002,0.0001879000337794423,0.0,0.00018880004063248634,0
1003,0.00015979993622750044,0.0,0.0001607999438419938,0
1004,0.00015839992556720972,0.0,0.00015929993242025375,0
1005,0.0001762000611051917,0.0,0.00017719995230436325,0
1006,0.00015780003741383553,0.0,0.00015870004426687956,0
1007,0.00015700003132224083,0.0,0.00015780003741383553,0
1008,0.00016980001237243414,0.0,0.00017070001922547817,0
1009,0.00015760003589093685,0.00032220000866800547,0.0033236000454053283,1
1010,0.0002927000168710947,0.0,0.00029440002981573343,0
1011,0.00019970000721514225,0.0,0.00020070001482963562,0
1012,0.00021119997836649418,0.0,0.0002120999852195382,0
1013,0.00017420004587620497,0.0,0.000175100052729249,0
1014,0.00015740003436803818,0.0,0.00015850004274398088,0
1015,0.00024349999148398638,0.0,0.0002443999983370304,0
1016,0.0001604000572115183,0.0,0.00016140006482601166,0
1017,0.00015980005264282227,0.0,0.00016060005873441696,0
1018,0.0002041999250650406,0.0,0.00020519993267953396,0
1019,0.0001583000412210822,0.00041429989505559206,0.0035035000182688236,1
1020,0.00030750001315027475,0.0,0.00030880002304911613,0
1021,0.00022790010552853346,0.0,0.00022899999748915434,0
1022,0.00018860003910958767,0.0,0.00018960004672408104,0
1023,0.00020260002929717302,0.0,0.00020350003615021706,0
1024,0.00015869992785155773,0.0,0.00015959993470460176,0
1025,0.00017340003978461027,0.0,0.00017420004587620497,0
1026,0.0001577000366523862,0.0,0.00015860004350543022,0
1027,0.00015739991795271635,0.0,0.00015839992556720972,0
1028,0.00017500005196779966,0.0,0.0001759000588208437,0
1029,0.00015740003436803818,0.0003883000463247299,0.00321820005774498,1
1030,0.0002826000563800335,0.0,0.00028389994986355305,0
1031,0.0001957999775186181,0.0,0.00019689998589456081,0
1032,0.00018940004520118237,0.0,0.0001903999364003539,0
1033,0.0001639999682083726,0.0,0.00016499997582286596,0
1034,0.00015780003741383553,0.0,0.00015870004426687956,0
1035,0.00017230003140866756,0.0,0.0001732000382617116,0
1036,0.00015739991795271635,0.0,0.00015829992480576038,0
1037,0.00015710003208369017,0.0,0.00015790003817528486,0
1038,0.000170299899764359,0.0,0.00017129990737885237,0
1039,0.00016920000780373812,0.00039169995579868555,0.0034094000002369285,1
1040,0.00027190009132027626,0.0,0.00027320010121911764,0
1041,0.00019340007565915585,0.0,0.00019430008251219988,0
1042,0.00022739998530596495,0.0,0.000228599994443357,0
1043,0.0001591000473126769,0.0,0.00016010005492717028,0
1044,0.00015710003208369017,0.0,0.00015790003817528486,0
1045,0.0001713999081403017,0.0,0.00017239991575479507,0
1046,0.0001577000366523862,0.0,0.00015850004274398088,0
1047,0.00015540001913905144,0.0,0.0001564000267535448,0
1048,0.00023799994960427284,0.0,0.00023909995798021555,0
1049,0.00015670002903789282,0.00039489998016506433,0.0033042000140994787,1
1050,0.00046060001477599144,0.0,0.00046200002543628216,0
1051,0.0001841000048443675,0.0,0.00018510001245886087,0
1052,0.0001876000314950943,0.0,0.00018880004063248634,0
1053,0.00016069994308054447,0.0,0.00016149994917213917,0
1054,0.00015790003817528486,0.0,0.00015870004426687956,0
1055,0.00017150002531707287,0.0,0.00017250003293156624,0
1056,0.00019269995391368866,0.0,0.00019369996152818203,0
1057,0.000156699912622571,0.0,0.0001574999187141657,0
1058,0.00016950001008808613,0.0,0.0001705000177025795,0
1059,0.000157299917191267,0.0004403000930324197,0.0032809999538585544,1
1060,0.00031610007863491774,0.0,0.00031750008929520845,0
1061,0.00019589997828006744,0.0,0.00019689998589456081,0
1062,0.00018590001855045557,0.0,0.00018700002692639828,0
1063,0.00015790003817528486,0.0,0.00015900004655122757,0
1064,0.00015639991033822298,0.0,0.00015739991795271635,0
1065,0.00017150002531707287,0.0,0.0001724000321701169,0
1066,0.00020140002015978098,0.0,0.00020240002777427435,0
1067,0.00015580002218484879,0.0,0.00015670002903789282,0
1068,0.0001686000032350421,0.0,0.00016950001008808613,0
1069,0.00015470001380890608,0.0004619000246748328,0.0033126999624073505,1
1070,0.00029449991416186094,0.0,0.00029589992482215166,0
1071,0.00019689998589456081,0.0,0.00019779999274760485,0
1072,0.0001889999257400632,0.0,0.00018999993335455656,0
1073,0.0001593999331817031,0.0,0.00016029994003474712,0
1074,0.00015630002599209547,0.0,0.00015710003208369017,0
1075,0.0002136001130566001,0.0,0.0002145000034943223,0
1076,0.00015740003436803818,0.0,0.00015820004045963287,0
1077,0.00015489989891648293,0.0,0.00015579990576952696,0
1078,0.00016920000780373812,0.0,0.00017010001465678215,0
1079,0.00015559990424662828,0.00042729999404400587,0.0032418000046163797,1
1080,0.0004373999545350671,0.0,0.0004387999651953578,0
1081,0.0002161000156775117,0.0,0.0002172000240534544,0
1082,0.00023809995036572218,0.0,0.0002391999587416649,0
1083,0.00016499997582286596,0.0,0.00016609998419880867,0
1084,0.00019679998513311148,0.0,0.00019789999350905418,0
1085,0.00020990008488297462,0.0,0.00021079997532069683,0
1086,0.00015890004578977823,0.0,0.0001599000534042716,0
1087,0.0001580999232828617,0.0,0.00015899993013590574,0
1088,0.00017070001922547817,0.0,0.00017180002760142088,0
1089,0.00015820004045963287,0.0004685999592766166,0.00353970006108284,1
1090,0.0003082000184804201,0.0,0.00030970002990216017,0
1091,0.00016489997506141663,0.0,0.00016589998267591,0
1092,0.00022299995180219412,0.0,0.00022409996017813683,0
1093,0.00015949993394315243,0.0,0.00016039994079619646,0
1094,0.00015759991947561502,0.0,0.00015839992556720972,0
1095,0.00017100002150982618,0.0,0.00017200002912431955,0
1096,0.00019430008251219988,0.0,0.00019530009012669325,0
1097,0.0001561000244691968,0.0,0.00015700003132224083,0
1098,0.00019910000264644623,0.0,0.00020020001102238894,0
1099,0.0001561000244691968,0.00041720003355294466,0.0033051000209525228,1
1100,0.0004490000428631902,0.0,0.00045050005428493023,0
1101,0.00019779999274760485,0.0,0.00019880000036209822,0
1102,0.00019020005129277706,0.0,0.00019130005966871977,0
1103,0.00015950005035847425,0.0,0.00016050005797296762,0
1104,0.00015700003132224083,0.0,0.0001580000389367342,0
1105,0.00017060001846402884,0.0,0.00017150002531707287,0
1106,0.0001949000870808959,0.0,0.0001957999775186181,0
1107,0.00015730003360658884,0.0,0.00015820004045963287,0
1108,0.00016959989443421364,0.0,0.00017049990128725767,0
1109,0.00015710003208369017,0.0003464999608695507,0.0033110000658780336,1
1110,0.00027279998175799847,0.0,0.0002741999924182892,0
1111,0.00021080009173601866,0.0,0.00021190010011196136,0
1112,0.00018880004063248634,0.0,0.00018990004900842905,0
1113,0.0001612999476492405,0.0,0.0001620999537408352,0
1114,0.00015899993013590574,0.0,0.00015979993622750044,0
1115,0.00017110002227127552,0.0,0.00017200002912431955,0
1116,0.0001965999836102128,0.0,0.00019749999046325684,0
1117,0.0001569000305607915,0.0,0.00015780003741383553,0
1118,0.00016960001084953547,0.0,0.00017040001694113016,0
1119,0.00015860004350543022,0.00035989994648844004,0.0033837000373750925,1
1120,0.0003013999667018652,0.0,0.00030259997583925724,0
1121,0.00019479996990412474,0.0,0.0001957999775186181,0
1122,0.0001897999318316579,0.0,0.00019079993944615126,0
1123,0.00015899993013590574,0.0,0.00015989993698894978,0
1124,0.00015730003360658884,0.0,0.00015820004045963287,0
1125,0.00020720006432384253,0.0,0.00020810007117688656,0
1126,0.00018670002464205027,0.0,0.00018750003073364496,0
1127,0.00015639991033822298,0.0,0.00015719991642981768,0
1128,0.00017330003902316093,0.0,0.0001743000466376543,0
1129,0.00015620002523064613,0.00032079999800771475,0.0030993000837042928,1
1130,0.00037349993363022804,0.0,0.0003749999450519681,0
1131,0.000193099956959486,0.0,0.00019419996533542871,0
1132,0.00018829992040991783,0.0,0.0001892999280244112,0
1133,0.00018780003301799297,0.0,0.00018860003910958767,0
1134,0.00016140006482601166,0.0,0.00016240007244050503,0
1135,0.0002370000584051013,0.0,0.000238100066781044,0
1136,0.00018259999342262745,0.0,0.00018360000103712082,0
1137,0.00021189998369663954,0.0,0.00021279999054968357,0
1138,0.00016990001313388348,0.0,0.00017070001922547817,0
1139,0.00017609994392842054,0.0004237999673932791,0.00345359998755157,1
1140,0.00027860002592206,0.0,0.0002799000358209014,0
1141,0.000228899996727705,0.0,0.00022990000434219837,0
1142,0.00020220002625137568,0.0,0.00020330003462731838,0
1143,0.0002085000742226839,0.0,0.00020950008183717728,0
1144,0.0001879000337794423,0.0,0.000188700039871037,0
1145,0.00017089990433305502,0.0,0.00017179991118609905,0
1146,0.00015810003969818354,0.0,0.00015900004655122757,0
1147,0.00015570002142339945,0.0,0.00015660002827644348,0
1148,0.00023110001347959042,0.0,0.00023210002109408379,0
1149,0.00015730003360658884,0.0003333999775350094,0.0032701001036912203,1
1150,0.00034849997609853745,0.0,0.0003497999859973788,0
1151,0.00022680009715259075,0.0,0.00022780010476708412,0
1152,0.0002589999930933118,0.0,0.00026000000070780516,0
1153,0.00016279995907098055,0.0,0.00016369996592402458,0
1154,0.00015929993242025375,0.0,0.00016029994003474712,0
1155,0.0001732000382617116,0.0,0.00017410004511475563,0
1156,0.00015860004350543022,0.0,0.00015950005035847425,0
1157,0.0001954999752342701,0.0,0.0001962999813258648,0
1158,0.00017239991575479507,0.0,0.0001732999226078391,0
1159,0.00015820004045963287,0.0003133999416604638,0.003402199945412576,1
1160,0.0003793999785557389,0.0,0.0003809999907389283,0
1161,0.00024119997397065163,0.0,0.000255199964158237,0
1162,0.00025509996339678764,0.0,0.0002562999725341797,0
1163,0.00019369996152818203,0.0,0.00019459996838122606,0
1164,0.00016789999790489674,0.0,0.0001689000055193901,0
1165,0.00018209998961538076,0.0,0.0001829999964684248,0
1166,0.0001634999644011259,0.0,0.00016449997201561928,0
1167,0.0001620999537408352,0.0,0.00016309996135532856,0
1168,0.00019809999503195286,0.0,0.00019910000264644623,0
1169,0.0001642999704927206,0.00030800001695752144,0.003576999995857477,1
1170,0.00044080009683966637,0.0,0.00044260011054575443,0
1171,0.00023549993056803942,0.0,0.00023669993970543146,0
1172,0.00020220002625137568,0.0,0.00020330003462731838,0
1173,0.00016729999333620071,0.0,0.0001680999994277954,0
1174,0.00016299996059387922,0.0,0.00016379996668547392,0
1175,0.00021970004308968782,0.0,0.0002207000507041812,0
1176,0.00015950005035847425,0.0,0.00016020005568861961,0
1177,0.00019589997828006744,0.0,0.00019669998437166214,0
1178,0.00020290003158152103,0.0,0.00020380003843456507,0
1179,0.00015679991338402033,0.0004005000228062272,0.0033320999937132,1
1180,0.00033179996535182,0.0,0.0003331999760121107,0
1181,0.00020819995552301407,0.0,0.00020929996389895678,0
1182,0.00023969996254891157,0.0,0.00024079997092485428,0
1183,0.00015909993089735508,0.0,0.0001599999377503991,0
1184,0.0002055000513792038,0.0,0.00020640005823224783,0
1185,0.00021039997227489948,0.0,0.00021139997988939285,0
1186,0.00015700003132224083,0.0,0.00015790003817528486,0
1187,0.00018720002844929695,0.0,0.00018800003454089165,0
1188,0.00018239999189972878,0.0,0.00018339999951422215,0
1189,0.00015700003132224083,0.00032400002237409353,0.0037587000988423824,1
1190,0.0005107000470161438,0.0,0.0005126000614836812,0
1191,0.00032870005816221237,0.0,0.00033000006806105375,0
1192,0.00026320002507418394,0.0,0.00026460003573447466,0
1193,0.00020700006280094385,0.0,0.00020819995552301407,0
1194,0.00016139994841068983,0.0,0.0001623999560251832,0
1195,0.0002579999854788184,0.0,0.00025939999613910913,0
1196,0.00016880000475794077,0.0,0.00016960001084953547,0
1197,0.00016089994460344315,0.0,0.00016169995069503784,0
1198,0.00023070001043379307,0.0,0.00023170001804828644,0
1199,0.00016469997353851795,0.00038629991468042135,0.0037515999283641577,1
1200,0.0003608000697568059,0.0,0.0003622000804170966,0
1201,0.00024100008886307478,0.0,0.000242199981585145,0
1202,0.00022789998911321163,0.0,0.00022909999825060368,0
1203,0.00021709990687668324,0.0,0.00021819991525262594,0
1204,0.00016299996059387922,0.0,0.0001639999682083726,0
1205,0.0002432999899610877,0.0,0.00026270002126693726,0
1206,0.00023200002033263445,0.0,0.0002332000294700265,0
1207,0.00016189995221793652,0.0,0.00016279995907098055,0
1208,0.00020140002015978098,0.0,0.00020250002853572369,0
1209,0.00017580005805939436,0.00044549989979714155,0.003620099974796176,1
1210,0.0012085000053048134,0.0,0.0012102000182494521,0
1211,0.00017209991347044706,0.0,0.0001732999226078391,0
1212,0.00019749999046325684,0.0,0.00019869999960064888,0
1213,0.0002500999253243208,0.0,0.0002514999359846115,0
1214,0.00021279999054968357,0.0,0.00021379999816417694,0
1215,0.00021929992362856865,0.0,0.00022039993200451136,0
1216,0.00017619994468986988,0.0,0.00017719995230436325,0
1217,0.00017180002760142088,0.0,0.00017280003521591425,0
1218,0.00018989993259310722,0.0,0.00019099994096904993,0
1219,0.00015840004198253155,0.0002921998966485262,0.00327290000859648,1
1220,0.0003127000527456403,0.0,0.00031400006264448166,0
1221,0.00016880000475794077,0.0,0.00016990001313388348,0
1222,0.00020619994029402733,0.0,0.0002071999479085207,0
1223,0.00016419996973127127,0.0,0.00016519997734576464,0
1224,0.00016139994841068983,0.0,0.0001623999560251832,0
1225,0.00017579994164407253,0.0,0.0001767999492585659,0
1226,0.00017530005425214767,0.0,0.00017619994468986988,0
1227,0.0001689000055193901,0.0,0.00016990001313388348,0
1228,0.00017229991499334574,0.0,0.0001732999226078391,0
1229,0.00015790003817528486,0.0002728999825194478,0.0031575000612065196,1
1230,0.0002762000076472759,0.0,0.0002778000198304653,0
1231,0.00017070001922547817,0.0,0.00017190002836287022,0
1232,0.00020299991592764854,0.0,0.0002041999250650406,0
1233,0.00019329995848238468,0.0,0.00019429996609687805,0
1234,0.0001626999583095312,0.0,0.00016369996592402458,0
1235,0.00017929996829479933,0.0,0.0001802999759092927,0
1236,0.00016329996287822723,0.0,0.00016419996973127127,0
1237,0.00016229995526373386,0.0,0.0001631999621167779,0
1238,0.00019139994401484728,0.0,0.0001922999508678913,0
1239,0.00015840004198253155,0.0002764000091701746,0.0032697999849915504,1
1240,0.00044730002991855145,0.0,0.0004488000413402915,0
1241,0.00022360007278621197,0.0,0.00022470008116215467,0
1242,0.0001900000497698784,0.0,0.00019100005738437176,0
1243,0.00015970005188137293,0.0,0.0001607000594958663,0
1244,0.00015839992556720972,0.0,0.00015929993242025375,0
1245,0.0001702000154182315,0.0,0.00017120002303272486,0
1246,0.00017920008394867182,0.0,0.00018010009080171585,0
1247,0.0002474000211805105,0.0,0.00024850002955645323,0
1248,0.0002079999540001154,0.0,0.00020899996161460876,0
1249,0.00015789992175996304,0.00041560002136975527,0.003703000023961067,1
1250,0.00039009994361549616,0.0,0.0003914999542757869,0
1251,0.0002169000217691064,0.0,0.00021799991372972727,0
1252,0.0002416999777778983,0.0,0.00024279998615384102,0
1253,0.0001634999644011259,0.0,0.00016439997125416994,0
1254,0.0001599999377503991,0.0,0.00016089994460344315,0
1255,0.00021329999435693026,0.0,0.00021410000044852495,0
1256,0.00015739991795271635,0.0,0.00015829992480576038,0
1257,0.00015760003589093685,0.0,0.00015850004274398088,0
1258,0.00020600005518645048,0.0,0.00020690006203949451,0
1259,0.0001558999065309763,0.00037700007669627666,0.00407579995226115,1
1260,0.0003698000218719244,0.0,0.0003714000340551138,0
1261,0.00021600001491606236,0.0,0.00021710002329200506,0
1262,0.0002938999095931649,0.0,0.00029509991873055696,0
1263,0.0001626999583095312,0.0,0.00016379996668547392,0
1264,0.00016570009756833315,0.0,0.0001666999887675047,0
1265,0.0001732000382617116,0.0,0.00017420004587620497,0
1266,0.00015820004045963287,0.0,0.00015900004655122757,0
1267,0.00019329995848238468,0.0,0.00019419996533542871,0
1268,0.00017120002303272486,0.0,0.0001721000298857689,0
1269,0.00015550001990050077,0.0003405000315979123,0.0039678000612184405,1
1270,0.0003355999942868948,0.0,0.0003369000041857362,0
1271,0.000202300027012825,0.0,0.00020340003538876772,0
1272,0.0002741999924182892,0.0,0.00027540000155568123,0
1273,0.0001713000237941742,0.0,0.00017230003140866756,0
1274,0.00016039994079619646,0.0,0.0001612999476492405,0
1275,0.0002437999937683344,0.0,0.00024480000138282776,0
1276,0.00016099994536489248,0.0,0.00016199995297938585,0
1277,0.0001564000267535448,0.0,0.000157299917191267,0
1278,0.0002400000812485814,0.0,0.00024099997244775295,0
1279,0.00016299996059387922,0.0003664999967440963,0.004027400049380958,1
1280,0.00033579999580979347,0.0,0.0003372000064700842,0
1281,0.000228599994443357,0.0,0.00022980000358074903,0
1282,0.0002544999588280916,0.0,0.0002559999702498317,0
1283,0.00016419996973127127,0.0,0.00016519997734576464,0
1284,0.00015789992175996304,0.0,0.00015879992861300707,0
1285,0.00017190002836287022,0.0,0.00017280003521591425,0
1286,0.00015740003436803818,0.0,0.00015820004045963287,0
1287,0.00015570002142339945,0.0,0.00015660002827644348,0
1288,0.00020080001559108496,0.0,0.00020190002396702766,0
1289,0.0001580999232828617,0.0003130000550299883,0.004216299974359572,1
1290,0.00044760003220289946,0.0,0.0004491000436246395,0
1291,0.000242199981585145,0.0,0.00024319998919963837,0
1292,0.00019259995315223932,0.0,0.00019369996152818203,0
1293,0.0001596000511199236,0.0,0.00016050005797296762,0
1294,0.00015710003208369017,0.0,0.0001580000389367342,0
1295,0.00017079990357160568,0.0,0.00017179991118609905,0
1296,0.00021670002024620771,0.0,0.00021790002938359976,0
1297,0.0002618000144138932,0.0,0.00026290002278983593,0
1298,0.00021299999207258224,0.0,0.00021410000044852495,0
1299,0.00016099994536489248,0.0003408000338822603,0.00492609990760684,1
1300,0.00026809994596987963,0.0,0.00026929995510727167,0
1301,0.00017739995382726192,0.0,0.00017849996220320463,0
1302,0.00022209994494915009,0.0,0.00022309995256364346,0
1303,0.0001596999354660511,0.0,0.00016069994308054447,0
1304,0.0001569000305607915,0.0,0.00015790003817528486,0
1305,0.00017220003064721823,0.0,0.0001732000382617116,0
1306,0.00015709991566836834,0.0,0.00015799992252141237,0
1307,0.00021890003699809313,0.0,0.00021980004385113716,0
1308,0.00022170005831867456,0.0,0.00022270006593316793,0
1309,0.00016189995221793652,0.00045499997213482857,0.005189399933442473,1
1310,0.0004143000114709139,0.0,0.00041560002136975527,0
1311,0.00020329991821199656,0.0,0.0002044999273493886,0
1312,0.0001903999364003539,0.0,0.00019139994401484728,0
1313,0.00015870004426687956,0.0,0.0001596000511199236,0
1314,0.00015730003360658884,0.0,0.00015810003969818354,0
1315,0.00017030001617968082,0.0,0.00017120002303272486,0
1316,0.00015750003512948751,0.0,0.00015840004198253155,0
1317,0.00018829992040991783,0.0,0.00018909992650151253,0
1318,0.00017030001617968082,0.0,0.00017120002303272486,0
1319,0.0001569000305607915,0.00035260000731796026,0.00480940006673336,1
1320,0.00038840004708617926,0.0,0.00038979994133114815,0
1321,0.00022839999292045832,0.0,0.0002294000005349517,0
1322,0.00024289998691529036,0.0,0.00024399999529123306,0
1323,0.00016390008386224508,0.0,0.00016480009071528912,0
1324,0.0001596000511199236,0.0,0.00016050005797296762,0
1325,0.00017319992184638977,0.0,0.0001740999286994338,0
1326,0.00015740003436803818,0.0,0.0001583000412210822,0
1327,0.00015670002903789282,0.0,0.00015750003512948751,0
1328,0.0001759999431669712,0.0,0.00017699995078146458,0
1329,0.00015839992556720972,0.0003176000900566578,0.0047691999934613705,1
1330,0.0003731000469997525,0.0,0.0003744000568985939,0
1331,0.00019080005586147308,0.0,0.00019180006347596645,0
1332,0.0001906000543385744,0.0,0.00019170006271451712,0
1333,0.00019560009241104126,0.0,0.00019660010002553463,0
1334,0.00015950005035847425,0.0,0.0001604000572115183,0
1335,0.00020929996389895678,0.0,0.00021039997227489948,0
1336,0.00015780003741383553,0.0,0.00015870004426687956,0
1337,0.0001569000305607915,0.0,0.0001577999209985137,0
1338,0.00017030001617968082,0.0,0.0001713000237941742,0
1339,0.00015679991338402033,0.0003966999938711524,0.004508099984377623,1
1340,0.0003002999583259225,0.0,0.00030159996822476387,0
1341,0.00021780002862215042,0.0,0.00021890003699809313,0
1342,0.00021660001948475838,0.0,0.00021760002709925175,0
1343,0.00019249995239078999,0.0,0.0001935999607667327,0
1344,0.00019449996761977673,0.0,0.00019529997371137142,0
1345,0.0001740999286994338,0.0,0.00017509993631392717,0
1346,0.00015820004045963287,0.0,0.0001591000473126769,0
1347,0.00015570002142339945,0.0,0.00015660002827644348,0
1348,0.00022739998530596495,0.0,0.000228899996727705,0
1349,0.0004608999006450176,0.0005058000097051263,0.0058228999841958284,1
1350,0.0002986999461427331,0.0,0.0003000999568030238,0
1351,0.00019779999274760485,0.0,0.00019890000112354755,0
1352,0.00019319995772093534,0.0,0.00019429996609687805,0
1353,0.00017629994545131922,0.0,0.0001772999530658126,0
1354,0.0001607999438419938,0.0,0.0001615999499335885,0
1355,0.00017699995078146458,0.0,0.00017779995687305927,0
1356,0.00017449993174523115,0.0,0.00017539993859827518,0
1357,0.00016029994003474712,0.0,0.00016109994612634182,0
1358,0.00015940004959702492,0.0,0.0001601999392732978,0
1359,0.00017140002455562353,0.0002957000397145748,0.004380000056698918,1
1360,0.0004933999152854085,0.0,0.0004950999282300472,0
1361,0.00024179997853934765,0.0,0.00024309998843818903,0
1362,0.0002416999777778983,0.0,0.00024279998615384102,0
1363,0.0001689000055193901,0.0,0.0001700000138953328,0
1364,0.0001911999424919486,0.0,0.00019219995010644197,0
1365,0.00017879996448755264,0.0,0.00017969997134059668,0
1366,0.0001634999644011259,0.0,0.0001642999704927206,0
1367,0.00016309996135532856,0.0,0.00016389996744692326,0
1368,0.00022309995256364346,0.0,0.00022409996017813683,0
1369,0.0001623999560251832,0.00031599996145814657,0.004343800013884902,1
1370,0.0005266999360173941,0.0,0.0005286999512463808,0
1371,0.0002457000082358718,0.0,0.0002470000181347132,0
1372,0.00025079993065446615,0.0,0.00025189993903040886,0
1373,0.00017170002683997154,0.0,0.00017259991727769375,0
1374,0.00019779999274760485,0.0,0.00019920000340789557,0
1375,0.0003469999646767974,0.0,0.00034819997381418943,0
1376,0.00016710010822862387,0.0,0.0001680999994277954,0
1377,0.00016170006711035967,0.0,0.00016270007472485304,0
1378,0.0002706000814214349,0.0,0.0002715999726206064,0
1379,0.00019459996838122606,0.00034660007804632187,0.004800700000487268,1
1380,0.0002905000001192093,0.0,0.000292200013063848,0
1381,0.0001846000086516142,0.0,0.00018550001550465822,0
1382,0.00021060009021311998,0.0,0.0002117999829351902,0
1383,0.0002432999899610877,0.0,0.00024419999681413174,0
1384,0.00016029994003474712,0.0,0.00016109994612634182,0
1385,0.0003013999667018652,0.0,0.00030239997431635857,0
1386,0.00016299996059387922,0.0,0.00016389996744692326,0
1387,0.00015860004350543022,0.0,0.00015949993394315243,0
1388,0.00027269998099654913,0.0,0.00027379998937249184,0
1389,0.00019759999122470617,0.0004550999728962779,0.004706699983216822,1
1390,0.00030200008768588305,0.0,0.00030340009834617376,0
1391,0.00017769995611160994,0.0,0.00017879996448755264,0
1392,0.00026739994063973427,0.0,0.000268499949015677,0
1393,0.000174800050444901,0.0,0.00017570005729794502,0
1394,0.00016449997201561928,0.0,0.00016549997963011265,0
1395,0.00024830002803355455,0.0,0.0002493000356480479,0
1396,0.00017920008394867182,0.0,0.00018010009080171585,0
1397,0.00016570009756833315,0.0,0.0001666999887675047,0
1398,0.000255199964158237,0.0,0.00025619997177273035,0
1399,0.0001775999553501606,0.0004146000137552619,0.004573500016704202,1
1400,0.00040529994294047356,0.0,0.00040689995512366295,0
1401,0.0002226999495178461,0.0,0.00022379995789378881,0
1402,0.0002490000333636999,0.0,0.00025020004250109196,0
1403,0.00017539993859827518,0.0,0.00017629994545131922,0
1404,0.0001580000389367342,0.0,0.00015890004578977823,0
1405,0.00020510004833340645,0.0,0.00020610005594789982,0
1406,0.00015810003969818354,0.0,0.00015900004655122757,0
1407,0.00015659991186112165,0.0,0.00015739991795271635,0
1408,0.0002164000179618597,0.0,0.00021730002481490374,0
1409,0.00015570002142339945,0.0004187000449746847,0.004604700021445751,1
1410,0.0003548000240698457,0.0,0.00035630003549158573,0
1411,0.00018519989680498838,0.0,0.00018639990594238043,0
1412,0.0002120999852195382,0.0,0.00021319999359548092,0
1413,0.00017479993402957916,0.0,0.00017579994164407253,0
1414,0.0001596000511199236,0.0,0.0001604000572115183,0
1415,0.0002463000128045678,0.0,0.0002474000211805105,0
1416,0.000179799972102046,0.0,0.00018069997895509005,0
1417,0.00017149990890175104,0.0,0.00017229991499334574,0
1418,0.00020260002929717302,0.0,0.00020350003615021706,0
1419,0.00015740003436803818,0.00036890001501888037,0.0049943000776693225,1
1420,0.0004190000472590327,0.0,0.00042069994378834963,0
1421,0.00022339995484799147,0.0,0.00022449996322393417,0
1422,0.00024690001737326384,0.0,0.0002481000265106559,0
1423,0.00016920000780373812,0.0,0.00017030001617968082,0
1424,0.0001832999987527728,0.0,0.00018430000636726618,0
1425,0.0001962999813258648,0.0,0.00019719998817890882,0
1426,0.00016380008310079575,0.0,0.00016470008995383978,0
1427,0.00016220007091760635,0.0,0.0001631000777706504,0
1428,0.00017370004206895828,0.0,0.00017470004968345165,0
1429,0.0001620999537408352,0.0002999999560415745,0.00451279990375042,1
1430,0.0004412000998854637,0.0,0.0004427999956533313,0
1431,0.0002623000182211399,0.0,0.00026350002735853195,0
1432,0.00024339999072253704,0.0,0.0002445999998599291,0
1433,0.00019239995162934065,0.0,0.00019349996000528336,0
1434,0.00017090002074837685,0.0,0.00017190002836287022,0
1435,0.00018229999113827944,0.0,0.0001832999987527728,0
1436,0.00016960001084953547,0.0,0.00017060001846402884,0
1437,0.00016480009071528912,0.0,0.0001656000968068838,0
1438,0.00024200009647756815,0.0,0.0002429999876767397,0
1439,0.00017660006415098906,0.0003315999638289213,0.004813599982298911,1
1440,0.0005095000378787518,0.0,0.0005110000493004918,0
1441,0.0002300000051036477,0.0,0.00023120001424103975,0
1442,0.00020429992582648993,0.0,0.0002055999357253313,0
1443,0.00033920002169907093,0.0,0.0003412999212741852,0
1444,0.00032599992118775845,0.0,0.00032739993184804916,0
1445,0.00023260002490133047,0.0,0.00023380003403872252,0
1446,0.00016529997810721397,0.0,0.00016629998572170734,0
1447,0.0001623999560251832,0.0,0.00016339996363967657,0
1448,0.00017799995839595795,0.0,0.00017899996601045132,0
1449,0.00016259995754808187,0.0003298000665381551,0.005273199989460409,1
1450,0.00027459999546408653,0.0,0.00027600000612437725,0
1451,0.00024319998919963837,0.0,0.0002449000021442771,0
1452,0.000539399916306138,0.0,0.0005412999307736754,0
1453,0.0004034999292343855,0.0,0.0004050999414175749,0
1454,0.00023020000662654638,0.0,0.00023150001652538776,0
1455,0.00028899998869746923,0.0,0.0002902999985963106,0
1456,0.000219699926674366,0.0,0.0002207999350503087,0
1457,0.00021770002786070108,0.0,0.00021870003547519445,0
1458,0.00021410000044852495,0.0,0.00021510000806301832,0
1459,0.00016519997734576464,0.0002927000168710947,0.005336900008842349,1
1460,0.0003891999367624521,0.0,0.00039059994742274284,0
1461,0.00022629997693002224,0.0,0.00022749998606741428,0
1462,0.0002440999960526824,0.0,0.00024510000366717577,0
1463,0.00018129998352378607,0.0,0.0001821999903768301,0
1464,0.00016259995754808187,0.0,0.0001634999644011259,0
1465,0.0001778999576345086,0.0,0.00017879996448755264,0
1466,0.00016359996516257524,0.0,0.00016439997125416994,0
1467,0.00016189995221793652,0.0,0.00016279995907098055,0
1468,0.0001846000086516142,0.0,0.00018560001626610756,0
1469,0.0001620999537408352,0.00029630004428327084,0.00465659995097667,1
1470,0.0002770000137388706,0.0,0.00027900002896785736,0
1471,0.00027189997490495443,0.0,0.0002731999848037958,0
1472,0.0002573999809101224,0.0,0.0002584999892860651,0
1473,0.00019789999350905418,0.0,0.00019890000112354755,0
1474,0.00017370004206895828,0.0,0.00017460004892200232,0
1475,0.00024339999072253704,0.0,0.0002442999975755811,0
1476,0.00015810003969818354,0.0,0.0001591000473126769,0
1477,0.00015629990957677364,0.0,0.00015719991642981768,0
1478,0.000202300027012825,0.0,0.00020330003462731838,0
1479,0.00015660002827644348,0.0004159000236541033,0.005152099998667836,1
1480,0.0004214000655338168,0.0,0.00042280007619410753,0
1481,0.0002172000240534544,0.0,0.00021810003090649843,0
1482,0.0002576999831944704,0.0,0.00025859999004751444,0
1483,0.00017840007785707712,0.0,0.0001794000854715705,0
1484,0.00019610009621828794,0.0,0.00019700010307133198,0
1485,0.00020450004376471043,0.0,0.00020540005061775446,0
1486,0.00015700003132224083,0.0,0.0001580000389367342,0
1487,0.00015780003741383553,0.0,0.00015869992785155773,0
1488,0.00019120005890727043,0.0,0.00019230006728321314,0
1489,0.0001775000710040331,0.0003928999649360776,0.0050339000299572945,1
1490,0.0004149000160396099,0.0,0.00041630002669990063,0
1491,0.00021740002557635307,0.0,0.00021840003319084644,0
1492,0.00025949999690055847,0.0,0.00026050000451505184,0
1493,0.0001857000170275569,0.0,0.00018670002464205027,0
1494,0.00015959993470460176,0.0,0.00016059994231909513,0
1495,0.0002052999334409833,0.0,0.00020619994029402733,0
1496,0.00015820004045963287,0.0,0.00015900004655122757,0
1497,0.00015680002979934216,0.0,0.00015760003589093685,0
1498,0.00018999993335455656,0.0,0.0001908999402076006,0
1499,0.00017609994392842054,0.00040460005402565,0.004776600049808621,1
1500,0.00040229992009699345,0.0,0.00040369993075728416,0
1501,0.00022199994418770075,0.0,0.0002231999533250928,0
1502,0.00024580000899732113,0.0,0.00024690001737326384,0
1503,0.0001984999980777502,0.0,0.00019940000493079424,0
1504,0.0001666999887675047,0.0,0.00016759999562054873,0
1505,0.000206099939532578,0.0,0.00020709994714707136,0
1506,0.00016199995297938585,0.0,0.00016279995907098055,0
1507,0.0001601999392732978,0.0,0.00016109994612634182,0
1508,0.00017560005653649569,0.0,0.0001764999469742179,0
1509,0.00019170006271451712,0.00038549990858882666,0.004789200029335916,1
1510,0.00040090002585202456,0.0,0.0004024000372737646,0
1511,0.00019010005053132772,0.0,0.00019130005966871977,0
1512,0.00019489997066557407,0.0,0.00019609997980296612,0
1513,0.0001639999682083726,0.0,0.0001650999765843153,0
1514,0.00016299996059387922,0.0,0.00016389996744692326,0
1515,0.00017609994392842054,0.0,0.00017709995154291391,0
1516,0.0001680999994277954,0.0,0.00016900000628083944,0
1517,0.0001623999560251832,0.0,0.00016329996287822723,0
1518,0.00017659994773566723,0.0,0.0001775999553501606,0
1519,0.00016289995983242989,0.0002882999833673239,0.003581700031645596,1
1520,0.00042049994226545095,0.0,0.000422299955971539,0
1521,0.00042360008228570223,0.0,0.0004257999826222658,0
1522,0.00041360000614076853,0.0,0.0004151000175625086,0
1523,0.0001732000382617116,0.0,0.00017420004587620497,0
1524,0.00016620010137557983,0.0,0.00016709999181330204,0
1525,0.00017969997134059668,0.0,0.00018079997971653938,0
1526,0.00016910000704228878,0.0,0.0001702000154182315,0
1527,0.00016609998419880867,0.0,0.0001669999910518527,0
1528,0.00017819995991885662,0.0,0.00017919996753335,0
1529,0.00016259995754808187,0.00036689999978989363,0.0037860999582335353,1
1530,0.0003361999988555908,0.0,0.00033760000951588154,0
1531,0.0002316000172868371,0.0,0.0002327000256627798,0
1532,0.0002634000265970826,0.0,0.0002645000349730253,0
1533,0.00026530004106462,0.0,0.0002663000486791134,0
1534,0.00016220007091760635,0.0,0.00016300007700920105,0
1535,0.0002691000699996948,0.0,0.0002701000776141882,0
1536,0.0001626000739634037,0.0,0.00016350008081644773,0
1537,0.00019400008022785187,0.0,0.00019500008784234524,0
1538,0.0002851000754162669,0.0,0.0002862000837922096,0
1539,0.00018519989680498838,0.00034060003235936165,0.0036394998896867037,1
1540,0.0003143999492749572,0.0,0.0003157999599352479,0
1541,0.00018510001245886087,0.0,0.00018640002235770226,0
1542,0.00019559997599571943,0.0,0.00019669998437166214,0
1543,0.00016689999029040337,0.0,0.00016799999866634607,0
1544,0.00016169995069503784,0.0,0.00016259995754808187,0
1545,0.00017559994012117386,0.0,0.00017669994849711657,0
1546,0.00016029994003474712,0.0,0.00016119994688779116,0
1547,0.0001604999415576458,0.0,0.00016139994841068983,0
1548,0.00017470004968345165,0.0,0.00017560005653649569,0
1549,0.000166199984960258,0.00029070000164210796,0.003265600069426,1
1550,0.000394799979403615,0.0,0.00039629999082535505,0
1551,0.00022190005984157324,0.0,0.00022300006821751595,0
1552,0.0002679000608623028,0.0,0.0002691000699996948,0
1553,0.00022089993581175804,0.0,0.00022199994418770075,0
1554,0.00021839991677552462,0.0,0.00021949992515146732,0
1555,0.00026530004106462,0.0,0.0002663000486791134,0
1556,0.0001860000193119049,0.0,0.00018690002616494894,0
1557,0.00017010001465678215,0.0,0.00017100002150982618,0
1558,0.00017840007785707712,0.0,0.0001794000854715705,0
1559,0.00016210007015615702,0.00028789998032152653,0.0038117000367492437,1
1560,0.00028899998869746923,0.0,0.0002902999985963106,0
1561,0.00016960001084953547,0.0,0.00017060001846402884,0
1562,0.00019489997066557407,0.0,0.00019609997980296612,0
1563,0.00016389996744692326,0.0,0.00016489997506141663,0
1564,0.0001634999644011259,0.0,0.00016449997201561928,0
1565,0.0001778999576345086,0.0,0.00017889996524900198,0
1566,0.00016199995297938585,0.0,0.00016299996059387922,0
1567,0.0001607999438419938,0.0,0.00016179995145648718,0
1568,0.00017369992565363646,0.0,0.0001745999325066805,0
1569,0.00016639998648315668,0.0002853000769391656,0.004723599995486438,1
1570,0.0003016000846400857,0.0,0.0003030000953003764,0
1571,0.000175400055013597,0.0,0.00017650006338953972,0
1572,0.00019589997828006744,0.0,0.00019699998665601015,0
1573,0.00016469997353851795,0.0,0.00016569998115301132,0
1574,0.00016249995678663254,0.0,0.00016339996363967657,0
1575,0.00017669994849711657,0.0,0.0001775999553501606,0
1576,0.00016379996668547392,0.0,0.00016469997353851795,0
1577,0.00016679998952895403,0.0,0.00016769999638199806,0
1578,0.00017449993174523115,0.0,0.00017529993783682585,0
1579,0.00016069994308054447,0.0002927000168710947,0.004558400018140674,1
1580,0.00027740001678466797,0.0,0.00027900002896785736,0
1581,0.0001716000260785222,0.0,0.0001727000344544649,0
1582,0.00019589997828006744,0.0,0.00019699998665601015,0
1583,0.00016679998952895403,0.0,0.0001677999971434474,0
1584,0.0001642000861465931,0.0,0.00016529997810721397,0
1585,0.00018309999722987413,0.0,0.00018420000560581684,0
1586,0.00016339996363967657,0.0,0.00016439997125416994,0
1587,0.0001626999583095312,0.0,0.00016369996592402458,0
1588,0.00017579994164407253,0.0,0.00017689995002001524,0
1589,0.00016199995297938585,0.0003369000041857362,0.005978600005619228,1
1590,0.00041830004192888737,0.0,0.00042010005563497543,0
1591,0.00026999996043741703,0.0,0.00027139997109770775,0
1592,0.0002756000030785799,0.0,0.0002769000129774213,0
1593,0.00017110002227127552,0.0,0.0001721000298857689,0
1594,0.00017429993022233248,0.0,0.00017509993631392717,0
1595,0.0002442999975755811,0.0,0.00024530000519007444,0
1596,0.00015870004426687956,0.0,0.0001596000511199236,0
1597,0.00017779995687305927,0.0,0.00017879996448755264,0
1598,0.00021790002938359976,0.0,0.00021879991982132196,0
1599,0.0001607000594958663,0.0004561999812722206,0.0051509999902918935,1
1600,0.00042310007847845554,0.0,0.0004246000899001956,0
1601,0.0002261999761685729,0.0,0.00022749998606741428,0
1602,0.0002484000287950039,0.0,0.0002495000371709466,0
1603,0.00017680006567388773,0.0,0.00017790007404983044,0
1604,0.00016659998800605536,0.0,0.0001674999948590994,0
1605,0.00018129998352378607,0.0,0.0001821999903768301,0
1606,0.00016409996896982193,0.0,0.00016499997582286596,0
1607,0.00016309996135532856,0.0,0.00016389996744692326,0
1608,0.00017739995382726192,0.0,0.0001783999614417553,0
1609,0.00016799999866634607,0.00043759995605796576,0.005128299933858216,1
1610,0.0003179000923410058,0.0,0.0003193001030012965,0
1611,0.0001740000443533063,0.0,0.000175100052729249,0
1612,0.00019869999960064888,0.0,0.0001998000079765916,0
1613,0.00016709999181330204,0.0,0.0001680999994277954,0
1614,0.00020139990374445915,0.0,0.00020229991059750319,0
1615,0.00018179998733103275,0.0,0.00018279999494552612,0
1616,0.00017669994849711657,0.0,0.00017749995458871126,0
1617,0.00016059994231909513,0.0,0.00016139994841068983,0
1618,0.00019649998284876347,0.0,0.00019749999046325684,0
1619,0.0001818999880924821,0.00036689999978989363,0.005691099911928177,1
1620,0.00029280001763254404,0.0,0.00029429991263896227,0
1621,0.00018089998047798872,0.0,0.0001818999880924821,0
1622,0.00019859999883919954,0.0,0.0001998000079765916,0
1623,0.00016709999181330204,0.0,0.0001680999994277954,0
1624,0.0001647999742999673,0.0,0.00016569998115301132,0
1625,0.00018019997514784336,0.0,0.00018119998276233673,0
1626,0.00016379996668547392,0.0,0.00016469997353851795,0
1627,0.00016850000247359276,0.0,0.0001694000093266368,0
1628,0.0001781000755727291,0.0,0.00017900008242577314,0
1629,0.00016360008157789707,0.0003361999988555908,0.005330600077286363,1
1630,0.0004241999704390764,0.0,0.00042589998338371515,0
1631,0.0002261000918224454,0.0,0.00022719998378306627,0
1632,0.0002462000120431185,0.0,0.0002473000204190612,0
1633,0.00017140002455562353,0.0,0.00017250003293156624,0
1634,0.00016369996592402458,0.0,0.00016469997353851795,0
1635,0.0001846000086516142,0.0,0.00018560001626610756,0
1636,0.0001645000884309411,0.0,0.00016540009528398514,0
1637,0.00016350008081644773,0.0,0.0001642999704927206,0
1638,0.00017720006871968508,0.0,0.0001781000755727291,0
1639,0.00016409996896982193,0.0003470000810921192,0.005357700050808489,1
1640,0.0003237000200897455,0.0,0.00032510003075003624,0
1641,0.00018810003530234098,0.0,0.0001892000436782837,0
1642,0.00021199998445808887,0.0,0.00021309999283403158,0
1643,0.00017450004816055298,0.0,0.00017550005577504635,0
1644,0.00019599997904151678,0.0,0.00019689998589456081,0
1645,0.00020480004604905844,0.0,0.0002058000536635518,0
1646,0.0001593999331817031,0.0,0.00016029994003474712,0
1647,0.00015750003512948751,0.0,0.00015829992480576038,0
1648,0.00019180006347596645,0.0,0.00019280007109045982,0
1649,0.00017989997286349535,0.00041280000004917383,0.005073699983768165,1
1650,0.00035560003016144037,0.0,0.00035710004158318043,0
1651,0.00021790002938359976,0.0,0.00021900003775954247,0
1652,0.00024010008201003075,0.0,0.00024110008962452412,0
1653,0.00018970004748553038,0.0,0.00019080005586147308,0
1654,0.00017579994164407253,0.0,0.00017669994849711657,0
1655,0.00017479993402957916,0.0,0.0001756999408826232,0
1656,0.00015919993165880442,0.0,0.0001601999392732978,0
1657,0.00017929996829479933,0.0,0.00018019997514784336,0
1658,0.0001778999576345086,0.0,0.00017879996448755264,0
1659,0.0001677999971434474,0.00036860001273453236,0.004138199961744249,1
1660,0.00033820001408457756,0.0,0.0003397000255063176,0
1661,0.0002497999230399728,0.0,0.0002509999321773648,0
1662,0.0005426999414339662,0.0,0.0005444999551400542,0
1663,0.0002460998948663473,0.0,0.0002473999047651887,0
1664,0.00023300002794712782,0.0,0.00023410003632307053,0
1665,0.00032160000409930944,0.0,0.0003234000178053975,0
1666,0.000322299893014133,0.0,0.00032389990519732237,0
1667,0.00028629996813833714,0.0,0.00028799998108297586,0
1668,0.0002300000051036477,0.0,0.0002313000150024891,0
1669,0.0002595999976620078,0.00039109995122998953,0.0039981999434530735,1
1670,0.0004306999035179615,0.0,0.0004319999134168029,0
1671,0.00019159994553774595,0.0,0.00019269995391368866,0
1672,0.0002297000028192997,0.0,0.00023090001195669174,0
1673,0.00026670005172491074,0.0,0.00026780006010085344,0
1674,0.0001620999537408352,0.0,0.00016309996135532856,0
1675,0.000268499949015677,0.0,0.0002695999573916197,0
1676,0.00016489997506141663,0.0,0.00016589998267591,0
1677,0.00015920004807412624,0.0,0.00016010005492717028,0
1678,0.00037079991307109594,0.0,0.00037249992601573467,0
1679,0.00040069990791380405,0.0005474000936374068,0.004784999997355044,1
1680,0.0004610000178217888,0.0,0.0004627000307664275,0
1681,0.00028149993158876896,0.0,0.00028259993996471167,0
1682,0.00028169993311166763,0.0,0.00028279994148761034,0
1683,0.00017390004359185696,0.0,0.000174800050444901,0
1684,0.000166199984960258,0.0,0.0001669999910518527,0
1685,0.00020480004604905844,0.0,0.0002058000536635518,0
1686,0.00015620002523064613,0.0,0.00015700003132224083,0
1687,0.00019379996228963137,0.0,0.00019459996838122606,0
1688,0.00020409992430359125,0.0,0.00020499993115663528,0
1689,0.00015820004045963287,0.00041719991713762283,0.005730099976062775,1
1690,0.00049769994802773,0.0,0.0004992999602109194,0
1691,0.0002280999906361103,0.0,0.00022929999977350235,0
1692,0.00025239994283765554,0.0,0.0002535999519750476,0
1693,0.00017349992413073778,0.0,0.00017439993098378181,0
1694,0.00016719999257475138,0.0,0.00016820000018924475,0
1695,0.00018999993335455656,0.0,0.00019109994173049927,0
1696,0.00016299996059387922,0.0,0.0001639999682083726,0
1697,0.00015959993470460176,0.0,0.0001604999415576458,0
1698,0.00020859995856881142,0.0,0.0002095999661833048,0
1699,0.00015840004198253155,0.0002921998966485262,0.005171700031496584,1
1700,0.00028899998869746923,0.0,0.0002905000001192093,0
1701,0.00018850003834813833,0.0,0.0001895000459626317,0
1702,0.00021839991677552462,0.0,0.00021949992515146732,0
1703,0.00017570005729794502,0.0,0.00017680006567388773,0
1704,0.00015860004350543022,0.0,0.0001596000511199236,0
1705,0.00017520005349069834,0.0,0.00017610006034374237,0
1706,0.00017849996220320463,0.0,0.00017939996905624866,0
1707,0.00017119990661740303,0.0,0.00017199991270899773,0
1708,0.0002082999562844634,0.0,0.00020919996313750744,0
1709,0.00015900004655122757,0.00035280000884085894,0.006120900041423738,1
1710,0.0005729999393224716,0.0,0.000574899953790009,0
1711,0.0004898000042885542,0.0,0.0004917000187560916,0
1712,0.00046690006274729967,0.0,0.0004688000772148371,0
1713,0.0004371999530121684,0.0,0.00043889996595680714,0
1714,0.00042690010741353035,0.0,0.00042839988600462675,0
1715,0.0002541999565437436,0.0,0.00025569996796548367,0
1716,0.00021430000197142363,0.0,0.000215600011870265,0
1717,0.00016719999257475138,0.0,0.00016820000018924475,0
1718,0.00018339999951422215,0.0,0.00018450000789016485,0
1719,0.00017769995611160994,0.00035690004006028175,0.005139799905009568,1
1720,0.0005035999929532409,0.0,0.0005053000058978796,0
1721,0.00027920003049075603,0.0,0.00028030003886669874,0
1722,0.00021399999968707561,0.0,0.00021520000882446766,0
1723,0.00019289995543658733,0.0,0.00019409996457397938,0
1724,0.00017410004511475563,0.0,0.00017509993631392717,0
1725,0.0002033999189734459,0.0,0.00020459992811083794,0
1726,0.00018969993107020855,0.0,0.00019069993868470192,0
1727,0.00016110006254166365,0.0,0.00016199995297938585,0
1728,0.0002063000574707985,0.0,0.0002074000658467412,0
1729,0.00020190002396702766,0.0003233000170439482,0.005662200041115284,1
1730,0.00043210003059357405,0.0,0.0004336000420153141,0
1731,0.00017040001694113016,0.0,0.00017140002455562353,0
1732,0.0002145000034943223,0.0,0.00021550001110881567,0
1733,0.00019639998208731413,0.0,0.00019759999122470617,0
1734,0.0001607999438419938,0.0,0.00016179995145648718,0
1735,0.00022719998378306627,0.0,0.00022839999292045832,0
1736,0.0001724999165162444,0.0,0.00017349992413073778,0
1737,0.00018440000712871552,0.0,0.00018540001474320889,0
1738,0.00023179990239441395,0.0,0.00023279991000890732,0
1739,0.00021359999664127827,0.00040380004793405533,0.00554399995598942,1
1740,0.0002759000053629279,0.0,0.00027710001450031996,0
1741,0.00016830000095069408,0.0,0.0001694000093266368,0
1742,0.00019599997904151678,0.0,0.00019689998589456081,0
1743,0.00017929996829479933,0.0,0.0001802999759092927,0
1744,0.0001634000800549984,0.0,0.00016430008690804243,0
1745,0.00017980008851736784,0.0,0.0001808000961318612,0
1746,0.0001634999644011259,0.0,0.00016449997201561928,0
1747,0.00016160006634891033,0.0,0.0001626000739634037,0
1748,0.00017630006186664104,0.0,0.00017720006871968508,0
1749,0.0001762000611051917,0.000304899993352592,0.005903000012040138,1
1750,0.00039579998701810837,0.0,0.0003974999999627471,0
1751,0.00017609994392842054,0.0,0.00017719995230436325,0
1752,0.0001965999836102128,0.0,0.00019759999122470617,0
1753,0.00016390008386224508,0.0,0.00016480009071528912,0
1754,0.00016190006863325834,0.0,0.00016280007548630238,0
1755,0.00018279999494552612,0.0,0.00018370000179857016,0
1756,0.00016359996516257524,0.0,0.00016449997201561928,0
1757,0.00016119994688779116,0.0,0.0001620999537408352,0
1758,0.0001759999431669712,0.0,0.00017709995154291391,0
1759,0.00016199995297938585,0.00032540003303438425,0.005636999965645373,1
1760,0.0002999999560415745,0.0,0.0003011999651789665,0
1761,0.00022090005222707987,0.0,0.0002221000613644719,0
1762,0.0002169000217691064,0.0,0.00021790002938359976,0
1763,0.00016769999638199806,0.0,0.00016870000399649143,0
1764,0.00016499997582286596,0.0,0.00016589998267591,0
1765,0.0001805000938475132,0.0,0.00018149998504668474,0
1766,0.0001639999682083726,0.0,0.00016499997582286596,0
1767,0.00016339996363967657,0.0,0.00016439997125416994,0
1768,0.00018820003606379032,0.0,0.00018910004291683435,0
1769,0.00016240007244050503,0.00032380002085119486,0.005653400090523064,1
1770,0.00033379998058080673,0.0,0.00033569999504834414,0
1771,0.0002210000529885292,0.0,0.00022220006212592125,0
1772,0.00020180002320557833,0.0,0.0002028000308200717,0
1773,0.00016789999790489674,0.0,0.00016889988910406828,0
1774,0.00016609998419880867,0.0,0.0001669999910518527,0
1775,0.0002476000227034092,0.0,0.00024880003184080124,0
1776,0.0001686000032350421,0.0,0.00016950001008808613,0
1777,0.00016339996363967657,0.0,0.0001642999704927206,0
1778,0.00017659994773566723,0.0,0.00017749995458871126,0
1779,0.0001631999621167779,0.00037640007212758064,0.005532599985599518,1
1780,0.0004928000271320343,0.0,0.0004943000385537744,0
1781,0.00023530004546046257,0.0,0.00023650005459785461,0
1782,0.000228599994443357,0.0,0.00022990000434219837,0
1783,0.00017369992565363646,0.0,0.00017469993326812983,0
1784,0.0001583000412210822,0.0,0.00015920004807412624,0
1785,0.00020460004452615976,0.0,0.0002055000513792038,0
1786,0.00015819992404431105,0.0,0.00015899993013590574,0
1787,0.00019419996533542871,0.0,0.0001949999714270234,0
1788,0.00020469992887228727,0.0,0.0002055999357253313,0
1789,0.00015700003132224083,0.00041290000081062317,0.003890100051648915,1
1790,0.00039599998854100704,0.0,0.00039739999920129776,0
1791,0.00024399999529123306,0.0,0.0002452000044286251,0
1792,0.0002509999321773648,0.0,0.00025219994131475687,0
1793,0.00017319992184638977,0.0,0.0001740999286994338,0
1794,0.0001580000389367342,0.0,0.00015890004578977823,0
1795,0.00019890000112354755,0.0,0.0001998000079765916,0
1796,0.00015840004198253155,0.0,0.00015920004807412624,0
1797,0.000188400037586689,0.0,0.00018940004520118237,0
1798,0.0001976999919861555,0.0,0.00019859999883919954,0
1799,0.00015750003512948751,0.00032750004902482033,0.004530000034719706,1
1800,0.00045849999878555536,0.0,0.0004602998960763216,0
1801,0.00021930004004389048,0.0,0.00022050004918128252,0
1802,0.0002767000114545226,0.0,0.000277700019069016,0
1803,0.0001873000292107463,0.0,0.00018839992117136717,0
1804,0.00015920004807412624,0.0,0.00016010005492717028,0
1805,0.00017180002760142088,0.0,0.00017280003521591425,0
1806,0.00015979993622750044,0.0,0.00016069994308054447,0
1807,0.0001981999957934022,0.0,0.00019910000264644623,0
1808,0.00018390000332146883,0.0,0.00018489989452064037,0
1809,0.00018910004291683435,0.0004187999293208122,0.0039585999911651015,1
1810,0.0003201001090928912,0.0,0.0003214998869225383,0
1811,0.000179799972102046,0.0,0.00018079997971653938,0
1812,0.00019159994553774595,0.0,0.00019249995239078999,0
1813,0.00016000005416572094,0.0,0.00016080006025731564,0
1814,0.0001564000267535448,0.0,0.00015740003436803818,0
1815,0.00024149997625499964,0.0,0.00024279998615384102,0
1816,0.000305499997921288,0.0,0.0003066000062972307,0
1817,0.0002975999377667904,0.0,0.00029889994766563177,0
1818,0.00033409998286515474,0.0,0.0003353999927639961,0
1819,0.00029859994538128376,0.0003831000067293644,0.004238800029270351,1
1820,0.0005822998937219381,0.0,0.0005845999112352729,0
1821,0.0004589998861774802,0.0,0.00046069989912211895,0
1822,0.0004920000210404396,0.0,0.0004939999198541045,0
1823,0.0002869999734684825,0.0,0.0002883999841287732,0
1824,0.00022470008116215467,0.0,0.00022570008877664804,0
1825,0.00023330003023147583,0.0,0.0002343000378459692,0
1826,0.00017110002227127552,0.0,0.00017199991270899773,0
1827,0.00022270006593316793,0.0,0.00022379995789378881,0
1828,0.00018710002768784761,0.0,0.00018800003454089165,0
1829,0.00016680010594427586,0.00032599992118775845,0.00422870006877929,1
1830,0.0006130000110715628,0.0,0.0006146999076008797,0
1831,0.0004115999909117818,0.0,0.00041340000461786985,0
1832,0.00047119997907429934,0.0,0.0004726999904960394,0
1833,0.00021770002786070108,0.0,0.00021860003471374512,0
1834,0.00021359999664127827,0.0,0.00021460000425577164,0
1835,0.00021770002786070108,0.0,0.00021870003547519445,0
1836,0.0001799999736249447,0.0,0.00018089998047798872,0
1837,0.00029930006712675095,0.0,0.0003002999583259225,0
1838,0.0001981999957934022,0.0,0.00019920000340789557,0
1839,0.0001805999781936407,0.00042810000013560057,0.003954799962230027,1
1840,0.00034879997838288546,0.0,0.00035009998828172684,0
1841,0.00024189997930079699,0.0,0.0002429999876767397,0
1842,0.00024670001585036516,0.0,0.00024780002422630787,0
1843,0.0002093999646604061,0.0,0.00021039997227489948,0
1844,0.0001577999209985137,0.0,0.00015879992861300707,0
1845,0.00019880000036209822,0.0,0.0001998000079765916,0
1846,0.0001677999971434474,0.0,0.00016870000399649143,0
1847,0.00016130006406456232,0.0,0.0001623000716790557,0
1848,0.00021630001720041037,0.0,0.0002172000240534544,0
1849,0.00015620002523064613,0.0003307999577373266,0.0046793000074103475,1
1850,0.0003741999389603734,0.0,0.0003755999496206641,0
1851,0.00023859995417296886,0.0,0.00023969996254891157,0
1852,0.00028169993311166763,0.0,0.0002828999422490597,0
1853,0.0001705000177025795,0.0,0.0001716000260785222,0
1854,0.00016719999257475138,0.0,0.00016830000095069408,0
1855,0.0002573999809101224,0.0,0.00025859999004751444,0
1856,0.0001778999576345086,0.0,0.00017889996524900198,0
1857,0.0002607000060379505,0.0,0.0002620000159367919,0
1858,0.0003011999651789665,0.0,0.0003021999727934599,0
1859,0.0002050000475719571,0.00046799995470792055,0.003982200054451823,1
1860,0.0004824999487027526,0.0,0.00048399996012449265,0
1861,0.0001927000703290105,0.0,0.00019370007794350386,0
1862,0.0002324000233784318,0.0,0.00023340003099292517,0
1863,0.00020290003158152103,0.0,0.00020379992201924324,0
1864,0.0001591000473126769,0.0,0.00016010005492717028,0
1865,0.00018780003301799297,0.0,0.000188700039871037,0
1866,0.00016820000018924475,0.0,0.00016910000704228878,0
1867,0.00016140006482601166,0.0,0.00016240007244050503,0
1868,0.0002264000941067934,0.0,0.00022740010172128677,0
1869,0.00016190006863325834,0.00033989991061389446,0.004057000041939318,1
1870,0.00029180001001805067,0.0,0.0002932000206783414,0
1871,0.00018619990441948175,0.0,0.0001873999135568738,0
1872,0.00020430004224181175,0.0,0.00020530004985630512,0
1873,0.00018860003910958767,0.0,0.00018960004672408104,0
1874,0.00016289995983242989,0.0,0.00016389996744692326,0
1875,0.0002674999414011836,0.0,0.00026869995053857565,0
1876,0.00023389991838485003,0.0,0.00023529992904514074,0
1877,0.00026279990561306477,0.0,0.0002641999162733555,0
1878,0.0002386999549344182,0.0,0.0002397999633103609,0
1879,0.0001721000298857689,0.00031779997516423464,0.004446399980224669,1
1880,0.00042639998719096184,0.0,0.00042810000013560057,0
1881,0.0002313998993486166,0.0,0.00023259990848600864,0
1882,0.00027980003505945206,0.0,0.0002810000441968441,0
1883,0.00021810003090649843,0.0,0.00021930004004389048,0
1884,0.0002074999501928687,0.0,0.00020869995933026075,0
1885,0.0002079999540001154,0.0,0.00020889996085315943,0
1886,0.00018199998885393143,0.0,0.00018289999570697546,0
1887,0.00018390000332146883,0.0,0.0001849000109359622,0
1888,0.0002405999694019556,0.0,0.00024149997625499964,0
1889,0.0001647999742999673,0.0003073000116273761,0.003914800006896257,1
1890,0.0004045999376103282,0.0,0.0004059999482706189,0
1891,0.00023239990696310997,0.0,0.00023359991610050201,0
1892,0.00020270003005862236,0.0,0.0002039000391960144,0
1893,0.00016599998343735933,0.0,0.0001669999910518527,0
1894,0.0001634999644011259,0.0,0.00016449997201561928,0
1895,0.00017639994621276855,0.0,0.00017749995458871126,0
1896,0.00016219995450228453,0.0,0.00016309996135532856,0
1897,0.00018289999570697546,0.0,0.0001838000025600195,0
1898,0.0001772999530658126,0.0,0.00017829996068030596,0
1899,0.00016179995145648718,0.0003151999553665519,0.004583399975672364,1
1900,0.0004808999365195632,0.0,0.00048289995174854994,0
1901,0.0002481000265106559,0.0,0.00024949992075562477,0
1902,0.0002668999368324876,0.0,0.00026789994444698095,0
1903,0.00017639994621276855,0.0,0.00017749995458871126,0
1904,0.00019649998284876347,0.0,0.0001973999897018075,0
1905,0.00018279999494552612,0.0,0.00018390000332146883,0
1906,0.00016710010822862387,0.0,0.0001680999994277954,0
1907,0.0001677999971434474,0.0,0.00016870000399649143,0
1908,0.00022980000358074903,0.0,0.00023110001347959042,0
1909,0.0001697000116109848,0.0003486999776214361,0.0041591000044718385,1
1910,0.00027840002439916134,0.0,0.00027980003505945206,0
1911,0.00021119997836649418,0.0,0.00021219998598098755,0
1912,0.00019219995010644197,0.0,0.00019319995772093534,0
1913,0.00019859999883919954,0.0,0.0001996000064536929,0
1914,0.00015920004807412624,0.0,0.00016000005416572094,0
1915,0.00017419992946088314,0.0,0.00017529993783682585,0
1916,0.0002175000263378024,0.0,0.00021849991753697395,0
1917,0.00019789999350905418,0.0,0.00019880000036209822,0
1918,0.0001862999051809311,0.0,0.00018729991279542446,0
1919,0.000193099956959486,0.00037510006222873926,0.004200699971988797,1
1920,0.0002948000328615308,0.0,0.0002962000435218215,0
1921,0.00023140001576393843,0.0,0.0002324000233784318,0
1922,0.00021279999054968357,0.0,0.00021379999816417694,0
1923,0.00018239999189972878,0.0,0.0001832999987527728,0
1924,0.00016280007548630238,0.0,0.00016380008310079575,0
1925,0.00024399999529123306,0.0,0.0002449000021442771,0
1926,0.00019419996533542871,0.0,0.0001949999714270234,0
1927,0.0001841000048443675,0.0,0.00018510001245886087,0
1928,0.0002215000567957759,0.0,0.00022240006364881992,0
1929,0.0001574999187141657,0.000430900021456182,0.005740299937315285,1
1930,0.00037539994809776545,0.0,0.0003768999595195055,0
1931,0.00024119997397065163,0.0,0.00024239998310804367,0
1932,0.0002402999671176076,0.0,0.0002413999754935503,0
1933,0.00020309991668909788,0.0,0.00020399992354214191,0
1934,0.00020539993420243263,0.0,0.00020629994105547667,0
1935,0.0002036000369116664,0.0,0.00020460004452615976,0
1936,0.00015810003969818354,0.0,0.0001591000473126769,0
1937,0.00017549993935972452,0.0,0.00017629994545131922,0
1938,0.00022149994038045406,0.0,0.0002223999472334981,0
1939,0.00020760006736963987,0.00042799999937415123,0.005440599983558059,1
1940,0.00034790008794516325,0.0,0.00034950010012835264,0
1941,0.00018740002997219563,0.0,0.00018860003910958767,0
1942,0.00027220009360462427,0.0,0.0002734001027420163,0
1943,0.00017799995839595795,0.0,0.00017899996601045132,0
1944,0.00016639998648315668,0.0,0.00016729999333620071,0
1945,0.00025669997557997704,0.0,0.0002576999831944704,0
1946,0.00016840000171214342,0.0,0.00016939989291131496,0
1947,0.00017380004283040762,0.0,0.000174800050444901,0
1948,0.0002744001103565097,0.0,0.00027540000155568123,0
1949,0.00018370000179857016,0.00046090001706033945,0.00688929995521903,1
1950,0.0004542000824585557,0.0,0.0004558999789878726,0
1951,0.0002082999562844634,0.0,0.0002093999646604061,0
1952,0.00022749998606741428,0.0,0.00022869999520480633,0
1953,0.00017469993326812983,0.0,0.00017559994012117386,0
1954,0.00015860004350543022,0.0,0.00015949993394315243,0
1955,0.0002180000301450491,0.0,0.00021900003775954247,0
1956,0.00015919993165880442,0.0,0.0001601999392732978,0
1957,0.00016679998952895403,0.0,0.0001677999971434474,0
1958,0.000175100052729249,0.0,0.00017610006034374237,0
1959,0.00015919993165880442,0.0004144000122323632,0.00532919995021075,1
1960,0.0005044999998062849,0.0,0.0005059000104665756,0
1961,0.00023850006982684135,0.0,0.00023950007744133472,0
1962,0.0002516000531613827,0.0,0.0002527000615373254,0
1963,0.00018079997971653938,0.0,0.00018169998656958342,0
1964,0.00016469997353851795,0.0,0.00016559998039156199,0
1965,0.0001805999781936407,0.0,0.00018149998504668474,0
1966,0.00016329996287822723,0.0,0.0001642999704927206,0
1967,0.0001884999219328165,0.0,0.00018949992954730988,0
1968,0.00019529997371137142,0.0,0.00019619998056441545,0
1969,0.00017469993326812983,0.0003674000035971403,0.00577369995880872,1
1970,0.0004384999629110098,0.0,0.0004400999750941992,0
1971,0.00033569999504834414,0.0,0.00033710000570863485,0
1972,0.0002778000198304653,0.0,0.000278900028206408,0
1973,0.00017889996524900198,0.0,0.00017989997286349535,0
1974,0.0001580000389367342,0.0,0.00015900004655122757,0
1975,0.00017239991575479507,0.0,0.00017339992336928844,0
1976,0.00015780003741383553,0.0,0.00015870004426687956,0
1977,0.00015590002294629812,0.0,0.00015680002979934216,0
1978,0.00020599993877112865,0.0,0.00020699994638562202,0
1979,0.00015710003208369017,0.0004284000024199486,0.005980800022371113,1
1980,0.00030970002990216017,0.0,0.0003112000413239002,0
1981,0.00017340003978461027,0.0,0.00017450004816055298,0
1982,0.0001990000018849969,0.0,0.00020009989384561777,0
1983,0.00016389996744692326,0.0,0.00016489997506141663,0
1984,0.00017390004359185696,0.0,0.00017490005120635033,0
1985,0.0001770000671967864,0.0,0.00017800007481127977,0
1986,0.00016110006254166365,0.0,0.00016210007015615702,0
1987,0.0001596000511199236,0.0,0.00016060005873441696,0
1988,0.00017399992793798447,0.0,0.0001748999347910285,0
1989,0.00016109994612634182,0.0003389000194147229,0.006295899976976216,1
1990,0.0003738000523298979,0.0,0.00037569995038211346,0
1991,0.0002324000233784318,0.0,0.0002335000317543745,0
1992,0.0002693000715225935,0.0,0.00027030007913708687,0
1993,0.00023280002642422915,0.0,0.00023380003403872252,0
1994,0.00019519997294992208,0.0,0.00019609997980296612,0
1995,0.00021430000197142363,0.0,0.000215300009585917,0
1996,0.00022639997769147158,0.0,0.0002272999845445156,0
1997,0.0001868000254034996,0.0,0.00018780003301799297,0
1998,0.0002047000452876091,0.0,0.00020570005290210247,0
1999,0.00015839992556720972,0.000457199988886714,0.005906699923798442,1
2000,0.0003896000562235713,0.0,0.00039140006992965937,0
2001,0.00026020000223070383,0.0,0.0002614000113680959,0
2002,0.0002625999040901661,0.0,0.0002636999124661088,0
2003,0.00017809995915740728,0.0,0.00017919996753335,0
2004,0.00020859995856881142,0.0,0.0002095999661833048,0
2005,0.00020579993724822998,0.0,0.00020679994486272335,0
2006,0.00016279995907098055,0.0,0.00016369996592402458,0
2007,0.00021169998217374086,0.0,0.00021269998978823423,0
2008,0.00019459996838122606,0.0,0.0001954999752342701,0
2009,0.00015909993089735508,0.0003459000727161765,0.006028100033290684,1
2010,0.0003095000283792615,0.0,0.0003106999211013317,0
2011,0.00019239995162934065,0.0,0.00019339995924383402,0
2012,0.00023859995417296886,0.0,0.00023969996254891157,0
2013,0.00018630002159625292,0.0,0.00018740002997219563,0
2014,0.00018430000636726618,0.0,0.00018530001398175955,0
2015,0.0001970999874174595,0.0,0.00019809999503195286,0
2016,0.00018450000789016485,0.0,0.00018550001550465822,0
2017,0.00019759999122470617,0.0,0.00019869999960064888,0
2018,0.00020100001711398363,0.0,0.00020220002625137568,0
2019,0.00016759999562054873,0.000327100045979023,0.005412400001659989,1
2020,0.00028979999478906393,0.0,0.000291000003926456,0
2021,0.0002234999556094408,0.0,0.00022449996322393417,0
2022,0.00019189994782209396,0.0,0.000192799954675138,0
2023,0.00016109994612634182,0.0,0.00016189995221793652,0
2024,0.0001580999232828617,0.0,0.00015909993089735508,0
2025,0.0002541999565437436,0.0,0.0002552999649196863,0
2026,0.000206399941816926,0.0,0.0002071999479085207,0
2027,0.000161500065587461,0.0,0.0001623000716790557,0
2028,0.00017630006186664104,0.0,0.00017710006795823574,0
2029,0.00015950005035847425,0.00033980002626776695,0.006731200031936169,1
2030,0.000278900028206408,0.0,0.00028030003886669874,0
2031,0.00018589990213513374,0.0,0.0001870999112725258,0
2032,0.0002607000060379505,0.0,0.0002618000144138932,0
2033,0.00017390004359185696,0.0,0.00017470004968345165,0
2034,0.00015579990576952696,0.0,0.00015659991186112165,0
2035,0.00017140002455562353,0.0,0.0001724000321701169,0
2036,0.00015659991186112165,0.0,0.00015739991795271635,0
2037,0.000179499969817698,0.0,0.00019299995619803667,0
2038,0.00017060001846402884,0.0,0.00017150002531707287,0
2039,0.00018079997971653938,0.00031539995688945055,0.006288899923674762,1
2040,0.00029500003438442945,0.0,0.0002964999293908477,0
2041,0.00017589994240552187,0.0,0.00017689995002001524,0
2042,0.0001970999874174595,0.0,0.0001981999957934022,0
2043,0.0002039000391960144,0.0,0.0002050000475719571,0
2044,0.00017689995002001524,0.0,0.00017769995611160994,0
2045,0.0002087999600917101,0.0,0.00020969996694475412,0
2046,0.0001976999919861555,0.0,0.0001984999980777502,0
2047,0.0001577999209985137,0.0,0.00015869992785155773,0
2048,0.00020270003005862236,0.0,0.0002036000369116664,0
2049,0.00016010005492717028,0.00036209996324032545,0.006214300054125488,1
2050,0.000510399928316474,0.0,0.000511899939738214,0
2051,0.00026409991551190615,0.0,0.0002652999246492982,0
2052,0.000229199999012053,0.0,0.00023020000662654638,0
2053,0.00021109997760504484,0.0,0.00021229998674243689,0
2054,0.0002706999657675624,0.0,0.00027169997338205576,0
2055,0.00016880000475794077,0.0,0.0001697000116109848,0
2056,0.00019569997675716877,0.0,0.0001965999836102128,0
2057,0.0002734999870881438,0.0,0.00027469999622553587,0
2058,0.0004301000153645873,0.0,0.00043180002830922604,0
2059,0.0002940000267699361,0.0005795999895781279,0.007267700042575598,1
2060,0.00044299999717622995,0.0,0.00044450000859797,0
2061,0.00019500008784234524,0.0,0.00019610009621828794,0
2062,0.00018930004443973303,0.0,0.00019050005357712507,0
2063,0.00016020005568861961,0.0,0.00016120006330311298,0
2064,0.00015629990957677364,0.0,0.00015709991566836834,0
2065,0.00017040001694113016,0.0,0.0001713000237941742,0
2066,0.00018850003834813833,0.0,0.00018940004520118237,0
2067,0.00015600002370774746,0.0,0.00015679991338402033,0
2068,0.0001689000055193901,0.0,0.00016980001237243414,0
2069,0.0001561000244691968,0.0003179999766871333,0.006819400005042553,1
2070,0.00035449990537017584,0.0,0.0003559999167919159,0
2071,0.00016709999181330204,0.0,0.0001680999994277954,0
2072,0.00021210010163486004,0.0,0.00021319999359548092,0
2073,0.0002161000156775117,0.0,0.00021700002253055573,0
2074,0.00020150002092123032,0.0,0.00020239991135895252,0
2075,0.0002308000111952424,0.0,0.00023170001804828644,0
2076,0.00016459997277706861,0.0,0.0001653999788686633,0
2077,0.0001674999948590994,0.0,0.00016850000247359276,0
2078,0.00018960004672408104,0.0,0.0001906000543385744,0
2079,0.00017359992489218712,0.00032870005816221237,0.005816799937747419,1
2080,0.00029740005265921354,0.0,0.00029880006331950426,0
2081,0.00019310007337480783,0.0,0.00019420008175075054,0
2082,0.00021730002481490374,0.0,0.00021850003395229578,0
2083,0.00019129994325339794,0.0,0.00019259995315223932,0
2084,0.00018339999951422215,0.0,0.00018440000712871552,0
2085,0.00019990000873804092,0.0,0.00020110001787543297,0
2086,0.0001841000048443675,0.0,0.00018510001245886087,0
2087,0.00018370000179857016,0.0,0.00018480001017451286,0
2088,0.00022439996246248484,0.0,0.00022559997159987688,0
2089,0.00016189995221793652,0.00039030006155371666,0.006519199931062758,1
2090,0.00030069996137171984,0.0,0.00030229997355490923,0
2091,0.00020460004452615976,0.0,0.00020570005290210247,0
2092,0.00021599989850074053,0.0,0.00021709990687668324,0
2093,0.00016499997582286596,0.0,0.00016589998267591,0
2094,0.0001626999583095312,0.0,0.00016369996592402458,0
2095,0.00018590001855045557,0.0,0.00018690002616494894,0
2096,0.00020279991440474987,0.0,0.00020379992201924324,0
2097,0.00015840004198253155,0.0,0.00015930004883557558,0
2098,0.00020380003843456507,0.0,0.00020490004681050777,0
2099,0.00015639991033822298,0.00031050003599375486,0.0059637000085785985,1
2100,0.0004078000783920288,0.0,0.0004094000905752182,0
2101,0.00022599997464567423,0.0,0.00022719998378306627,0
2102,0.0001965999836102128,0.0,0.00019759999122470617,0
2103,0.00016409996896982193,0.0,0.0001650999765843153,0
2104,0.0001642999704927206,0.0,0.00016519997734576464,0
2105,0.00017800007481127977,0.0,0.00017899996601045132,0
2106,0.0001732000382617116,0.0,0.0001743000466376543,0
2107,0.00016139994841068983,0.0,0.0001623999560251832,0
2108,0.00017559994012117386,0.0,0.0001764999469742179,0
2109,0.00016189995221793652,0.0002938000252470374,0.006318400031886995,1
2110,0.00036970002111047506,0.0,0.00037129991687834263,0
2111,0.00024309998843818903,0.0,0.00024419999681413174,0
2112,0.0002576000988483429,0.0,0.0002587999915704131,0
2113,0.00043320003896951675,0.0,0.00043460004962980747,0
2114,0.00025919999461621046,0.0,0.00026020000223070383,0
2115,0.0002378999488428235,0.0,0.0002389999572187662,0
2116,0.00017909996677190065,0.0,0.00018009997438639402,0
2117,0.00015979993622750044,0.0,0.00016069994308054447,0
2118,0.0002106999745592475,0.0,0.00021169998217374086,0
2119,0.00016039994079619646,0.00041019998025149107,0.0066151999635621905,1
2120,0.00028540007770061493,0.0,0.00028680008836090565,0
2121,0.00021049997303634882,0.0,0.00021169998217374086,0
2122,0.00031749997287988663,0.0,0.00031859998125582933,0
2123,0.0001607999438419938,0.0,0.00016179995145648718,0
2124,0.00015730003360658884,0.0,0.00015810003969818354,0
2125,0.00024110008962452412,0.0,0.00024209998082369566,0
2126,0.00019040005281567574,0.0,0.00019130005966871977,0
2127,0.00018820003606379032,0.0,0.00018910004291683435,0
2128,0.00016910000704228878,0.0,0.0001700000138953328,0
2129,0.0001569000305607915,0.0003779999678954482,0.007424900075420737,1
2130,0.0004912000149488449,0.0,0.000493000028654933,0
2131,0.0002568999771028757,0.0,0.00025809998624026775,0
2132,0.0002367000561207533,0.0,0.00023790006525814533,0
2133,0.00018599990289658308,0.0,0.0001870999112725258,0
2134,0.00016469997353851795,0.0,0.00016569998115301132,0
2135,0.0001802999759092927,0.0,0.0001813999842852354,0
2136,0.00019539997447282076,0.0,0.00019639998208731413,0
2137,0.00020039989612996578,0.0,0.0002014999045059085,0
2138,0.00018620002083480358,0.0,0.0001873000292107463,0
2139,0.00017660006415098906,0.0003568999236449599,0.006831800099462271,1
2140,0.000651499954983592,0.0,0.0006533999694511294,0
2141,0.00046230002772063017,0.0,0.0004643000429496169,0
2142,0.00047690002247691154,0.0,0.0004784000338986516,0
2143,0.00024009996559470892,0.0,0.0002410999732092023,0
2144,0.0001607000594958663,0.0,0.000161800067871809,0
2145,0.00019289995543658733,0.0,0.0001938999630510807,0
2146,0.00020539993420243263,0.0,0.00020629994105547667,0
2147,0.00022259994875639677,0.0,0.00022339995484799147,0
2148,0.0002068999456241727,0.0,0.00020779995247721672,0
2149,0.0001588000450283289,0.00040389993228018284,0.007212499971501529,1
2150,0.0005736000603064895,0.0,0.0005754000740125775,0
2151,0.0003109000390395522,0.0,0.00031239993404597044,0
2152,0.00035230000503361225,0.0,0.00035340001340955496,0
2153,0.00024399999529123306,0.0,0.00024480000138282776,0
2154,0.00027540000155568123,0.0,0.00027660001069307327,0
2155,0.00022950000129640102,0.0,0.0002305000089108944,0
2156,0.00017470004968345165,0.0,0.000175400055013597,0
2157,0.00020309991668909788,0.0,0.00020409992430359125,0
2158,0.00025569996796548367,0.0,0.0002565999748185277,0
2159,0.00017450004816055298,0.00037699996028095484,0.006509399972856045,1
2160,0.00036289996933192015,0.0,0.00036449998151510954,0
2161,0.00034739996772259474,0.0,0.0003494999837130308,0
2162,0.00034829997457563877,0.0,0.00034989998675882816,0
2163,0.00030399998649954796,0.0,0.0003053999971598387,0
2164,0.00021430000197142363,0.0,0.00021540001034736633,0
2165,0.00020220002625137568,0.0,0.00020320003386586905,0
2166,0.00018779991660267115,0.0,0.00018869992345571518,0
2167,0.0001846000086516142,0.0,0.00018550001550465822,0
2168,0.0001721999142318964,0.0,0.00017309992108494043,0
2169,0.00018279999494552612,0.0004811999388039112,0.007371500018052757,1
2170,0.00045679998584091663,0.0,0.0004582999972626567,0
2171,0.0001813999842852354,0.0,0.0001824999926611781,0
2172,0.00021650001872330904,0.0,0.00021770002786070108,0
2173,0.00017039990052580833,0.0,0.00017129990737885237,0
2174,0.00029420002829283476,0.0,0.00029530003666877747,0
2175,0.00019779999274760485,0.0,0.00019890000112354755,0
2176,0.00021089997608214617,0.0,0.00021199998445808887,0
2177,0.00025209994055330753,0.0,0.0002532999496906996,0
2178,0.00019349996000528336,0.0,0.00019449996761977673,0
2179,0.00017209991347044706,0.0004990000743418932,0.0072116999654099345,1
2180,0.00034799997229129076,0.0,0.00034929998219013214,0
2181,0.00017779995687305927,0.0,0.00017889996524900198,0
2182,0.00020490004681050777,0.0,0.00020589993800967932,0
2183,0.00017150002531707287,0.0,0.0001724000321701169,0
2184,0.00017049990128725767,0.0,0.00017149990890175104,0
2185,0.00020620005670934916,0.0,0.0002071999479085207,0
2186,0.00017110002227127552,0.0,0.00017200002912431955,0
2187,0.00022219994571059942,0.0,0.00022369995713233948,0
2188,0.0002465000143274665,0.0,0.00024770002346485853,0
2189,0.00017929996829479933,0.0005215000128373504,0.008917199913412333,1
2190,0.00036689999978989363,0.0,0.0003684000112116337,0
2191,0.00020299991592764854,0.0,0.00020429992582648993,0
2192,0.00020050001330673695,0.0,0.00020150002092123032,0
2193,0.00020030001178383827,0.0,0.00020130001939833164,0
2194,0.00019429996609687805,0.0,0.00019519997294992208,0
2195,0.00021490000654011965,0.0,0.00021580001339316368,0
2196,0.00018079997971653938,0.0,0.00018159998580813408,0
2197,0.00019639998208731413,0.0,0.00019719998817890882,0
2198,0.0003244000254198909,0.0,0.0003255000337958336,0
2199,0.00016960001084953547,0.00045240006875246763,0.008178599993698299,1
2200,0.0003613000735640526,0.0,0.00036360009107738733,0
2201,0.00020670006051659584,0.0,0.00022060004994273186,0
2202,0.0002832000609487295,0.0,0.00028440007008612156,0
2203,0.00023480004165321589,0.0,0.00023580004926770926,0
2204,0.00024259998463094234,0.0,0.00024359999224543571,0
2205,0.00021210010163486004,0.0,0.00021300010848790407,0
2206,0.00016789999790489674,0.0,0.0001689000055193901,0
2207,0.00020380003843456507,0.0,0.00020489993039518595,0
2208,0.00034439994487911463,0.0,0.0003458999563008547,0
2209,0.00023010000586509705,0.0003486999776214361,0.006417199969291687,1
2210,0.0002769000129774213,0.0,0.00027820002287626266,0
2211,0.00016840000171214342,0.0,0.00016930000856518745,0
2212,0.00019590009469538927,0.0,0.00019700010307133198,0
2213,0.00016449997201561928,0.0,0.00016549997963011265,0
2214,0.00016289995983242989,0.0,0.00016389996744692326,0
2215,0.00022849999368190765,0.0,0.00022990000434219837,0
2216,0.00023070001043379307,0.0,0.0002319000195711851,0
2217,0.00021970004308968782,0.0,0.00022060004994273186,0
2218,0.00021799991372972727,0.0,0.00021899992134422064,0
2219,0.00016639998648315668,0.00036830001045018435,0.007518299971707165,1
2220,0.00041290000081062317,0.0,0.0004143000114709139,0
2221,0.00022379995789378881,0.0,0.00022479996550828218,0
2222,0.00022789998911321163,0.0,0.00022899999748915434,0
2223,0.000166199984960258,0.0,0.00016709999181330204,0
2224,0.0001639999682083726,0.0,0.00016489997506141663,0
2225,0.0001764999469742179,0.0,0.00017749995458871126,0
2226,0.00016219995450228453,0.0,0.00016299996059387922,0
2227,0.0001623999560251832,0.0,0.00016329996287822723,0
2228,0.00018019997514784336,0.0,0.00018119998276233673,0
2229,0.00016279995907098055,0.0003139000618830323,0.006250999984331429,1
2230,0.0004336000420153141,0.0,0.000435899943113327,0
2231,0.0004467000253498554,0.0,0.00044869992416352034,0
2232,0.0004520999500527978,0.0,0.00045409996528178453,0
2233,0.0004656000528484583,0.0,0.0004675000673159957,0
2234,0.0004042000509798527,0.0,0.00040580006316304207,0
2235,0.0003955001011490822,0.0,0.0003969999961555004,0
2236,0.00019259995315223932,0.0,0.0001935999607667327,0
2237,0.00016279995907098055,0.0,0.00016379996668547392,0
2238,0.0002470000181347132,0.0,0.0002481000265106559,0
2239,0.00016110006254166365,0.0005298999603837729,0.006549300043843687,1
2240,0.00038810004480183125,0.0,0.0003894000547006726,0
2241,0.0002392000751569867,0.0,0.00024039996787905693,0
2242,0.00023790006525814533,0.0,0.0002389999572187662,0
2243,0.00017470004968345165,0.0,0.00017570005729794502,0
2244,0.0001591000473126769,0.0,0.00016000005416572094,0
2245,0.00020509993191808462,0.0,0.000206099939532578,0
2246,0.00015730003360658884,0.0,0.00015819992404431105,0
2247,0.00019779999274760485,0.0,0.00019869999960064888,0
2248,0.0002036000369116664,0.0,0.00020450004376471043,0
2249,0.00015790003817528486,0.00042339996434748173,0.006565300049260259,1
2250,0.000318199978210032,0.0,0.0003195999888703227,0
2251,0.00017910008318722248,0.0,0.00018019997514784336,0
2252,0.00018670002464205027,0.0,0.00018770003225654364,0
2253,0.0001596999354660511,0.0,0.0001604999415576458,0
2254,0.00015849992632865906,0.0,0.00015949993394315243,0
2255,0.0002095999661833048,0.0,0.00021059997379779816,0
2256,0.0001588000450283289,0.0,0.00015970005188137293,0
2257,0.00018129998352378607,0.0,0.0001821999903768301,0
2258,0.00017580005805939436,0.0,0.00017669994849711657,0
2259,0.00016250007320195436,0.0003789999755099416,0.006761400029063225,1
2260,0.0004627000307664275,0.0,0.0004643000429496169,0
2261,0.00019429996609687805,0.0,0.00019539997447282076,0
2262,0.00021059997379779816,0.0,0.00021169998217374086,0
2263,0.00019479996990412474,0.0,0.00019569997675716877,0
2264,0.00017120002303272486,0.0,0.0001721999142318964,0
2265,0.00019090005662292242,0.0,0.0001919000642374158,0
2266,0.0001841000048443675,0.0,0.00018500001169741154,0
2267,0.0001569000305607915,0.0,0.00015780003741383553,0
2268,0.00020160002168267965,0.0,0.00020250002853572369,0
2269,0.00015590002294629812,0.00034410005901008844,0.0068745999597013,1
2270,0.0005401000380516052,0.0,0.0005421999376267195,0
2271,0.0004629000322893262,0.0,0.00046449992805719376,0
2272,0.0004800999304279685,0.0,0.00048189994413405657,0
2273,0.0002136999974027276,0.0,0.00021510000806301832,0
2274,0.0002530999481678009,0.0,0.00025429995730519295,0
2275,0.00019129994325339794,0.0,0.0001922999508678913,0
2276,0.00016629998572170734,0.0,0.00016729999333620071,0
2277,0.00016289995983242989,0.0,0.00016379996668547392,0
2278,0.00018619990441948175,0.0,0.00018719991203397512,0
2279,0.00016189995221793652,0.0003192001022398472,0.007082600030116737,1
2280,0.00031320005655288696,0.0,0.0003146000672131777,0
2281,0.0002207000507041812,0.0,0.00022190005984157324,0
2282,0.0002074000658467412,0.0,0.00020830007269978523,0
2283,0.00016729999333620071,0.0,0.00016840000171214342,0
2284,0.0001949999714270234,0.0,0.00019589997828006744,0
2285,0.00021039997227489948,0.0,0.00021129997912794352,0
2286,0.00019619998056441545,0.0,0.00019719998817890882,0
2287,0.00018129998352378607,0.0,0.0001821999903768301,0
2288,0.00020670006051659584,0.0,0.00020750006660819054,0
2289,0.00017739995382726192,0.0004488000413402915,0.007897799951024354,1
2290,0.0002741999924182892,0.0,0.0002756000030785799,0
2291,0.00022569997236132622,0.0,0.00022689998149871826,0
2292,0.00022730010095983744,0.0,0.00022829999215900898,0
2293,0.00016960001084953547,0.0,0.00017060001846402884,0
2294,0.00017389992717653513,0.0,0.00017469993326812983,0
2295,0.00020549993496388197,0.0,0.00020649994257837534,0
2296,0.00015850004274398088,0.0,0.00015940004959702492,0
2297,0.00017710006795823574,0.0,0.00017800007481127977,0
2298,0.00017570005729794502,0.0,0.00017650006338953972,0
2299,0.00017499993555247784,0.0005538000259548426,0.007379399961791933,1
2300,0.00027730001602321863,0.0,0.00027870002668350935,0
2301,0.00016889988910406828,0.0,0.00017009989824146032,0
2302,0.00023100001271814108,0.0,0.00023210002109408379,0
2303,0.00016629998572170734,0.0,0.00016729999333620071,0
2304,0.00016390008386224508,0.0,0.00016490009147673845,0
2305,0.00017770007252693176,0.0,0.0001786000793799758,0
2306,0.00016220007091760635,0.0,0.00016300007700920105,0
2307,0.00016110006254166365,0.0,0.00016190006863325834,0
2308,0.00023170001804828644,0.0,0.00023290002718567848,0
2309,0.00024349999148398638,0.00042529997881501913,0.007204500027000904,1
2310,0.0004224000731483102,0.0,0.0004240000853314996,0
2311,0.0002196000423282385,0.0,0.0002207000507041812,0
2312,0.00021300010848790407,0.0,0.00021399999968707561,0
2313,0.00019529997371137142,0.0,0.00019639998208731413,0
2314,0.00017629994545131922,0.0,0.00017719995230436325,0
2315,0.00020480004604905844,0.0,0.0002058000536635518,0
2316,0.000166199984960258,0.0,0.00016719999257475138,0
2317,0.00018019997514784336,0.0,0.00018119998276233673,0
2318,0.00021620001643896103,0.0,0.00021710002329200506,0
2319,0.00015810003969818354,0.0004474000306800008,0.008754600072279572,1
2320,0.0004203000571578741,0.0,0.000421699951402843,0
2321,0.00023140001576393843,0.0,0.00023260002490133047,0
2322,0.0002688999520614743,0.0,0.00026999996043741703,0
2323,0.0003018999705091119,0.0,0.0003030999796465039,0
2324,0.00015949993394315243,0.0,0.0001604999415576458,0
2325,0.00022359995637089014,0.0,0.00022449996322393417,0
2326,0.00019589997828006744,0.0,0.00019689998589456081,0
2327,0.00028789998032152653,0.0,0.00028899998869746923,0
2328,0.00020160002168267965,0.0,0.00020250002853572369,0
2329,0.00026320002507418394,0.00041200011037290096,0.00785379996523261,1
2330,0.0004165000282227993,0.0,0.00041790003888309,0
2331,0.00021920003928244114,0.0,0.00022030004765838385,0
2332,0.00023209990467876196,0.0,0.00023319991305470467,0
2333,0.00020929996389895678,0.0,0.00021029997151345015,0
2334,0.00023030000738799572,0.0,0.00023110001347959042,0
2335,0.0001805000938475132,0.0,0.0001816001022234559,0
2336,0.00019130005966871977,0.0,0.0001922000665217638,0
2337,0.00017520005349069834,0.0,0.00017610006034374237,0
2338,0.00028899998869746923,0.0,0.0002899999963119626,0
2339,0.00021650001872330904,0.00047670002095401287,0.007825700100511312,1
2340,0.0003825000021606684,0.0,0.00038400001358240843,0
2341,0.000278000021353364,0.0,0.0002791000297293067,0
2342,0.0002500000409781933,0.0,0.0002509999321773648,0
2343,0.0001639999682083726,0.0,0.00016489997506141663,0
2344,0.00018829992040991783,0.0,0.0001892999280244112,0
2345,0.00017739995382726192,0.0,0.00017829996068030596,0
2346,0.0002775000175461173,0.0,0.0002785000251606107,0
2347,0.00029720005113631487,0.0,0.0002981000579893589,0
2348,0.0002676999429240823,0.0,0.0002688999520614743,0
2349,0.00017699995078146458,0.0003648999845609069,0.007818799931555986,1
2350,0.00044440000783652067,0.0,0.00044600002001971006,0
2351,0.0002375999465584755,0.0,0.00023889995645731688,0
2352,0.0002715999726206064,0.0,0.00027279998175799847,0
2353,0.000174800050444901,0.0,0.00017570005729794502,0
2354,0.00017340003978461027,0.0,0.00017470004968345165,0
2355,0.00030700000934302807,0.0,0.00030890002381056547,0
2356,0.00040309992618858814,0.0,0.0004048999398946762,0
2357,0.00043979997280985117,0.0,0.0004414999857544899,0
2358,0.0005127000622451305,0.0,0.0005143000744283199,0
2359,0.0004627000307664275,0.0004168000305071473,0.007240399951115251,1
2360,0.0005517000099644065,0.0,0.0005539000267162919,0
2361,0.0004599000094458461,0.0,0.0004621000261977315,0
2362,0.0004721999866887927,0.0,0.0004741000011563301,0
2363,0.0004600000102072954,0.0,0.0004618000239133835,0
2364,0.000457499991171062,0.0,0.00045950000640004873,0
2365,0.00046660006046295166,0.0,0.00046820007264614105,0
2366,0.00045499997213482857,0.0,0.00045679998584091663,0
2367,0.0004217000678181648,0.0,0.0004233000800013542,0
2368,0.0005050000036135316,0.0,0.0005067000165581703,0
2369,0.0004998999647796154,0.0005017999792471528,0.008518800023011863,1
2370,0.0004908000119030476,0.0,0.0004925999091938138,0
2371,0.00042479997500777245,0.0,0.00042669998947530985,0
2372,0.0006124000065028667,0.0,0.0006142000202089548,0
2373,0.00041390000842511654,0.0,0.00041559990495443344,0
2374,0.0004477999173104763,0.0,0.00044979993253946304,0
2375,0.0005201000021770597,0.0,0.0005219000158831477,0
2376,0.00035859993658959866,0.0,0.0003599999472498894,0
2377,0.00022549997083842754,0.0,0.00022679998073726892,0
2378,0.00040179991628974676,0.0,0.0004029999254271388,0
2379,0.0001805999781936407,0.0005502999993041158,0.007670299964956939,1
2380,0.0006418999982997775,0.0,0.0006442000158131123,0
2381,0.0003955999854952097,0.0,0.00039709999691694975,0
2382,0.000250800047069788,0.0,0.0002519000554457307,0
2383,0.00020539993420243263,0.0,0.000206399941816926,0
2384,0.00017100002150982618,0.0,0.0001721000298857689,0
2385,0.0001852000132203102,0.0,0.00018630002159625292,0
2386,0.0001634999644011259,0.0,0.00016439997125416994,0
2387,0.0001631999621167779,0.0,0.00016409996896982193,0
2388,0.00018370000179857016,0.0,0.00018470000941306353,0
2389,0.00026380002964287996,0.001397299929521978,0.008318700012750924,1
2390,0.0004683999577537179,0.0,0.0004699999699369073,0
2391,0.0003209999995306134,0.0,0.00032270001247525215,0
2392,0.0003744999412447214,0.0,0.00037589995190501213,0
2393,0.00018259999342262745,0.0,0.00018370000179857016,0
2394,0.000170299899764359,0.0,0.00017129990737885237,0
2395,0.00034819997381418943,0.0,0.00034989998675882816,0
2396,0.00017699995078146458,0.0,0.00017809995915740728,0
2397,0.00016989989671856165,0.0,0.00017089990433305502,0
2398,0.00022749998606741428,0.0,0.00022869999520480633,0
2399,0.0002109999768435955,0.00036479998379945755,0.007799300015904009,1
2400,0.0004427999956533313,0.0,0.00044440000783652067,0
2401,0.00023200002033263445,0.0,0.00023310002870857716,0
2402,0.000251400051638484,0.0,0.0002525000600144267,0
2403,0.00017230003140866756,0.0,0.00017330003902316093,0
2404,0.00023300002794712782,0.0,0.00023420003708451986,0
2405,0.00019200006499886513,0.0,0.00019299995619803667,0
2406,0.00016719999257475138,0.0,0.00016820000018924475,0
2407,0.00016579998191446066,0.0,0.00016679998952895403,0
2408,0.00018099998123943806,0.0,0.00018199998885393143,0
2409,0.00016470008995383978,0.00033929990604519844,0.006503400043584406,1
2410,0.00034339993726462126,0.0,0.00034499994944781065,0
2411,0.00022789998911321163,0.0,0.00022899999748915434,0
2412,0.00026050000451505184,0.0,0.0002617000136524439,0
2413,0.00017220003064721823,0.0,0.0001732999226078391,0
2414,0.00016639998648315668,0.0,0.00016739999409765005,0
2415,0.00018420000560581684,0.0,0.00018510001245886087,0
2416,0.00016570009756833315,0.0,0.00016660010442137718,0
2417,0.0001735000405460596,0.0,0.00017450004816055298,0
2418,0.0001805999781936407,0.0,0.00018149998504668474,0
2419,0.0001645000884309411,0.0003100999165326357,0.006194400019012392,1
2420,0.0003782999701797962,0.0,0.0003797999816015363,0
2421,0.00023579993285238743,0.0,0.00023689994122833014,0
2422,0.0002509999321773648,0.0,0.0002519999397918582,0
2423,0.00017150002531707287,0.0,0.00017250003293156624,0
2424,0.00016680010594427586,0.0,0.0001677999971434474,0
2425,0.0001781000755727291,0.0,0.00017909996677190065,0
2426,0.00017230003140866756,0.0,0.0001732000382617116,0
2427,0.00016350008081644773,0.0,0.00016449997201561928,0
2428,0.0002012000186368823,0.0,0.00020220002625137568,0
2429,0.00016880000475794077,0.0003344999859109521,0.006580599932931364,1
2430,0.0003825000021606684,0.0,0.0003842000151053071,0
2431,0.0002250999677926302,0.0,0.00022629997693002224,0
2432,0.0002492999192327261,0.0,0.0002503999276086688,0
2433,0.00018089998047798872,0.0,0.0001818999880924821,0
2434,0.0001666999887675047,0.0,0.00016759999562054873,0
2435,0.0001821001060307026,0.0,0.00018319999799132347,0
2436,0.00016379996668547392,0.0,0.00016459997277706861,0
2437,0.0001634999644011259,0.0,0.00016439997125416994,0
2438,0.0002055000513792038,0.0,0.00020659994333982468,0
2439,0.00016870000399649143,0.00033219996839761734,0.006354399956762791,1
2440,0.00034440006129443645,0.0,0.00034630007576197386,0
2441,0.0002258999738842249,0.0,0.00022709998302161694,0
2442,0.00025889999233186245,0.0,0.0002601000014692545,0
2443,0.00017089990433305502,0.0,0.0001718999119475484,0
2444,0.0001666999887675047,0.0,0.00016769999638199806,0
2445,0.00018309999722987413,0.0,0.0001841000048443675,0
2446,0.00016660010442137718,0.0,0.0001674999948590994,0
2447,0.00017360004130750895,0.0,0.00017460004892200232,0
2448,0.0001993000041693449,0.0,0.0002004000125452876,0
2449,0.00016709999181330204,0.0003081000177189708,0.00674280000384897,1
2450,0.0005105999298393726,0.0,0.0005128999473527074,0
2451,0.00024510000366717577,0.0,0.00024640001356601715,0
2452,0.00028519995976239443,0.0,0.0002864999696612358,0
2453,0.0001759999431669712,0.0,0.00017699995078146458,0
2454,0.00016870000399649143,0.0,0.0001697000116109848,0
2455,0.00029820005875080824,0.0,0.0002994000678882003,0
2456,0.00018220010679215193,0.0,0.00018319999799132347,0
2457,0.00016920000780373812,0.0,0.0001702000154182315,0
2458,0.0001829999964684248,0.0,0.00018400000408291817,0
2459,0.00016480009071528912,0.0003151999553665519,0.006401000078767538,1
2460,0.0004214999498799443,0.0,0.0004230999620631337,0
2461,0.0002231999533250928,0.0,0.00022419996093958616,0
2462,0.00024699990171939135,0.0,0.00024809991009533405,0
2463,0.00016930000856518745,0.0,0.00017030001617968082,0
2464,0.00019130005966871977,0.0,0.00019230006728321314,0
2465,0.00018360000103712082,0.0,0.00018450000789016485,0
2466,0.00016339996363967657,0.0,0.0001642999704927206,0
2467,0.00016359996516257524,0.0,0.00016449997201561928,0
2468,0.0001772999530658126,0.0,0.00017819995991885662,0
2469,0.00016289995983242989,0.00040840008296072483,0.0059266999596729875,1
2470,0.0004458000184968114,0.0,0.00044730002991855145,0
2471,0.00024349999148398638,0.0,0.0002447000006213784,0
2472,0.0002527000615373254,0.0,0.00025400007143616676,0
2473,0.00019829999655485153,0.0,0.00019950000569224358,0
2474,0.00017719995230436325,0.0,0.00017829996068030596,0
2475,0.00020709994714707136,0.0,0.00020839995704591274,0
2476,0.00020389992278069258,0.0,0.00020509993191808462,0
2477,0.00016609998419880867,0.0,0.0001669999910518527,0
2478,0.00020949996542185545,0.0,0.00021049997303634882,0
2479,0.00017370004206895828,0.00034579995553940535,0.006481500109657645,1
2480,0.0002778000198304653,0.0,0.00027959991712123156,0
2481,0.00017639994621276855,0.0,0.00017739995382726192,0
2482,0.0002052999334409833,0.0,0.000206399941816926,0
2483,0.0001666999887675047,0.0,0.00016759999562054873,0
2484,0.0001639999682083726,0.0,0.00016499997582286596,0
2485,0.00017749995458871126,0.0,0.0001783999614417553,0
2486,0.00016309996135532856,0.0,0.0001639999682083726,0
2487,0.00016119994688779116,0.0,0.0001620999537408352,0
2488,0.0002658999292179942,0.0,0.0002671999391168356,0
2489,0.0002305000089108944,0.0004130000015720725,0.005917400005273521,1
2490,0.0003980000037699938,0.0,0.0003994000144302845,0
2491,0.00022320006974041462,0.0,0.00022430007811635733,0
2492,0.0002549000782892108,0.0,0.00025610008742660284,0
2493,0.00016850000247359276,0.0,0.00016960001084953547,0
2494,0.00016439997125416994,0.0,0.00016529997810721397,0
2495,0.00017829996068030596,0.0,0.00017919996753335,0
2496,0.00016299996059387922,0.0,0.00016389996744692326,0
2497,0.00016199995297938585,0.0,0.00016299996059387922,0
2498,0.00018239999189972878,0.0,0.00018339999951422215,0
2499,0.0001637000823393464,0.0002967999316751957,0.005784000037238002,1
2500,0.0004141000099480152,0.0,0.0004157000221312046,0
2501,0.00022320006974041462,0.0,0.00022440007887780666,0
2502,0.00024640001356601715,0.0,0.0002476000227034092,0
2503,0.00016840000171214342,0.0,0.0001694000093266368,0
2504,0.0002085000742226839,0.0,0.00020960008259862661,0
2505,0.00018400000408291817,0.0,0.00018500001169741154,0
2506,0.0001634999644011259,0.0,0.00016449997201561928,0
2507,0.00016199995297938585,0.0,0.00016299996059387922,0
2508,0.00017659994773566723,0.0,0.00017749995458871126,0
2509,0.00017290003597736359,0.00029009999707341194,0.005953700048848987,1
2510,0.00028259993996471167,0.0,0.0002840999513864517,0
2511,0.00017899996601045132,0.0,0.00018019997514784336,0
2512,0.000202300027012825,0.0,0.00020350003615021706,0
2513,0.00016390008386224508,0.0,0.00016490009147673845,0
2514,0.00016240007244050503,0.0,0.0001634000800549984,0
2515,0.00018720002844929695,0.0,0.00018820003606379032,0
2516,0.0001623999560251832,0.0,0.00016339996363967657,0
2517,0.00016029994003474712,0.0,0.00016119994688779116,0
2518,0.00017310003750026226,0.0,0.00017399992793798447,0
2519,0.0001610000617802143,0.00029509991873055696,0.005875700036995113,1
2520,0.0002886999864131212,0.0,0.0002899999963119626,0
2521,0.00017030001617968082,0.0,0.0001713999081403017,0
2522,0.00022529996931552887,0.0,0.00022639997769147158,0
2523,0.00016639998648315668,0.0,0.00016739999409765005,0
2524,0.0001642999704927206,0.0,0.00016529997810721397,0
2525,0.0001799999736249447,0.0,0.00018099998123943806,0
2526,0.00016280007548630238,0.0,0.00016380008310079575,0
2527,0.00017850007861852646,0.0,0.00017930008471012115,0
2528,0.00017840007785707712,0.0,0.00017930008471012115,0
2529,0.00016350008081644773,0.00031539995688945055,0.005976599990390241,1
2530,0.00027279998175799847,0.0,0.00027439999394118786,0
2531,0.00018720002844929695,0.0,0.00018830003682523966,0
2532,0.00019599997904151678,0.0,0.0001970999874174595,0
2533,0.00017450004816055298,0.0,0.00017539993859827518,0
2534,0.00016249995678663254,0.0,0.00016359996516257524,0
2535,0.00017859996296465397,0.0,0.000179499969817698,0
2536,0.00016289995983242989,0.0,0.00016389996744692326,0
2537,0.00016109994612634182,0.0,0.00016189995221793652,0
2538,0.00017479993402957916,0.0,0.0001756999408826232,0
2539,0.00017140002455562353,0.0003097999142482877,0.005894099944271147,1
2540,0.0003435000544413924,0.0,0.0003454000689089298,0
2541,0.00017220003064721823,0.0,0.00017330003902316093,0
2542,0.00019589997828006744,0.0,0.00019699998665601015,0
2543,0.0001647999742999673,0.0,0.00016579998191446066,0
2544,0.00016240007244050503,0.0,0.0001634000800549984,0
2545,0.0001876000314950943,0.0,0.00018850003834813833,0
2546,0.0001653999788686633,0.0,0.00016639998648315668,0
2547,0.00016259995754808187,0.0,0.00016359996516257524,0
2548,0.00017449993174523115,0.0,0.00017559994012117386,0
2549,0.00016219995450228453,0.00032380002085119486,0.005804999964311719,1
2550,0.0004116999916732311,0.0,0.0004132000030949712,0
2551,0.0001998000079765916,0.0,0.00020079989917576313,0
2552,0.00019719998817890882,0.0,0.00019829999655485153,0
2553,0.00016409996896982193,0.0,0.0001650999765843153,0
2554,0.00016039994079619646,0.0,0.0001612999476492405,0
2555,0.0001748999347910285,0.0,0.00017589994240552187,0
2556,0.00016830000095069408,0.0,0.00016920000780373812,0
2557,0.0001623999560251832,0.0,0.00016339996363967657,0
2558,0.00017539993859827518,0.0,0.00017639994621276855,0
2559,0.0001604999415576458,0.0003079000161960721,0.005792799987830222,1
2560,0.00032210000790655613,0.0,0.0003236000193282962,0
2561,0.0002215000567957759,0.0,0.0002226000651717186,0
2562,0.00024330010637640953,0.0,0.0002442999975755811,0
2563,0.0003131000557914376,0.0,0.00031430006492882967,0
2564,0.0001674999948590994,0.0,0.00016850000247359276,0
2565,0.00018440000712871552,0.0,0.00018550001550465822,0
2566,0.0001629000762477517,0.0,0.00016390008386224508,0
2567,0.000166199984960258,0.0,0.0001674999948590994,0
2568,0.00017829996068030596,0.0,0.00017939996905624866,0
2569,0.00016109994612634182,0.00029610004276037216,0.005728699965402484,1
2570,0.0002866999711841345,0.0,0.0002880999818444252,0
2571,0.00016709999181330204,0.0,0.00016820000018924475,0
2572,0.00019449996761977673,0.0,0.0001954999752342701,0
2573,0.00016250007320195436,0.0,0.0001634000800549984,0
2574,0.00015900004655122757,0.0,0.00015979993622750044,0
2575,0.00018350000027567148,0.0,0.00018440000712871552,0
2576,0.0001610000617802143,0.0,0.00016190006863325834,0
2577,0.0001588000450283289,0.0,0.00015970005188137293,0
2578,0.00017349992413073778,0.0,0.00017439993098378181,0
2579,0.00015940004959702492,0.000309899915009737,0.0058865000028163195,1
2580,0.00027000007685273886,0.0,0.00027199997566640377,0
2581,0.00017509993631392717,0.0,0.00017619994468986988,0
2582,0.00022969988640397787,0.0,0.00023099989630281925,0
2583,0.00016639998648315668,0.0,0.00016739999409765005,0
2584,0.00016039994079619646,0.0,0.0001612999476492405,0
2585,0.00017659994773566723,0.0,0.0001775999553501606,0
2586,0.0001607999438419938,0.0,0.0001615999499335885,0
2587,0.00017030001617968082,0.0,0.00017120002303272486,0
2588,0.00017539993859827518,0.0,0.00017629994545131922,0
2589,0.00016059994231909513,0.0002882999833673239,0.006315900012850761,1
2590,0.000282099936157465,0.0,0.0002834999468177557,0
2591,0.0001818999880924821,0.0,0.0001829999964684248,0
2592,0.0002068999456241727,0.0,0.0002079999540001154,0
2593,0.0001740999286994338,0.0,0.00017499993555247784,0
2594,0.00015550001990050077,0.0,0.00015630002599209547,0
2595,0.00018960004672408104,0.0,0.00019059993792325258,0
2596,0.00017399992793798447,0.0,0.0001748999347910285,0
2597,0.00015480001457035542,0.0,0.0001556000206619501,0
2598,0.00018919992726296186,0.0,0.0001900999341160059,0
2599,0.00017030001617968082,0.00042810000013560057,0.006565699935890734,1
2600,0.00045620009768754244,0.0,0.00045779999345541,0
2601,0.00022219994571059942,0.0,0.00022339995484799147,0
2602,0.0002463000128045678,0.0,0.0002474000211805105,0
2603,0.00017259991727769375,0.0,0.00017369992565363646,0
2604,0.00016329996287822723,0.0,0.0001642999704927206,0
2605,0.00020759995095431805,0.0,0.00020859995856881142,0
2606,0.00022519996855407953,0.0,0.0002261999761685729,0
2607,0.0001981999957934022,0.0,0.00019920000340789557,0
2608,0.0002004000125452876,0.0,0.00020140002015978098,0
2609,0.00016850000247359276,0.00040529994294047356,0.006304699927568436,1
2610,0.0002741999924182892,0.0,0.00027550000231713057,0
2611,0.0001943999668583274,0.0,0.0001954999752342701,0
2612,0.00023290002718567848,0.0,0.0002340000355616212,0
2613,0.00016060005873441696,0.0,0.000161500065587461,0
2614,0.0001580999232828617,0.0,0.0001588999293744564,0
2615,0.00020619994029402733,0.0,0.00020709994714707136,0
2616,0.00015890004578977823,0.0,0.00015970005188137293,0
2617,0.0002133999951183796,0.0,0.00021470000501722097,0
2618,0.00019669998437166214,0.0,0.0001976999919861555,0
2619,0.00015959993470460176,0.0002785000251606107,0.006192500004544854,1
2620,0.0004954000469297171,0.0,0.0004970000591129065,0
2621,0.0001789000816643238,0.0,0.000179799972102046,0
2622,0.00020300003234297037,0.0,0.00020400003995746374,0
2623,0.00019360007718205452,0.0,0.00019459996838122606,0
2624,0.0001694000093266368,0.0,0.00017030001617968082,0
2625,0.00018550001550465822,0.0,0.00018640002235770226,0
2626,0.00017209991347044706,0.0,0.0001729999203234911,0
2627,0.00015169999096542597,0.0,0.00015249999705702066,0
2628,0.00018370000179857016,0.0,0.0001846000086516142,0
2629,0.00016550009604543447,0.00047960004303604364,0.006202500080689788,1
2630,0.000421399949118495,0.0,0.0004229999613016844,0
2631,0.0001653999788686633,0.0,0.00016629998572170734,0
2632,0.0002128999913111329,0.0,0.00021399999968707561,0
2633,0.0001775999553501606,0.0,0.00017859996296465397,0
2634,0.00015950005035847425,0.0,0.00016039994079619646,0
2635,0.00021570001263171434,0.0,0.00021670002024620771,0
2636,0.00017389992717653513,0.0,0.00017479993402957916,0
2637,0.0001599999377503991,0.0,0.00016089994460344315,0
2638,0.0001938999630510807,0.0,0.00019489997066557407,0
2639,0.0001724000321701169,0.0003782999701797962,0.006432599970139563,1
2640,0.00033059995621442795,0.0,0.00033189996611326933,0
2641,0.00023330003023147583,0.0,0.00023440003860741854,0
2642,0.00030259997583925724,0.0,0.0003038999857380986,0
2643,0.00017610006034374237,0.0,0.00017720006871968508,0
2644,0.00016369996592402458,0.0,0.00016469997353851795,0
2645,0.00020890007726848125,0.0,0.00020999996922910213,0
2646,0.00017310003750026226,0.0,0.00017390004359185696,0
2647,0.0001577999209985137,0.0,0.00015869992785155773,0
2648,0.0001962999813258648,0.0,0.00019729998894035816,0
2649,0.00017410004511475563,0.0003804001025855541,0.0063449000008404255,1
2650,0.0005680000176653266,0.0,0.000569600029848516,0
2651,0.0001729999203234911,0.0,0.00017419992946088314,0
2652,0.00019109994173049927,0.0,0.00019219995010644197,0
2653,0.0001607999438419938,0.0,0.00016189995221793652,0
2654,0.00015700003132224083,0.0,0.00015790003817528486,0
2655,0.0001721999142318964,0.0,0.00017309992108494043,0
2656,0.00016259995754808187,0.0,0.0001634999644011259,0
2657,0.0001564000267535448,0.0,0.00015730003360658884,0
2658,0.00016990001313388348,0.0,0.00017090002074837685,0
2659,0.00015750003512948751,0.00040170003194361925,0.006337599945254624,1
2660,0.0005033999914303422,0.0,0.0005050000036135316,0
2661,0.000215600011870265,0.0,0.00021660001948475838,0
2662,0.0002769000129774213,0.0,0.000278000021353364,0
2663,0.0001799999736249447,0.0,0.00018119998276233673,0
2664,0.00016050005797296762,0.0,0.000161500065587461,0
2665,0.00017259991727769375,0.0,0.00017359992489218712,0
2666,0.00015890004578977823,0.0,0.0001599000534042716,0
2667,0.00015790003817528486,0.0,0.00015870004426687956,0
2668,0.00016939989291131496,0.0,0.00017019989900290966,0
2669,0.00016060005873441696,0.0004347999347373843,0.006428400054574013,1
2670,0.00047229998745024204,0.0,0.0004737999988719821,0
2671,0.0001778000732883811,0.0,0.00017880008090287447,0
2672,0.00019550009164959192,0.0,0.0001965999836102128,0
2673,0.0001607000594958663,0.0,0.000161500065587461,0
2674,0.00015930004883557558,0.0,0.00016010005492717028,0
2675,0.0001724999165162444,0.0,0.00017339992336928844,0
2676,0.00015820004045963287,0.0,0.00015900004655122757,0
2677,0.0001583000412210822,0.0,0.0001591000473126769,0
2678,0.0001737999264150858,0.0,0.0001745999325066805,0
2679,0.00015879992861300707,0.00043540005572140217,0.006554699968546629,1
2680,0.00031590007711201906,0.0,0.00031720008701086044,0
2681,0.00022759998682886362,0.0,0.000228599994443357,0
2682,0.0002095999661833048,0.0,0.00021079997532069683,0
2683,0.00017579994164407253,0.0,0.0001767999492585659,0
2684,0.00015780003741383553,0.0,0.00015870004426687956,0
2685,0.00017450004816055298,0.0,0.00017550005577504635,0
2686,0.00015679991338402033,0.0,0.00015769992023706436,0
2687,0.0001564000267535448,0.0,0.0001572000328451395,0
2688,0.00023330003023147583,0.0,0.00023420003708451986,0
2689,0.00015759991947561502,0.000443900004029274,0.00648619991261512,1
2690,0.0003203999949619174,0.0,0.00032220000866800547,0
2691,0.00021319999359548092,0.0,0.00021430000197142363,0
2692,0.0001898000482469797,0.0,0.00019069993868470192,0
2693,0.00016389996744692326,0.0,0.00016469997353851795,0
2694,0.00015820004045963287,0.0,0.0001591000473126769,0
2695,0.00017140002455562353,0.0,0.00017230003140866756,0
2696,0.00015819992404431105,0.0,0.00015919993165880442,0
2697,0.00015650002751499414,0.0,0.00015730003360658884,0
2698,0.0001889999257400632,0.0,0.00018999993335455656,0
2699,0.00023819995112717152,0.0004494000459089875,0.006240300019271672,1
2700,0.0004875999875366688,0.0,0.0004889999981969595,0
2701,0.00021550001110881567,0.0,0.00021660001948475838,0
2702,0.0002688999520614743,0.0,0.0002698999596759677,0
2703,0.00017739995382726192,0.0,0.00017829996068030596,0
2704,0.00019139994401484728,0.0,0.0001922999508678913,0
2705,0.00017230003140866756,0.0,0.00017330003902316093,0
2706,0.0001577000366523862,0.0,0.00015860004350543022,0
2707,0.0001601999392732978,0.0,0.00016109994612634182,0
2708,0.00016910000704228878,0.0,0.0001700000138953328,0
2709,0.00015680002979934216,0.00043699995148926973,0.006168600055389106,1
2710,0.0002930000191554427,0.0,0.00029450003057718277,0
2711,0.0002101999707520008,0.0,0.00021129997912794352,0
2712,0.0001930000726133585,0.0,0.00019400008022785187,0
2713,0.00015930004883557558,0.0,0.00016020005568861961,0
2714,0.000156699912622571,0.0,0.0001574999187141657,0
2715,0.00017140002455562353,0.0,0.00017230003140866756,0
2716,0.0001564000267535448,0.0,0.00015730003360658884,0
2717,0.00015600002370774746,0.0,0.0001569000305607915,0
2718,0.00021319999359548092,0.0,0.00021410000044852495,0
2719,0.0001580000389367342,0.0004325999179854989,0.006071000010706484,1
2720,0.00034609995782375336,0.0,0.0003477999707683921,0
2721,0.00022909999825060368,0.0,0.00023020000662654638,0
2722,0.00026590004563331604,0.0,0.00026700005400925875,0
2723,0.00017389992717653513,0.0,0.0001748999347910285,0
2724,0.00015410000924021006,0.0,0.00015510001685470343,0
2725,0.00018540001474320889,0.0,0.00018620002083480358,0
2726,0.00022069993428885937,0.0,0.00022169994190335274,0
2727,0.00015660002827644348,0.0,0.00015740003436803818,0
2728,0.00020750006660819054,0.0,0.0002085000742226839,0
2729,0.0001653999788686633,0.00045300007332116365,0.006243700045160949,1
2730,0.00048070005141198635,0.0,0.0004819999448955059,0
2731,0.00016759999562054873,0.0,0.00016850000247359276,0
2732,0.00020469992887228727,0.0,0.00020579993724822998,0
2733,0.00022479996550828218,0.0,0.00022569997236132622,0
2734,0.00016709999181330204,0.0,0.00016799999866634607,0
2735,0.00018589990213513374,0.0,0.00018699991051107645,0
2736,0.00017220003064721823,0.0,0.00017310003750026226,0
2737,0.0001537000061944127,0.0,0.0001545000122860074,0
2738,0.00018620002083480358,0.0,0.00018700002692639828,0
2739,0.000166199984960258,0.0004600000102072954,0.006170599954202771,1
2740,0.0003296999493613839,0.0,0.00033119996078312397,0
2741,0.00019339995924383402,0.0,0.00019449996761977673,0
2742,0.00018999993335455656,0.0,0.00019109994173049927,0
2743,0.00015929993242025375,0.0,0.0001601999392732978,0
2744,0.00015660002827644348,0.0,0.00015760003589093685,0
2745,0.00017090002074837685,0.0,0.00017200002912431955,0
2746,0.0001620999537408352,0.0,0.00016299996059387922,0
2747,0.00015580002218484879,0.0,0.00015670002903789282,0
2748,0.00018780003301799297,0.0,0.000188700039871037,0
2749,0.00016149994917213917,0.0003002999583259225,0.005983299924992025,1
2750,0.000295699923299253,0.0,0.00029699993319809437,0
2751,0.00020789995323866606,0.0,0.00020889996085315943,0
2752,0.00023849995341151953,0.0,0.00023939996026456356,0
2753,0.0001689000055193901,0.0,0.0001697000116109848,0
2754,0.000152900000102818,0.0,0.00015390000771731138,0
2755,0.00020000000949949026,0.0,0.00020100001711398363,0
2756,0.0001534000039100647,0.0,0.0001542000100016594,0
2757,0.00017420004587620497,0.0,0.00017500005196779966,0
2758,0.00021080009173601866,0.0,0.0002117999829351902,0
2759,0.0001506999833509326,0.0004053000593557954,0.006231700070202351,1
2760,0.00031849998049438,0.0,0.0003198999911546707,0
2761,0.00021309999283403158,0.0,0.00021410000044852495,0
2762,0.00019049993716180325,0.0,0.00019159994553774595,0
2763,0.0001601999392732978,0.0,0.0001612999476492405,0
2764,0.00015810003969818354,0.0,0.00015909993089735508,0
2765,0.00017150002531707287,0.0,0.0001724000321701169,0
2766,0.00015679991338402033,0.0,0.0001577999209985137,0
2767,0.0001713000237941742,0.0,0.00017220003064721823,0
2768,0.0001721000298857689,0.0,0.00017300003673881292,0
2769,0.0001569000305607915,0.000286900089122355,0.006005599978379905,1
2770,0.0004876999882981181,0.0,0.0004890999989584088,0
2771,0.00022789998911321163,0.0,0.000228899996727705,0
2772,0.00019530009012669325,0.0,0.00019639998208731413,0
2773,0.00016020005568861961,0.0,0.00016110006254166365,0
2774,0.00015700003132224083,0.0,0.00015780003741383553,0
2775,0.00017119990661740303,0.0,0.00017199991270899773,0
2776,0.00015680002979934216,0.0,0.00015780003741383553,0
2777,0.00016840000171214342,0.0,0.00016939989291131496,0
2778,0.00017090002074837685,0.0,0.00017180002760142088,0
2779,0.00015519990120083094,0.00027840002439916134,0.0062070999993011355,1
2780,0.0002861999673768878,0.0,0.0002874999772757292,0
2781,0.0001620999537408352,0.0,0.00016309996135532856,0
2782,0.00027379998937249184,0.0,0.0002747999969869852,0
2783,0.00016330007929354906,0.0,0.0001642000861465931,0
2784,0.00015980005264282227,0.0,0.00016080006025731564,0
2785,0.00017340003978461027,0.0,0.0001743000466376543,0
2786,0.0001577999209985137,0.0,0.00015879992861300707,0
2787,0.00016990001313388348,0.0,0.00017090002074837685,0
2788,0.00017389992717653513,0.0,0.0001748999347910285,0
2789,0.00016360008157789707,0.00028680008836090565,0.006407200009562075,1
2790,0.00036890001501888037,0.0,0.0003704000264406204,0
2791,0.0001677999971434474,0.0,0.00016880000475794077,0
2792,0.00019050005357712507,0.0,0.00019160006195306778,0
2793,0.00015980005264282227,0.0,0.00016080006025731564,0
2794,0.00015760003589093685,0.0,0.00015850004274398088,0
2795,0.00017170002683997154,0.0,0.00017269991803914309,0
2796,0.00017150002531707287,0.0,0.00017250003293156624,0
2797,0.000157299917191267,0.0,0.00015819992404431105,0
2798,0.00017100002150982618,0.0,0.00017190002836287022,0
2799,0.00015680002979934216,0.00027269998099654913,0.007285400060936809,1
2800,0.0004240999696776271,0.0,0.0004254999803379178,0
2801,0.0002261999761685729,0.0,0.0002272999845445156,0
2802,0.00020860007498413324,0.0,0.00020960008259862661,0
2803,0.0001666999887675047,0.0,0.00016759999562054873,0
2804,0.00016259995754808187,0.0,0.00016339996363967657,0
2805,0.0001906000543385744,0.0,0.00019159994553774595,0
2806,0.00016459997277706861,0.0,0.00016549997963011265,0
2807,0.00016219995450228453,0.0,0.00016309996135532856,0
2808,0.00017660006415098906,0.0,0.00017749995458871126,0
2809,0.00016280007548630238,0.0003090000245720148,0.006286700023338199,1
2810,0.00041199999395757914,0.0,0.00041360000614076853,0
2811,0.00022499996703118086,0.0,0.00022599997464567423,0
2812,0.0002474000211805105,0.0,0.00024850002955645323,0
2813,0.0003717000363394618,0.0,0.00037340004928410053,0
2814,0.0003750000614672899,0.0,0.00037670007441192865,0
2815,0.0003855000250041485,0.0,0.0003872000379487872,0
2816,0.0003560000332072377,0.0,0.00035770004615187645,0
2817,0.0003690000157803297,0.0,0.0003706000279635191,0
2818,0.0003893000539392233,0.0,0.00039080006536096334,0
2819,0.0003559000324457884,0.0003999000182375312,0.006739899981766939,1
2820,0.000555400038138032,0.0,0.0005574000533670187,0
2821,0.0003507999936118722,0.0,0.00035230000503361225,0
2822,0.00047580001410096884,0.0,0.00047749991063028574,0
2823,0.00039309996645897627,0.0,0.0003945999778807163,0
2824,0.00037839997094124556,0.0,0.0003797999816015363,0
2825,0.00039679999463260174,0.0,0.00039840000681579113,0
2826,0.00034289993345737457,0.0,0.00034439994487911463,0
2827,0.0003795000957325101,0.0,0.0003811001079156995,0
2828,0.0003960999893024564,0.0,0.00039760000072419643,0
2829,0.00038079998921602964,0.00057050003670156,0.007503700093366206,1
2830,0.0004936999175697565,0.0,0.0004956999327987432,0
2831,0.000251700053922832,0.0,0.00025310006458312273,0
2832,0.0002039000391960144,0.0,0.0002050000475719571,0
2833,0.0001674999948590994,0.0,0.00016850000247359276,0
2834,0.00016380008310079575,0.0,0.00016470008995383978,0
2835,0.0002074000658467412,0.0,0.00020840007346123457,0
2836,0.00017520005349069834,0.0,0.00017600005958229303,0
2837,0.00019689998589456081,0.0,0.00019779999274760485,0
2838,0.00019420008175075054,0.0,0.0001952000893652439,0
2839,0.0002044000430032611,0.00036509998608380556,0.00715920003131032,1
2840,0.00040550006087869406,0.0,0.00040760007686913013,0
2841,0.00045689998660236597,0.0,0.0004585999995470047,0
2842,0.00045980000868439674,0.0,0.0004616000223904848,0
2843,0.00043890008237212896,0.0,0.0004406000953167677,0
2844,0.000381799996830523,0.0,0.0003836000105366111,0
2845,0.00041340000461786985,0.0,0.00041500001680105925,0
2846,0.00024670001585036516,0.0,0.00024800002574920654,0
2847,0.00022209994494915009,0.0,0.00022309995256364346,0
2848,0.00022229994647204876,0.0,0.00022339995484799147,0
2849,0.00018269999418407679,0.0003400000277906656,0.006561000016517937,1
2850,0.0004320000298321247,0.0,0.0004336999263614416,0
2851,0.00023829995188862085,0.0,0.00023959996178746223,0
2852,0.0002215999411419034,0.0,0.00022289995104074478,0
2853,0.00022289995104074478,0.0,0.00022389995865523815,0
2854,0.00022050004918128252,0.0,0.0002215999411419034,0
2855,0.00024339999072253704,0.0,0.0002443999983370304,0
2856,0.00017140002455562353,0.0,0.00017230003140866756,0
2857,0.0001666999887675047,0.0,0.00016759999562054873,0
2858,0.00019669998437166214,0.0,0.00019779999274760485,0
2859,0.00016719999257475138,0.00034309993498027325,0.006756299990229309,1
2860,0.0005053000058978796,0.0,0.0005070000188425183,0
2861,0.00020679994486272335,0.0,0.00020789995323866606,0
2862,0.00025589996948838234,0.0,0.0002570999786257744,0
2863,0.00017440004739910364,0.0,0.000175400055013597,0
2864,0.00016589998267591,0.0,0.00016679998952895403,0
2865,0.00019789999350905418,0.0,0.0001990000018849969,0
2866,0.00017909996677190065,0.0,0.00018009997438639402,0
2867,0.00016279995907098055,0.0,0.00016379996668547392,0
2868,0.00019429996609687805,0.0,0.00019539997447282076,0
2869,0.0001650999765843153,0.00035630003549158573,0.007330499938689172,1
2870,0.0003352001076564193,0.0,0.0003364000003784895,0
2871,0.00020110001787543297,0.0,0.00020220002625137568,0
2872,0.0002012000186368823,0.0,0.000202300027012825,0
2873,0.00016649998724460602,0.0,0.00016759999562054873,0
2874,0.00016559998039156199,0.0,0.00016649998724460602,0
2875,0.00018319999799132347,0.0,0.00018430000636726618,0
2876,0.00016569998115301132,0.0,0.0001666999887675047,0
2877,0.0001639999682083726,0.0,0.00016489997506141663,0
2878,0.0001775999553501606,0.0,0.00017849996220320463,0
2879,0.00016309996135532856,0.000458399998024106,0.007076499983668327,1
2880,0.00035200000274926424,0.0,0.0003535000141710043,0
2881,0.0001954999752342701,0.0,0.00019669998437166214,0
2882,0.0002114999806508422,0.0,0.00021249998826533556,0
2883,0.00016799999866634607,0.0,0.00016900000628083944,0
2884,0.0001637000823393464,0.0,0.00016470008995383978,0
2885,0.00019020005129277706,0.0,0.00019120005890727043,0
2886,0.00016439997125416994,0.0,0.00016529997810721397,0
2887,0.0001626000739634037,0.0,0.0001634000800549984,0
2888,0.00017760007176548243,0.0,0.00017850007861852646,0
2889,0.0001645000884309411,0.0003466999623924494,0.006766100064851344,1
2890,0.0005062000127509236,0.0,0.0005272999405860901,0
2891,0.00023929995950311422,0.0,0.0002405999694019556,0
2892,0.00020510004833340645,0.0,0.00020619994029402733,0
2893,0.00016930000856518745,0.0,0.00017030001617968082,0
2894,0.0003766000736504793,0.0,0.00037839997094124556,0
2895,0.0005225000204518437,0.0,0.0005243999185040593,0
2896,0.0003963999915868044,0.0,0.0003981000045314431,0
2897,0.0004908000119030476,0.0,0.000492400024086237,0
2898,0.00045240006875246763,0.0,0.00045409996528178453,0
2899,0.000435599940828979,0.0005543000297620893,0.007995799998752773,1
2900,0.0003079000161960721,0.0,0.0003095000283792615,0
2901,0.00017550005577504635,0.0,0.00017660006415098906,0
2902,0.0001981999957934022,0.0,0.00019940000493079424,0
2903,0.00016609998419880867,0.0,0.00016719999257475138,0
2904,0.00016289995983242989,0.0,0.00016389996744692326,0
2905,0.00018789991736412048,0.0,0.00018889992497861385,0
2906,0.0001631999621167779,0.0,0.0001642999704927206,0
2907,0.00016139994841068983,0.0,0.00016229995526373386,0
2908,0.00017470004968345165,0.0,0.00017570005729794502,0
2909,0.0001604000572115183,0.00031889998354017735,0.006067999987863004,1
2910,0.0003043999895453453,0.0,0.000305800000205636,0
2911,0.00017580005805939436,0.0,0.00017690006643533707,0
2912,0.00019470008555799723,0.0,0.00019580009393393993,0
2913,0.00016469997353851795,0.0,0.00016569998115301132,0
2914,0.0001610000617802143,0.0,0.00016179995145648718,0
2915,0.0001762000611051917,0.0,0.00017720006871968508,0
2916,0.0003435000544413924,0.0,0.00034470006357878447,0
2917,0.0002300000051036477,0.0,0.00023090001195669174,0
2918,0.00024580000899732113,0.0,0.00024690001737326384,0
2919,0.00016280007548630238,0.00046309991739690304,0.006452000001445413,1
2920,0.00027929991483688354,0.0,0.00028069992549717426,0
2921,0.00017030001617968082,0.0,0.0001713000237941742,0
2922,0.00019550009164959192,0.0,0.00019649998284876347,0
2923,0.00017060001846402884,0.0,0.0001716000260785222,0
2924,0.00016229995526373386,0.0,0.00016329996287822723,0
2925,0.00017959997057914734,0.0,0.00018049997743219137,0
2926,0.0001626000739634037,0.0,0.0001634000800549984,0
2927,0.0001610000617802143,0.0,0.00016189995221793652,0
2928,0.00018810003530234098,0.0,0.00018930004443973303,0
2929,0.00016339996363967657,0.0002943000290542841,0.005966200027614832,1
2930,0.00027540000155568123,0.0,0.0002769000129774213,0
2931,0.0001922999508678913,0.0,0.0001935999607667327,0
2932,0.00019619998056441545,0.0,0.00019719998817890882,0
2933,0.00017200002912431955,0.0,0.00017360004130750895,0
2934,0.000443900004029274,0.0,0.00044540001545101404,0
2935,0.0002951999194920063,0.0,0.00029639992862939835,0
2936,0.00020150002092123032,0.0,0.00020299991592764854,0
2937,0.00017230003140866756,0.0,0.0001732000382617116,0
2938,0.0003093000268563628,0.0,0.0003104000352323055,0
2939,0.00016820000018924475,0.00038650003261864185,0.007737400010228157,1
2940,0.0007823000196367502,0.0,0.0007842000341042876,0
2941,0.00042990001384168863,0.0,0.0004317000275477767,0
2942,0.00045160006266087294,0.0,0.00045330007560551167,0
2943,0.000404300051741302,0.0,0.0004061999497935176,0
2944,0.0004528999561443925,0.0,0.00045469996985048056,0
2945,0.0004428999964147806,0.0,0.000444800010882318,0
2946,0.00039199995808303356,0.0,0.00039379997178912163,0
2947,0.0003894000547006726,0.0,0.00039110006764531136,0
2948,0.0004330000374466181,0.0,0.00043480005115270615,0
2949,0.0003739000530913472,0.0004205000586807728,0.007484000059776008,1
2950,0.00037620007060468197,0.0,0.0003779000835493207,0
2951,0.00017560005653649569,0.0,0.0001767000649124384,0
2952,0.00019829999655485153,0.0,0.00019920000340789557,0
2953,0.00016739999409765005,0.0,0.00016830000095069408,0
2954,0.00016359996516257524,0.0,0.00016459997277706861,0
2955,0.00018350000027567148,0.0,0.00018450000789016485,0
2956,0.0001637000823393464,0.0,0.0001645000884309411,0
2957,0.00016419996973127127,0.0,0.00016519997734576464,0
2958,0.0001778000732883811,0.0,0.00017889996524900198,0
2959,0.00016289995983242989,0.0003244000254198909,0.006431299960240722,1
2960,0.0003306000726297498,0.0,0.00033220008481293917,0
2961,0.00022310006897896528,0.0,0.0002242999617010355,0
2962,0.0002482000272721052,0.0,0.00024940003640949726,0
2963,0.00017470004968345165,0.0,0.00017570005729794502,0
2964,0.00016559998039156199,0.0,0.00016659998800605536,0
2965,0.0001802000915631652,0.0,0.00018110009841620922,0
2966,0.0001637000823393464,0.0,0.00016470008995383978,0
2967,0.00016330007929354906,0.0,0.00016430008690804243,0
2968,0.00018279999494552612,0.0,0.0001838000025600195,0
2969,0.00016529997810721397,0.0003322999691590667,0.007201700005680323,1
2970,0.0003370000049471855,0.0,0.0003385999007150531,0
2971,0.00022379995789378881,0.0,0.00022499996703118086,0
2972,0.0002524999435991049,0.0,0.0002536999527364969,0
2973,0.00017070001922547817,0.0,0.00017180002760142088,0
2974,0.0001645000884309411,0.0,0.00016550009604543447,0
2975,0.00017830007709562778,0.0,0.0001794000854715705,0
2976,0.00016400008462369442,0.0,0.00016490009147673845,0
2977,0.0001626000739634037,0.0,0.00016350008081644773,0
2978,0.0002031000331044197,0.0,0.00020420004148036242,0
2979,0.00016499997582286596,0.000309599912725389,0.007594999973662198,1
2980,0.00044760003220289946,0.0,0.0004491000436246395,0
2981,0.0002463000128045678,0.0,0.00024750002194195986,0
2982,0.0002460000105202198,0.0,0.0002471000188961625,0
2983,0.00016910000704228878,0.0,0.00017010001465678215,0
2984,0.00019749999046325684,0.0,0.00019869999960064888,0
2985,0.00022230006288737059,0.0,0.00022330007050186396,0
2986,0.00016599998343735933,0.0,0.00016689999029040337,0
2987,0.00016299996059387922,0.0,0.0001639999682083726,0
2988,0.00017440004739910364,0.0,0.000175400055013597,0
2989,0.00017490005120635033,0.0003018999705091119,0.007389100035652518,1
2990,0.0003370000049471855,0.0,0.0003386000171303749,0
2991,0.00022280006669461727,0.0,0.00022390007507055998,0
2992,0.000255199964158237,0.0,0.0002562999725341797,0
2993,0.00016990001313388348,0.0,0.00017090002074837685,0
2994,0.00016549997963011265,0.0,0.00016639998648315668,0
2995,0.00017850007861852646,0.0,0.00017950008623301983,0
2996,0.00016440008766949177,0.0,0.00016529997810721397,0
2997,0.0001626000739634037,0.0,0.00016350008081644773,0
2998,0.00018930004443973303,0.0,0.00019020005129277706,0
2999,0.0001642000861465931,0.000296599930152297,0.006460100063122809,1
