step,step_state_sec,to_numpy_sec,total_step_sec,saved
0,0.007040300057269633,0.0004400999750941992,0.009385700104758143,1
1,0.0004437000025063753,0.0,0.00044540001545101404,0
2,0.00018079997971653938,0.0,0.0001818999880924821,0
3,0.00020299991592764854,0.0,0.00020389992278069258,0
4,0.00017060001846402884,0.0,0.00017140002455562353,0
5,0.00016830000095069408,0.0,0.00016910000704228878,0
6,0.00018289999570697546,0.0,0.00018370000179857016,0
7,0.00017939996905624866,0.0,0.00018019997514784336,0
8,0.00016719999257475138,0.0,0.00016799999866634607,0
9,0.00018120009917765856,0.0004032000433653593,0.0025870000245049596,1
10,0.00047640001866966486,0.0,0.00047830003313720226,0
11,0.00042810000013560057,0.0,0.00042940001003444195,0
12,0.00027929991483688354,0.0,0.0002804999239742756,0
13,0.00021930004004389048,0.0,0.00022009992972016335,0
14,0.00016990001313388348,0.0,0.00017090002074837685,0
15,0.00018279999494552612,0.0,0.0001838000025600195,0
16,0.00016980001237243414,0.0,0.00017070001922547817,0
17,0.0001740000443533063,0.0,0.00017479993402957916,0
18,0.00024389999452978373,0.0,0.0002447000006213784,0
19,0.00016900000628083944,0.00037379993591457605,0.002700399956665933,1
20,0.0005092000355944037,0.0,0.0005113000515848398,0
21,0.0003882000455632806,0.0,0.0003899000585079193,0
22,0.0004292000085115433,0.0,0.000430900021456182,0
23,0.000377100077457726,0.0,0.00037880009040236473,0
24,0.0003789999755099416,0.0,0.00038059998769313097,0
25,0.0003952999832108617,0.0,0.0003968999953940511,0
26,0.000359599944204092,0.0,0.00036129995714873075,0
27,0.0003749999450519681,0.0,0.0003765999572351575,0
28,0.00039279996417462826,0.0,0.0003942999755963683,0
29,0.0003646999830380082,0.0004786000354215503,0.0029190999921411276,1
30,0.0004981000674888492,0.0,0.0004999000811949372,0
31,0.0003664999967440963,0.0,0.000368200009688735,0
32,0.0004368000663816929,0.0,0.0004385000793263316,0
33,0.0003687000134959817,0.0,0.0003704000264406204,0
34,0.0003587000537663698,0.0,0.0003602000651881099,0
35,0.0004293000092729926,0.0,0.00043100002221763134,0
36,0.0003736000508069992,0.0,0.00037530006375163794,0
37,0.0003795999800786376,0.0,0.0003809999907389283,0
38,0.0003934999695047736,0.0,0.000395099981687963,0
39,0.00035740004386752844,0.00041999993845820427,0.0028192000463604927,1
40,0.00044929992873221636,0.0,0.0004510999424383044,0
41,0.00035170000046491623,0.0,0.00035319989547133446,0
42,0.00039139995351433754,0.0,0.00039299996569752693,0
43,0.0003513999981805682,0.0,0.0003530000103637576,0
44,0.00035820004995912313,0.0,0.00035990006290376186,0
45,0.00040529994294047356,0.0,0.00040689995512366295,0
46,0.0003645999822765589,0.0,0.00036619999445974827,0
47,0.0003602000651881099,0.0,0.00036170007660984993,0
48,0.00039249996189028025,0.0,0.000394199974834919,0
49,0.0003576999297365546,0.0004344000481069088,0.0027140999445691705,1
50,0.000466700061224401,0.0,0.00046850007493048906,0
51,0.00036910001654177904,0.0,0.00037070002872496843,0
52,0.00039060006383806467,0.0,0.0003921000752598047,0
53,0.0003458999563008547,0.0,0.00034739996772259474,0
54,0.0003643999807536602,0.0,0.00036609999369829893,0
55,0.0003902000607922673,0.0,0.0003918000729754567,0
56,0.0003687000134959817,0.0,0.00037020002491772175,0
57,0.0003424000460654497,0.0,0.00034390005748718977,0
58,0.00036170007660984993,0.0,0.00036320008803159,0
59,0.0003459000727161765,0.0003958001034334302,0.0026253999676555395,1
60,0.00043489993549883366,0.0,0.0004366999492049217,0
61,0.0003483000909909606,0.0,0.0003497999859973788,0
62,0.00037409993819892406,0.0,0.0003754999488592148,0
63,0.00034899997990578413,0.0,0.0003504999913275242,0
64,0.0003427000483497977,0.0,0.0003442000597715378,0
65,0.000363800092600286,0.0,0.0003652001032605767,0
66,0.0003461999585852027,0.0,0.00034769997000694275,0
67,0.0003451999509707093,0.0,0.00034659996163100004,0
68,0.0003795999800786376,0.0,0.000381199992261827,0
69,0.0003606000682339072,0.000417300034314394,0.002838200074620545,1
70,0.00047060009092092514,0.0,0.0004721999866887927,0
71,0.000354600022546947,0.0,0.00035630003549158573,0
72,0.00040060002356767654,0.0,0.0004021000349894166,0
73,0.0003512999974191189,0.0,0.00035280000884085894,0
74,0.00035260000731796026,0.0,0.00035399990156292915,0
75,0.00038109999150037766,0.0,0.0003825000021606684,0
76,0.0003532000118866563,0.0,0.0003548000240698457,0
77,0.00035119999665766954,0.0,0.00035260000731796026,0
78,0.0003879999276250601,0.0,0.0003895999398082495,0
79,0.00035619991831481457,0.00043450004886835814,0.0032415000023320317,1
80,0.0005718000466004014,0.0,0.0005738000618293881,0
81,0.00036750000435858965,0.0,0.0003692000173032284,0
82,0.00040850008372217417,0.0,0.00041030009742826223,0
83,0.0004749000072479248,0.0,0.00047660002019256353,0
84,0.00037869997322559357,0.0,0.00038029998540878296,0
85,0.0004914000164717436,0.0,0.0004930999130010605,0
86,0.00034030003007501364,0.0,0.0003418000414967537,0
87,0.00033469998743385077,0.0,0.0003361999988555908,0
88,0.00046289991587400436,0.0,0.00046469992958009243,0
89,0.0003798999823629856,0.00048289995174854994,0.0030224999645724893,1
90,0.0005284999497234821,0.0,0.0005302999634295702,0
91,0.0005124000599607825,0.0,0.0005145000759512186,0
92,0.0004072999581694603,0.0,0.00040909997187554836,0
93,0.00044329999946057796,0.0,0.00044499989598989487,0
94,0.0003524000057950616,0.0,0.00035390001721680164,0
95,0.0004751000087708235,0.0,0.00047690002247691154,0
96,0.00034470006357878447,0.0,0.00034630007576197386,0
97,0.0003541000187397003,0.0,0.0003557000309228897,0
98,0.00045460008550435305,0.0,0.00045620009768754244,0
99,0.00034559995401650667,0.000479700043797493,0.002989899949170649,1
100,0.0004613000201061368,0.0,0.00046310003381222486,0
101,0.0003453000681474805,0.0,0.00034680007956922054,0
102,0.00045930000487715006,0.0,0.00046090001706033945,0
103,0.00035449990537017584,0.0,0.0003559999167919159,0
104,0.0004651999333873391,0.0,0.00046689994633197784,0
105,0.00047500000800937414,0.0,0.00047669990453869104,0
106,0.0005434999475255609,0.0,0.0005788999842479825,0
107,0.0006008000345900655,0.0,0.0006025000475347042,0
108,0.00048589997459203005,0.0,0.0004875999875366688,0
109,0.0003717999206855893,0.00047259998973459005,0.0031163999810814857,1
110,0.0005410999292507768,0.0,0.0005428999429568648,0
111,0.0003755999496206641,0.0,0.0003770999610424042,0
112,0.0004545999690890312,0.0,0.0004560999805107713,0
113,0.0003725000424310565,0.0,0.0003739000530913472,0
114,0.0005133000668138266,0.0,0.0005147000774741173,0
115,0.00030910002533346415,0.0,0.0003103000344708562,0
116,0.0001808000961318612,0.0,0.00018169998656958342,0
117,0.000174800050444901,0.0,0.00017570005729794502,0
118,0.00019910000264644623,0.0,0.00020020001102238894,0
119,0.00017310003750026226,0.0003584999358281493,0.0029010999714955688,1
120,0.00045599997974932194,0.0,0.00045769999269396067,0
121,0.0002625000197440386,0.0,0.00026359991170465946,0
122,0.0002392000751569867,0.0,0.00024030008353292942,0
123,0.00017660006415098906,0.0,0.00017760007176548243,0
124,0.0002707000821828842,0.0,0.0002723000943660736,0
125,0.00038670003414154053,0.0,0.0003882000455632806,0
126,0.0003530000103637576,0.0,0.00035440002102404833,0
127,0.00033000006806105375,0.0,0.00033130007795989513,0
128,0.0003649999853223562,0.0,0.0003665999975055456,0
129,0.00033569999504834414,0.00043569994159042835,0.0029828998958691955,1
130,0.0006217000773176551,0.0,0.0006236000917851925,0
131,0.00039760000072419643,0.0,0.00039950001519173384,0
132,0.0004387999651953578,0.0,0.00044049997813999653,0
133,0.0004542999668046832,0.0,0.00045579997822642326,0
134,0.00037100003100931644,0.0,0.0003727000439539552,0
135,0.0004501000512391329,0.0,0.00045160006266087294,0
136,0.0003554000286385417,0.0,0.00035690004006028175,0
137,0.00035440002102404833,0.0,0.0003559000324457884,0
138,0.00047009997069835663,0.0,0.0004715999821200967,0
139,0.0003914999542757869,0.000506600015796721,0.0029537000227719545,1
140,0.0005057998932898045,0.0,0.0005076999077573419,0
141,0.00036609999369829893,0.0,0.0003677000058814883,0
142,0.00035530002787709236,0.0,0.00035640003625303507,0
143,0.0001868999097496271,0.0,0.00018779991660267115,0
144,0.00016990001313388348,0.0,0.00017070001922547817,0
145,0.00030700000934302807,0.0,0.00030800001695752144,0
146,0.00017180002760142088,0.0,0.00017260003369301558,0
147,0.00016540009528398514,0.0,0.000166199984960258,0
148,0.00027469999622553587,0.0,0.0002756000030785799,0
149,0.00016799999866634607,0.0004966999404132366,0.0028190999291837215,1
150,0.0005654999986290932,0.0,0.0005673000123351812,0
151,0.0003266999265179038,0.0,0.0003279999364167452,0
152,0.00033930002246052027,0.0,0.0003405000315979123,0
153,0.00018229999113827944,0.0,0.00018319999799132347,0
154,0.00020819995552301407,0.0,0.0002090999623760581,0
155,0.00027550000231713057,0.0,0.00027650000993162394,0
156,0.00019440008327364922,0.0,0.00019529997371137142,0
157,0.00017230003140866756,0.0,0.00017310003750026226,0
158,0.0003068000078201294,0.0,0.00030780001543462276,0
159,0.00020730006508529186,0.0004795999266207218,0.0029371000127866864,1
160,0.0006616000318899751,0.0,0.0006631000433117151,0
161,0.0002405000850558281,0.0,0.0002416000934317708,0
162,0.000310199917294085,0.0,0.00031129992567002773,0
163,0.00018209998961538076,0.0,0.00018309999722987413,0
164,0.0001724999165162444,0.0,0.00017339992336928844,0
165,0.0002975999377667904,0.0,0.0002986999461427331,0
166,0.00018770003225654364,0.0,0.00018860003910958767,0
167,0.00019100005738437176,0.0,0.0001919000642374158,0
168,0.0003087000222876668,0.0,0.00030969991348683834,0
169,0.00020370003767311573,0.00045579997822642326,0.0027676000026986003,1
170,0.0004437000025063753,0.0,0.0004450000124052167,0
171,0.00019509997218847275,0.0,0.0001962999813258648,0
172,0.00026400003116577864,0.0,0.000265000038780272,0
173,0.0001775999553501606,0.0,0.00017859996296465397,0
174,0.0001686000032350421,0.0,0.00016930000856518745,0
175,0.0002761000068858266,0.0,0.00027710001450031996,0
176,0.00022299995180219412,0.0,0.00022389995865523815,0
177,0.0002226999495178461,0.0,0.00022369995713233948,0
178,0.0002888999879360199,0.0,0.00028979999478906393,0
179,0.00017060001846402884,0.00031780009157955647,0.001966699957847595,1
180,0.00026590004563331604,0.0,0.0002672000555321574,0
181,0.00017619994468986988,0.0,0.00017719995230436325,0
182,0.00026729993987828493,0.0,0.0002682999474927783,0
183,0.00017739995382726192,0.0,0.00017829996068030596,0
184,0.00016689999029040337,0.0,0.00016769999638199806,0
185,0.0002614998957142234,0.0,0.00026249990332871675,0
186,0.0001716000260785222,0.0,0.00017260003369301558,0
187,0.0001677999971434474,0.0,0.0001686000032350421,0
188,0.0002519000554457307,0.0,0.00025290006306022406,0
189,0.00017090002074837685,0.00032700004521757364,0.0021152000408619642,1
190,0.0002775000175461173,0.0,0.000278900028206408,0
191,0.0002609998919069767,0.0,0.0002620999002829194,0
192,0.00027379998937249184,0.0,0.0002747999969869852,0
193,0.00018119998276233673,0.0,0.0001821999903768301,0
194,0.0001895000459626317,0.0,0.00019050005357712507,0
195,0.0002497999230399728,0.0,0.0002508999314159155,0
196,0.00017460004892200232,0.0,0.00017539993859827518,0
197,0.00016220007091760635,0.0,0.0001631000777706504,0
198,0.00024690001737326384,0.0,0.0002479000249877572,0
199,0.00020499993115663528,0.0003350999904796481,0.0024698999477550387,1
200,0.0002769000129774213,0.0,0.00027810002211481333,0
201,0.00021239998750388622,0.0,0.00021329999435693026,0
202,0.00027790002059191465,0.0,0.000278900028206408,0
203,0.00017659994773566723,0.0,0.0001772999530658126,0
204,0.00015839992556720972,0.0,0.00015919993165880442,0
205,0.00023570004850625992,0.0,0.00023650005459785461,0
206,0.00018470000941306353,0.0,0.0001857000170275569,0
207,0.00017739995382726192,0.0,0.00017829996068030596,0
208,0.00017559994012117386,0.0,0.0001764999469742179,0
209,0.0001935999607667327,0.0003095000283792615,0.00238690001424402,1
210,0.0004363999469205737,0.0,0.0004376999568194151,0
211,0.00021890003699809313,0.0,0.00021989992819726467,0
212,0.00023750006221234798,0.0,0.00023850006982684135,0
213,0.00016820000018924475,0.0,0.00016900000628083944,0
214,0.00019349996000528336,0.0,0.0001943999668583274,0
215,0.00017579994164407253,0.0,0.00017669994849711657,0
216,0.00016289995983242989,0.0,0.00016369996592402458,0
217,0.00016149994917213917,0.0,0.00016229995526373386,0
218,0.000175100052729249,0.0,0.00017610006034374237,0
219,0.00016240007244050503,0.00033680000342428684,0.0023082999978214502,1
220,0.0004221000708639622,0.0,0.00042370008304715157,0
221,0.00022709998302161694,0.0,0.00022819999139755964,0
222,0.0002509999321773648,0.0,0.00025189993903040886,0
223,0.00017310003750026226,0.0,0.0001740000443533063,0
224,0.00016679998952895403,0.0,0.00016769999638199806,0
225,0.0001805999781936407,0.0,0.00018159998580813408,0
226,0.00016739999409765005,0.0,0.00016830000095069408,0
227,0.0001666999887675047,0.0,0.0001674999948590994,0
228,0.00029039999935775995,0.0,0.00029150000773370266,0
229,0.00018079997971653938,0.0002885999856516719,0.002065700013190508,1
230,0.0003727000439539552,0.0,0.00037409993819892406,0
231,0.00022649997845292091,0.0,0.00022759998682886362,0
232,0.00023280002642422915,0.0,0.00023390003480017185,0
233,0.00017190002836287022,0.0,0.00017280003521591425,0
234,0.00016799999866634607,0.0,0.00016900000628083944,0
235,0.00018269999418407679,0.0,0.00018360000103712082,0
236,0.00016729999333620071,0.0,0.0001680999994277954,0
237,0.0001691998913884163,0.0,0.00017009989824146032,0
238,0.000179799972102046,0.0,0.00018079997971653938,0
239,0.00016649998724460602,0.00027630000840872526,0.0021051999647170305,1
240,0.00036040006671100855,0.0,0.00036180007737129927,0
241,0.00022550008725374937,0.0,0.00022659997921437025,0
242,0.0002250999677926302,0.0,0.0002261999761685729,0
243,0.0001705000177025795,0.0,0.00017140002455562353,0
244,0.00016930000856518745,0.0,0.00017009989824146032,0
245,0.00018159998580813408,0.0,0.00018259999342262745,0
246,0.00017739995382726192,0.0,0.00017819995991885662,0
247,0.0001772999530658126,0.0,0.00017829996068030596,0
248,0.00018009997438639402,0.0,0.00018119998276233673,0
249,0.00016639998648315668,0.00027139997109770775,0.002062999992631376,1
250,0.0003378000110387802,0.0,0.00033930002246052027,0
251,0.00023100001271814108,0.0,0.00023220002185553312,0
252,0.0002639000304043293,0.0,0.00026510003954172134,0
253,0.0001748999347910285,0.0,0.00017589994240552187,0
254,0.00016870000399649143,0.0,0.00016960001084953547,0
255,0.00018440000712871552,0.0,0.00018539989832788706,0
256,0.00016840000171214342,0.0,0.00016950001008808613,0
257,0.00020169990602880716,0.0,0.00020269991364330053,0
258,0.00021780002862215042,0.0,0.00021890003699809313,0
259,0.00016960001084953547,0.0002867000875994563,0.002246999996714294,1
260,0.0002625000197440386,0.0,0.0002638999139890075,0
261,0.00017779995687305927,0.0,0.00017889996524900198,0
262,0.0001954999752342701,0.0,0.00019649998284876347,0
263,0.0001677999971434474,0.0,0.00016880000475794077,0
264,0.000166199984960258,0.0,0.00016719999257475138,0
265,0.00018010009080171585,0.0,0.00018100009765475988,0
266,0.00016729999333620071,0.0,0.00016820000018924475,0
267,0.00022289995104074478,0.0,0.0002239999594166875,0
268,0.00018860003910958767,0.0,0.0001895999303087592,0
269,0.0001686000032350421,0.00028200005181133747,0.0021306000417098403,1
270,0.0003630999708548188,0.0,0.00036449998151510954,0
271,0.00021130009554326534,0.0,0.00021240010391920805,0
272,0.00019569997675716877,0.0,0.00019669998437166214,0
273,0.0001694000093266368,0.0,0.00017030001617968082,0
274,0.00016689999029040337,0.0,0.0001677999971434474,0
275,0.00017960008699446917,0.0,0.00018069997895509005,0
276,0.0001702000154182315,0.0,0.00017120002303272486,0
277,0.00016519997734576464,0.0,0.000166199984960258,0
278,0.0001789000816643238,0.0,0.00018000009004026651,0
279,0.00016620010137557983,0.0002767000114545226,0.002088500070385635,1
280,0.0003611999563872814,0.0,0.00036259996704757214,0
281,0.00022499996703118086,0.0,0.00022609997540712357,0
282,0.0001976999919861555,0.0,0.00019869999960064888,0
283,0.00016830000095069408,0.0,0.00016910000704228878,0
284,0.000179499969817698,0.0,0.0001805999781936407,0
285,0.0001832999987527728,0.0,0.00018430000636726618,0
286,0.00017170002683997154,0.0,0.0001727000344544649,0
287,0.0001631999621167779,0.0,0.00016419996973127127,0
288,0.00017779995687305927,0.0,0.0001786999637261033,0
289,0.00016459997277706861,0.00027279998175799847,0.0022131999721750617,1
290,0.00036369997542351484,0.0,0.0003651999868452549,0
291,0.00017769995611160994,0.0,0.0001786999637261033,0
292,0.0001949999714270234,0.0,0.00019609997980296612,0
293,0.00016950001008808613,0.0,0.00017049990128725767,0
294,0.00016569998115301132,0.0,0.0001666999887675047,0
295,0.00018079997971653938,0.0,0.00018169998656958342,0
296,0.00017099990509450436,0.0,0.0001718999119475484,0
297,0.00016569998115301132,0.0,0.00016659998800605536,0
298,0.00017779995687305927,0.0,0.0001786999637261033,0
299,0.0001650999765843153,0.00026919995434582233,0.0020963000133633614,1
300,0.0003562000347301364,0.0,0.0003576000453904271,0
301,0.00019639998208731413,0.0,0.00019749999046325684,0
302,0.00019569997675716877,0.0,0.00019669998437166214,0
303,0.00016870000399649143,0.0,0.00016960001084953547,0
304,0.00016639998648315668,0.0,0.00016729999333620071,0
305,0.00018039997667074203,0.0,0.00018149998504668474,0
306,0.00022569997236132622,0.0,0.00022739998530596495,0
307,0.00018770003225654364,0.0,0.00018890004139393568,0
308,0.00018569990061223507,0.0,0.00018669990822672844,0
309,0.00016639998648315668,0.0002861999673768878,0.002123999991454184,1
310,0.00027379998937249184,0.0,0.00027520000003278255,0
311,0.00018039997667074203,0.0,0.00018149998504668474,0
312,0.00020859995856881142,0.0,0.0002095999661833048,0
313,0.00016589998267591,0.0,0.00016689999029040337,0
314,0.00016380008310079575,0.0,0.00016460008919239044,0
315,0.0001770000671967864,0.0,0.00017800007481127977,0
316,0.00018390000332146883,0.0,0.0001849000109359622,0
317,0.00017499993555247784,0.0,0.0001759999431669712,0
318,0.00017640006262809038,0.0,0.0001772999530658126,0
319,0.00016220007091760635,0.00031869998201727867,0.002395500079728663,1
320,0.0003268999280408025,0.0,0.0003280999371781945,0
321,0.00018239999189972878,0.0,0.00018339999951422215,0
322,0.00019010005053132772,0.0,0.0001911000581458211,0
323,0.00016489997506141663,0.0,0.00016579998191446066,0
324,0.00016060005873441696,0.0,0.00016140006482601166,0
325,0.0002109999768435955,0.0,0.00021199998445808887,0
326,0.0001610000617802143,0.0,0.00016190006863325834,0
327,0.00015979993622750044,0.0,0.00016069994308054447,0
328,0.00017439993098378181,0.0,0.00017529993783682585,0
329,0.00018079997971653938,0.00029520003590732813,0.0022140999790281057,1
330,0.00030420010443776846,0.0,0.00030550011433660984,0
331,0.00022639997769147158,0.0,0.00022739998530596495,0
332,0.00024560000747442245,0.0,0.0002466000150889158,0
333,0.0001740000443533063,0.0,0.00017490005120635033,0
334,0.00016840000171214342,0.0,0.00016930000856518745,0
335,0.00019170006271451712,0.0,0.0001927000703290105,0
336,0.00016769999638199806,0.0,0.00016870000399649143,0
337,0.00016649998724460602,0.0,0.00016739999409765005,0
338,0.000179799972102046,0.0,0.00018079997971653938,0
339,0.00016719999257475138,0.00027730001602321863,0.002131399931386113,1
340,0.0002647999208420515,0.0,0.0002661999315023422,0
341,0.00017180002760142088,0.0,0.00017279991880059242,0
342,0.00019609997980296612,0.0,0.0001970999874174595,0
343,0.0001702000154182315,0.0,0.0001713000237941742,0
344,0.00016650010365992785,0.0,0.00016739999409765005,0
345,0.00021089997608214617,0.0,0.00021219998598098755,0
346,0.00019099994096904993,0.0,0.0001935999607667327,0
347,0.0001686000032350421,0.0,0.00016950001008808613,0
348,0.00018550001550465822,0.0,0.00018660002388060093,0
349,0.0001666999887675047,0.00029609992634505033,0.0023790999548509717,1
350,0.000394199974834919,0.0,0.00039569998625665903,0
351,0.0002266999799758196,0.0,0.0002277999883517623,0
352,0.00024859991390258074,0.0,0.00024969992227852345,0
353,0.0001799999736249447,0.0,0.00018099998123943806,0
354,0.00016820000018924475,0.0,0.00016920000780373812,0
355,0.00018169998656958342,0.0,0.00018269999418407679,0
356,0.00016799999866634607,0.0,0.00016900000628083944,0
357,0.00016689999029040337,0.0,0.0001677999971434474,0
358,0.0001794000854715705,0.0,0.00018030009232461452,0
359,0.0001802000915631652,0.0002786999102681875,0.002505200100131333,1
360,0.0002933000214397907,0.0,0.00029449991416186094,0
361,0.00017440004739910364,0.0,0.000175400055013597,0
362,0.00020250002853572369,0.0,0.00020340003538876772,0
363,0.000166199984960258,0.0,0.00016709999181330204,0
364,0.00016460008919239044,0.0,0.0001656000968068838,0
365,0.0001786000793799758,0.0,0.00017950008623301983,0
366,0.00016659998800605536,0.0,0.00016759999562054873,0
367,0.0001705000177025795,0.0,0.00017150002531707287,0
368,0.00017950008623301983,0.0,0.00018040009308606386,0
369,0.00016510009299963713,0.00027680001221597195,0.0021742000244557858,1
370,0.00027550000231713057,0.0,0.0002769000129774213,0
371,0.00019559997599571943,0.0,0.00019669998437166214,0
372,0.00022229994647204876,0.0,0.00022339995484799147,0
373,0.00019109994173049927,0.0,0.00019209994934499264,0
374,0.0001908999402076006,0.0,0.0001919999485835433,0
375,0.00020410004071891308,0.0,0.00020510004833340645,0
376,0.00019040005281567574,0.0,0.0001914000604301691,0
377,0.00019230006728321314,0.0,0.0001933000748977065,0
378,0.00020190002396702766,0.0,0.00020290003158152103,0
379,0.0001862999051809311,0.00028250005561858416,0.00224459997843951,1
380,0.000368200009688735,0.0,0.0003738000523298979,0
381,0.00023030000738799572,0.0,0.00023150001652538776,0
382,0.00019919988699257374,0.0,0.0002001998946070671,0
383,0.00017090002074837685,0.0,0.00017200002912431955,0
384,0.00016709999181330204,0.0,0.0001680999994277954,0
385,0.0001789000816643238,0.0,0.00017989997286349535,0
386,0.00017170002683997154,0.0,0.00017260003369301558,0
387,0.00016499997582286596,0.0,0.00016589998267591,0
388,0.00017920008394867182,0.0,0.00018010009080171585,0
389,0.0001645000884309411,0.0002753000007942319,0.002227800083346665,1
390,0.0002896999940276146,0.0,0.0002911000046879053,0
391,0.00019759999122470617,0.0,0.00019869999960064888,0
392,0.00021970004308968782,0.0,0.00022080005146563053,0
393,0.00019020005129277706,0.0,0.00019130005966871977,0
394,0.00018890004139393568,0.0,0.0001898000482469797,0
395,0.00020899996161460876,0.0,0.00021009996999055147,0
396,0.0001873999135568738,0.0,0.00018829992040991783,0
397,0.00018890004139393568,0.0,0.00018990004900842905,0
398,0.00020180002320557833,0.0,0.0002028000308200717,0
399,0.0001876999158412218,0.00028140004724264145,0.002314699930138886,1
400,0.00036750000435858965,0.0,0.00036910001654177904,0
401,0.0002261999761685729,0.0,0.0002272999845445156,0
402,0.00024759990628808737,0.0,0.0002486999146640301,0
403,0.00017959997057914734,0.0,0.0001805999781936407,0
404,0.00016900000628083944,0.0,0.00016990001313388348,0
405,0.00018259999342262745,0.0,0.00018360000103712082,0
406,0.00016820000018924475,0.0,0.00016910000704228878,0
407,0.00016709999181330204,0.0,0.00016799999866634607,0
408,0.00018100009765475988,0.0,0.00018200010526925325,0
409,0.0001721000298857689,0.0002728999825194478,0.0023274000268429518,1
410,0.00031649996526539326,0.0,0.00031809997744858265,0
411,0.0002277999883517623,0.0,0.000228899996727705,0
412,0.00026380002964287996,0.0,0.00026490003801882267,0
413,0.0001767999492585659,0.0,0.00017779995687305927,0
414,0.00016820000018924475,0.0,0.00016920000780373812,0
415,0.00018159998580813408,0.0,0.0001824999926611781,0
416,0.00016629998572170734,0.0,0.00016719999257475138,0
417,0.00018049997743219137,0.0,0.00018149998504668474,0
418,0.00021769991144537926,0.0,0.0002185999182984233,0
419,0.0001680999994277954,0.000264700036495924,0.00209650001488626,1
420,0.0002498000394552946,0.0,0.00025120005011558533,0
421,0.00017269991803914309,0.0,0.00017369992565363646,0
422,0.00020100001711398363,0.0,0.00020220002625137568,0
423,0.0001713000237941742,0.0,0.00017230003140866756,0
424,0.00016739999409765005,0.0,0.00016820000018924475,0
425,0.0001949999714270234,0.0,0.00019609997980296612,0
426,0.00016569998115301132,0.0,0.0001666999887675047,0
427,0.00016529997810721397,0.0,0.000166199984960258,0
428,0.00018400000408291817,0.0,0.00018500001169741154,0
429,0.00016419996973127127,0.00025749998167157173,0.00227569998241961,1
430,0.0003704000264406204,0.0,0.0003719000378623605,0
431,0.00022529996931552887,0.0,0.0002261999761685729,0
432,0.0001993000041693449,0.0,0.0002004000125452876,0
433,0.00017170002683997154,0.0,0.00017260003369301558,0
434,0.00017200002912431955,0.0,0.00017290003597736359,0
435,0.00018420000560581684,0.0,0.0001852000132203102,0
436,0.00016589998267591,0.0,0.00016689999029040337,0
437,0.00017010001465678215,0.0,0.00017100002150982618,0
438,0.00018279999494552612,0.0,0.00018370000179857016,0
439,0.00016529997810721397,0.0002699000760912895,0.002253200043924153,1
440,0.00031999999191612005,0.0,0.0003215000033378601,0
441,0.00019950000569224358,0.0,0.00020060001406818628,0
442,0.0001976999919861555,0.0,0.00019869999960064888,0
443,0.0001686000032350421,0.0,0.00016960001084953547,0
444,0.0001666999887675047,0.0,0.00016769999638199806,0
445,0.00018089998047798872,0.0,0.0001818999880924821,0
446,0.00017170002683997154,0.0,0.00017269991803914309,0
447,0.00016529997810721397,0.0,0.00016609998419880867,0
448,0.00017829996068030596,0.0,0.00017919996753335,0
449,0.00016609998419880867,0.0002612000098451972,0.002082600025460124,1
450,0.00025559996720403433,0.0,0.0002568999771028757,0
451,0.00017280003521591425,0.0,0.0001737999264150858,0
452,0.00020030001178383827,0.0,0.00020140002015978098,0
453,0.00016930000856518745,0.0,0.00017030001617968082,0
454,0.00016569998115301132,0.0,0.00016659998800605536,0
455,0.00018129998352378607,0.0,0.0001821999903768301,0
456,0.00016639998648315668,0.0,0.00016729999333620071,0
457,0.00016929989214986563,0.0,0.000170299899764359,0
458,0.00017859996296465397,0.0,0.00017969997134059668,0
459,0.00016629998572170734,0.00026919995434582233,0.0021548999939113855,1
460,0.00026700005400925875,0.0,0.00026840006466954947,0
461,0.00017330003902316093,0.0,0.0001743000466376543,0
462,0.0002001000102609396,0.0,0.0002012000186368823,0
463,0.00016900000628083944,0.0,0.0001700000138953328,0
464,0.00016599998343735933,0.0,0.00016689999029040337,0
465,0.00017959997057914734,0.0,0.00018049997743219137,0
466,0.00016549997963011265,0.0,0.00016639998648315668,0
467,0.00016330007929354906,0.0,0.00016410008538514376,0
468,0.00019890000112354755,0.0,0.00019990000873804092,0
469,0.00016529997810721397,0.0002679000608623028,0.0025659999810159206,1
470,0.00039549998473376036,0.0,0.0003968999953940511,0
471,0.00016910000704228878,0.0,0.00017010001465678215,0
472,0.00018890004139393568,0.0,0.00018990004900842905,0
473,0.0001631999621167779,0.0,0.00016409996896982193,0
474,0.0001593999331817031,0.0,0.00016029994003474712,0
475,0.00017339992336928844,0.0,0.00017429993022233248,0
476,0.00018740002997219563,0.0,0.00018830003682523966,0
477,0.00017690006643533707,0.0,0.0001778000732883811,0
478,0.0001721999142318964,0.0,0.00017309992108494043,0
479,0.00015970005188137293,0.00026830006390810013,0.002392499940469861,1
480,0.0002893999917432666,0.0,0.00029070000164210796,0
481,0.00018319999799132347,0.0,0.00018420000560581684,0
482,0.0001895000459626317,0.0,0.00019050005357712507,0
483,0.0001610000617802143,0.0,0.00016200006939470768,0
484,0.0001604000572115183,0.0,0.00016130006406456232,0
485,0.00021140009630471468,0.0,0.00021219998598098755,0
486,0.00016130006406456232,0.0,0.00016220007091760635,0
487,0.00016090006101876497,0.0,0.00016170006711035967,0
488,0.00017259991727769375,0.0,0.00017349992413073778,0
489,0.00016039994079619646,0.000292200013063848,0.0023747000377625227,1
490,0.0002652999246492982,0.0,0.0002666999353095889,0
491,0.00017959997057914734,0.0,0.0001805999781936407,0
492,0.00018930004443973303,0.0,0.00019029993563890457,0
493,0.00016249995678663254,0.0,0.00016339996363967657,0
494,0.00019789999350905418,0.0,0.00019880000036209822,0
495,0.00017449993174523115,0.0,0.00017549993935972452,0
496,0.00016080006025731564,0.0,0.00016169995069503784,0
497,0.00015930004883557558,0.0,0.00016010005492717028,0
498,0.00017170002683997154,0.0,0.0001727000344544649,0
499,0.0001596999354660511,0.0002883000997826457,0.0025620999513193965,1
500,0.0002688999520614743,0.0,0.00027009996119886637,0
501,0.00016719999257475138,0.0,0.00016820000018924475,0
502,0.0001906000543385744,0.0,0.00019160006195306778,0
503,0.00020070001482963562,0.0,0.00020160002168267965,0
504,0.00016009993851184845,0.0,0.00016099994536489248,0
505,0.00017300003673881292,0.0,0.0001740000443533063,0
506,0.0001607000594958663,0.0,0.00016160006634891033,0
507,0.00015979993622750044,0.0,0.0001607999438419938,0
508,0.0002098999684676528,0.0,0.00021089997608214617,0
509,0.00016099994536489248,0.0002586999908089638,0.002345999935641885,1
510,0.0003236999036744237,0.0,0.0003250999143347144,0
511,0.00018089998047798872,0.0,0.00018179998733103275,0
512,0.0002280999906361103,0.0,0.00022899999748915434,0
513,0.00016400008462369442,0.0,0.00016490009147673845,0
514,0.000161800067871809,0.0,0.00016280007548630238,0
515,0.00019620009697973728,0.0,0.00019720010459423065,0
516,0.0001666999887675047,0.0,0.00016759999562054873,0
517,0.00018159998580813408,0.0,0.00018239999189972878,0
518,0.00017429993022233248,0.0,0.00017529993783682585,0
519,0.00016099994536489248,0.00032140000257641077,0.0025449999375268817,1
520,0.0003667999990284443,0.0,0.00036800000816583633,0
521,0.00016910000704228878,0.0,0.0001700000138953328,0
522,0.0001889999257400632,0.0,0.0001900999341160059,0
523,0.00016200006939470768,0.0,0.00016299996059387922,0
524,0.0001610000617802143,0.0,0.00016190006863325834,0
525,0.0002066000597551465,0.0,0.00020760006736963987,0
526,0.0001626000739634037,0.0,0.0001634000800549984,0
527,0.0001610000617802143,0.0,0.00016190006863325834,0
528,0.0001732999226078391,0.0,0.00017419992946088314,0
529,0.00015840004198253155,0.00031370006036013365,0.0023808999685570598,1
530,0.00046710006427019835,0.0,0.0004685999592766166,0
531,0.00022010004613548517,0.0,0.00022120005451142788,0
532,0.00024279998615384102,0.0,0.0002437999937683344,0
533,0.00020769995171576738,0.0,0.00020859995856881142,0
534,0.0001639999682083726,0.0,0.00016499997582286596,0
535,0.00017739995382726192,0.0,0.00017829996068030596,0
536,0.00016119994688779116,0.0,0.00016199995297938585,0
537,0.00016010005492717028,0.0,0.0001607999438419938,0
538,0.00020460004452615976,0.0,0.0002055000513792038,0
539,0.000174800050444901,0.0003322999691590667,0.00244040007237345,1
540,0.00045579997822642326,0.0,0.000457199988886714,0
541,0.00019109994173049927,0.0,0.00019219995010644197,0
542,0.00018909992650151253,0.0,0.0001900999341160059,0
543,0.00016389996744692326,0.0,0.00016489997506141663,0
544,0.00016059994231909513,0.0,0.0001615999499335885,0
545,0.00017500005196779966,0.0,0.00017589994240552187,0
546,0.0001996000064536929,0.0,0.00020060001406818628,0
547,0.00016109994612634182,0.0,0.00016199995297938585,0
548,0.0001724000321701169,0.0,0.00017340003978461027,0
549,0.00015980005264282227,0.00031539995688945055,0.0024628000101074576,1
550,0.00029440002981573343,0.0,0.00029580004047602415,0
551,0.00019219995010644197,0.0,0.00019329995848238468,0
552,0.00020789995323866606,0.0,0.00020889996085315943,0
553,0.00016389996744692326,0.0,0.0001647999742999673,0
554,0.0001604999415576458,0.0,0.00016139994841068983,0
555,0.00021129997912794352,0.0,0.00021219998598098755,0
556,0.0001615999499335885,0.0,0.00016249995678663254,0
557,0.00015989993698894978,0.0,0.00016089994460344315,0
558,0.00017380004283040762,0.0,0.00017479993402957916,0
559,0.00016050005797296762,0.0003146999515593052,0.0024849000619724393,1
560,0.0004545999690890312,0.0,0.00045629998203366995,0
561,0.00021929992362856865,0.0,0.00022039993200451136,0
562,0.00025649997405707836,0.0,0.0002576999831944704,0
563,0.00016870000399649143,0.0,0.0001697000116109848,0
564,0.00016409996896982193,0.0,0.00016499997582286596,0
565,0.00017770007252693176,0.0,0.00017879996448755264,0
566,0.0001680999994277954,0.0,0.00016910000704228878,0
567,0.0001930000726133585,0.0,0.00019390007946640253,0
568,0.00017610006034374237,0.0,0.00017710006795823574,0
569,0.00016130006406456232,0.0003005999606102705,0.0024690000573173165,1
570,0.00034250004682689905,0.0,0.00034390005748718977,0
571,0.0001824999926611781,0.0,0.00018360000103712082,0
572,0.0001949999714270234,0.0,0.00019609997980296612,0
573,0.00016830000095069408,0.0,0.00016920000780373812,0
574,0.00020260002929717302,0.0,0.0002036000369116664,0
575,0.00020679994486272335,0.0,0.00020779995247721672,0
576,0.00016119994688779116,0.0,0.00016199995297938585,0
577,0.00018700002692639828,0.0,0.0001879000337794423,0
578,0.00019890000112354755,0.0,0.0001998000079765916,0
579,0.00016010005492717028,0.0003141999477520585,0.002342000021599233,1
580,0.000435899943113327,0.0,0.0004371999530121684,0
581,0.0002194000408053398,0.0,0.00022050004918128252,0
582,0.00024069997016340494,0.0,0.0002416999777778983,0
583,0.00020000000949949026,0.0,0.00020100001711398363,0
584,0.0001639999682083726,0.0,0.0001647999742999673,0
585,0.00017609994392842054,0.0,0.00017699995078146458,0
586,0.0001626999583095312,0.0,0.0001634999644011259,0
587,0.0001612999476492405,0.0,0.00016219995450228453,0
588,0.0001748999347910285,0.0,0.00017589994240552187,0
589,0.0001946999691426754,0.0002989000640809536,0.0025638999650254846,1
590,0.0004518000641837716,0.0,0.00045330007560551167,0
591,0.00018199998885393143,0.0,0.0001829999964684248,0
592,0.0001911000581458211,0.0,0.00019219995010644197,0
593,0.0001642999704927206,0.0,0.00016519997734576464,0
594,0.00016119994688779116,0.0,0.00016199995297938585,0
595,0.00017570005729794502,0.0,0.00017660006415098906,0
596,0.0001930000726133585,0.0,0.00019390007946640253,0
597,0.00016110006254166365,0.0,0.00016200006939470768,0
598,0.00017340003978461027,0.0,0.00017420004587620497,0
599,0.00016039994079619646,0.0003063000040128827,0.00264770002104342,1
600,0.00030149996746331453,0.0,0.0003027999773621559,0
601,0.00019339995924383402,0.0,0.0001943999668583274,0
602,0.00018860003910958767,0.0,0.00018969993107020855,0
603,0.0001767000649124384,0.0,0.00017760007176548243,0
604,0.0001838000025600195,0.0,0.00018470000941306353,0
605,0.00017439993098378181,0.0,0.00017539993859827518,0
606,0.00016089994460344315,0.0,0.00016179995145648718,0
607,0.00016059994231909513,0.0,0.00016139994841068983,0
608,0.00017330003902316093,0.0,0.0001743000466376543,0
609,0.0001922000665217638,0.0003119999310001731,0.002397300093434751,1
610,0.0003819999983534217,0.0,0.00038350000977516174,0
611,0.0002261999761685729,0.0,0.0002272999845445156,0
612,0.00022519996855407953,0.0,0.00022629997693002224,0
613,0.0001705000177025795,0.0,0.00017140002455562353,0
614,0.0001674999948590994,0.0,0.00016850000247359276,0
615,0.00018089998047798872,0.0,0.0001818999880924821,0
616,0.000166199984960258,0.0,0.00016719999257475138,0
617,0.00016950001008808613,0.0,0.0001705000177025795,0
618,0.00017709995154291391,0.0,0.00017809995915740728,0
619,0.00016409996896982193,0.0002744999947026372,0.002266800031065941,1
620,0.0002821000525727868,0.0,0.0002835000632330775,0
621,0.00019559997599571943,0.0,0.0001965999836102128,0
622,0.00021939992439001799,0.0,0.00022059993352741003,0
623,0.00018900004215538502,0.0,0.0001900999341160059,0
624,0.0001876000314950943,0.0,0.00018880004063248634,0
625,0.000202300027012825,0.0,0.00020340003538876772,0
626,0.00019319995772093534,0.0,0.0001943999668583274,0
627,0.0001884999219328165,0.0,0.0001895999303087592,0
628,0.00020180002320557833,0.0,0.00020290003158152103,0
629,0.0001876000314950943,0.0002813000464811921,0.002319200080819428,1
630,0.0003575999289751053,0.0,0.00035909994039684534,0
631,0.0001724999165162444,0.0,0.00017349992413073778,0
632,0.00019339995924383402,0.0,0.0001943999668583274,0
633,0.00016759999562054873,0.0,0.00016850000247359276,0
634,0.00016519997734576464,0.0,0.000166199984960258,0
635,0.0001832999987527728,0.0,0.00018420000560581684,0
636,0.00016569998115301132,0.0,0.00016659998800605536,0
637,0.00016389996744692326,0.0,0.0001647999742999673,0
638,0.00017719995230436325,0.0,0.00017809995915740728,0
639,0.0001647999742999673,0.0002767000114545226,0.0022545000538229942,1
640,0.0003774999640882015,0.0,0.0003789999755099416,0
641,0.00022660009562969208,0.0,0.00022760010324418545,0
642,0.00024530000519007444,0.0,0.0002465000143274665,0
643,0.00018149998504668474,0.0,0.00018239999189972878,0
644,0.00017030001617968082,0.0,0.0001713000237941742,0
645,0.00018069997895509005,0.0,0.00018169998656958342,0
646,0.00016609998419880867,0.0,0.00016709999181330204,0
647,0.00016460008919239044,0.0,0.00016559998039156199,0
648,0.00017640006262809038,0.0,0.00017730006948113441,0
649,0.00016400008462369442,0.0003111999249085784,0.0023688001092523336,1
650,0.0002929000183939934,0.0,0.0002941000275313854,0
651,0.00018179998733103275,0.0,0.00018279999494552612,0
652,0.0001908999402076006,0.0,0.00019189994782209396,0
653,0.000188700039871037,0.0,0.0001895999303087592,0
654,0.00018710002768784761,0.0,0.00018800003454089165,0
655,0.00016679998952895403,0.0,0.00016769999638199806,0
656,0.00016120006330311298,0.0,0.00016220007091760635,0
657,0.00017330003902316093,0.0,0.00017410004511475563,0
658,0.00016169995069503784,0.0,0.00016259995754808187,0
659,0.00019509997218847275,0.00032480002846568823,0.0026108999736607075,1
660,0.00043370004277676344,0.0,0.0004352000541985035,0
661,0.0001865000231191516,0.0,0.00018759991507977247,0
662,0.0001914000604301691,0.0,0.0001925000688061118,0
663,0.00016439997125416994,0.0,0.00016529997810721397,0
664,0.00016120006330311298,0.0,0.00016220007091760635,0
665,0.0001743000466376543,0.0,0.00017520005349069834,0
666,0.0001965000992640853,0.0,0.00019740010611712933,0
667,0.00016000005416572094,0.0,0.00016080006025731564,0
668,0.00017370004206895828,0.0,0.00017460004892200232,0
669,0.00016009993851184845,0.0003079000161960721,0.0025629999581724405,1
670,0.00048280006740242243,0.0,0.0004843000788241625,0
671,0.00021890003699809313,0.0,0.0002199000446125865,0
672,0.00023930007591843605,0.0,0.00024030008353292942,0
673,0.0002066000597551465,0.0,0.0002077000681310892,0
674,0.00016390008386224508,0.0,0.00016470008995383978,0
675,0.00017760007176548243,0.0,0.00017840007785707712,0
676,0.00016250007320195436,0.0,0.0001634000800549984,0
677,0.00016170006711035967,0.0,0.00016250007320195436,0
678,0.00020560005214065313,0.0,0.0002066000597551465,0
679,0.0001615999499335885,0.00030179996974766254,0.002435699920170009,1
680,0.0003505999920889735,0.0,0.0003521000035107136,0
681,0.00021460000425577164,0.0,0.00021570001263171434,0
682,0.00022660009562969208,0.0,0.00022769998759031296,0
683,0.00016529997810721397,0.0,0.00016639998648315668,0
684,0.00016119994688779116,0.0,0.00016219995450228453,0
685,0.00017520005349069834,0.0,0.00017610006034374237,0
686,0.00019669998437166214,0.0,0.0001976999919861555,0
687,0.00015970005188137293,0.0,0.00016060005873441696,0
688,0.00017300003673881292,0.0,0.00017410004511475563,0
689,0.0001599999377503991,0.0003217000048607588,0.002577599952928722,1
690,0.00047229998745024204,0.0,0.00047389999963343143,0
691,0.00021819991525262594,0.0,0.00021929992362856865,0
692,0.00023849995341151953,0.0,0.00023959996178746223,0
693,0.0002090999623760581,0.0,0.00021009996999055147,0
694,0.00016439997125416994,0.0,0.0001653999788686633,0
695,0.00017769995611160994,0.0,0.00017859996296465397,0
696,0.00016199995297938585,0.0,0.00016279995907098055,0
697,0.0001601999392732978,0.0,0.00016119994688779116,0
698,0.00020949996542185545,0.0,0.00021049997303634882,0
699,0.00016099994536489248,0.0003209999995306134,0.0023515999782830477,1
700,0.0002858000807464123,0.0,0.0002870000898838043,0
701,0.00017410004511475563,0.0,0.00017520005349069834,0
702,0.00021270010620355606,0.0,0.00021389999892562628,0
703,0.00016900000628083944,0.0,0.00016990001313388348,0
704,0.0001677999971434474,0.0,0.00016880000475794077,0
705,0.00018319999799132347,0.0,0.00018430000636726618,0
706,0.00016689999029040337,0.0,0.0001677999971434474,0
707,0.0001946999691426754,0.0,0.00019589997828006744,0
708,0.0001846000086516142,0.0,0.0001857000170275569,0
709,0.00016639998648315668,0.00029230001382529736,0.002531500067561865,1
710,0.0002940000267699361,0.0,0.0002954000374302268,0
711,0.00017820007633417845,0.0,0.00017910008318722248,0
712,0.00018910004291683435,0.0,0.00019020005129277706,0
713,0.00016379996668547392,0.0,0.00016469997353851795,0
714,0.00015989993698894978,0.0,0.0001607999438419938,0
715,0.00021129997912794352,0.0,0.00021219998598098755,0
716,0.0001615999499335885,0.0,0.00016249995678663254,0
717,0.0001604999415576458,0.0,0.00016149994917213917,0
718,0.00017359992489218712,0.0,0.0001745999325066805,0
719,0.00016110006254166365,0.0003166000824421644,0.0028020000318065286,1
720,0.0005722999339923263,0.0,0.0005738999461755157,0
721,0.00022069993428885937,0.0,0.00022169994190335274,0
722,0.00027009996119886637,0.0,0.0002711999695748091,0
723,0.00017619994468986988,0.0,0.00017719995230436325,0
724,0.00016609998419880867,0.0,0.00016709999181330204,0
725,0.000265000038780272,0.0,0.00026590004563331604,0
726,0.00016870000399649143,0.0,0.00016950001008808613,0
727,0.00016550009604543447,0.0,0.00016630010213702917,0
728,0.0002473000204190612,0.0,0.0002484000287950039,0
729,0.00016709999181330204,0.000359299941919744,0.002602499909698963,1
730,0.00033059995621442795,0.0,0.00033189996611326933,0
731,0.00019920000340789557,0.0,0.0002004000125452876,0
732,0.00022760010324418545,0.0,0.000228599994443357,0
733,0.0001642999704927206,0.0,0.00016519997734576464,0
734,0.00016189995221793652,0.0,0.00016279995907098055,0
735,0.00017640006262809038,0.0,0.00017730006948113441,0
736,0.00016130006406456232,0.0,0.00016220007091760635,0
737,0.0001604000572115183,0.0,0.00016120006330311298,0
738,0.00021079997532069683,0.0,0.00021169998217374086,0
739,0.00016080006025731564,0.00031809997744858265,0.0027082000160589814,1
740,0.000532899983227253,0.0,0.0005347999976947904,0
741,0.00029980007093399763,0.0,0.000301100080832839,0
742,0.0002590999938547611,0.0,0.00026480003725737333,0
743,0.0001860000193119049,0.0,0.0001868999097496271,0
744,0.00016469997353851795,0.0,0.00016559998039156199,0
745,0.00017879996448755264,0.0,0.000179799972102046,0
746,0.00016409996896982193,0.0,0.00016519997734576464,0
747,0.00016249995678663254,0.0,0.0001634999644011259,0
748,0.00021319999359548092,0.0,0.0002142000012099743,0
749,0.00016119994688779116,0.0003236000193282962,0.002599300001747906,1
750,0.00033199996687471867,0.0,0.00033329997677356005,0
751,0.00019099994096904993,0.0,0.00019209994934499264,0
752,0.00019249995239078999,0.0,0.0001935999607667327,0
753,0.00016579998191446066,0.0,0.00016679998952895403,0
754,0.00016069994308054447,0.0,0.0001615999499335885,0
755,0.00019329995848238468,0.0,0.00019429996609687805,0
756,0.00017989997286349535,0.0,0.00018079997971653938,0
757,0.00015959993470460176,0.0,0.00016039994079619646,0
758,0.00017419992946088314,0.0,0.00017509993631392717,0
759,0.00016229995526373386,0.00032029999420046806,0.0026900999946519732,1
760,0.00043919996824115515,0.0,0.0004406999796628952,0
761,0.0001700000138953328,0.0,0.00017110002227127552,0
762,0.00022320006974041462,0.0,0.000224200077354908,0
763,0.0001650000922381878,0.0,0.00016600009985268116,0
764,0.00016080006025731564,0.0,0.00016160006634891033,0
765,0.00017580005805939436,0.0,0.0001767000649124384,0
766,0.00016059994231909513,0.0,0.00016139994841068983,0
767,0.00015849992632865906,0.0,0.00015929993242025375,0
768,0.00020510004833340645,0.0,0.00020610005594789982,0
769,0.00016060005873441696,0.000304599991068244,0.002556700026616454,1
770,0.00039489998016506433,0.0,0.0003964999923482537,0
771,0.00016870000399649143,0.0,0.0001697000116109848,0
772,0.00018900004215538502,0.0,0.0001900000497698784,0
773,0.00016379996668547392,0.0,0.00016469997353851795,0
774,0.00016160006634891033,0.0,0.0001626000739634037,0
775,0.00020629994105547667,0.0,0.00020729994866997004,0
776,0.00016309996135532856,0.0,0.0001639999682083726,0
777,0.0001615999499335885,0.0,0.00016249995678663254,0
778,0.00017369992565363646,0.0,0.0001745999325066805,0
779,0.00015890004578977823,0.00030419998802244663,0.002648900030180812,1
780,0.00045089994091540575,0.0,0.00045229995157569647,0
781,0.00022069993428885937,0.0,0.00022169994190335274,0
782,0.00024800002574920654,0.0,0.00024910003412514925,0
783,0.00016570009756833315,0.0,0.00016659998800605536,0
784,0.00016299996059387922,0.0,0.00016389996744692326,0
785,0.00017660006415098906,0.0,0.0001775000710040331,0
786,0.00016320007853209972,0.0,0.00016410008538514376,0
787,0.00019290007185190916,0.0,0.00019390007946640253,0
788,0.00017500005196779966,0.0,0.0001759000588208437,0
789,0.0001610000617802143,0.00030339998193085194,0.00295709993224591,1
790,0.0004672000650316477,0.0,0.0004685999592766166,0
791,0.0002194000408053398,0.0,0.00022040004841983318,0
792,0.000250800047069788,0.0,0.00025180005468428135,0
793,0.00016719999257475138,0.0,0.00016820000018924475,0
794,0.0001629000762477517,0.0,0.00016380008310079575,0
795,0.00017770007252693176,0.0,0.00017850007861852646,0
796,0.00016200006939470768,0.0,0.00016280007548630238,0
797,0.00019260006956756115,0.0,0.00019350007642060518,0
798,0.000174800050444901,0.0,0.00017560005653649569,0
799,0.000161500065587461,0.00031839997973293066,0.002507800003513694,1
800,0.0002874999772757292,0.0,0.00028879998717457056,0
801,0.00020490004681050777,0.0,0.00020600005518645048,0
802,0.00021799991372972727,0.0,0.00021909992210566998,0
803,0.00018970004748553038,0.0,0.00019079993944615126,0
804,0.00018960004672408104,0.0,0.00019080005586147308,0
805,0.00021399999968707561,0.0,0.00021520000882446766,0
806,0.00019029993563890457,0.0,0.00019129994325339794,0
807,0.00018740002997219563,0.0,0.000188400037586689,0
808,0.00020160002168267965,0.0,0.0002028000308200717,0
809,0.00018720002844929695,0.0002812999300658703,0.002687699976377189,1
810,0.00028760009445250034,0.0,0.0002888999879360199,0
811,0.00017280003521591425,0.0,0.00017380004283040762,0
812,0.00020110001787543297,0.0,0.00020210002548992634,0
813,0.00016870000399649143,0.0,0.00016960001084953547,0
814,0.00016620010137557983,0.0,0.0001669999910518527,0
815,0.00018319999799132347,0.0,0.0001841000048443675,0
816,0.00016739999409765005,0.0,0.00016820000018924475,0
817,0.0001642000861465931,0.0,0.0001650000922381878,0
818,0.00018350000027567148,0.0,0.00018450000789016485,0
819,0.00016409996896982193,0.0002762000076472759,0.0023686999920755625,1
820,0.00028550007846206427,0.0,0.000286900089122355,0
821,0.00020410004071891308,0.0,0.00020530004985630512,0
822,0.00021620001643896103,0.0,0.0002172000240534544,0
823,0.0001680999994277954,0.0,0.00016910000704228878,0
824,0.0001647999742999673,0.0,0.00016579998191446066,0
825,0.00017969997134059668,0.0,0.0001805999781936407,0
826,0.00016549997963011265,0.0,0.00016639998648315668,0
827,0.00016820000018924475,0.0,0.00016910000704228878,0
828,0.0001775000710040331,0.0,0.00017850007861852646,0
829,0.0001653000945225358,0.00027710001450031996,0.002378600067459047,1
830,0.000493300030939281,0.0,0.0004949000431224704,0
831,0.0002188000362366438,0.0,0.00021980004385113716,0
832,0.00024009996559470892,0.0,0.00024119997397065163,0
833,0.00016830000095069408,0.0,0.00016910000704228878,0
834,0.00016739999409765005,0.0,0.00016830000095069408,0
835,0.00017929996829479933,0.0,0.0001802999759092927,0
836,0.0001626999583095312,0.0,0.00016369996592402458,0
837,0.00016089994460344315,0.0,0.00016189995221793652,0
838,0.00017439993098378181,0.0,0.00017529993783682585,0
839,0.00016169995069503784,0.00031939998734742403,0.002598099992610514,1
840,0.0002983000595122576,0.0,0.00029960006941109896,0
841,0.00020270003005862236,0.0,0.00020370003767311573,0
842,0.0001943999668583274,0.0,0.0001954999752342701,0
843,0.00016339996363967657,0.0,0.00016419996973127127,0
844,0.00016059994231909513,0.0,0.00016149994917213917,0
845,0.00017639994621276855,0.0,0.0001772999530658126,0
846,0.0001615999499335885,0.0,0.0001623999560251832,0
847,0.00016069994308054447,0.0,0.00016149994917213917,0
848,0.00018670002464205027,0.0,0.00018780003301799297,0
849,0.00016099994536489248,0.0003095000283792615,0.0027432999340817332,1
850,0.00036120007280260324,0.0,0.00036260008346289396,0
851,0.00021600001491606236,0.0,0.00021710002329200506,0
852,0.0002253999700769782,0.0,0.00022649997845292091,0
853,0.0001745999325066805,0.0,0.00017559994012117386,0
854,0.0001935999607667327,0.0,0.00019449996761977673,0
855,0.00017140002455562353,0.0,0.00017230003140866756,0
856,0.0001572000328451395,0.0,0.00015820004045963287,0
857,0.0001561999088153243,0.0,0.000156999914906919,0
858,0.0001686000032350421,0.0,0.00016960001084953547,0
859,0.00015680002979934216,0.0003367000026628375,0.0030518999556079507,1
860,0.00043780007399618626,0.0,0.0004393000854179263,0
861,0.00021189998369663954,0.0,0.00021299999207258224,0
862,0.0002313000150024891,0.0,0.00023220002185553312,0
863,0.0001626000739634037,0.0,0.00016360008157789707,0
864,0.00022570008877664804,0.0,0.00022660009562969208,0
865,0.00017180002760142088,0.0,0.0001727000344544649,0
866,0.00015650002751499414,0.0,0.0001574999187141657,0
867,0.0001553000183776021,0.0,0.00015630002599209547,0
868,0.00016990001313388348,0.0,0.0001708000199869275,0
869,0.00015620002523064613,0.00034549995325505733,0.0025257000233978033,1
870,0.00032890005968511105,0.0,0.0003301000688225031,0
871,0.0001949000870808959,0.0,0.0001957000931724906,0
872,0.00021810003090649843,0.0,0.00021900003775954247,0
873,0.0001585999270901084,0.0,0.00015949993394315243,0
874,0.00015840004198253155,0.0,0.00015920004807412624,0
875,0.00017010001465678215,0.0,0.00017100002150982618,0
876,0.000157299917191267,0.0,0.0001580999232828617,0
877,0.0001561000244691968,0.0,0.00015700003132224083,0
878,0.00020309991668909788,0.0,0.00020409992430359125,0
879,0.00015600002370774746,0.00029989995528012514,0.0026668000500649214,1
880,0.00026540004182606936,0.0,0.0002666999353095889,0
881,0.00019779999274760485,0.0,0.00019880000036209822,0
882,0.00018710002768784761,0.0,0.00018809991888701916,0
883,0.00016309996135532856,0.0,0.00016389996744692326,0
884,0.00016160006634891033,0.0,0.00016250007320195436,0
885,0.000175100052729249,0.0,0.00017610006034374237,0
886,0.00019789999350905418,0.0,0.00019869999960064888,0
887,0.0001610000617802143,0.0,0.00016190006863325834,0
888,0.00017340003978461027,0.0,0.00017420004587620497,0
889,0.00016039994079619646,0.0002663000486791134,0.002625199966132641,1
890,0.0002615000121295452,0.0,0.0002628000220283866,0
891,0.00019419996533542871,0.0,0.00019539997447282076,0
892,0.00018839992117136717,0.0,0.00018949992954730988,0
893,0.00017589994240552187,0.0,0.00018049997743219137,0
894,0.00016759999562054873,0.0,0.0001686000032350421,0
895,0.0002437999937683344,0.0,0.00024500000290572643,0
896,0.0002245999639853835,0.0,0.00022559997159987688,0
897,0.00022229994647204876,0.0,0.00022329995408654213,0
898,0.00022169994190335274,0.0,0.00022279995027929544,0
899,0.00017140002455562353,0.000304599991068244,0.0033536000410094857,1
900,0.0004181000404059887,0.0,0.0004194999346509576,0
901,0.0002449000021442771,0.0,0.00024610001128166914,0
902,0.0001865999074652791,0.0,0.00018779991660267115,0
903,0.00016459997277706861,0.0,0.00016549997963011265,0
904,0.00016219995450228453,0.0,0.00016309996135532856,0
905,0.00017479993402957916,0.0,0.0001756999408826232,0
906,0.00016559998039156199,0.0,0.00016649998724460602,0
907,0.00015959993470460176,0.0,0.00016059994231909513,0
908,0.00017220003064721823,0.0,0.00017310003750026226,0
909,0.0001604999415576458,0.0003128000535070896,0.002602699911221862,1
910,0.00037940009497106075,0.0,0.0003806001041084528,0
911,0.00017040001694113016,0.0,0.00017140002455562353,0
912,0.00018939992878586054,0.0,0.00019049993716180325,0
913,0.00016389996744692326,0.0,0.00016489997506141663,0
914,0.00016609998419880867,0.0,0.00016719999257475138,0
915,0.00017470004968345165,0.0,0.00017570005729794502,0
916,0.00016219995450228453,0.0,0.00016299996059387922,0
917,0.00016039994079619646,0.0,0.00016119994688779116,0
918,0.00017260003369301558,0.0,0.0001735000405460596,0
919,0.0001604000572115183,0.0003040999872609973,0.002470900071784854,1
920,0.00032270001247525215,0.0,0.0003239000216126442,0
921,0.00016559998039156199,0.0,0.0001666999887675047,0
922,0.00021410000044852495,0.0,0.00021510000806301832,0
923,0.00022929999977350235,0.0,0.00023040000814944506,0
924,0.00017689995002001524,0.0,0.00017779995687305927,0
925,0.00017769995611160994,0.0,0.00017859996296465397,0
926,0.00016219995450228453,0.0,0.0001631999621167779,0
927,0.00016329996287822723,0.0,0.00016419996973127127,0
928,0.00017919996753335,0.0,0.00018009997438639402,0
929,0.00016289995983242989,0.00032540003303438425,0.0030409999890252948,1
930,0.0003512999974191189,0.0,0.0003525000065565109,0
931,0.0001666999887675047,0.0,0.00016759999562054873,0
932,0.0001922000665217638,0.0,0.0001933000748977065,0
933,0.00016739999409765005,0.0,0.00016840000171214342,0
934,0.00015980005264282227,0.0,0.0001607000594958663,0
935,0.0001727000344544649,0.0,0.00017370004206895828,0
936,0.0001604999415576458,0.0,0.00016139994841068983,0
937,0.00015840004198253155,0.0,0.00015920004807412624,0
938,0.00017200002912431955,0.0,0.00017300003673881292,0
939,0.0002148000057786703,0.00031049991957843304,0.0025818999856710434,1
940,0.00032780005130916834,0.0,0.00032899994403123856,0
941,0.0001895000459626317,0.0,0.0001906000543385744,0
942,0.00018720002844929695,0.0,0.00018830003682523966,0
943,0.0001626999583095312,0.0,0.0001634999644011259,0
944,0.00016139994841068983,0.0,0.00016219995450228453,0
945,0.00017499993555247784,0.0,0.00017589994240552187,0
946,0.00016149994917213917,0.0,0.00016229995526373386,0
947,0.00019100005738437176,0.0,0.00019180006347596645,0
948,0.00017290003597736359,0.0,0.00017390004359185696,0
949,0.00015949993394315243,0.0002802000381052494,0.0025410999078303576,1
950,0.0003208999987691641,0.0,0.00032210000790655613,0
951,0.0001653999788686633,0.0,0.00016639998648315668,0
952,0.00018770003225654364,0.0,0.000188700039871037,0
953,0.00016140006482601166,0.0,0.0001623000716790557,0
954,0.00015919993165880442,0.0,0.00016009993851184845,0
955,0.0001783999614417553,0.0,0.00017929996829479933,0
956,0.00016169995069503784,0.0,0.00016259995754808187,0
957,0.00015949993394315243,0.0,0.0001604999415576458,0
958,0.00017150002531707287,0.0,0.0001724000321701169,0
959,0.00015930004883557558,0.0003171999705955386,0.002570200012996793,1
960,0.0003901999443769455,0.0,0.00039169995579868555,0
961,0.00021829991601407528,0.0,0.00021939992439001799,0
962,0.0003239000216126442,0.0,0.0003252000315114856,0
963,0.000341600039973855,0.0,0.0003431000513955951,0
964,0.00030960002914071083,0.0,0.00031100003980100155,0
965,0.00026189989876002073,0.0,0.0002630999078974128,0
966,0.00025020004250109196,0.0,0.000251400051638484,0
967,0.00022609997540712357,0.0,0.00022709998302161694,0
968,0.00023210002109408379,0.0,0.00023310002870857716,0
969,0.00016499997582286596,0.00032569991890341043,0.002730199950747192,1
970,0.00032750004902482033,0.0,0.00032860005740076303,0
971,0.00017129990737885237,0.0,0.00017239991575479507,0
972,0.0001873000292107463,0.0,0.000188400037586689,0
973,0.00016300007700920105,0.0,0.00016390008386224508,0
974,0.0001604000572115183,0.0,0.00016140006482601166,0
975,0.00017439993098378181,0.0,0.00017539993859827518,0
976,0.00016179995145648718,0.0,0.00016279995907098055,0
977,0.0001653999788686633,0.0,0.00016629998572170734,0
978,0.00017419992946088314,0.0,0.00017509993631392717,0
979,0.00016089994460344315,0.0003013000823557377,0.002826599986292422,1
980,0.0003466999623924494,0.0,0.00034799997229129076,0
981,0.0002536999527364969,0.0,0.0002546999603509903,0
982,0.0003266999265179038,0.0,0.00032789993565529585,0
983,0.00016709999181330204,0.0,0.00016799999866634607,0
984,0.00016299996059387922,0.0,0.00016389996744692326,0
985,0.00017579994164407253,0.0,0.0001767999492585659,0
986,0.00015979993622750044,0.0,0.0001607999438419938,0
987,0.00015979993622750044,0.0,0.00016069994308054447,0
988,0.00018159998580813408,0.0,0.0001824999926611781,0
989,0.00016840000171214342,0.0003103000344708562,0.0025664999848231673,1
990,0.00035170000046491623,0.0,0.00035310001112520695,0
991,0.00016840000171214342,0.0,0.00016950001008808613,0
992,0.00018869992345571518,0.0,0.00018969993107020855,0
993,0.00016279995907098055,0.0,0.00016369996592402458,0
994,0.00015950005035847425,0.0,0.0001604000572115183,0
995,0.00017360004130750895,0.0,0.00017450004816055298,0
996,0.00017360004130750895,0.0,0.00019320007413625717,0
997,0.0002028000308200717,0.0,0.0002036000369116664,0
998,0.00017659994773566723,0.0,0.00017749995458871126,0
999,0.0001615999499335885,0.00043999997433274984,0.0033915999811142683,1
1000,0.0003928999649360776,0.0,0.000394199974834919,0
1001,0.00021979992743581533,0.0,0.0002207999350503087,0
1002,0.0002614000113680959,0.0,0.00026240001898258924,0
1003,0.00019019993487745523,0.0,0.00019109994173049927,0
1004,0.0001634999644011259,0.0,0.00016439997125416994,0
1005,0.00021049997303634882,0.0,0.0002114999806508422,0
1006,0.0001626999583095312,0.0,0.00016359996516257524,0
1007,0.00016359996516257524,0.0,0.00016439997125416994,0
1008,0.00019970000721514225,0.0,0.00020059989765286446,0
1009,0.000174800050444901,0.0004069999558851123,0.0029283000621944666,1
1010,0.00026270002126693726,0.0,0.00026400003116577864,0
1011,0.00018129998352378607,0.0,0.00018239999189972878,0
1012,0.0002114999806508422,0.0,0.00021249998826533556,0
1013,0.00017799995839595795,0.0,0.00017879996448755264,0
1014,0.000179499969817698,0.0,0.00018049997743219137,0
1015,0.00022749998606741428,0.0,0.00022839999292045832,0
1016,0.00016300007700920105,0.0,0.00016390008386224508,0
1017,0.00016170006711035967,0.0,0.00016250007320195436,0
1018,0.0002071999479085207,0.0,0.00020809995476156473,0
1019,0.00016149994917213917,0.00044350000098347664,0.002659299992956221,1
1020,0.00040579994674772024,0.0,0.00040719995740801096,0
1021,0.00020759995095431805,0.0,0.0002087999600917101,0
1022,0.00019179994706064463,0.0,0.00019269995391368866,0
1023,0.00017010001465678215,0.0,0.00017120002303272486,0
1024,0.00016270007472485304,0.0,0.00016350008081644773,0
1025,0.00017390004359185696,0.0,0.00017470004968345165,0
1026,0.00016199995297938585,0.0,0.00016289995983242989,0
1027,0.00016419996973127127,0.0,0.0001650999765843153,0
1028,0.00017509993631392717,0.0,0.00017609994392842054,0
1029,0.00015989993698894978,0.0002905000001192093,0.0028231999604031444,1
1030,0.0004463999066501856,0.0,0.00044769991654902697,0
1031,0.00021670002024620771,0.0,0.00021780002862215042,0
1032,0.00023690005764365196,0.0,0.000237800064496696,0
1033,0.00016480009071528912,0.0,0.00016580009832978249,0
1034,0.00016080006025731564,0.0,0.00016170006711035967,0
1035,0.00017380004283040762,0.0,0.00017470004968345165,0
1036,0.0001620999537408352,0.0,0.00016289995983242989,0
1037,0.00016089994460344315,0.0,0.00016179995145648718,0
1038,0.0001783999614417553,0.0,0.00017939996905624866,0
1039,0.00016259995754808187,0.00031130004208534956,0.0028865999775007367,1
1040,0.0002891999902203679,0.0,0.0002906000008806586,0
1041,0.00019869999960064888,0.0,0.00019970000721514225,0
1042,0.0001884999219328165,0.0,0.00018949992954730988,0
1043,0.0001620999537408352,0.0,0.00016299996059387922,0
1044,0.00019529997371137142,0.0,0.00019639998208731413,0
1045,0.0002001000102609396,0.0,0.00020110001787543297,0
1046,0.00015930004883557558,0.0,0.00016010005492717028,0
1047,0.00015869992785155773,0.0,0.00015959993470460176,0
1048,0.00017170002683997154,0.0,0.00017250003293156624,0
1049,0.0001596000511199236,0.00034989998675882816,0.002746500074863434,1
1050,0.00028170004952698946,0.0,0.0002831000601872802,0
1051,0.00023710005916655064,0.0,0.00023820006754249334,0
1052,0.00019280007109045982,0.0,0.0001938000787049532,0
1053,0.00016270007472485304,0.0,0.00016359996516257524,0
1054,0.0001607000594958663,0.0,0.000161500065587461,0
1055,0.00017440004739910364,0.0,0.000175400055013597,0
1056,0.00015909993089735508,0.0,0.0001599999377503991,0
1057,0.0001639999682083726,0.0,0.00016489997506141663,0
1058,0.00017289991956204176,0.0,0.0001737999264150858,0
1059,0.0001591000473126769,0.0003242999082431197,0.002726400038227439,1
1060,0.00028330006171017885,0.0,0.0002845999551936984,0
1061,0.0001943999668583274,0.0,0.0001954999752342701,0
1062,0.00022139993961900473,0.0,0.00022249994799494743,0
1063,0.00018960004672408104,0.0,0.0001906000543385744,0
1064,0.0002400000812485814,0.0,0.00024119997397065163,0
1065,0.0002332000294700265,0.0,0.00023420003708451986,0
1066,0.00018470000941306353,0.0,0.0001857000170275569,0
1067,0.00016599998343735933,0.0,0.00016689999029040337,0
1068,0.00018089998047798872,0.0,0.0001818999880924821,0
1069,0.00017390004359185696,0.0002812000457197428,0.002671400085091591,1
1070,0.00033409998286515474,0.0,0.0003352999920025468,0
1071,0.00016529997810721397,0.0,0.00016629998572170734,0
1072,0.00018639990594238043,0.0,0.0001873999135568738,0
1073,0.0001620999537408352,0.0,0.00016299996059387922,0
1074,0.00016030005645006895,0.0,0.00016130006406456232,0
1075,0.00017450004816055298,0.0,0.000175400055013597,0
1076,0.0001634000800549984,0.0,0.00016440008766949177,0
1077,0.00015900004655122757,0.0,0.00015980005264282227,0
1078,0.0001721999142318964,0.0,0.0001732999226078391,0
1079,0.0001583000412210822,0.0002981999423354864,0.0025885000359266996,1
1080,0.00036319997161626816,0.0,0.0003646999830380082,0
1081,0.00021740002557635307,0.0,0.00021840003319084644,0
1082,0.00023639993742108345,0.0,0.00023749994579702616,0
1083,0.00020409992430359125,0.0,0.00020519993267953396,0
1084,0.00016060005873441696,0.0,0.000161500065587461,0
1085,0.00017360004130750895,0.0,0.00017450004816055298,0
1086,0.00016009993851184845,0.0,0.00016099994536489248,0
1087,0.00015829992480576038,0.0,0.00015909993089735508,0
1088,0.0001705000177025795,0.0,0.00017140002455562353,0
1089,0.00016249995678663254,0.00029689993243664503,0.002515199943445623,1
1090,0.0003842000151053071,0.0,0.00038570002652704716,0
1091,0.00023369991686195135,0.0,0.00023479992523789406,0
1092,0.0001895000459626317,0.0,0.00019059993792325258,0
1093,0.00016220007091760635,0.0,0.00016320007853209972,0
1094,0.00015890004578977823,0.0,0.0001599000534042716,0
1095,0.0001727000344544649,0.0,0.00017360004130750895,0
1096,0.00016059994231909513,0.0,0.00016149994917213917,0
1097,0.00016459997277706861,0.0,0.00016549997963011265,0
1098,0.00017190002836287022,0.0,0.00017289991956204176,0
1099,0.00015850004274398088,0.00029859994538128376,0.0027336999773979187,1
1100,0.0004651999333873391,0.0,0.00046669994480907917,0
1101,0.000268799951300025,0.0,0.00026979995891451836,0
1102,0.00023859995417296886,0.0,0.00023969996254891157,0
1103,0.0001647999742999673,0.0,0.00016579998191446066,0
1104,0.00016109994612634182,0.0,0.00016189995221793652,0
1105,0.0001737999264150858,0.0,0.0001745999325066805,0
1106,0.00015850004274398088,0.0,0.00015930004883557558,0
1107,0.0001572000328451395,0.0,0.00015810003969818354,0
1108,0.00017429993022233248,0.0,0.00017509993631392717,0
1109,0.00015870004426687956,0.0003112000413239002,0.0026135999942198396,1
1110,0.0003117000451311469,0.0,0.00031320005655288696,0
1111,0.00016569998115301132,0.0,0.00016659998800605536,0
1112,0.00018540001474320889,0.0,0.0001865000231191516,0
1113,0.0001604999415576458,0.0,0.00016149994917213917,0
1114,0.0001580999232828617,0.0,0.00015909993089735508,0
1115,0.0001724000321701169,0.0,0.00017340003978461027,0
1116,0.0001637000823393464,0.0,0.00016460008919239044,0
1117,0.00015860004350543022,0.0,0.0001596000511199236,0
1118,0.00017199991270899773,0.0,0.0001729999203234911,0
1119,0.00015850004274398088,0.00029879994690418243,0.0027936999686062336,1
1120,0.0003435000544413924,0.0,0.0003450000658631325,0
1121,0.000215600011870265,0.0,0.00021650001872330904,0
1122,0.00023829995188862085,0.0,0.0002394999610260129,0
1123,0.00016549997963011265,0.0,0.00016629998572170734,0
1124,0.00016099994536489248,0.0,0.00016199995297938585,0
1125,0.0001745999325066805,0.0,0.00017559994012117386,0
1126,0.00016050005797296762,0.0,0.00016130006406456232,0
1127,0.00016639998648315668,0.0,0.00016739999409765005,0
1128,0.0002104000886902213,0.0,0.00021140009630471468,0
1129,0.00016000005416572094,0.00030419998802244663,0.0024859000695869327,1
1130,0.00031919998582452536,0.0,0.0003206999972462654,0
1131,0.0001686998875811696,0.0,0.00016969989519566298,0
1132,0.00018540001474320889,0.0,0.00018630002159625292,0
1133,0.0001604999415576458,0.0,0.00016139994841068983,0
1134,0.00015899993013590574,0.0,0.00015989993698894978,0
1135,0.00017450004816055298,0.0,0.000175400055013597,0
1136,0.00018360000103712082,0.0,0.00018450000789016485,0
1137,0.00016020005568861961,0.0,0.0001610000617802143,0
1138,0.00017180002760142088,0.0,0.00017260003369301558,0
1139,0.0001596999354660511,0.00029960006941109896,0.0026015000184997916,1
1140,0.0003474999684840441,0.0,0.0003488999791443348,0
1141,0.00021520000882446766,0.0,0.00021630001720041037,0
1142,0.00023520004469901323,0.0,0.00023630005307495594,0
1143,0.00017180002760142088,0.0,0.00017260003369301558,0
1144,0.0001615999499335885,0.0,0.00016249995678663254,0
1145,0.00017319992184638977,0.0,0.00017399992793798447,0
1146,0.00015870004426687956,0.0,0.0001596000511199236,0
1147,0.00015890004578977823,0.0,0.00015970005188137293,0
1148,0.00017089990433305502,0.0,0.00017169991042464972,0
1149,0.00019679998513311148,0.00029880006331950426,0.0025809999788179994,1
1150,0.00034959998447448015,0.0,0.0003510999958962202,0
1151,0.00017120002303272486,0.0,0.00017220003064721823,0
1152,0.00018749991431832314,0.0,0.0001884999219328165,0
1153,0.0001620999537408352,0.0,0.00016299996059387922,0
1154,0.00015930004883557558,0.0,0.00016020005568861961,0
1155,0.0001732000382617116,0.0,0.00017410004511475563,0
1156,0.00015929993242025375,0.0,0.0001601999392732978,0
1157,0.00016419996973127127,0.0,0.0001650999765843153,0
1158,0.00017289991956204176,0.0,0.00017389992717653513,0
1159,0.00015920004807412624,0.00029639992862939835,0.0025424000341445208,1
1160,0.0002733999863266945,0.0,0.00027469999622553587,0
1161,0.0001674999948590994,0.0,0.00016850000247359276,0
1162,0.00018990004900842905,0.0,0.00019080005586147308,0
1163,0.00016300007700920105,0.0,0.00016380008310079575,0
1164,0.00016010005492717028,0.0,0.0001610000617802143,0
1165,0.00019519997294992208,0.0,0.00019619998056441545,0
1166,0.00016320007853209972,0.0,0.00016410008538514376,0
1167,0.00015940004959702492,0.0,0.00016010005492717028,0
1168,0.0001737999264150858,0.0,0.00017479993402957916,0
1169,0.00016009993851184845,0.0002883000997826457,0.002434500027447939,1
1170,0.00029989995528012514,0.0,0.00030129996594041586,0
1171,0.0002180999144911766,0.0,0.0002191999228671193,0
1172,0.00023749994579702616,0.0,0.00023849995341151953,0
1173,0.00016820000018924475,0.0,0.00016910000704228878,0
1174,0.00024809991009533405,0.0,0.0002492999192327261,0
1175,0.00021920003928244114,0.0,0.00022010004613548517,0
1176,0.00016449997201561928,0.0,0.0001653999788686633,0
1177,0.00016200006939470768,0.0,0.00016279995907098055,0
1178,0.00017610006034374237,0.0,0.00017710006795823574,0
1179,0.0002462000120431185,0.0002690000692382455,0.0026784000219777226,1
1180,0.0004007000243291259,0.0,0.00040220003575086594,0
1181,0.00017030001617968082,0.0,0.0001713000237941742,0
1182,0.0001903999364003539,0.0,0.00019149994477629662,0
1183,0.00016389996744692326,0.0,0.0001647999742999673,0
1184,0.00016069994308054447,0.0,0.0001615999499335885,0
1185,0.00017490005120635033,0.0,0.00017580005805939436,0
1186,0.00020750006660819054,0.0,0.0002085000742226839,0
1187,0.00021520000882446766,0.0,0.00021620001643896103,0
1188,0.00020919996313750744,0.0,0.0002101999707520008,0
1189,0.0001647999742999673,0.0002714999718591571,0.002551599987782538,1
1190,0.00035580003168433905,0.0,0.0003573000431060791,0
1191,0.00021980004385113716,0.0,0.00022090005222707987,0
1192,0.0002432001056149602,0.0,0.0002443999983370304,0
1193,0.00017499993555247784,0.0,0.00017919996753335,0
1194,0.00016499997582286596,0.0,0.00016609998419880867,0
1195,0.00017809995915740728,0.0,0.00017899996601045132,0
1196,0.00016339996363967657,0.0,0.00016419996973127127,0
1197,0.00016249995678663254,0.0,0.00016339996363967657,0
1198,0.00020050001330673695,0.0,0.00020160002168267965,0
1199,0.00021570001263171434,0.00026760005857795477,0.0025761000579223037,1
1200,0.0003627999685704708,0.0,0.0003643999807536602,0
1201,0.0002191999228671193,0.0,0.00022029993124306202,0
1202,0.00023799994960427284,0.0,0.0002389999572187662,0
1203,0.00016880000475794077,0.0,0.0001697000116109848,0
1204,0.00016270007472485304,0.0,0.00016360008157789707,0
1205,0.00019480008631944656,0.0,0.00019580009393393993,0
1206,0.00021490000654011965,0.0,0.00021580001339316368,0
1207,0.00021470000501722097,0.0,0.000215600011870265,0
1208,0.0002095999661833048,0.0,0.00021059997379779816,0
1209,0.00016300007700920105,0.0003277999348938465,0.0025740000419318676,1
1210,0.0010151000460609794,0.0,0.0010166000574827194,0
1211,0.00017230003140866756,0.0,0.00017340003978461027,0
1212,0.00019200006499886513,0.0,0.00019320007413625717,0
1213,0.00016410008538514376,0.0,0.0001650000922381878,0
1214,0.0001860000193119049,0.0,0.00018700002692639828,0
1215,0.000219999928958714,0.0,0.00022109993733465672,0
1216,0.00016659998800605536,0.0,0.0001674999948590994,0
1217,0.00016309996135532856,0.0,0.0001639999682083726,0
1218,0.00017629994545131922,0.0,0.0001772999530658126,0
1219,0.00016309996135532856,0.00027600000612437725,0.0030441000126302242,1
1220,0.0003065000055357814,0.0,0.00030780001543462276,0
1221,0.00017300003673881292,0.0,0.0001740000443533063,0
1222,0.00018319999799132347,0.0,0.00018429988995194435,0
1223,0.00015780003741383553,0.0,0.00015870004426687956,0
1224,0.00015569990500807762,0.0,0.00015659991186112165,0
1225,0.00023779994808137417,0.0,0.0002386999549344182,0
1226,0.00015590002294629812,0.0,0.0001569000305607915,0
1227,0.0001558999065309763,0.0,0.000156999914906919,0
1228,0.00016870000399649143,0.0,0.00016950001008808613,0
1229,0.00015649991109967232,0.00033680000342428684,0.002661400008946657,1
1230,0.00032510003075003624,0.0,0.0003263000398874283,0
1231,0.0001906000543385744,0.0,0.00019160006195306778,0
1232,0.0002031000331044197,0.0,0.00020420004148036242,0
1233,0.0001700000138953328,0.0,0.00017089990433305502,0
1234,0.00015350000467151403,0.0,0.00015440001152455807,0
1235,0.00016769999638199806,0.0,0.0001686000032350421,0
1236,0.00015390000771731138,0.0,0.00015480001457035542,0
1237,0.0001534000039100647,0.0,0.0001542000100016594,0
1238,0.00020159990526735783,0.0,0.00020249991212040186,0
1239,0.00015460001304745674,0.00030019995756447315,0.0028165000258013606,1
1240,0.00048390007577836514,0.0,0.000485299970023334,0
1241,0.00021029997151345015,0.0,0.00021129997912794352,0
1242,0.00022990000434219837,0.0,0.00023110001347959042,0
1243,0.0001925000688061118,0.0,0.00019340007565915585,0
1244,0.00015799992252141237,0.0,0.00015879992861300707,0
1245,0.00016900000628083944,0.0,0.00016990001313388348,0
1246,0.00015580002218484879,0.0,0.00015660002827644348,0
1247,0.00015360000543296337,0.0,0.00015430001076310873,0
1248,0.00016729999333620071,0.0,0.0001680999994277954,0
1249,0.00018560001626610756,0.00031160004436969757,0.0028407000936567783,1
1250,0.0004629999166354537,0.0,0.00046449992805719376,0
1251,0.00021089997608214617,0.0,0.0002117999829351902,0
1252,0.00022990000434219837,0.0,0.0002308000111952424,0
1253,0.00016250007320195436,0.0,0.0001634000800549984,0
1254,0.00016980001237243414,0.0,0.0001705000177025795,0
1255,0.0001838000025600195,0.0,0.00018480001017451286,0
1256,0.0001550000160932541,0.0,0.00015600002370774746,0
1257,0.00015410000924021006,0.0,0.0001550000160932541,0
1258,0.0001664001028984785,0.0,0.00016729999333620071,0
1259,0.00015410000924021006,0.0003408000338822603,0.002871899981983006,1
1260,0.00042479997500777245,0.0,0.00042619998566806316,0
1261,0.00016080006025731564,0.0,0.00016190006863325834,0
1262,0.00018170010298490524,0.0,0.00018259999342262745,0
1263,0.00015870004426687956,0.0,0.0001596000511199236,0
1264,0.00015600002370774746,0.0,0.0001569000305607915,0
1265,0.0001775000710040331,0.0,0.00017850007861852646,0
1266,0.00018640002235770226,0.0,0.00018720002844929695,0
1267,0.0001545000122860074,0.0,0.0001553000183776021,0
1268,0.00016649998724460602,0.0,0.0001674999948590994,0
1269,0.0001545000122860074,0.00029740005265921354,0.0027956999838352203,1
1270,0.0003920000744983554,0.0,0.00039350008592009544,0
1271,0.000215300009585917,0.0,0.0002164000179618597,0
1272,0.00031649996526539326,0.0,0.00031779997516423464,0
1273,0.00018009997438639402,0.0,0.0001813999842852354,0
1274,0.0002880999818444252,0.0,0.00028959999326616526,0
1275,0.00024699990171939135,0.0,0.0002482999116182327,0
1276,0.00018530001398175955,0.0,0.00018630002159625292,0
1277,0.00016169995069503784,0.0,0.00016259995754808187,0
1278,0.00020169990602880716,0.0,0.00020269991364330053,0
1279,0.00016179995145648718,0.00030529999639838934,0.0032044999534264207,1
1280,0.00029500003438442945,0.0,0.00029640004504472017,0
1281,0.000206699944101274,0.0,0.00020769995171576738,0
1282,0.00018859992269426584,0.0,0.00018949992954730988,0
1283,0.00016109994612634182,0.0,0.00016199995297938585,0
1284,0.00016020005568861961,0.0,0.0001610000617802143,0
1285,0.00017220003064721823,0.0,0.00017310003750026226,0
1286,0.00016639998648315668,0.0,0.00016729999333620071,0
1287,0.00016060005873441696,0.0,0.00016140006482601166,0
1288,0.0001724999165162444,0.0,0.00017339992336928844,0
1289,0.0001604999415576458,0.00030610000248998404,0.00273199996445328,1
1290,0.00037589995190501213,0.0,0.0003773999633267522,0
1291,0.00021599989850074053,0.0,0.00021709990687668324,0
1292,0.0002405999694019556,0.0,0.00024159997701644897,0
1293,0.0001666999887675047,0.0,0.00016759999562054873,0
1294,0.00016109994612634182,0.0,0.0001620999537408352,0
1295,0.00017449993174523115,0.0,0.00017549993935972452,0
1296,0.00016139994841068983,0.0,0.00016219995450228453,0
1297,0.00015890004578977823,0.0,0.00015980005264282227,0
1298,0.0001775000710040331,0.0,0.00017850007861852646,0
1299,0.00016000005416572094,0.00029989995528012514,0.0026258000871166587,1
1300,0.00035720004234462976,0.0,0.0003587000537663698,0
1301,0.00016559998039156199,0.0,0.0001666999887675047,0
1302,0.0001876000314950943,0.0,0.00018860003910958767,0
1303,0.0001626000739634037,0.0,0.00016350008081644773,0
1304,0.00015850004274398088,0.0,0.00015940004959702492,0
1305,0.00017269991803914309,0.0,0.00017359992489218712,0
1306,0.00016119994688779116,0.0,0.00016219995450228453,0
1307,0.00015820004045963287,0.0,0.00015920004807412624,0
1308,0.00017090002074837685,0.0,0.00017170002683997154,0
1309,0.00015849992632865906,0.0002978000557050109,0.002901499974541366,1
1310,0.0003545999061316252,0.0,0.00035589991603046656,0
1311,0.00021379999816417694,0.0,0.00021490000654011965,0
1312,0.0001930000726133585,0.0,0.00019400008022785187,0
1313,0.0001623000716790557,0.0,0.00016330007929354906,0
1314,0.00015949993394315243,0.0,0.0001604999415576458,0
1315,0.0001724999165162444,0.0,0.00017349992413073778,0
1316,0.00015860004350543022,0.0,0.00015950005035847425,0
1317,0.00019550009164959192,0.0,0.00019640009850263596,0
1318,0.00017330003902316093,0.0,0.0001743000466376543,0
1319,0.00015899993013590574,0.0003038999857380986,0.002907299902290106,1
1320,0.00038079998921602964,0.0,0.0003819999983534217,0
1321,0.00021580001339316368,0.0,0.00021670002024620771,0
1322,0.00025669997557997704,0.0,0.0002576999831944704,0
1323,0.00016719999257475138,0.0,0.0001680999994277954,0
1324,0.00016090006101876497,0.0,0.000161800067871809,0
1325,0.0001756999408826232,0.0,0.00017659994773566723,0
1326,0.00016189995221793652,0.0,0.0001626999583095312,0
1327,0.0001604999415576458,0.0,0.0001612999476492405,0
1328,0.00020969996694475412,0.0,0.00021059997379779816,0
1329,0.00016009993851184845,0.00030340009834617376,0.002650599926710129,1
1330,0.0003330999752506614,0.0,0.00033459998667240143,0
1331,0.00016490009147673845,0.0,0.00016580009832978249,0
1332,0.00018780003301799297,0.0,0.00018890004139393568,0
1333,0.00016119994688779116,0.0,0.0001620999537408352,0
1334,0.0001612999476492405,0.0,0.00016229995526373386,0
1335,0.00017669994849711657,0.0,0.0001775999553501606,0
1336,0.00016039994079619646,0.0,0.0001612999476492405,0
1337,0.00016030005645006895,0.0,0.00016120006330311298,0
1338,0.00017200002912431955,0.0,0.00017280003521591425,0
1339,0.00016009993851184845,0.0003046999918296933,0.002695899922400713,1
1340,0.0003703000256791711,0.0,0.00037160003557801247,0
1341,0.00021820003166794777,0.0,0.00021930004004389048,0
1342,0.00023310002870857716,0.0,0.0002340999199077487,0
1343,0.00016599998343735933,0.0,0.0001669999910518527,0
1344,0.0001607999438419938,0.0,0.00016169995069503784,0
1345,0.00017440004739910364,0.0,0.00017530005425214767,0
1346,0.000161500065587461,0.0,0.00016250007320195436,0
1347,0.000161800067871809,0.0,0.00016270007472485304,0
1348,0.0001824001083150506,0.0,0.0001832999987527728,0
1349,0.0001604000572115183,0.00029429991263896227,0.002679700031876564,1
1350,0.00031070003751665354,0.0,0.00031210004817694426,0
1351,0.00016759999562054873,0.0,0.0001686000032350421,0
1352,0.00018830003682523966,0.0,0.00018940004520118237,0
1353,0.0001639999682083726,0.0,0.0001647999742999673,0
1354,0.00015940004959702492,0.0,0.0001604000572115183,0
1355,0.00019280007109045982,0.0,0.00019390007946640253,0
1356,0.00016240007244050503,0.0,0.00016330007929354906,0
1357,0.00015970005188137293,0.0,0.0001607000594958663,0
1358,0.00017149990890175104,0.0,0.00017239991575479507,0
1359,0.00015940004959702492,0.0003317000810056925,0.0027404000284150243,1
1360,0.00032190000638365746,0.0,0.00032320001628249884,0
1361,0.0001639999682083726,0.0,0.00016499997582286596,0
1362,0.0002234999556094408,0.0,0.00022449996322393417,0
1363,0.00016259995754808187,0.0,0.00016359996516257524,0
1364,0.00015949993394315243,0.0,0.00016039994079619646,0
1365,0.0001740999286994338,0.0,0.00017509993631392717,0
1366,0.0001607000594958663,0.0,0.00016149994917213917,0
1367,0.00015900004655122757,0.0,0.0001599000534042716,0
1368,0.00017500005196779966,0.0,0.00017600005958229303,0
1369,0.00016199995297938585,0.00029770005494356155,0.0026470000157132745,1
1370,0.0003442999441176653,0.0,0.000345699954777956,0
1371,0.00016609998419880867,0.0,0.0001669999910518527,0
1372,0.00018820003606379032,0.0,0.00018910004291683435,0
1373,0.00016289995983242989,0.0,0.00016389996744692326,0
1374,0.0001607999438419938,0.0,0.00016169995069503784,0
1375,0.00017279991880059242,0.0,0.0001737999264150858,0
1376,0.0001639999682083726,0.0,0.00016489997506141663,0
1377,0.00015870004426687956,0.0,0.00015950005035847425,0
1378,0.00017190002836287022,0.0,0.00017280003521591425,0
1379,0.00015989993698894978,0.0003032999811694026,0.0026839999482035637,1
1380,0.00036890001501888037,0.0,0.00037050002720206976,0
1381,0.0002172000240534544,0.0,0.00021820003166794777,0
1382,0.0002397000789642334,0.0,0.00024079997092485428,0
1383,0.00016629998572170734,0.0,0.00016729999333620071,0
1384,0.00016119994688779116,0.0,0.00016199995297938585,0
1385,0.00017589994240552187,0.0,0.0001767999492585659,0
1386,0.00016050005797296762,0.0,0.00016140006482601166,0
1387,0.00015980005264282227,0.0,0.00016080006025731564,0
1388,0.00017660006415098906,0.0,0.0001775000710040331,0
1389,0.00016039994079619646,0.00029770005494356155,0.0027871999191120267,1
1390,0.0003350999904796481,0.0,0.00033660000190138817,0
1391,0.0001666999887675047,0.0,0.00016769999638199806,0
1392,0.00018919992726296186,0.0,0.00019019993487745523,0
1393,0.00016409996896982193,0.0,0.00016499997582286596,0
1394,0.0001615999499335885,0.0,0.0001623999560251832,0
1395,0.00017739995382726192,0.0,0.00017819995991885662,0
1396,0.0001601999392732978,0.0,0.00016099994536489248,0
1397,0.00015920004807412624,0.0,0.0001599999377503991,0
1398,0.00017250003293156624,0.0,0.00017340003978461027,0
1399,0.00015799992252141237,0.0003375000087544322,0.002686199964955449,1
1400,0.0003837000112980604,0.0,0.00038520002271980047,0
1401,0.00021709990687668324,0.0,0.00021819991525262594,0
1402,0.00020629994105547667,0.0,0.00020739994943141937,0
1403,0.00017340003978461027,0.0,0.0001745999325066805,0
1404,0.00016170006711035967,0.0,0.00016259995754808187,0
1405,0.00017570005729794502,0.0,0.0001767000649124384,0
1406,0.00015950005035847425,0.0,0.0001604000572115183,0
1407,0.0001623999560251832,0.0,0.00016329996287822723,0
1408,0.00017259991727769375,0.0,0.00017359992489218712,0
1409,0.0001599999377503991,0.00029850006103515625,0.0026657000416889787,1
1410,0.0004455000162124634,0.0,0.00044700002763420343,0
1411,0.00021700002253055573,0.0,0.00021810003090649843,0
1412,0.0002359000500291586,0.0,0.0002370000584051013,0
1413,0.00017099990509450436,0.0,0.0001718999119475484,0
1414,0.00016249995678663254,0.0,0.00016339996363967657,0
1415,0.0001740000443533063,0.0,0.00017490005120635033,0
1416,0.00016030005645006895,0.0,0.00016120006330311298,0
1417,0.00015959993470460176,0.0,0.00016039994079619646,0
1418,0.00017150002531707287,0.0,0.00017250003293156624,0
1419,0.00016439997125416994,0.0003035000991076231,0.002820500056259334,1
1420,0.0003578000469133258,0.0,0.00035910005681216717,0
1421,0.000175400055013597,0.0,0.00017640006262809038,0
1422,0.00018259999342262745,0.0,0.00018350000027567148,0
1423,0.0001569000305607915,0.0,0.00015780003741383553,0
1424,0.00015490001533180475,0.0,0.00015580002218484879,0
1425,0.00016759999562054873,0.0,0.00016840000171214342,0
1426,0.00018440000712871552,0.0,0.00018530001398175955,0
1427,0.00015380000695586205,0.0,0.00015460001304745674,0
1428,0.00016679998952895403,0.0,0.00016769999638199806,0
1429,0.00015300000086426735,0.00030159996822476387,0.0029867999255657196,1
1430,0.0003322999691590667,0.0,0.00033359997905790806,0
1431,0.0001669001067057252,0.0,0.00017170002683997154,0
1432,0.00019759999122470617,0.0,0.00019859999883919954,0
1433,0.00015789992175996304,0.0,0.00015879992861300707,0
1434,0.00015790003817528486,0.0,0.00015870004426687956,0
1435,0.00017070001922547817,0.0,0.00017170002683997154,0
1436,0.00015759991947561502,0.0,0.00015839992556720972,0
1437,0.00020730006508529186,0.0,0.00020819995552301407,0
1438,0.00018169998656958342,0.0,0.00018259999342262745,0
1439,0.00015700003132224083,0.00030369998421519995,0.0028279999969527125,1
1440,0.0002804000396281481,0.0,0.00028200005181133747,0
1441,0.00016489997506141663,0.0,0.00016579998191446066,0
1442,0.00018820003606379032,0.0,0.0001892000436782837,0
1443,0.00016169995069503784,0.0,0.0001626999583095312,0
1444,0.0001639999682083726,0.0,0.00016489997506141663,0
1445,0.00017359992489218712,0.0,0.00017449993174523115,0
1446,0.0001596999354660511,0.0,0.00016059994231909513,0
1447,0.00015840004198253155,0.0,0.00015930004883557558,0
1448,0.00017260003369301558,0.0,0.00017360004130750895,0
1449,0.00015750003512948751,0.00038460001815110445,0.002819799934513867,1
1450,0.0003963999915868044,0.0,0.0003978000022470951,0
1451,0.00016880000475794077,0.0,0.0001697000116109848,0
1452,0.00019029993563890457,0.0,0.0001911999424919486,0
1453,0.00016359996516257524,0.0,0.00016439997125416994,0
1454,0.00015979993622750044,0.0,0.00016059994231909513,0
1455,0.00017380004283040762,0.0,0.000174800050444901,0
1456,0.00021760002709925175,0.0,0.00021850003395229578,0
1457,0.00016059994231909513,0.0,0.0001615999499335885,0
1458,0.0001732000382617116,0.0,0.00017419992946088314,0
1459,0.00016160006634891033,0.0002973999362438917,0.0028590000001713634,1
1460,0.0003874000394716859,0.0,0.0003888000501319766,0
1461,0.00021719990763813257,0.0,0.00021819991525262594,0
1462,0.00020020001102238894,0.0,0.00020130001939833164,0
1463,0.0001647999742999673,0.0,0.00016569998115301132,0
1464,0.00016130006406456232,0.0,0.00016220007091760635,0
1465,0.0001748999347910285,0.0,0.00017579994164407253,0
1466,0.0001615999499335885,0.0,0.00016249995678663254,0
1467,0.00019809999503195286,0.0,0.0001990000018849969,0
1468,0.00017380004283040762,0.0,0.00017490005120635033,0
1469,0.00016099994536489248,0.00030339998193085194,0.002648299909196794,1
1470,0.00028979999478906393,0.0,0.0002911000046879053,0
1471,0.00016630010213702917,0.0,0.00016739999409765005,0
1472,0.00018810003530234098,0.0,0.0001892000436782837,0
1473,0.00016300007700920105,0.0,0.00016390008386224508,0
1474,0.0001596000511199236,0.0,0.00016060005873441696,0
1475,0.00017849996220320463,0.0,0.000179499969817698,0
1476,0.00015989993698894978,0.0,0.0001607999438419938,0
1477,0.0001593999331817031,0.0,0.00016029994003474712,0
1478,0.00017280003521591425,0.0,0.00017370004206895828,0
1479,0.00016080006025731564,0.00030209997203201056,0.0029419000493362546,1
1480,0.00038400001358240843,0.0,0.0003855000250041485,0
1481,0.0002354000462219119,0.0,0.00023650005459785461,0
1482,0.00024800002574920654,0.0,0.00024910003412514925,0
1483,0.00017289991956204176,0.0,0.0001737999264150858,0
1484,0.00016769999638199806,0.0,0.0001686000032350421,0
1485,0.000179799972102046,0.0,0.00018079997971653938,0
1486,0.00017549993935972452,0.0,0.00017639994621276855,0
1487,0.00016609998419880867,0.0,0.0001669999910518527,0
1488,0.00017939996905624866,0.0,0.0001802999759092927,0
1489,0.00016670010518282652,0.00029009999707341194,0.0029690999072045088,1
1490,0.00038590002804994583,0.0,0.0003874000394716859,0
1491,0.00023989996407181025,0.0,0.00024099997244775295,0
1492,0.00023880007211118937,0.0,0.00023990008048713207,0
1493,0.00016620010137557983,0.0,0.00016700010746717453,0
1494,0.00016080006025731564,0.0,0.00016160006634891033,0
1495,0.00017420004587620497,0.0,0.00017530005425214767,0
1496,0.00016650010365992785,0.0,0.0001674999948590994,0
1497,0.00016090006101876497,0.0,0.00016170006711035967,0
1498,0.0001732000382617116,0.0,0.0001740000443533063,0
1499,0.00015949993394315243,0.00031849998049438,0.00270690000616014,1
1500,0.00028030003886669874,0.0,0.00028170004952698946,0
1501,0.0001976999919861555,0.0,0.00019869999960064888,0
1502,0.0001865000231191516,0.0,0.00018750003073364496,0
1503,0.00016910000704228878,0.0,0.0001700000138953328,0
1504,0.00016069994308054447,0.0,0.00016149994917213917,0
1505,0.00017410004511475563,0.0,0.00017500005196779966,0
1506,0.00016030005645006895,0.0,0.00016110006254166365,0
1507,0.00015790003817528486,0.0,0.0001588000450283289,0
1508,0.00017220003064721823,0.0,0.00017309992108494043,0
1509,0.00018450000789016485,0.00032460002694278955,0.00283290003426373,1
1510,0.0004254999803379178,0.0,0.0004268999909982085,0
1511,0.00016719999257475138,0.0,0.0001680999994277954,0
1512,0.00018800003454089165,0.0,0.00018900004215538502,0
1513,0.00016309996135532856,0.0,0.0001639999682083726,0
1514,0.00016029994003474712,0.0,0.00016119994688779116,0
1515,0.00022019993048161268,0.0,0.00022169994190335274,0
1516,0.00034359993878751993,0.0,0.0003448999486863613,0
1517,0.0003303999546915293,0.0,0.00033179996535182,0
1518,0.00035370001569390297,0.0,0.0003549999091774225,0
1519,0.00033189996611326933,0.0003864000318571925,0.0031410999363288283,1
1520,0.0002597999991849065,0.0,0.00026110000908374786,0
1521,0.0001981999957934022,0.0,0.00019920000340789557,0
1522,0.0001903000520542264,0.0,0.0001914000604301691,0
1523,0.0001680999994277954,0.0,0.00016910000704228878,0
1524,0.0001612999476492405,0.0,0.00016229995526373386,0
1525,0.00018370000179857016,0.0,0.00018480001017451286,0
1526,0.00016169995069503784,0.0,0.00016259995754808187,0
1527,0.00015919993165880442,0.0,0.00016009993851184845,0
1528,0.0001724000321701169,0.0,0.00017340003978461027,0
1529,0.00016010005492717028,0.0003181000938639045,0.002685899962671101,1
1530,0.0002742999931797385,0.0,0.0002756000030785799,0
1531,0.0002085000742226839,0.0,0.0002095999661833048,0
1532,0.00020830007269978523,0.0,0.0002093999646604061,0
1533,0.0001767000649124384,0.0,0.0001775999553501606,0
1534,0.00016080006025731564,0.0,0.000161800067871809,0
1535,0.00017450004816055298,0.0,0.000175400055013597,0
1536,0.00016820000018924475,0.0,0.00016920000780373812,0
1537,0.00015920004807412624,0.0,0.00016000005416572094,0
1538,0.00017250003293156624,0.0,0.00017330003902316093,0
1539,0.00015909993089735508,0.0003066000062972307,0.0027094000251963735,1
1540,0.00025749998167157173,0.0,0.0002587999915704131,0
1541,0.0001906000543385744,0.0,0.00019180006347596645,0
1542,0.00018880004063248634,0.0,0.00018970004748553038,0
1543,0.00017209991347044706,0.0,0.0001729999203234911,0
1544,0.0001596999354660511,0.0,0.00016039994079619646,0
1545,0.00017450004816055298,0.0,0.000175400055013597,0
1546,0.00015860004350543022,0.0,0.00015950005035847425,0
1547,0.00015829992480576038,0.0,0.00015919993165880442,0
1548,0.00017060001846402884,0.0,0.00017140002455562353,0
1549,0.00016960001084953547,0.0003197999903932214,0.002879900042898953,1
1550,0.0002707000821828842,0.0,0.0002720000920817256,0
1551,0.00019910000264644623,0.0,0.0002001000102609396,0
1552,0.00019079993944615126,0.0,0.0001916999462991953,0
1553,0.00016559998039156199,0.0,0.00016659998800605536,0
1554,0.00016169995069503784,0.0,0.00016259995754808187,0
1555,0.00017969997134059668,0.0,0.00018079997971653938,0
1556,0.00016279995907098055,0.0,0.00016359996516257524,0
1557,0.00016169995069503784,0.0,0.00016249995678663254,0
1558,0.0001756999408826232,0.0,0.00017659994773566723,0
1559,0.00016229995526373386,0.00033050007186830044,0.002743300050497055,1
1560,0.00025939999613910913,0.0,0.0002607000060379505,0
1561,0.00019990000873804092,0.0,0.0002009000163525343,0
1562,0.0001906000543385744,0.0,0.0001916999462991953,0
1563,0.00016980001237243414,0.0,0.0001708000199869275,0
1564,0.00016109994612634182,0.0,0.0001620999537408352,0
1565,0.00017619994468986988,0.0,0.00017709995154291391,0
1566,0.00016219995450228453,0.0,0.0001631999621167779,0
1567,0.00016169995069503784,0.0,0.00016259995754808187,0
1568,0.000175100052729249,0.0,0.0001759000588208437,0
1569,0.00016689999029040337,0.0003117000451311469,0.0027875000378116965,1
1570,0.00046959996689110994,0.0,0.0004708999767899513,0
1571,0.0002169000217691064,0.0,0.00021790002938359976,0
1572,0.00023600005079060793,0.0,0.00023710005916655064,0
1573,0.0001650000922381878,0.0,0.00016599998343735933,0
1574,0.00016559998039156199,0.0,0.00016649998724460602,0
1575,0.00017530005425214767,0.0,0.00017639994621276855,0
1576,0.0001604000572115183,0.0,0.00016130006406456232,0
1577,0.00016000005416572094,0.0,0.00016090006101876497,0
1578,0.00017199991270899773,0.0,0.0001729999203234911,0
1579,0.0001601999392732978,0.0003483000909909606,0.0028499000472947955,1
1580,0.0002769000129774213,0.0,0.00027820002287626266,0
1581,0.0002429999876767397,0.0,0.00024399999529123306,0
1582,0.00018710002768784761,0.0,0.00018810003530234098,0
1583,0.00016120006330311298,0.0,0.00016200006939470768,0
1584,0.00016020005568861961,0.0,0.00016120006330311298,0
1585,0.00017269991803914309,0.0,0.00017369992565363646,0
1586,0.00016439997125416994,0.0,0.00016529997810721397,0
1587,0.00015849992632865906,0.0,0.0001593999331817031,0
1588,0.00017200002912431955,0.0,0.00017290003597736359,0
1589,0.00015959993470460176,0.00031130004208534956,0.002682899939827621,1
1590,0.000273300101980567,0.0,0.00027459999546408653,0
1591,0.00019729998894035816,0.0,0.00019829999655485153,0
1592,0.0001895999303087592,0.0,0.00019049993716180325,0
1593,0.00016279995907098055,0.0,0.00016369996592402458,0
1594,0.00016499997582286596,0.0,0.00016599998343735933,0
1595,0.00017319992184638977,0.0,0.00017419992946088314,0
1596,0.000161500065587461,0.0,0.0001623000716790557,0
1597,0.00015920004807412624,0.0,0.00016010005492717028,0
1598,0.0001716000260785222,0.0,0.00017250003293156624,0
1599,0.00015989993698894978,0.0003130000550299883,0.0027599999448284507,1
1600,0.0002549999626353383,0.0,0.0002562999725341797,0
1601,0.00020089989993721247,0.0,0.00020199990831315517,0
1602,0.00018750003073364496,0.0,0.00018860003910958767,0
1603,0.00016000005416572094,0.0,0.00016090006101876497,0
1604,0.00015709991566836834,0.0,0.0001580999232828617,0
1605,0.00017340003978461027,0.0,0.00017439993098378181,0
1606,0.00015860004350543022,0.0,0.0001596000511199236,0
1607,0.0001629000762477517,0.0,0.0001637000823393464,0
1608,0.0001708000199869275,0.0,0.0001716000260785222,0
1609,0.0001577000366523862,0.0003945999778807163,0.002772900043055415,1
1610,0.00030399998649954796,0.0,0.00030519999563694,0
1611,0.00018030009232461452,0.0,0.00018129998352378607,0
1612,0.00018910004291683435,0.0,0.00019010005053132772,0
1613,0.00016110006254166365,0.0,0.00016210007015615702,0
1614,0.00016459997277706861,0.0,0.00016559998039156199,0
1615,0.00017420004587620497,0.0,0.00017520005349069834,0
1616,0.00015919993165880442,0.0,0.00016009993851184845,0
1617,0.0001593999331817031,0.0,0.00016029994003474712,0
1618,0.00017200002912431955,0.0,0.00017300003673881292,0
1619,0.00016010005492717028,0.0003848000196740031,0.002842400106601417,1
1620,0.00027540000155568123,0.0,0.00027660001069307327,0
1621,0.00020610005594789982,0.0,0.0002071000635623932,0
1622,0.00018949992954730988,0.0,0.0001903999364003539,0
1623,0.0001623999560251832,0.0,0.00016329996287822723,0
1624,0.0001601999392732978,0.0,0.00016109994612634182,0
1625,0.00017380004283040762,0.0,0.000174800050444901,0
1626,0.00015980005264282227,0.0,0.00016060005873441696,0
1627,0.00019620009697973728,0.0,0.00019720010459423065,0
1628,0.00017340003978461027,0.0,0.0001743000466376543,0
1629,0.00016009993851184845,0.0002592999953776598,0.002951699891127646,1
1630,0.00027550000231713057,0.0,0.00027680001221597195,0
1631,0.00019890000112354755,0.0,0.0001998000079765916,0
1632,0.0001892000436782837,0.0,0.00019020005129277706,0
1633,0.000201700022444129,0.0,0.00020260002929717302,0
1634,0.00016059994231909513,0.0,0.00016139994841068983,0
1635,0.00017429993022233248,0.0,0.00017529993783682585,0
1636,0.00016029994003474712,0.0,0.00016119994688779116,0
1637,0.0001591000473126769,0.0,0.00016010005492717028,0
1638,0.00020970008336007595,0.0,0.00021070009097456932,0
1639,0.00016050005797296762,0.0002590999938547611,0.002814900013618171,1
1640,0.0004369000671431422,0.0,0.00043830007780343294,0
1641,0.00021790002938359976,0.0,0.00021900003775954247,0
1642,0.00023659993894398212,0.0,0.0002375999465584755,0
1643,0.00016489997506141663,0.0,0.00016569998115301132,0
1644,0.00019789999350905418,0.0,0.00019890000112354755,0
1645,0.00017310003750026226,0.0,0.0001740000443533063,0
1646,0.0001588999293744564,0.0,0.0001596999354660511,0
1647,0.00015819992404431105,0.0,0.00015909993089735508,0
1648,0.00017190002836287022,0.0,0.00017280003521591425,0
1649,0.00019560009241104126,0.0002576999831944704,0.002772600040771067,1
1650,0.0002756000030785799,0.0,0.0002769000129774213,0
1651,0.0001996000064536929,0.0,0.00020060001406818628,0
1652,0.00019040005281567574,0.0,0.00019130005966871977,0
1653,0.00016149994917213917,0.0,0.0001623999560251832,0
1654,0.00015989993698894978,0.0,0.00016089994460344315,0
1655,0.0001740000443533063,0.0,0.00017500005196779966,0
1656,0.00018209998961538076,0.0,0.0001829999964684248,0
1657,0.0001732000382617116,0.0,0.00017410004511475563,0
1658,0.00017110002227127552,0.0,0.00017200002912431955,0
1659,0.00015819992404431105,0.0003162000793963671,0.0028593000024557114,1
1660,0.00046040001325309277,0.0,0.0004619000246748328,0
1661,0.00021620001643896103,0.0,0.00021730002481490374,0
1662,0.000242499983869493,0.0,0.00024359999224543571,0
1663,0.00016460008919239044,0.0,0.0001656000968068838,0
1664,0.00016140006482601166,0.0,0.0001623000716790557,0
1665,0.00017490005120635033,0.0,0.00017580005805939436,0
1666,0.00016149994917213917,0.0,0.00016219995450228453,0
1667,0.00019689998589456081,0.0,0.0001976999919861555,0
1668,0.00017360004130750895,0.0,0.00017449993174523115,0
1669,0.0001593999331817031,0.0003034999826923013,0.002753900014795363,1
1670,0.0002612000098451972,0.0,0.0002625000197440386,0
1671,0.0001976999919861555,0.0,0.00019880000036209822,0
1672,0.00019010005053132772,0.0,0.0001911000581458211,0
1673,0.00016350008081644773,0.0,0.00016440008766949177,0
1674,0.0001962999813258648,0.0,0.00019719998817890882,0
1675,0.000175100052729249,0.0,0.00017600005958229303,0
1676,0.0001604000572115183,0.0,0.00016130006406456232,0
1677,0.0001591000473126769,0.0,0.0001599000534042716,0
1678,0.0001732999226078391,0.0,0.0001740999286994338,0
1679,0.00015920004807412624,0.000332099967636168,0.0028104999801144004,1
1680,0.00029800005722790956,0.0,0.0002997000701725483,0
1681,0.00031180004589259624,0.0,0.0003131000557914376,0
1682,0.00019489997066557407,0.0,0.00019599997904151678,0
1683,0.00016400008462369442,0.0,0.0001650000922381878,0
1684,0.00016120006330311298,0.0,0.00016220007091760635,0
1685,0.00017370004206895828,0.0,0.000174800050444901,0
1686,0.00019669998437166214,0.0,0.0001976999919861555,0
1687,0.0001599000534042716,0.0,0.00016080006025731564,0
1688,0.00017369992565363646,0.0,0.00017449993174523115,0
1689,0.0001607999438419938,0.00030360009986907244,0.002817800035700202,1
1690,0.00042079994454979897,0.0,0.00042209995444864035,0
1691,0.00016980001237243414,0.0,0.0001708000199869275,0
1692,0.0002269000979140401,0.0,0.00022810010705143213,0
1693,0.0001634000800549984,0.0,0.0001642999704927206,0
1694,0.00016170006711035967,0.0,0.0001626000739634037,0
1695,0.0001759000588208437,0.0,0.00017690006643533707,0
1696,0.00016130006406456232,0.0,0.00016210007015615702,0
1697,0.00018259999342262745,0.0,0.00019630009774118662,0
1698,0.0001732000382617116,0.0,0.00017410004511475563,0
1699,0.0001601999392732978,0.0003056999994441867,0.0027312999591231346,1
1700,0.0003200999926775694,0.0,0.00032140000257641077,0
1701,0.0001962999813258648,0.0,0.00019729998894035816,0
1702,0.00018839992117136717,0.0,0.0001895999303087592,0
1703,0.00016179995145648718,0.0,0.0001626999583095312,0
1704,0.00019609997980296612,0.0,0.00019689998589456081,0
1705,0.00017419992946088314,0.0,0.00017509993631392717,0
1706,0.00016060005873441696,0.0,0.00016140006482601166,0
1707,0.0001596000511199236,0.0,0.00016050005797296762,0
1708,0.00017199991270899773,0.0,0.00017289991956204176,0
1709,0.00015890004578977823,0.0003513999981805682,0.0028925000224262476,1
1710,0.00035900005605071783,0.0,0.00036040006671100855,0
1711,0.0001818999880924821,0.0,0.00018279999494552612,0
1712,0.000188400037586689,0.0,0.00018930004443973303,0
1713,0.00019679998513311148,0.0,0.00019759999122470617,0
1714,0.00016020005568861961,0.0,0.00016120006330311298,0
1715,0.0001718999119475484,0.0,0.00017269991803914309,0
1716,0.00019619998056441545,0.0,0.00019719998817890882,0
1717,0.00015899993013590574,0.0,0.00015979993622750044,0
1718,0.0001727000344544649,0.0,0.00017370004206895828,0
1719,0.00016010005492717028,0.00042159995064139366,0.0033106000628322363,1
1720,0.00028979999478906393,0.0,0.000291000003926456,0
1721,0.00019839999731630087,0.0,0.00019940000493079424,0
1722,0.00018900004215538502,0.0,0.00019010005053132772,0
1723,0.0001615999499335885,0.0,0.00016259995754808187,0
1724,0.00015979993622750044,0.0,0.00016059994231909513,0
1725,0.0002050000475719571,0.0,0.00021870003547519445,0
1726,0.00015920004807412624,0.0,0.00016020005568861961,0
1727,0.000156699912622571,0.0,0.00015759991947561502,0
1728,0.00017250003293156624,0.0,0.00017360004130750895,0
1729,0.00015940004959702492,0.00042239995673298836,0.003239300101995468,1
1730,0.00030289997812360525,0.0,0.0003040999872609973,0
1731,0.00017889996524900198,0.0,0.000179799972102046,0
1732,0.00018890004139393568,0.0,0.00018989993259310722,0
1733,0.0001623999560251832,0.0,0.00016329996287822723,0
1734,0.0001601999392732978,0.0,0.00016089994460344315,0
1735,0.00020450004376471043,0.0,0.00021810003090649843,0
1736,0.00015940004959702492,0.0,0.00016020005568861961,0
1737,0.0001577999209985137,0.0,0.0001585999270901084,0
1738,0.0001721000298857689,0.0,0.00017290003597736359,0
1739,0.00015820004045963287,0.00042509997729212046,0.0031253000488504767,1
1740,0.0004387000808492303,0.0,0.0004400999750941992,0
1741,0.00016409996896982193,0.0,0.0001650999765843153,0
1742,0.00019799999427050352,0.0,0.0001990000018849969,0
1743,0.00017349992413073778,0.0,0.00017439993098378181,0
1744,0.00015590002294629812,0.0,0.0001569000305607915,0
1745,0.0002221000613644719,0.0,0.00022310006897896528,0
1746,0.0001689000055193901,0.0,0.0001697000116109848,0
1747,0.00015300000086426735,0.0,0.00015380000695586205,0
1748,0.00018620002083480358,0.0,0.00018719991203397512,0
1749,0.00016719999257475138,0.00044810003601014614,0.003907700069248676,1
1750,0.00027459999546408653,0.0,0.0002758000046014786,0
1751,0.0001759000588208437,0.0,0.00017690006643533707,0
1752,0.00019910000264644623,0.0,0.0002001000102609396,0
1753,0.00016739999409765005,0.0,0.00016840000171214342,0
1754,0.00016449997201561928,0.0,0.0001653999788686633,0
1755,0.00017959997057914734,0.0,0.00018049997743219137,0
1756,0.00016540009528398514,0.0,0.00016620010137557983,0
1757,0.00016729999333620071,0.0,0.00016830000095069408,0
1758,0.00017769995611160994,0.0,0.00017859996296465397,0
1759,0.00016499997582286596,0.00027279998175799847,0.0030846999725326896,1
1760,0.0002758000046014786,0.0,0.0002772000152617693,0
1761,0.0002087999600917101,0.0,0.00020969996694475412,0
1762,0.00024259998463094234,0.0,0.00024369999300688505,0
1763,0.00017289991956204176,0.0,0.0001737999264150858,0
1764,0.0001553000183776021,0.0,0.00015620002523064613,0
1765,0.00018719991203397512,0.0,0.00018809991888701916,0
1766,0.00016789999790489674,0.0,0.00016870000399649143,0
1767,0.00015249999705702066,0.0,0.00015330000314861536,0
1768,0.0002180000301450491,0.0,0.0002218000590801239,0
1769,0.0001674999948590994,0.00042179995216429234,0.003208199981600046,1
1770,0.00026380002964287996,0.0,0.00026510003954172134,0
1771,0.00020690006203949451,0.0,0.00020790006965398788,0
1772,0.00023820006754249334,0.0,0.00023930007591843605,0
1773,0.00017300003673881292,0.0,0.00017390004359185696,0
1774,0.00015620002523064613,0.0,0.00015709991566836834,0
1775,0.0001895000459626317,0.0,0.0001903000520542264,0
1776,0.00017030001617968082,0.0,0.00017110002227127552,0
1777,0.00019109994173049927,0.0,0.0001919999485835433,0
1778,0.00018800003454089165,0.0,0.00018900004215538502,0
1779,0.0001686000032350421,0.0004126999992877245,0.003872700035572052,1
1780,0.000479700043797493,0.0,0.0004813000559806824,0
1781,0.00021730002481490374,0.0,0.0002183000324293971,0
1782,0.00023429992143064737,0.0,0.00023539992980659008,0
1783,0.00016449997201561928,0.0,0.0001653999788686633,0
1784,0.00016059994231909513,0.0,0.00016139994841068983,0
1785,0.00017340003978461027,0.0,0.0001743000466376543,0
1786,0.00016000005416572094,0.0,0.00016080006025731564,0
1787,0.00015849992632865906,0.0,0.00015929993242025375,0
1788,0.00017619994468986988,0.0,0.00017709995154291391,0
1789,0.0001593999331817031,0.0004257000982761383,0.0033161999890580773,1
1790,0.0004563999827951193,0.0,0.00045779999345541,0
1791,0.00019149994477629662,0.0,0.00019239995162934065,0
1792,0.0001911999424919486,0.0,0.0001922999508678913,0
1793,0.00016519997734576464,0.0,0.000166199984960258,0
1794,0.0001623999560251832,0.0,0.00016339996363967657,0
1795,0.0001740999286994338,0.0,0.00017509993631392717,0
1796,0.0001650999765843153,0.0,0.00016589998267591,0
1797,0.0001604999415576458,0.0,0.0001612999476492405,0
1798,0.00017260003369301558,0.0,0.0001735000405460596,0
1799,0.00015890004578977823,0.000408099964261055,0.0033273000735789537,1
1800,0.00040220003575086594,0.0,0.00040369993075728416,0
1801,0.00016759999562054873,0.0,0.00016870000399649143,0
1802,0.00019109994173049927,0.0,0.00019209994934499264,0
1803,0.00016259995754808187,0.0,0.0001634999644011259,0
1804,0.00016099994536489248,0.0,0.00016199995297938585,0
1805,0.0001740000443533063,0.0,0.00017499993555247784,0
1806,0.00019170006271451712,0.0,0.00019260006956756115,0
1807,0.00015930004883557558,0.0,0.00016020005568861961,0
1808,0.0001735000405460596,0.0,0.00017440004739910364,0
1809,0.00016029994003474712,0.00040929997339844704,0.0033004999859258533,1
1810,0.000317899975925684,0.0,0.000319099985063076,0
1811,0.00017639994621276855,0.0,0.00017739995382726192,0
1812,0.00018770003225654364,0.0,0.000188700039871037,0
1813,0.0001629000762477517,0.0,0.00016390008386224508,0
1814,0.0001604000572115183,0.0,0.00016140006482601166,0
1815,0.00021590001415461302,0.0,0.00021680002100765705,0
1816,0.00016009993851184845,0.0,0.00016109994612634182,0
1817,0.00015950005035847425,0.0,0.0001604000572115183,0
1818,0.0001868999097496271,0.0,0.00018799991812556982,0
1819,0.00016020005568861961,0.00041779992170631886,0.0030193000566214323,1
1820,0.00028469995595514774,0.0,0.0002858999650925398,0
1821,0.000206099939532578,0.0,0.0002071999479085207,0
1822,0.00018800003454089165,0.0,0.0001889999257400632,0
1823,0.00016200006939470768,0.0,0.0001629000762477517,0
1824,0.00015810003969818354,0.0,0.00015900004655122757,0
1825,0.00017319992184638977,0.0,0.0001740999286994338,0
1826,0.00016449997201561928,0.0,0.00016529997810721397,0
1827,0.00015909993089735508,0.0,0.0001599999377503991,0
1828,0.00017220003064721823,0.0,0.0001732000382617116,0
1829,0.00016010005492717028,0.00041580002289265394,0.003172700060531497,1
1830,0.00026750005781650543,0.0,0.0002688000677153468,0
1831,0.00019569997675716877,0.0,0.00019689998589456081,0
1832,0.00019090005662292242,0.0,0.00019189994782209396,0
1833,0.00016339996363967657,0.0,0.0001642999704927206,0
1834,0.0001596000511199236,0.0,0.00016060005873441696,0
1835,0.00017360004130750895,0.0,0.00017460004892200232,0
1836,0.0001604999415576458,0.0,0.00016139994841068983,0
1837,0.0001634999644011259,0.0,0.0001642999704927206,0
1838,0.0001713999081403017,0.0,0.0001721999142318964,0
1839,0.0001599000534042716,0.00039900001138448715,0.0032796000596135855,1
1840,0.0003106000367552042,0.0,0.00031189993023872375,0
1841,0.00022369995713233948,0.0,0.00022479996550828218,0
1842,0.00019829999655485153,0.0,0.0001993000041693449,0
1843,0.00017559994012117386,0.0,0.0001764999469742179,0
1844,0.00015949993394315243,0.0,0.00016029994003474712,0
1845,0.00017300003673881292,0.0,0.00017390004359185696,0
1846,0.00019689998589456081,0.0,0.00019779999274760485,0
1847,0.00016080006025731564,0.0,0.00016169995069503784,0
1848,0.00017310003750026226,0.0,0.00017410004511475563,0
1849,0.0001601999392732978,0.0002891999902203679,0.0030750998994335532,1
1850,0.00027459999546408653,0.0,0.0002758000046014786,0
1851,0.0001925000688061118,0.0,0.00019350007642060518,0
1852,0.00020640005823224783,0.0,0.0002074000658467412,0
1853,0.00016430008690804243,0.0,0.00016520009376108646,0
1854,0.00016210007015615702,0.0,0.00016300007700920105,0
1855,0.00017550005577504635,0.0,0.00017650006338953972,0
1856,0.00016130006406456232,0.0,0.0001623000716790557,0
1857,0.0001973999897018075,0.0,0.00019839999731630087,0
1858,0.00017460004892200232,0.0,0.00017550005577504635,0
1859,0.00016169995069503784,0.0002742999931797385,0.0033700999338179827,1
1860,0.0004288000054657459,0.0,0.000430300016887486,0
1861,0.00016799999866634607,0.0,0.0001689000055193901,0
1862,0.00019100005738437176,0.0,0.00019200006499886513,0
1863,0.0001634000800549984,0.0,0.0001642000861465931,0
1864,0.0001607000594958663,0.0,0.000161500065587461,0
1865,0.00017420004587620497,0.0,0.00017520005349069834,0
1866,0.00018030009232461452,0.0,0.0001813000999391079,0
1867,0.00016200006939470768,0.0,0.00016280007548630238,0
1868,0.00017360004130750895,0.0,0.00017460004892200232,0
1869,0.0001604999415576458,0.0002628000220283866,0.003337299916893244,1
1870,0.00044380000326782465,0.0,0.00044540001545101404,0
1871,0.00024830002803355455,0.0,0.00024939991999417543,0
1872,0.00024510000366717577,0.0,0.00024610001128166914,0
1873,0.000215300009585917,0.0,0.00021650001872330904,0
1874,0.0002172000240534544,0.0,0.00021810003090649843,0
1875,0.00022109993733465672,0.0,0.00022199994418770075,0
1876,0.00016689999029040337,0.0,0.00016789999790489674,0
1877,0.00016419996973127127,0.0,0.0001650999765843153,0
1878,0.00022999988868832588,0.0,0.00023119989782571793,0
1879,0.00021590001415461302,0.0003565000370144844,0.00332909997086972,1
1880,0.00034309993498027325,0.0,0.00034449994564056396,0
1881,0.00016529997810721397,0.0,0.00016639998648315668,0
1882,0.0001954999752342701,0.0,0.00019649998284876347,0
1883,0.00016480009071528912,0.0,0.00016570009756833315,0
1884,0.00016000005416572094,0.0,0.00016080006025731564,0
1885,0.00017570005729794502,0.0,0.00017650006338953972,0
1886,0.0001615999499335885,0.0,0.00016249995678663254,0
1887,0.00016069994308054447,0.0,0.00016149994917213917,0
1888,0.00017479993402957916,0.0,0.00017559994012117386,0
1889,0.00016089994460344315,0.00036890001501888037,0.003171199932694435,1
1890,0.0003328999737277627,0.0,0.00033409998286515474,0
1891,0.00016459997277706861,0.0,0.00016569998115301132,0
1892,0.00019269995391368866,0.0,0.0001935999607667327,0
1893,0.0001604999415576458,0.0,0.00016149994917213917,0
1894,0.0001599999377503991,0.0,0.00016099994536489248,0
1895,0.00017220003064721823,0.0,0.00017319992184638977,0
1896,0.00015820004045963287,0.0,0.00015900004655122757,0
1897,0.00015790003817528486,0.0,0.00015890004578977823,0
1898,0.0001727000344544649,0.0,0.00017369992565363646,0
1899,0.0001591000473126769,0.0003581999335438013,0.003132699988782406,1
1900,0.0003306999569758773,0.0,0.00033199996687471867,0
1901,0.00016499997582286596,0.0,0.00016589998267591,0
1902,0.00018890004139393568,0.0,0.00018990004900842905,0
1903,0.00020619994029402733,0.0,0.0002071999479085207,0
1904,0.00016219995450228453,0.0,0.00016299996059387922,0
1905,0.0001751999370753765,0.0,0.0001759999431669712,0
1906,0.00015940004959702492,0.0,0.0001604000572115183,0
1907,0.00015920004807412624,0.0,0.00016000005416572094,0
1908,0.00020239991135895252,0.0,0.00020329991821199656,0
1909,0.0001588000450283289,0.00041119998786598444,0.0032232999801635742,1
1910,0.00031720008701086044,0.0,0.00031830009538680315,0
1911,0.00016369996592402458,0.0,0.00016469997353851795,0
1912,0.0001873000292107463,0.0,0.000188400037586689,0
1913,0.0001933000748977065,0.0,0.00019430008251219988,0
1914,0.00016030005645006895,0.0,0.00016130006406456232,0
1915,0.00017439993098378181,0.0,0.00017529993783682585,0
1916,0.0001607999438419938,0.0,0.00016179995145648718,0
1917,0.00016000005416572094,0.0,0.00016080006025731564,0
1918,0.00018960004672408104,0.0,0.00019070005510002375,0
1919,0.00017500005196779966,0.0003701000241562724,0.0030570001108571887,1
1920,0.00028119992930442095,0.0,0.000282399938441813,0
1921,0.00016279995907098055,0.0,0.0001639999682083726,0
1922,0.00018580001778900623,0.0,0.0001868000254034996,0
1923,0.00016060005873441696,0.0,0.000161500065587461,0
1924,0.00016279995907098055,0.0,0.00016379996668547392,0
1925,0.00017359992489218712,0.0,0.0001745999325066805,0
1926,0.00015989993698894978,0.0,0.00016069994308054447,0
1927,0.00015920004807412624,0.0,0.00016009993851184845,0
1928,0.0001713000237941742,0.0,0.00017220003064721823,0
1929,0.00015829992480576038,0.00036589999217540026,0.0029769999673590064,1
1930,0.0003133000573143363,0.0,0.0003146000672131777,0
1931,0.00016590009909123182,0.0,0.00016679998952895403,0
1932,0.00018940004520118237,0.0,0.00019050005357712507,0
1933,0.0001610000617802143,0.0,0.00016190006863325834,0
1934,0.00015870004426687956,0.0,0.00015959993470460176,0
1935,0.00017269991803914309,0.0,0.00017369992565363646,0
1936,0.0001962999813258648,0.0,0.0001970999874174595,0
1937,0.00015820004045963287,0.0,0.00015900004655122757,0
1938,0.0001708000199869275,0.0,0.00017180002760142088,0
1939,0.00015829992480576038,0.0003989000106230378,0.003155799931846559,1
1940,0.0003237000200897455,0.0,0.0003250000299885869,0
1941,0.00019679998513311148,0.0,0.0001976999919861555,0
1942,0.00018580001778900623,0.0,0.00018690002616494894,0
1943,0.00016109994612634182,0.0,0.00016199995297938585,0
1944,0.00015819992404431105,0.0,0.00015899993013590574,0
1945,0.00017290003597736359,0.0,0.00017390004359185696,0
1946,0.0001647999742999673,0.0,0.00016569998115301132,0
1947,0.00015900004655122757,0.0,0.00015980005264282227,0
1948,0.0001708000199869275,0.0,0.0001716000260785222,0
1949,0.00015879992861300707,0.0003763000713661313,0.003037799964658916,1
1950,0.00033959990832954645,0.0,0.00034089991822838783,0
1951,0.00017180002760142088,0.0,0.00017280003521591425,0
1952,0.00018890004139393568,0.0,0.00018990004900842905,0
1953,0.00016259995754808187,0.0,0.00016339996363967657,0
1954,0.0001580999232828617,0.0,0.00015899993013590574,0
1955,0.00017120002303272486,0.0,0.00017220003064721823,0
1956,0.0001674999948590994,0.0,0.00016850000247359276,0
1957,0.00016459997277706861,0.0,0.0001653999788686633,0
1958,0.00017369992565363646,0.0,0.00017469993326812983,0
1959,0.00015989993698894978,0.0003589000552892685,0.0031626999843865633,1
1960,0.0003079000161960721,0.0,0.00030910002533346415,0
1961,0.00016249995678663254,0.0,0.00016359996516257524,0
1962,0.00019139994401484728,0.0,0.00019239995162934065,0
1963,0.0001599999377503991,0.0,0.0001607999438419938,0
1964,0.00016080006025731564,0.0,0.00016179995145648718,0
1965,0.00017280003521591425,0.0,0.00017370004206895828,0
1966,0.00016059994231909513,0.0,0.00016139994841068983,0
1967,0.00015789992175996304,0.0,0.00015879992861300707,0
1968,0.00017460004892200232,0.0,0.000175400055013597,0
1969,0.00015890004578977823,0.00034659996163100004,0.003258500015363097,1
1970,0.0003839000128209591,0.0,0.0003853000234812498,0
1971,0.00022019993048161268,0.0,0.00022119993809610605,0
1972,0.00019299995619803667,0.0,0.00019399996381253004,0
1973,0.00016249995678663254,0.0,0.0001634999644011259,0
1974,0.0001601999392732978,0.0,0.00016109994612634182,0
1975,0.00017440004739910364,0.0,0.00017539993859827518,0
1976,0.00015980005264282227,0.0,0.0001607000594958663,0
1977,0.00016410008538514376,0.0,0.00016510009299963713,0
1978,0.00017260003369301558,0.0,0.0001735000405460596,0
1979,0.00015839992556720972,0.0003703000256791711,0.0031540999189019203,1
1980,0.00032649992499500513,0.0,0.0003279999364167452,0
1981,0.00016369996592402458,0.0,0.00016459997277706861,0
1982,0.00019329995848238468,0.0,0.0001943999668583274,0
1983,0.00016109994612634182,0.0,0.00016199995297938585,0
1984,0.00015780003741383553,0.0,0.0001585999270901084,0
1985,0.00017290003597736359,0.0,0.00017380004283040762,0
1986,0.00015959993470460176,0.0,0.0001604999415576458,0
1987,0.0001574999187141657,0.0,0.00015849992632865906,0
1988,0.00017490005120635033,0.0,0.00017580005805939436,0
1989,0.0001580000389367342,0.0003637999761849642,0.0029784999787807465,1
1990,0.00030519999563694,0.0,0.0003065000055357814,0
1991,0.00016350008081644773,0.0,0.00016470008995383978,0
1992,0.00018710002768784761,0.0,0.00018810003530234098,0
1993,0.00016169995069503784,0.0,0.00016249995678663254,0
1994,0.00016519997734576464,0.0,0.00016609998419880867,0
1995,0.0001732999226078391,0.0,0.00017429993022233248,0
1996,0.00015870004426687956,0.0,0.0001596000511199236,0
1997,0.00015820004045963287,0.0,0.0001591000473126769,0
1998,0.00017089990433305502,0.0,0.0001718999119475484,0
1999,0.00015760003589093685,0.0003608999541029334,0.003294000052846968,1
