step,run_step_sec,to_numpy_sec,total_step_sec,saved
0,0.30582879999997203,0.00032959999998638523,0.30740270000001146,1
1,0.0006495999998605839,0.0,0.0006515000000035798,0
2,0.0003223000001071341,0.0,0.0003236999998534884,0
3,0.0003796999999394757,0.0,0.00038080000012996607,0
4,0.000321499999927255,0.0,0.0003227000001970737,0
5,0.000365399999964211,0.0,0.0003666999998586107,0
6,0.000305899999830217,0.0,0.0003070000000207074,0
7,0.0003216000000065833,0.0,0.00032279999982165464,0
8,0.0003268999998908839,0.0,0.00032809999993332895,0
9,0.00030429999992520607,0.0,0.0003056000000469794,0
10,0.0003423999999085936,0.0,0.0003435999999510386,0
11,0.0003648000001703622,0.0,0.00037849999989703065,0
12,0.0003295000001344306,0.0,0.0003304999997908453,0
13,0.0003438999999616499,0.0,0.0003449999999247666,0
14,0.0003661999999167165,0.0,0.00036730000010720687,0
15,0.0002987000000302942,0.0,0.00029999999992469384,0
16,0.00029640000002473244,0.0,0.0002975999998398038,0
17,0.00033379999990756914,0.0,0.00033499999995001417,0
18,0.00029599999993479287,0.0,0.0002971999999772379,0
19,0.0002977999999984604,0.0,0.00029900000004090543,0
20,0.00033540000003995374,0.0,0.0003365999998550251,0
21,0.0002975999998398038,0.0,0.0002987000000302942,0
22,0.0002967000000353437,0.0,0.0002979000000777887,0
23,0.0003661999999167165,0.0,0.0003673999999591615,0
24,0.00029900000004090543,0.0,0.00030010000000402215,0
25,0.00029760000006717746,0.0,0.0002988000001096225,0
26,0.000331700000060664,0.0,0.00033280000002378074,0
27,0.000296800000114672,0.0,0.00029799999992974335,0
28,0.00029760000006717746,0.0,0.0002987999998822488,0
29,0.0003353000001879991,0.0,0.00033639999992374214,0
30,0.00029640000002473244,0.0,0.00029760000006717746,0
31,0.00029749999998784915,0.0,0.00029859999995096587,0
32,0.0002965999999560154,0.0,0.0002977999999984604,0
33,0.00031570000010106014,0.0,0.00031680000006417686,0
34,0.0002974000001358945,0.0,0.00029859999995096587,0
35,0.0002979000000777887,0.0,0.00029899999981353176,0
36,0.000331700000060664,0.0,0.0003328999998757354,0
37,0.00030170000013640674,0.0,0.0003028999999514781,0
38,0.0002975999998398038,0.0,0.0002988000001096225,0
39,0.0003341000001455541,0.0,0.00033540000003995374,0
40,0.0002986999998029205,0.0,0.0002997999999934109,0
41,0.0002989000001889508,0.0,0.00030010000000402215,0
42,0.0003341999999975087,0.0,0.00033529999996062543,0
43,0.0003025000000889122,0.0,0.0003036000000520289,0
44,0.0002982999999403546,0.0,0.0002993999999034713,0
45,0.0003793999999288644,0.0,0.00038059999997130944,0
46,0.0003752000000076805,0.0,0.00037650000012945384,0
47,0.00041169999985868344,0.0,0.000436700000136625,0
48,0.0003523000000313914,0.0,0.0003535000000738364,0
49,0.0003153999998630752,0.0,0.00031659999990552024,0
50,0.0003181000001859502,0.0,0.0003319999998439016,0
51,0.00034430000005158945,0.0,0.0003455999999459891,0
52,0.0003268000000389293,0.0,0.0003280000000813743,0
53,0.0003243000001020846,0.0,0.00032549999991715595,0
54,0.00029710000012528326,0.0,0.0002981999998610263,0
55,0.00031570000010106014,0.0,0.0003168999999161315,0
56,0.00030740000011064694,0.0,0.00030850000007376366,0
57,0.00032089999990603246,0.0,0.00032200000009652285,0
58,0.0003361999999924592,0.0,0.0003374000000349042,0
59,0.0002997999999934109,0.0,0.0003008999999565276,0
60,0.0003358000001298933,0.0,0.0003368000000136817,0
61,0.00029849999987163756,0.0,0.00029949999998279964,0
62,0.0002958000000035099,0.0,0.00029700000004595495,0
63,0.00033389999998689746,0.0,0.0003351000000293425,0
64,0.00033179999991261866,0.0,0.0003334999998969579,0
65,0.00034059999984492606,0.0,0.0003420000000460277,0
66,0.0004208999998809304,0.0,0.00042209999992337544,0
67,0.0004136999998536339,0.0,0.00041490000012345263,0
68,0.0003970000000208529,0.0,0.00039829999991525256,0
69,0.0003374000000349042,0.0,0.0003389000000879605,0
70,0.0005966999999600375,0.0,0.0005985999998756597,0
71,0.0006410000000869331,0.0,0.000642799999923227,0
72,0.0005215000001044245,0.0,0.0005231999998613901,0
73,0.0003689999998641724,0.0,0.0003702000001339911,0
74,0.00036290000002736633,0.0,0.00036410000006981136,0
75,0.0003683999998429499,0.0,0.0003696000001127686,0
76,0.0003640999998424377,0.0,0.0003654000001915847,0
77,0.00037290000000211876,0.0,0.0003739999999652355,0
78,0.00035740000021178275,0.0,0.0003586000000268541,0
79,0.00035669999988385825,0.0,0.00035790000015367696,0
80,0.00036870000008093484,0.0,0.00036980000004405156,0
81,0.0003460000000359287,0.0,0.0003470999999990454,0
82,0.00037599999996018596,0.0,0.000377200000002631,0
83,0.00033949999988180934,0.0,0.00034060000007229974,0
84,0.0003397999998924206,0.0,0.0003410000001622393,0
85,0.0003739999999652355,0.0,0.0003750999999283522,0
86,0.0003365999998550251,0.0,0.0003377000000455155,0
87,0.0003389000000879605,0.0,0.0003400000000510772,0
88,0.0003610999999636988,0.0,0.00036240000008547213,0
89,0.0004418000000896427,0.0,0.00044309999998404237,0
90,0.000432900000078007,0.0,0.00043469999991430086,0
91,0.0003578999999263033,0.0,0.00035930000012740493,0
92,0.000327900000002046,0.0,0.00032919999989644566,0
93,0.0003297999999176682,0.0,0.0003310000001874869,0
94,0.0002975999998398038,0.0,0.00029900000004090543,0
95,0.0002967999998872983,0.0,0.0002979000000777887,0
96,0.0003538000000844477,0.0,0.000354999999899519,0
97,0.00031779999994796526,0.0,0.0003189999999904103,0
98,0.0002987999998822488,0.0,0.0003000000001520675,0
99,0.0003501999999571126,0.00015239999993355013,0.001674700000194207,1
100,0.0007224000000860542,0.0,0.0007239000001391105,0
101,0.00041540000006534683,0.0,0.0004165999998804182,0
102,0.00035010000010515796,0.0,0.0003512000000682747,0
103,0.0003154999999424035,0.0,0.00031659999990552024,0
104,0.0003338000001349428,0.0,0.00033499999995001417,0
105,0.0003194999999323045,0.0,0.0003206999999747495,0
106,0.00035570000000006985,0.0,0.0003568999998151412,0
107,0.0003513999999995576,0.0,0.0003524000001107197,0
108,0.00038900000004105095,0.0,0.000390200000083496,0
109,0.0003834999999980937,0.0,0.0003847000000405387,0
110,0.00031259999991561926,0.0,0.00031370000010610966,0
111,0.00038049999989198113,0.0,0.00038159999985509785,0
112,0.00036500000010164513,0.0,0.0003661999999167165,0
113,0.0003440000000409782,0.0,0.0003451000000040949,0
114,0.0003636999999798718,0.0,0.0003647999999429885,0
115,0.0003479999998035055,0.0,0.0003492000000733242,0
116,0.00036030000001119333,0.0,0.00036139999997431005,0
117,0.00036770000019714644,0.0,0.0003689000000122178,0
118,0.00033750000011423253,0.0,0.00033849999999802094,0
119,0.0003549000000475644,0.0,0.00035609999986263574,0
120,0.00033920000009857176,0.0,0.0003403999999136431,0
121,0.0003483000000414904,0.0,0.00034950000008393545,0
122,0.0003524000001107197,0.0,0.00035370000000511936,0
123,0.00037219999990156794,0.0,0.00037339999994401296,0
124,0.0003722000001289416,0.0,0.00037340000017138664,0
125,0.0003181000001859502,0.0,0.0003194999999323045,0
126,0.00031349999994745303,0.0,0.00031480000006922637,0
127,0.0005587000000559783,0.0,0.0005605000001196458,0
128,0.0005836999998791725,0.0,0.0005859999998847343,0
129,0.00039010000000416767,0.0,0.000391299999819239,0
130,0.00030519999995703984,0.0,0.0003063000001475302,0
131,0.0003002999999353051,0.0,0.0003014999999777501,0
132,0.0003355999999712367,0.0,0.0003366999999343534,0
133,0.00029850000009901123,0.0,0.00029949999998279964,0
134,0.0003002999999353051,0.0,0.0003014000001257955,0
135,0.0003315999999813357,0.0,0.00033269999994445243,0
136,0.00029550000022027234,0.0,0.00029649999987668707,0
137,0.0002951000001303328,0.0,0.0002962999999454041,0
138,0.0003297999999176682,0.0,0.0003309999999601132,0
139,0.0002951000001303328,0.0,0.0002962000000934495,0
140,0.0002927000000454427,0.0,0.0002936999999292311,0
141,0.000293000000056054,0.0,0.00029419999987112533,0
142,0.00036770000019714644,0.0,0.0003689000000122178,0
143,0.0003039999999145948,0.0,0.0003050999998777115,0
144,0.0003001999998559768,0.0,0.0003012999998190935,0
145,0.0003313999998226791,0.0,0.0003325000000131695,0
146,0.0002948000001197215,0.0,0.00029589999985546456,0
147,0.0002924999998867861,0.0,0.0002934999999979482,0
148,0.00033650000000307045,0.0,0.0003377000000455155,0
149,0.0002967000000353437,0.0,0.0002977999999984604,0
150,0.0002961000000141212,0.0,0.0002971999999772379,0
151,0.00033169999983329035,0.0,0.00033290000010310905,0
152,0.0002951999999822874,0.0,0.0002963000001727778,0
153,0.0002927000000454427,0.0,0.00029380000000855944,0
154,0.00033239999993384117,0.0,0.0003334999998969579,0
155,0.0002943999998024083,0.0,0.000295600000072227,0
156,0.0002961000000141212,0.0,0.0002974000001358945,0
157,0.0003573999999844091,0.0,0.0003584999999475258,0
158,0.0003184999998211424,0.0,0.00031969999986358744,0
159,0.0003840000001673616,0.0,0.00038529999983438756,0
160,0.00038689999996677216,0.0,0.0003881000000092172,0
161,0.00034390000018902356,0.0,0.0003451000000040949,0
162,0.0003403000000616885,0.0,0.0003415000001041335,0
163,0.0003150000000005093,0.0,0.00031609999996362603,0
164,0.00029380000000855944,0.0,0.00029489999997167615,0
165,0.00029549999999289867,0.0,0.0002967000000353437,0
166,0.000331700000060664,0.0,0.00033269999994445243,0
167,0.0002958000000035099,0.0,0.000296800000114672,0
168,0.00029649999987668707,0.0,0.00029770000014650577,0
169,0.0003512000000682747,0.0,0.0003523000000313914,0
170,0.00029849999987163756,0.0,0.00029949999998279964,0
171,0.0002956999999241816,0.0,0.0002967999998872983,0
172,0.00033180000013999233,0.0,0.0003328999998757354,0
173,0.0002950999999029591,0.0,0.0002962000000934495,0
174,0.00029590000008283823,0.0,0.00029700000004595495,0
175,0.00032090000013340614,0.0,0.00032239999995908875,0
176,0.000423899999987043,0.0,0.000425100000029488,0
177,0.0003643000000010943,0.0,0.0003656999999748223,0
178,0.00033180000013999233,0.0,0.000333100000034392,0
179,0.00029910000012023374,0.0,0.0003001999998559768,0
180,0.0002945999999610649,0.0,0.0002958000000035099,0
181,0.00033169999983329035,0.0,0.00033269999994445243,0
182,0.0002951999999822874,0.0,0.0002963000001727778,0
183,0.00029450000010911026,0.0,0.0002955999998448533,0
184,0.0003301000001556531,0.0,0.00033119999989139615,0
185,0.0002955999998448533,0.0,0.0002967000000353437,0
186,0.00029339999991861987,0.0,0.0002945999999610649,0
187,0.00029500000005100446,0.0,0.0002962000000934495,0
188,0.0003294999999070569,0.0,0.00033059999987017363,0
189,0.00029479999989234784,0.0,0.00029589999985546456,0
190,0.0002958000000035099,0.0,0.00029689999996662664,0
191,0.00033300000018243736,0.0,0.0003340999999181804,0
192,0.00029539999991357035,0.0,0.00029640000002473244,0
193,0.0002947000000403932,0.0,0.0002957000001515553,0
194,0.000331700000060664,0.0,0.00033300000018243736,0
195,0.0002939999999398424,0.0,0.0002951000001303328,0
196,0.00029380000000855944,0.0,0.00029500000005100446,0
197,0.00032959999998638523,0.0,0.0003307000001768756,0
198,0.00029469999981301953,0.0,0.0002956999999241816,0
199,0.0002931000001353823,0.00010399999996479892,0.0016892999999527092,1
200,0.0005152999999609165,0.0,0.0005166999999346444,0
201,0.00039000000015221303,0.0,0.0003910999998879561,0
202,0.0004390999999941414,0.0,0.0004403000000365864,0
203,0.000475600000072518,0.0,0.00047680000011496304,0
204,0.0004761000000144122,0.0,0.0004776000000674685,0
205,0.0003412999999454769,0.0,0.0003424999999879219,0
206,0.0003752000000076805,0.0,0.00037649999990208016,0
207,0.00033639999992374214,0.0,0.00033760000019356085,0
208,0.0003977000001214037,0.0,0.00039889999993647507,0
209,0.0003360999999131309,0.0,0.0003372999999555759,0
210,0.00033329999996567494,0.0,0.0003345999998600746,0
211,0.0003704999999172287,0.0,0.00037169999995967373,0
212,0.0003322000000025582,0.0,0.00033340000004500325,0
213,0.0003337000000556145,0.0,0.00033489999987068586,0
214,0.0003715000000283908,0.0,0.0003727000000708358,0
215,0.0003327000001718261,0.0,0.00033400000006622577,0
216,0.0003672999998798332,0.0,0.0003685000001496519,0
217,0.00035509999997884734,0.0,0.00035619999994196405,0
218,0.0003326000000924978,0.0,0.00033379999990756914,0
219,0.00036860000000160653,0.0,0.00036969999996472325,0
220,0.00033020000000760774,0.0,0.00033129999997072446,0
221,0.00033130000019809813,0.0,0.0003325000000131695,0
222,0.0003674000001865352,0.0,0.00036860000000160653,0
223,0.00033069999994950194,0.0,0.00033189999999194697,0
224,0.0003664000000753731,0.0,0.0003675000000384898,0
225,0.00033440000015616533,0.0,0.0003354999998919084,0
226,0.0003299999998489511,0.0,0.0003311000000394415,0
227,0.000371999999970285,0.0,0.00037320000001273,0
228,0.00037219999990156794,0.0,0.00037339999994401296,0
229,0.00033340000004500325,0.0,0.00033439999992879166,0
230,0.00034779999987222254,0.0,0.0003490999999939959,0
231,0.00033129999997072446,0.0,0.00033239999993384117,0
232,0.0003675000000384898,0.0,0.00036870000008093484,0
233,0.00033230000008188654,0.0,0.00033350000012433156,0
234,0.00033280000002378074,0.0,0.0003340999999181804,0
235,0.00037120000001777953,0.0,0.00037240000006022456,0
236,0.0003329999999550637,0.0,0.0003341000001455541,0
237,0.00033109999981206784,0.0,0.00033230000008188654,0
238,0.0003446000000622007,0.0,0.0003457000000253174,0
239,0.00033080000002883025,0.0,0.00033189999999194697,0
240,0.00036649999992732774,0.0,0.00036780000004910107,0
241,0.0003325000000131695,0.0,0.0003335999999762862,0
242,0.0003377999998974701,0.0,0.0003389000000879605,0
243,0.0003682999999909953,0.0,0.0003696000001127686,0
244,0.00033169999983329035,0.0,0.00033290000010310905,0
245,0.00033239999993384117,0.0,0.0003334999998969579,0
246,0.0005294999998568528,0.0,0.0005306000000473432,0
247,0.0003322000000025582,0.0,0.00033340000004500325,0
248,0.0003748000001451146,0.0,0.0003762000001188426,0
249,0.00033140000005005277,0.0,0.0003326000000924978,0
250,0.0003676000001178181,0.0,0.0003689000000122178,0
251,0.0003322000000025582,0.0,0.0003334999998969579,0
252,0.00033090000010815857,0.0,0.0003320999999232299,0
253,0.000367999999980384,0.0,0.00036920000002282904,0
254,0.00033300000018243736,0.0,0.0003340999999181804,0
255,0.0003351000000293425,0.0,0.0003363000000717875,0
256,0.0003690000000915461,0.0,0.00037029999998594576,0
257,0.00033090000010815857,0.0,0.0003320999999232299,0
258,0.00036670000008598436,0.0,0.0003678999999010557,0
259,0.0003293999998277286,0.0,0.0003307000001768756,0
260,0.00032980000014504185,0.0,0.0003309999999601132,0
261,0.0003652999998848827,0.0,0.0003664000000753731,0
262,0.0003303999999388907,0.0,0.0003315999999813357,0
263,0.00033109999981206784,0.0,0.00033230000008188654,0
264,0.00036780000004910107,0.0,0.00036909999994350073,0
265,0.0003298999999969965,0.0,0.00033109999981206784,0
266,0.0003507000001263805,0.0,0.0003518999999414518,0
267,0.0003283999999439402,0.0,0.00032969999983833986,0
268,0.0003282999998646119,0.0,0.0003294000000551023,0
269,0.00036139999997431005,0.0,0.0003625999997893814,0
270,0.0003294999999070569,0.0,0.00033080000002883025,0
271,0.0003307000001768756,0.0,0.00033189999999194697,0
272,0.0003657999998267769,0.0,0.0003669000000172673,0
273,0.00032859999987522315,0.0,0.0003297999999176682,0
274,0.00032919999989644566,0.0,0.000330500000018219,0
275,0.00034170000003541645,0.0,0.0003429999999298161,0
276,0.00032969999983833986,0.0,0.0003310000001874869,0
277,0.0003649000000223168,0.0,0.00036620000014409015,0
278,0.00033229999985451286,0.0,0.0003334999998969579,0
279,0.0003306000000975473,0.0,0.000331700000060664,0
280,0.00036660000000665605,0.0,0.0003677999998217274,0
281,0.0003300000000763248,0.0,0.0003311000000394415,0
282,0.0003295000001344306,0.0,0.00033069999994950194,0
283,0.0003658999999061052,0.0,0.0003671000001759239,0
284,0.00032969999983833986,0.0,0.00033090000010815857,0
285,0.00036549999981616565,0.0,0.00036680000016531267,0
286,0.0003302999998595624,0.0,0.0003315000001293811,0
287,0.0003340999999181804,0.0,0.00033529999996062543,0
288,0.000381000000061249,0.0,0.0003821000000243657,0
289,0.0003297999999176682,0.0,0.0003309999999601132,0
290,0.00043580000010479125,0.0,0.0004370999999991909,0
291,0.00033280000002378074,0.0,0.00033389999998689746,0
292,0.000327900000002046,0.0,0.00032919999989644566,0
293,0.0003638000000592001,0.0,0.00036509999995359976,0
294,0.00034219999997731065,0.0,0.0003435999999510386,0
295,0.00033390000021427113,0.0,0.00033499999995001417,0
296,0.0003418999999666994,0.0,0.0003431000000091444,0
297,0.0003294999999070569,0.0,0.0003307999998014566,0
298,0.00036350000004858884,0.0,0.0003646999998636602,0
299,0.00033439999992879166,0.0001554000000396627,0.0017252000000098633,1
300,0.0004893000000265602,0.0,0.0005129999999553547,0
301,0.00035099999990961805,0.0,0.0003521999999520631,0
302,0.00037190000011833035,0.0,0.0003729999998540734,0
303,0.00033450000000811997,0.0,0.00033579999990251963,0
304,0.00033040000016626436,0.0,0.0003315999999813357,0
305,0.00036860000000160653,0.0,0.00036990000012337987,0
306,0.00032959999998638523,0.0,0.00033080000002883025,0
307,0.00034839999989344506,0.0,0.0003498000000945467,0
308,0.00033020000000760774,0.0,0.00033140000005005277,0
309,0.00033239999993384117,0.0,0.0003337000000556145,0
310,0.00036350000004858884,0.0,0.0003647999999429885,0
311,0.0003303999999388907,0.0,0.000331700000060664,0
312,0.0003298999999969965,0.0,0.0003311000000394415,0
313,0.00036509999995359976,0.0,0.0003662999999960448,0
314,0.00032869999995455146,0.0,0.0003298999999969965,0
315,0.0003285000000232685,0.0,0.00032959999998638523,0
316,0.00034379999988232157,0.0,0.0003477000000202679,0
317,0.0003302999998595624,0.0,0.00033140000005005277,0
318,0.00036420000014913967,0.0,0.00036550000004353933,0
319,0.0003493000001526525,0.0,0.00035039999988839554,0
320,0.0003348000000187312,0.0,0.00033610000014050456,0
321,0.0003643000000010943,0.0,0.00036559999989549397,0
322,0.0003314999999020074,0.0,0.00033269999994445243,0
323,0.0003297999999176682,0.0,0.0003309999999601132,0
324,0.0003725999999915075,0.0,0.00037380000003395253,0
325,0.0003354999998919084,0.0,0.00033660000008239876,0
326,0.00038519999998243293,0.0,0.0003864999998768326,0
327,0.00031830000011723314,0.0,0.0003194999999323045,0
328,0.0003197000000909611,0.0,0.00032089999990603246,0
329,0.0003595999999106425,0.0,0.00036079999995308754,0
330,0.00038280000012491655,0.0,0.0003841000000193162,0
331,0.0003206999999747495,0.0,0.00032190000001719454,0
332,0.0003351000000293425,0.0,0.00033639999992374214,0
333,0.00032100000021273445,0.0,0.0003220999999484775,0
334,0.0003543000000263419,0.0,0.00035549999984141323,0
335,0.000320099999953527,0.0,0.00032129999999597203,0
336,0.00032029999988480995,0.0,0.000321499999927255,0
337,0.0003538999999364023,0.0,0.00035520000005817565,0
338,0.0003204999998160929,0.0,0.0003216000000065833,0
339,0.0003194999999323045,0.0,0.0003206000001227949,0
340,0.0004088999999112275,0.0,0.0004100000001017179,0
341,0.00032310000005963957,0.0,0.0003242000000227563,0
342,0.00038489999997182167,0.0,0.0003861000000142667,0
343,0.00032880000003387977,0.0,0.0003299999998489511,0
344,0.0003325000000131695,0.0,0.0003337000000556145,0
345,0.0003542999997989682,0.0,0.0003553999999894586,0
346,0.00031979999994291575,0.0,0.00032100000021273445,0
347,0.00032000000010157237,0.0,0.0003211999999166437,0
348,0.0003581000000849599,0.0,0.00035939999997935956,0
349,0.00032050000004346657,0.0,0.0003216000000065833,0
350,0.0003183999999691878,0.0,0.0003194999999323045,0
351,0.00035669999988385825,0.0,0.0003578999999263033,0
352,0.0003189999999904103,0.0,0.0003202000000328553,0
353,0.00033749999988685886,0.0,0.0003388000000086322,0
354,0.00032080000005407783,0.0,0.0003220999999484775,0
355,0.00033920000009857176,0.0,0.00036249999993742676,0
356,0.00037029999998594576,0.0,0.0003715000000283908,0
357,0.0003202000000328553,0.0,0.00032140000007530034,0
358,0.0003197000000909611,0.0,0.00032090000013340614,0
359,0.0003564000001006207,0.0,0.0003575000000637374,0
360,0.0003185999999004707,0.0,0.0003197000000909611,0
361,0.00031919999992169323,0.0,0.00032040000019151194,0
362,0.0003532999999151798,0.0,0.00035460000003695313,0
363,0.00031669999998484855,0.0,0.00031790000002729357,0
364,0.00038850000009915675,0.0,0.0003897999999935564,0
365,0.0003199999998741987,0.0,0.0003211000000646891,0
366,0.0003196000000116328,0.0,0.0003207000002021232,0
367,0.0003526999998939573,0.0,0.0003538000000844477,0
368,0.00031769999986863695,0.0,0.00031890000013845565,0
369,0.0003194999999323045,0.0,0.0003206000001227949,0
370,0.00035830000001624285,0.0,0.0003595999999106425,0
371,0.00032039999996413826,0.0,0.0003216000000065833,0
372,0.00032400000009147334,0.0,0.0003251999999065447,0
373,0.00035370000000511936,0.0,0.0003547999999682361,0
374,0.000318899999911082,0.0,0.00032019999980548164,0
375,0.0003193999998529762,0.0,0.0003206000001227949,0
376,0.0003895999998348998,0.0,0.0003908000001047185,0
377,0.00032150000015462865,0.0,0.0003228000000490283,0
378,0.0004458000000795437,0.0,0.0004475000000638829,0
379,0.0004939000000376836,0.0,0.0004956000000220229,0
380,0.0004963000001225737,0.0,0.0004977999999482563,0
381,0.00045999999997548,0.0,0.0004616000001078646,0
382,0.0005449000000226079,0.0,0.0005464000000756641,0
383,0.00046900000006644404,0.0,0.00047059999997145496,0
384,0.0005570000000716391,0.0,0.0005582000001140841,0
385,0.00033179999991261866,0.0,0.000333100000034392,0
386,0.00035779999984697497,0.0,0.00035900000011679367,0
387,0.0003211000000646891,0.0,0.00032229999987976043,0
388,0.0003199999998741987,0.0,0.0003211000000646891,0
389,0.00035720000005312613,0.0,0.00035830000001624285,0
390,0.00031979999994291575,0.0,0.0003209999999853608,0
391,0.00031930000000102154,0.0,0.00032039999996413826,0
392,0.0003518999999414518,0.0,0.0003530000001319422,0
393,0.00031779999994796526,0.0,0.0003190999998423649,0
394,0.0003186000001278444,0.0,0.0003197000000909611,0
395,0.00033129999997072446,0.0,0.0003325000000131695,0
396,0.00031880000005912734,0.0,0.00031990000002224406,0
397,0.00035299999990456854,0.0,0.00035410000009505893,0
398,0.00031820000003790483,0.0,0.0003193999998529762,0
399,0.00031779999994796526,0.00014519999990625365,0.001658599999927901,1
400,0.000500099999953818,0.0,0.0005014000000755914,0
401,0.0004016000000319764,0.0,0.00041549999991730147,0
402,0.0003414000000248052,0.0,0.0003426000000672502,0
403,0.00032229999987976043,0.0,0.00032349999992220546,0
404,0.00035609999986263574,0.0,0.00035720000005312613,0
405,0.0003209999999853608,0.0,0.00032210000017585116,0
406,0.0003185999999004707,0.0,0.00031979999994291575,0
407,0.00035509999997884734,0.0,0.00035619999994196405,0
408,0.00032129999999597203,0.0,0.00032239999995908875,0
409,0.00032140000007530034,0.0,0.00032250000003841706,0
410,0.00035519999983080197,0.0,0.000356399999873247,0
411,0.00031779999994796526,0.0,0.0003189999999904103,0
412,0.00039629999992030207,0.0,0.00039750000019012077,0
413,0.0003245999998853222,0.0,0.0003257999999277672,0
414,0.00037489999999706924,0.0,0.00037600000018755964,0
415,0.000357599999915692,0.0,0.00035890000003746536,0
416,0.0003205999998954212,0.0,0.00032179999993786623,0
417,0.0003197000000909611,0.0,0.00032089999990603246,0
418,0.0003561000000900094,0.0,0.00035729999990508077,0
419,0.0003199999998741987,0.0,0.00032129999999597203,0
420,0.00038269999981821456,0.0,0.0003841000000193162,0
421,0.0003869999998187268,0.0,0.0003883000001678738,0
422,0.0003216000000065833,0.0,0.0003226999999697,0
423,0.00035680000019056024,0.0,0.00035779999984697497,0
424,0.00031869999997979903,0.0,0.00031990000002224406,0
425,0.000318899999911082,0.0,0.00032000000010157237,0
426,0.0003544000001056702,0.0,0.00035549999984141323,0
427,0.00031869999997979903,0.0,0.00031990000002224406,0
428,0.0003196000000116328,0.0,0.00032080000005407783,0
429,0.000333100000034392,0.0,0.00033439999992879166,0
430,0.00031790000002729357,0.0,0.0003191000000697386,0
431,0.0003859999999349384,0.0,0.00038729999982933805,0
432,0.0003194999999323045,0.0,0.0003206999999747495,0
433,0.00031930000000102154,0.0,0.0003204999998160929,0
434,0.00035509999997884734,0.0,0.0003562999997939187,0
435,0.00031829999988985946,0.0,0.00031950000015967817,0
436,0.0003169999999954598,0.0,0.00031830000011723314,0
437,0.00035570000000006985,0.0,0.0003569000000425149,0
438,0.0003189999999904103,0.0,0.000320099999953527,0
439,0.00031930000000102154,0.0,0.0003205999998954212,0
440,0.0003315999999813357,0.0,0.00033290000010310905,0
441,0.00032190000001719454,0.0,0.0003230999998322659,0
442,0.0003558999999313528,0.0,0.0003570999999737978,0
443,0.00031979999994291575,0.0,0.0003209999999853608,0
444,0.0003183999999691878,0.0,0.0003196000000116328,0
445,0.00035530000013750396,0.0,0.0003566000000319036,0
446,0.00031940000008034986,0.0,0.0003205999998954212,0
447,0.00031829999988985946,0.0,0.00031930000000102154,0
448,0.00035509999997884734,0.0,0.00035630000002129236,0
449,0.00031820000003790483,0.0,0.0003193999998529762,0
450,0.0003747000000657863,0.0,0.0003762999999707972,0
451,0.0003211000000646891,0.0,0.0003223000001071341,0
452,0.00032129999999597203,0.0,0.00032239999995908875,0
453,0.0003523000000313914,0.0,0.0003535000000738364,0
454,0.00034870000013143,0.0,0.00035000000002582965,0
455,0.000324099999943428,0.0,0.000325299999985873,0
456,0.00035509999997884734,0.0,0.00035619999994196405,0
457,0.00031869999997979903,0.0,0.00031990000002224406,0
458,0.0003176000000166823,0.0,0.00031869999997979903,0
459,0.0003535000000738364,0.0,0.0003547999999682361,0
460,0.00037350000002334127,0.0,0.000374599999986458,0
461,0.00038640000002487795,0.0,0.000387600000067323,0
462,0.0003206000001227949,0.0,0.0003420000000460277,0
463,0.0003191000000697386,0.0,0.0003202000000328553,0
464,0.0004017999999632593,0.0,0.00040300000000570435,0
465,0.00031990000002224406,0.0,0.0003211999999166437,0
466,0.00031930000000102154,0.0,0.00032050000004346657,0
467,0.0003533999999945081,0.0,0.00035460000003695313,0
468,0.00031880000005912734,0.0,0.000320099999953527,0
469,0.00035330000014255347,0.0,0.00035460000003695313,0
470,0.0003194999999323045,0.0,0.0003206999999747495,0
471,0.0003189999999904103,0.0,0.0003202000000328553,0
472,0.00035210000010010845,0.0,0.0003532999999151798,0
473,0.0003180000001066219,0.0,0.0003191000000697386,0
474,0.0003294000000551023,0.0,0.00033059999987017363,0
475,0.00035729999990508077,0.0,0.00035840000009557116,0
476,0.0003199999998741987,0.0,0.0003211000000646891,0
477,0.00031709999984741444,0.0,0.00031830000011723314,0
478,0.0003544999999576248,0.0,0.00035559999992074154,0
479,0.000318899999911082,0.0,0.00032000000010157237,0
480,0.0003382999998393643,0.0,0.0003882000000885455,0
481,0.00032129999999597203,0.0,0.0003224000001864624,0
482,0.00032039999996413826,0.0,0.00032150000015462865,0
483,0.00035520000005817565,0.0,0.000356399999873247,0
484,0.0003194999999323045,0.0,0.00032079999982670415,0
485,0.000317499999937354,0.0,0.0003186000001278444,0
486,0.0003543000000263419,0.0,0.0003555000000687869,0
487,0.0003183999999691878,0.0,0.0003196000000116328,0
488,0.0003191000000697386,0.0,0.00032029999988480995,0
489,0.00035249999996267434,0.0,0.00035370000000511936,0
490,0.0003191000000697386,0.0,0.0003202000000328553,0
491,0.0003192000001490669,0.0,0.00032039999996413826,0
492,0.0003683999998429499,0.0,0.0003696000001127686,0
493,0.00031890000013845565,0.0,0.0003199999998741987,0
494,0.00035270000012133096,0.0,0.000353799999857074,0
495,0.0003388000000086322,0.0,0.0003398999999717489,0
496,0.00031880000005912734,0.0,0.00032000000010157237,0
497,0.00035410000009505893,0.0,0.0003552999999101303,0
498,0.0003237000000808621,0.0,0.0003249000001233071,0
499,0.0003197000000909611,0.00017729999990478973,0.0019725000001926674,1
500,0.0005831999999372783,0.0,0.0005843999999797234,0
501,0.0003424999999879219,0.0,0.0003435999999510386,0
502,0.0003311000000394415,0.0,0.00033230000008188654,0
503,0.000470400000040172,0.0,0.00047159999985524337,0
504,0.000430300000061834,0.0,0.000431500000104279,0
505,0.0004321999999774562,0.0,0.0004334000000199012,0
506,0.0003309999999601132,0.0,0.00033230000008188654,0
507,0.0003321000001506036,0.0,0.00033329999996567494,0
508,0.0005522999999811873,0.0,0.0005535999998755869,0
509,0.00040949999993245,0.0,0.00041069999997489504,0
510,0.00048040000001492444,0.0,0.00048199999991993536,0
511,0.0004432000000633707,0.0,0.000444599999809725,0
512,0.00039779999997335835,0.0,0.0003990000000158034,0
513,0.0004136000000016793,0.0,0.0004148000000441243,0
514,0.0004547000000911794,0.0,0.00045599999998557905,0
515,0.00038840000001982844,0.0,0.0003899000000728847,0
516,0.0003798999998707586,0.0,0.00038119999999253196,0
517,0.00041549999991730147,0.0,0.0004166999999597465,0
518,0.00044660000003204914,0.0,0.0004477999998471205,0
519,0.0005362999997942097,0.0,0.0005375000000640284,0
520,0.0005284999999730644,0.0,0.0005297000000155094,0
521,0.00041899999996530823,0.0,0.00042020000000775326,0
522,0.00040050000006885966,0.0,0.0004015999998046027,0
523,0.0003518999999414518,0.0,0.00035309999998389685,0
524,0.0003237000000808621,0.0,0.00032489999989593343,0
525,0.000325299999985873,0.0,0.000326500000028318,0
526,0.0003272999999808235,0.0,0.0003283999999439402,0
527,0.00032570000007581257,0.0,0.00032699999997021223,0
528,0.00032970000006571354,0.0,0.0003308999998807849,0
529,0.0003268000000389293,0.0,0.0003281000001607026,0
530,0.00032620000001770677,0.0,0.0003273999998327781,0
531,0.00032919999989644566,0.0,0.000330500000018219,0
532,0.00032609999993837846,0.0,0.0003272999999808235,0
533,0.0003269000001182576,0.0,0.00032820000001265726,0
534,0.0003536999997777457,0.0,0.0003549000000475644,0
535,0.00032499999997526174,0.0,0.00032620000001770677,0
536,0.00032570000007581257,0.0,0.0003268999998908839,0
537,0.00037700000007134804,0.0,0.0003782999999657477,0
538,0.00034120000009352225,0.0,0.0003424000001359673,0
539,0.0003320999999232299,0.0,0.00033340000004500325,0
540,0.000326699999959601,0.0,0.0003277999999227177,0
541,0.00040659999990566575,0.0,0.0004080000001067674,0
542,0.00043260000006739574,0.0,0.000434100000120452,0
543,0.00035619999994196405,0.0,0.0003575000000637374,0
544,0.0003071999999519903,0.0,0.00030839999999443535,0
545,0.00030639999999948486,0.0,0.0003076999998938845,0
546,0.00030010000000402215,0.0,0.0003014000001257955,0
547,0.00029710000012528326,0.0,0.0002982999999403546,0
548,0.0003013000000464672,0.0,0.0003025000000889122,0
549,0.00029490000019904983,0.0,0.0002961000000141212,0
550,0.00029339999991861987,0.0,0.00029460000018843857,0
551,0.00029799999992974335,0.0,0.0002993000000515167,0
552,0.0002939999999398424,0.0,0.0002951999999822874,0
553,0.0002931000001353823,0.0,0.00029429999995045364,0
554,0.00029380000000855944,0.0,0.00029500000005100446,0
555,0.00030839999999443535,0.0,0.00030949999995755206,0
556,0.00029440000002978195,0.0,0.0002956999999241816,0
557,0.0002951999999822874,0.0,0.00029640000002473244,0
558,0.0002988999999615771,0.0,0.00030010000000402215,0
559,0.0002937000001566048,0.0,0.00029489999997167615,0
560,0.00029289999997672567,0.0,0.000294200000098499,0
561,0.00029589999985546456,0.0,0.0002970999998979096,0
562,0.0002931000001353823,0.0,0.00029429999995045364,0
563,0.0002921000000242202,0.0,0.00029330000006666523,0
564,0.00029669999980797,0.0,0.0002979000000777887,0
565,0.00029109999991305813,0.0,0.00029229999995550315,0
566,0.00030990000004749163,0.0,0.00031110000008993666,0
567,0.00030479999986710027,0.0,0.0003060999999888736,0
568,0.0002965999999560154,0.0,0.0002977999999984604,0
569,0.0002894000001560926,0.0,0.0002904999998918356,0
570,0.0002895000000080472,0.0,0.0002905999999711639,0
571,0.0002941000000191707,0.0,0.00029539999991357035,0
572,0.0002875000000130967,0.0,0.0002886999998281681,0
573,0.0002884000000449305,0.0,0.0002896000000873755,0
574,0.00029219999987617484,0.0,0.00029340000014599354,0
575,0.00028930000007676426,0.0,0.00029029999996055267,0
576,0.00028859999997621344,0.0,0.00028970000016670383,0
577,0.0002899999999499414,0.0,0.00029119999999238644,0
578,0.00032820000001265726,0.0,0.00032959999998638523,0
579,0.00029079999990244687,0.0,0.00029200000017226557,0
580,0.0002891000001454813,0.0,0.00029029999996055267,0
581,0.0003014000001257955,0.0,0.0003024999998615385,0
582,0.0002931000001353823,0.0,0.00029429999995045364,0
583,0.00029130000007171475,0.0,0.0002923999998074578,0
584,0.0002945999999610649,0.0,0.00029599999993479287,0
585,0.0002925000001141598,0.0,0.0002936999999292311,0
586,0.00029789999985041504,0.0,0.00029920000019956206,0
587,0.00029140000015104306,0.0,0.0002924999998867861,0
588,0.00029599999993479287,0.0,0.0002973000000565662,0
589,0.00029070000005049224,0.0,0.0002918999998655636,0
590,0.0002899999999499414,0.0,0.00029119999999238644,0
591,0.00034019999998236017,0.0,0.0003414000000248052,0
592,0.0003060999999888736,0.0,0.0003074999999626016,0
593,0.0003260000000864238,0.0,0.00032770000007076305,0
594,0.0003497000000152184,0.0,0.0003513999999995576,0
595,0.0005489000000125088,0.0,0.0005502999999862368,0
596,0.0004265999998551706,0.0,0.0004280999999082269,0
597,0.00037120000001777953,0.0,0.0003724999999121792,0
598,0.00030989999982011796,0.0,0.00031100000001060835,0
599,0.0002976999999191321,0.00010319999978491978,0.0016748000000461616,1
600,0.0004865000000791042,0.0,0.0004878999998254585,0
601,0.00035060000004705216,0.0,0.0003517000000101689,0
602,0.0002988999999615771,0.0,0.00029999999992469384,0
603,0.00030160000005707843,0.0,0.0003027999998721498,0
604,0.00029460000018843857,0.0,0.0002958000000035099,0
605,0.0002925999999661144,0.0,0.00029380000000855944,0
606,0.00029109999991305813,0.0,0.00029219999987617484,0
607,0.00033350000012433156,0.0,0.0003345999998600746,0
608,0.0002905000001192093,0.0,0.00029169999993428064,0
609,0.0002886000002035871,0.0,0.00028980000001865847,0
610,0.00029490000019904983,0.0,0.0002961000000141212,0
611,0.000289000000066153,0.0,0.0002901000000292697,0
612,0.0002879000001030363,0.0,0.00028899999983877933,0
613,0.00034450000021024607,0.0,0.0003457000000253174,0
614,0.00035469999988890777,0.0,0.00035590000015872647,0
615,0.00035530000013750396,0.0,0.0003566000000319036,0
616,0.0003595999999106425,0.0,0.00036079999995308754,0
617,0.00035360000015316473,0.0,0.000354999999899519,0
618,0.00035519999983080197,0.0,0.0003564000001006207,0
619,0.00035729999990508077,0.0,0.0003586000000268541,0
620,0.0003429000000778615,0.0,0.0003441000001203065,0
621,0.00034789999995155085,0.0,0.0003490999999939959,0
622,0.00034840000012081873,0.0,0.0003495999999358901,0
623,0.00034329999994042737,0.0,0.00034440000013091776,0
624,0.0003480999998828338,0.0,0.00034940000000460714,0
625,0.0003424999999879219,0.0,0.00034380000010969525,0
626,0.0002973000000565662,0.0,0.00029850000009901123,0
627,0.0003025000000889122,0.0,0.00030359999982465524,0
628,0.00029700000004595495,0.0,0.0002981999998610263,0
629,0.0002973000000565662,0.0,0.00029850000009901123,0
630,0.0002971999999772379,0.0,0.0002984000000196829,0
631,0.00029970000014145626,0.0,0.0003007999998771993,0
632,0.0002977999999984604,0.0,0.00029909999989286007,0
633,0.0002961000000141212,0.0,0.0002971999999772379,0
634,0.0003426000000672502,0.0,0.00034370000003036694,0
635,0.0003036000000520289,0.0,0.00030480000009447394,0
636,0.0002989000001889508,0.0,0.00030010000000402215,0
637,0.00030469999978777196,0.0,0.00030590000005759066,0
638,0.0002987000000302942,0.0,0.0002999000000727392,0
639,0.0002983000001677283,0.0,0.00029949999998279964,0
640,0.00030119999996713887,0.0,0.0003024000000095839,0
641,0.0002979000000777887,0.0,0.00029909999989286007,0
642,0.0002962000000934495,0.0,0.00029739999990852084,0
643,0.00030569999989893404,0.0,0.00030690000016875274,0
644,0.0002970999998979096,0.0,0.0002983000001677283,0
645,0.00032759999999143474,0.0,0.00032880000003387977,0
646,0.000371999999970285,0.0,0.0003730999999334017,0
647,0.00035720000005312613,0.0,0.0003583999998681975,0
648,0.00035460000003695313,0.0,0.00035570000000006985,0
649,0.00035780000007434865,0.0,0.0003590999999687483,0
650,0.0003503000000364409,0.0,0.00035150000007888593,0
651,0.00035099999990961805,0.0,0.0003523000000313914,0
652,0.00035089999983028974,0.0,0.00035209999987273477,0
653,0.00033179999991261866,0.0,0.000333100000034392,0
654,0.000331700000060664,0.0,0.00033280000002378074,0
655,0.00033849999999802094,0.0,0.00033970000004046597,0
656,0.00033179999991261866,0.0,0.00033290000010310905,0
657,0.00028449999990698416,0.0,0.0002856999999494292,0
658,0.00032400000009147334,0.0,0.00032510000005459005,0
659,0.0002879000001030363,0.0,0.00028899999983877933,0
660,0.000287800000023708,0.0,0.0002888999999868247,0
661,0.000293000000056054,0.0,0.00029419999987112533,0
662,0.0002901000000292697,0.0,0.0002912000002197601,0
663,0.0002882999999656022,0.0,0.0002894000001560926,0
664,0.0002935999998499028,0.0,0.0002948000001197215,0
665,0.0002941000000191707,0.0,0.00029529999983424204,0
666,0.00028909999991810764,0.0,0.000290400000039881,0
667,0.000290400000039881,0.0,0.000291600000082326,0
668,0.00029440000002978195,0.0,0.0002955999998448533,0
669,0.00029020000010859803,0.0,0.0002913999999236694,0
670,0.00028909999991810764,0.0,0.000290400000039881,0
671,0.000293000000056054,0.0,0.00029429999995045364,0
672,0.00030369999990398355,0.0,0.0003048999999464286,0
673,0.0002870000000712025,0.0,0.00028819999988627387,0
674,0.0002870000000712025,0.0,0.0002882999999656022,0
675,0.0003246999999646505,0.0,0.0003259000000070955,0
676,0.0002873999999337684,0.0,0.0002885000001242588,0
677,0.0002879000001030363,0.0,0.00028930000007676426,0
678,0.00029390000008788775,0.0,0.0002950999999029591,0
679,0.00028639999982260633,0.0,0.00028770000017175335,0
680,0.0002854000001661916,0.0,0.00028649999990193464,0
681,0.0002899999999499414,0.0,0.00029109999991305813,0
682,0.00028509999992820667,0.0,0.0002862999999706517,0
683,0.0002858000000287575,0.0,0.0002867999999125459,0
684,0.00028560000009747455,0.0,0.0002866999998332176,0
685,0.000416099999938524,0.0,0.00041739999983292364,0
686,0.00028959999986000184,0.0,0.00029070000005049224,0
687,0.00028649999990193464,0.0,0.000287800000023708,0
688,0.0002922000001035485,0.0,0.00029329999983929156,0
689,0.00028499999984887836,0.0,0.00028620000011869706,0
690,0.0002875000000130967,0.0,0.0002887999999074964,0
691,0.00031420000004800386,0.0,0.0003153999998630752,0
692,0.0002862999999706517,0.0,0.0002874000001611421,0
693,0.000285200000007535,0.0,0.00028640000004998,0
694,0.0002917999997862353,0.0,0.0002931999999873369,0
695,0.00028699999984382885,0.0,0.00028810000003431924,0
696,0.00028640000004998,0.0,0.0002875000000130967,0
697,0.0002860000001874141,0.0,0.00028709999992315716,0
698,0.00032710000004954054,0.0,0.0003282999998646119,0
699,0.00028499999984887836,9.93000001017208e-05,0.0017058999999335356,1
700,0.0005316000001585053,0.0,0.0005329999999048596,0
701,0.000377200000002631,0.0,0.00037839999981770234,0
702,0.00039950000018507126,0.0,0.0004007000000001426,0
703,0.00035840000009557116,0.0,0.0003596999999899708,0
704,0.0003710999999384512,0.0,0.00037229999998089625,0
705,0.00033710000002429297,0.0,0.00033839999991869263,0
706,0.00033400000006622577,0.0,0.0003352000001086708,0
707,0.00037380000003395253,0.0,0.00037489999999706924,0
708,0.0003341000001455541,0.0,0.0003351000000293425,0
709,0.00033229999985451286,0.0,0.0003334999998969579,0
710,0.0003569000000425149,0.0,0.0003580999998575862,0
711,0.00028810000003431924,0.0,0.0002894000001560926,0
712,0.0002867999999125459,0.0,0.0002878999998756626,0
713,0.0003222000000278058,0.0,0.0003232999999909225,0
714,0.0002856999999494292,0.0,0.0002868000001399196,0
715,0.0002855999998701009,0.0,0.0002868999999918742,0
716,0.0003071000001000357,0.0,0.0003083000001424807,0
717,0.00029900000004090543,0.0,0.00030020000008335046,0
718,0.00028670000006059126,0.0,0.000287800000023708,0
719,0.0002868000001399196,0.0,0.00028810000003431924,0
720,0.00032360000000153377,0.0,0.0003247999998166051,0
721,0.0002879000001030363,0.0,0.000289000000066153,0
722,0.0002873000000818138,0.0,0.00028849999989688513,0
723,0.0003245999998853222,0.0,0.0003259000000070955,0
724,0.00028649999990193464,0.0,0.00028769999994437967,0
725,0.0002874000001611421,0.0,0.00028849999989688513,0
726,0.00032609999993837846,0.0,0.0003272999999808235,0
727,0.0002908999999817752,0.0,0.0002922000001035485,0
728,0.00028810000003431924,0.0,0.00028930000007676426,0
729,0.00030889999993632955,0.0,0.0003102000000581029,0
730,0.0004183999999440857,0.0,0.0004196999998384854,0
731,0.00037560000009762007,0.0,0.00037689999999201973,0
732,0.000362799999948038,0.0,0.0003640999998424377,0
733,0.00029289999997672567,0.0,0.000294200000098499,0
734,0.00028720000000248547,0.0,0.0002884000000449305,0
735,0.0003254000000652013,0.0,0.000326500000028318,0
736,0.0002873999999337684,0.0,0.00028859999997621344,0
737,0.0002868999999918742,0.0,0.00028820000011364755,0
738,0.00032260000011774537,0.0,0.0003236999998534884,0
739,0.00030779999997321283,0.0,0.0003090999998676125,0
740,0.00033660000008239876,0.0,0.0003377999998974701,0
741,0.00032609999993837846,0.0,0.0003271999999014952,0
742,0.00028980000001865847,0.0,0.0002910000000611035,0
743,0.00028769999994437967,0.0,0.0002887999999074964,0
744,0.0003071000001000357,0.0,0.00030839999999443535,0
745,0.0003060999999888736,0.0,0.000307200000179364,0
746,0.000289000000066153,0.0,0.00029019999988122436,0
747,0.0002879999999549909,0.0,0.00028919999999743595,0
748,0.00032390000001214503,0.0,0.0003251999999065447,0
749,0.00029539999991357035,0.0,0.00029650000010406075,0
750,0.00029109999991305813,0.0,0.00029229999995550315,0
751,0.0003263000000970351,0.0,0.00032749999991210643,0
752,0.00028959999986000184,0.0,0.00029080000012982055,0
753,0.0002884000000449305,0.0,0.00028959999986000184,0
754,0.00032570000007581257,0.0,0.00032699999997021223,0
755,0.00028870000005554175,0.0,0.0002899000000979868,0
756,0.00028859999997621344,0.0,0.00028969999993933016,0
757,0.00030779999997321283,0.0,0.00030910000009498617,0
758,0.0003060999999888736,0.0,0.00030730000003131863,0
759,0.00028959999986000184,0.0,0.00029070000005049224,0
760,0.000287800000023708,0.0,0.0002888999999868247,0
761,0.00032410000017080165,0.0,0.000325299999985873,0
762,0.00028659999998126295,0.0,0.000287800000023708,0
763,0.00028610000003936875,0.0,0.00028720000000248547,0
764,0.00032310000005963957,0.0,0.0003242000000227563,0
765,0.0002854000001661916,0.0,0.00028639999982260633,0
766,0.0002830999999332562,0.0,0.0002842000001237466,0
767,0.00031930000000102154,0.0,0.00032050000004346657,0
768,0.00028459999998631247,0.0,0.00028589999988071213,0
769,0.0002842000001237466,0.0,0.00028550000001814624,0
770,0.0002847999999175954,0.0,0.00028599999996004044,0
771,0.00032089999990603246,0.0,0.00032200000009652285,0
772,0.00028399999996508996,0.0,0.00028509999992820667,0
773,0.0002847999999175954,0.0,0.0002859000001080858,0
774,0.00032310000005963957,0.0,0.00032410000017080165,0
775,0.00028399999996508996,0.0,0.000285200000007535,0
776,0.0002847000000656408,0.0,0.0002859000001080858,0
777,0.00032080000005407783,0.0,0.00032200000009652285,0
778,0.00028599999996004044,0.0,0.00028720000000248547,0
779,0.00028459999998631247,0.0,0.0002856999999494292,0
780,0.00028659999998126295,0.0,0.00028769999994437967,0
781,0.0003917999999885069,0.0,0.00039299999980357825,0
782,0.000307099999872662,0.0,0.00030829999991510704,0
783,0.00029549999999289867,0.0,0.0002967999998872983,0
784,0.00032699999997021223,0.0,0.00032820000001265726,0
785,0.00035150000007888593,0.0,0.0003526999998939573,0
786,0.0003553999999894586,0.0,0.0003566000000319036,0
787,0.0003526999998939573,0.0,0.0003540000000157306,0
788,0.0003522999998040177,0.0,0.0003535000000738364,0
789,0.00035669999988385825,0.0,0.0003580000000056316,0
790,0.0003527999999732856,0.0,0.000353900000163776,0
791,0.00035249999996267434,0.0,0.000353799999857074,0
792,0.00036119999981565343,0.0,0.00036290000002736633,0
793,0.0005466000000069471,0.0,0.0005478999999013467,0
794,0.0003721000000496133,0.0,0.0003733000000920583,0
795,0.00034949999985656177,0.0,0.0003507000001263805,0
796,0.0002989000001889508,0.0,0.00030010000000402215,0
797,0.0003036000000520289,0.0,0.00030480000009447394,0
798,0.00029640000002473244,0.0,0.0002976999999191321,0
799,0.0002973000000565662,0.00010610000003907771,0.001969600000165883,1
800,0.0008643000001029577,0.0,0.0008659999998599233,0
801,0.0003583999998681975,0.0,0.0003596999999899708,0
802,0.0003179999998792482,0.0,0.00031930000000102154,0
803,0.0003004000000146334,0.0,0.00030160000005707843,0
804,0.0002951999999822874,0.0,0.00029650000010406075,0
805,0.00029180000001360895,0.0,0.0002930999999080086,0
806,0.00030110000011518423,0.0,0.00030220000007830095,0
807,0.00029029999996055267,0.0,0.0002915000000029977,0
808,0.00029029999996055267,0.0,0.000291600000082326,0
809,0.0003076999998938845,0.0,0.00030889999993632955,0
810,0.00029330000006666523,0.0,0.0002945999999610649,0
811,0.0002911000001404318,0.0,0.00029229999995550315,0
812,0.0002993000000515167,0.0,0.0003005000000939617,0
813,0.0002925999999661144,0.0,0.00029380000000855944,0
814,0.0002965999999560154,0.0,0.0002977999999984604,0
815,0.0002899999999499414,0.0,0.00029119999999238644,0
816,0.00030259999994086684,0.0,0.00030370000013135723,0
817,0.0002908999999817752,0.0,0.0002921000000242202,0
818,0.0002901000000292697,0.0,0.00029119999999238644,0
819,0.00031300000000555883,0.0,0.00031409999996867555,0
820,0.00029020000010859803,0.0,0.0002913999999236694,0
821,0.00028980000001865847,0.0,0.0002908999999817752,0
822,0.00035460000003695313,0.0,0.00035580000007939816,0
823,0.00030680000008942443,0.0,0.00030790000005254115,0
824,0.00028810000003431924,0.0,0.00028930000007676426,0
825,0.00029539999991357035,0.0,0.00029660000018338906,0
826,0.00028819999988627387,0.0,0.00028930000007676426,0
827,0.00028659999998126295,0.0,0.00028769999994437967,0
828,0.00028670000006059126,0.0,0.0002879000001030363,0
829,0.00029539999991357035,0.0,0.0002965999999560154,0
830,0.0002853000000868633,0.0,0.0002862999999706517,0
831,0.000285200000007535,0.0,0.00028640000004998,0
832,0.00029440000002978195,0.0,0.00029549999999289867,0
833,0.00029180000001360895,0.0,0.00029279999989739736,0
834,0.00028560000009747455,0.0,0.0002867999999125459,0
835,0.0003142999998999585,0.0,0.0003155000001697772,0
836,0.00030170000013640674,0.0,0.0003028999999514781,0
837,0.0002862999999706517,0.0,0.0002873999999337684,0
838,0.00031990000002224406,0.0,0.0003210999998373154,0
839,0.00029799999992974335,0.0,0.000299299999824143,0
840,0.00028710000015053083,0.0,0.00028819999988627387,0
841,0.00028810000003431924,0.0,0.00028919999999743595,0
842,0.0002961000000141212,0.0,0.0002973000000565662,0
843,0.0002884000000449305,0.0,0.0002896000000873755,0
844,0.00028599999996004044,0.0,0.00028720000000248547,0
845,0.0002974000001358945,0.0,0.00029849999987163756,0
846,0.00028849999989688513,0.0,0.00028970000016670383,0
847,0.0002874000001611421,0.0,0.00028849999989688513,0
848,0.0002884000000449305,0.0,0.0002895000000080472,0
849,0.0002971999999772379,0.0,0.0002982999999403546,0
850,0.0002899000000979868,0.0,0.00029109999991305813,0
851,0.00028769999994437967,0.0,0.0002887999999074964,0
852,0.00029760000006717746,0.0,0.0002988000001096225,0
853,0.0002878999998756626,0.0,0.0002891000001454813,0
854,0.0002873999999337684,0.0,0.0002885000001242588,0
855,0.0002943000001778273,0.0,0.00029549999999289867,0
856,0.00029020000010859803,0.0,0.0002913999999236694,0
857,0.00028720000000248547,0.0,0.0002882999999656022,0
858,0.00028820000011364755,0.0,0.0002892999998493906,0
859,0.0002953000000616157,0.0,0.00029640000002473244,0
860,0.00028649999990193464,0.0,0.00028759999986505136,0
861,0.00028769999994437967,0.0,0.00028880000013487006,0
862,0.0002951000001303328,0.0,0.0002962999999454041,0
863,0.0002870000000712025,0.0,0.0002882999999656022,0
864,0.0002858000000287575,0.0,0.0002868999999918742,0
865,0.00028459999998631247,0.0,0.0002859000001080858,0
866,0.00028550000001814624,0.0,0.00028670000006059126,0
867,0.0002844000000550295,0.0,0.0002855999998701009,0
868,0.00028630000019802537,0.0,0.0002873999999337684,0
869,0.00030519999995703984,0.0,0.00030629999992015655,0
870,0.00028720000000248547,0.0,0.00028849999989688513,0
871,0.0002865000001293083,0.0,0.00028769999994437967,0
872,0.00032909999981711735,0.0,0.00033040000016626436,0
873,0.0002868999999918742,0.0,0.00028810000003431924,0
874,0.00028570000017680286,0.0,0.0002868999999918742,0
875,0.0002848000001449691,0.0,0.00028599999996004044,0
876,0.0003801999998813699,0.0,0.0003814000001511886,0
877,0.0002913999999236694,0.0,0.00029269999981806905,0
878,0.00030650000007881317,0.0,0.0003077000001212582,0
879,0.00029340000014599354,0.0,0.0002945999999610649,0
880,0.0002925999999661144,0.0,0.00029380000000855944,0
881,0.0002911000001404318,0.0,0.00029240000003483146,0
882,0.00029960000006212795,0.0,0.00030070000002524466,0
883,0.00029019999988122436,0.0,0.00029130000007171475,0
884,0.0002896000000873755,0.0,0.00029079999990244687,0
885,0.00030110000011518423,0.0,0.0003022999999302556,0
886,0.0002899000000979868,0.0,0.0002909999998337298,0
887,0.0002874000001611421,0.0,0.00028870000005554175,0
888,0.0002953000000616157,0.0,0.0002965999999560154,0
889,0.0002895000000080472,0.0,0.00029069999982311856,0
890,0.0002867999999125459,0.0,0.0002880000001823646,0
891,0.000287800000023708,0.0,0.000289000000066153,0
892,0.0002983000001677283,0.0,0.00029960000006212795,0
893,0.0003091999999469408,0.0,0.00031039999998938583,0
894,0.0003297999999176682,0.0,0.0003311000000394415,0
895,0.00031050000006871414,0.0,0.0003117999999631138,0
896,0.0002977999999984604,0.0,0.00029899999981353176,0
897,0.00029640000002473244,0.0,0.00029749999998784915,0
898,0.0003053999998883228,0.0,0.00030650000007881317,0
899,0.0002956999999241816,0.00010480000014467805,0.001481199999943783,1
900,0.0004326999999193504,0.0,0.000434100000120452,0
901,0.0003377999998974701,0.0,0.00033899999993991514,0
902,0.00031869999997979903,0.0,0.00031990000002224406,0
903,0.00031990000002224406,0.0,0.0003211999999166437,0
904,0.00030650000007881317,0.0,0.0003075999998145562,0
905,0.00030180000021573505,0.0,0.0003028999999514781,0
906,0.000309699999888835,0.0,0.00031100000001060835,0
907,0.0003004000000146334,0.0,0.00030170000013640674,0
908,0.0003024000000095839,0.0,0.00030369999990398355,0
909,0.00029989999984536553,0.0,0.0003010000000358559,0
910,0.00031100000001060835,0.0,0.00031220000005305337,0
911,0.0002997999999934109,0.0,0.00030109999988781055,0
912,0.0002967999998872983,0.0,0.00029810000000907166,0
913,0.0003201000001809007,0.0,0.00032129999999597203,0
914,0.0002993999999034713,0.0,0.00030059999994591635,0
915,0.0002971999999772379,0.0,0.0002983000001677283,0
916,0.00032390000001214503,0.0,0.00032510000005459005,0
917,0.0003036000000520289,0.0,0.00030479999986710027,0
918,0.0003014999999777501,0.0,0.0003027999998721498,0
919,0.0003074999999626016,0.0,0.00030879999985700124,0
920,0.0003002999999353051,0.0,0.0003014999999777501,0
921,0.00030070000002524466,0.0,0.000301899999840316,0
922,0.0003203000001121836,0.0,0.00032150000015462865,0
923,0.00034430000005158945,0.0,0.0003454999998666608,0
924,0.00034379999988232157,0.0,0.0003455000000940345,0
925,0.0003285000000232685,0.0,0.00032969999983833986,0
926,0.00031010000020614825,0.0,0.00031149999995250255,0
927,0.0003005000000939617,0.0,0.00030169999990903307,0
928,0.0003080999999838241,0.0,0.00030939999987822375,0
929,0.0002956999999241816,0.0,0.00029699999981858127,0
930,0.0002961000000141212,0.0,0.0002974000001358945,0
931,0.0003374000000349042,0.0,0.0003385999998499756,0
932,0.00034320000008847273,0.0,0.0003444999999828724,0
933,0.00033529999996062543,0.0,0.00033639999992374214,0
934,0.0003446000000622007,0.0,0.0003457000000253174,0
935,0.00033660000008239876,0.0,0.0003377000000455155,0
936,0.00033490000009805954,0.0,0.0003359999998338026,0
937,0.0003465999998297775,0.0,0.0003478000000995962,0
938,0.0003300000000763248,0.0,0.00033140000005005277,0
939,0.00032880000003387977,0.0,0.0003301000001556531,0
940,0.0003687999999328895,0.0,0.0003701000000546628,0
941,0.0003306000000975473,0.0,0.00033180000013999233,0
942,0.00029989999984536553,0.0,0.00030120000019451254,0
943,0.0003077000001212582,0.0,0.00030889999993632955,0
944,0.00029999999992469384,0.0,0.0003012999998190935,0
945,0.0002987000000302942,0.0,0.00029999999992469384,0
946,0.0003139000000373926,0.0,0.00031510000007983763,0
947,0.000299299999824143,0.0,0.0003005000000939617,0
948,0.0002988000001096225,0.0,0.00029989999984536553,0
949,0.00030990000004749163,0.0,0.00031100000001060835,0
950,0.00030160000005707843,0.0,0.00030280000009952346,0
951,0.00029899999981353176,0.0,0.00030020000008335046,0
952,0.0003071000001000357,0.0,0.00030839999999443535,0
953,0.00029689999996662664,0.0,0.00029810000000907166,0
954,0.0002982000000884,0.0,0.0002993999999034713,0
955,0.0002967000000353437,0.0,0.00029799999992974335,0
956,0.00030790000005254115,0.0,0.00030910000009498617,0
957,0.00029689999996662664,0.0,0.00029810000000907166,0
958,0.0002956999999241816,0.0,0.0002969000001940003,0
959,0.0003231999999115942,0.0,0.00032439999995403923,0
960,0.0002988999999615771,0.0,0.00030010000000402215,0
961,0.00029660000018338906,0.0,0.0002977999999984604,0
962,0.00030590000005759066,0.0,0.0003071999999519903,0
963,0.00029710000012528326,0.0,0.0002982999999403546,0
964,0.00029640000002473244,0.0,0.00029749999998784915,0
965,0.00030600000013691897,0.0,0.00030730000003131863,0
966,0.0003000000001520675,0.0,0.00030109999988781055,0
967,0.0002977999999984604,0.0,0.0002988999999615771,0
968,0.00029749999998784915,0.0,0.0002987000000302942,0
969,0.0003056000000469794,0.0,0.00030689999994137906,0
970,0.00030010000000402215,0.0,0.0003012999998190935,0
971,0.0002995000002101733,0.0,0.00030070000002524466,0
972,0.00034690000006776245,0.0,0.0003481000001102075,0
973,0.0002993999999034713,0.0,0.00030059999994591635,0
974,0.00030290000017885177,0.0,0.0003040999999939231,0
975,0.0003056000000469794,0.0,0.00030679999986205075,0
976,0.00029710000012528326,0.0,0.0002984000000196829,0
977,0.0002958000000035099,0.0,0.00029700000004595495,0
978,0.00030330000004141766,0.0,0.0003045999999358173,0
979,0.0002973000000565662,0.0,0.00029849999987163756,0
980,0.000296800000114672,0.0,0.00029799999992974335,0
981,0.0003039999999145948,0.0,0.00030530000003636815,0
982,0.00029749999998784915,0.0,0.0002987999998822488,0
983,0.00029669999980797,0.0,0.0002979000000777887,0
984,0.00029760000006717746,0.0,0.00029900000004090543,0
985,0.00030990000004749163,0.0,0.000311099999862563,0
986,0.0002982999999403546,0.0,0.00029949999998279964,0
987,0.0002961000000141212,0.0,0.0002973000000565662,0
988,0.0003076000000419299,0.0,0.00030879999985700124,0
989,0.00029739999990852084,0.0,0.00029850000009901123,0
990,0.00029900000004090543,0.0,0.00030030000016267877,0
991,0.0003045000000838627,0.0,0.0003057000001263077,0
992,0.0002993000000515167,0.0,0.00030059999994591635,0
993,0.0002983000001677283,0.0,0.00029949999998279964,0
994,0.00030369999990398355,0.0,0.0003050000000257569,0
995,0.0002971999999772379,0.0,0.00029849999987163756,0
996,0.00029700000004595495,0.0,0.00029810000000907166,0
997,0.0002965999999560154,0.0,0.0002977999999984604,0
998,0.0003071999999519903,0.0,0.00030829999991510704,0
999,0.0002979000000777887,0.00010380000003351597,0.001604799999995521,1
1000,0.0005103999999391817,0.0,0.0005115999999816268,0
1001,0.00038429999995059916,0.0,0.0003854999999930442,0
1002,0.00041230000010727963,0.0,0.0004136000000016793,0
1003,0.00034060000007229974,0.0,0.00034180000011474476,0
1004,0.0003469999999197171,0.0,0.00034829999981411675,0
1005,0.0003314999999020074,0.0,0.00033280000002378074,0
1006,0.00032880000003387977,0.0,0.0003301000001556531,0
1007,0.00033239999993384117,0.0,0.0003337000000556145,0
1008,0.00032699999997021223,0.0,0.00032830000009198557,0
1009,0.00032980000014504185,0.0,0.0003311000000394415,0
1010,0.00033229999985451286,0.0,0.0003334999998969579,0
1011,0.0003289999999651627,0.0,0.00033009999992827943,0
1012,0.000326699999959601,0.0,0.0003277999999227177,0
1013,0.0003320999999232299,0.0,0.0003333000001930486,0
1014,0.000327900000002046,0.0,0.00032909999981711735,0
1015,0.0003257999999277672,0.0,0.00032699999997021223,0
1016,0.0004515000000537839,0.0,0.0004526000000169006,0
1017,0.0003285000000232685,0.0,0.00032970000006571354,0
1018,0.0003312000001187698,0.0,0.0003325000000131695,0
1019,0.00032809999993332895,0.0,0.00032929999997577397,0
1020,0.00032880000003387977,0.0,0.0003301000001556531,0
1021,0.00033230000008188654,0.0,0.0003337000000556145,0
1022,0.0003286000001025968,0.0,0.0003297999999176682,0
1023,0.00034640000012586825,0.0,0.00034760000016831327,0
1024,0.00032749999991210643,0.0,0.0003286000001025968,0
1025,0.0003243000001020846,0.0,0.00032539999983782764,0
1026,0.00032830000009198557,0.0,0.0003294999999070569,0
1027,0.00032390000001214503,0.0,0.00032510000005459005,0
1028,0.0003237999999328167,0.0,0.00032499999997526174,0
1029,0.00032749999991210643,0.0,0.0003286000001025968,0
1030,0.00032439999995403923,0.0,0.0003255000001445296,0
1031,0.00032499999997526174,0.0,0.00032620000001770677,0
1032,0.0003294000000551023,0.0,0.00033059999987017363,0
1033,0.00032289999990098295,0.0,0.000324099999943428,0
1034,0.00032260000011774537,0.0,0.0003236999998534884,0
1035,0.000326699999959601,0.0,0.0003277999999227177,0
1036,0.0003840000001673616,0.0,0.00038530000006176124,0
1037,0.0003232999999909225,0.0,0.00035259999981462897,0
1038,0.0003250999998272164,0.0,0.00032620000001770677,0
1039,0.0003221999998004321,0.0,0.0003234000000702508,0
1040,0.00032699999997021223,0.0,0.00032820000001265726,0
1041,0.00032360000000153377,0.0,0.0003246999999646505,0
1042,0.00032339999984287715,0.0,0.0003246999999646505,0
1043,0.0003346999999394029,0.0,0.0003359999998338026,0
1044,0.0003245999998853222,0.0,0.0003258000001551409,0
1045,0.00032520000013391837,0.0,0.000326500000028318,0
1046,0.000326699999959601,0.0,0.000327900000002046,0
1047,0.0003223000001071341,0.0,0.00032350000014957914,0
1048,0.00032390000001214503,0.0,0.0003251999999065447,0
1049,0.000327900000002046,0.0,0.00032920000012381934,0
1050,0.0003236999998534884,0.0,0.0003249000001233071,0
1051,0.00032239999995908875,0.0,0.00032350000014957914,0
1052,0.0003268999998908839,0.0,0.00032820000001265726,0
1053,0.0003234000000702508,0.0,0.0003246999999646505,0
1054,0.00032450000003336754,0.0,0.0003257999999277672,0
1055,0.00032299999998031126,0.0,0.0003242999998747109,0
1056,0.0003232000001389679,0.0,0.00032439999995403923,0
1057,0.00032390000001214503,0.0,0.0003251999999065447,0
1058,0.0003232999999909225,0.0,0.00032439999995403923,0
1059,0.0003229000001283566,0.0,0.000324099999943428,0
1060,0.0003776999999445252,0.0,0.00037899999983892485,0
1061,0.00032400000009147334,0.0,0.00032539999983782764,0
1062,0.0003232999999909225,0.0,0.0003246999999646505,0
1063,0.0003270000001975859,0.0,0.00032809999993332895,0
1064,0.00032339999984287715,0.0,0.00032460000011269585,0
1065,0.0003211000000646891,0.0,0.00032229999987976043,0
1066,0.0003269000001182576,0.0,0.00032820000001265726,0
1067,0.0003242000000227563,0.0,0.0003254000000652013,0
1068,0.00032609999993837846,0.0,0.0003274000000601518,0
1069,0.00032179999993786623,0.0,0.00032310000005963957,0
1070,0.0003217000000859116,0.0,0.00032299999998031126,0
1071,0.00032439999995403923,0.0,0.0003256999998484389,0
1072,0.00032339999984287715,0.0,0.0003245999998853222,0
1073,0.00032190000001719454,0.0,0.0003230999998322659,0
1074,0.00032499999997526174,0.0,0.00032620000001770677,0
1075,0.00032179999993786623,0.0,0.0003231999999115942,0
1076,0.00032510000005459005,0.0,0.0003262999998696614,0
1077,0.0003271999999014952,0.0,0.0003285000000232685,0
1078,0.0003222000000278058,0.0,0.0003232999999909225,0
1079,0.0003222000000278058,0.0,0.0003232999999909225,0
1080,0.0003297999999176682,0.0,0.0003310000001874869,0
1081,0.00032129999999597203,0.0,0.00032250000003841706,0
1082,0.0003206999999747495,0.0,0.0003219999998691492,0
1083,0.00037909999991825316,0.0,0.00038030000018807186,0
1084,0.0003224000001864624,0.0,0.00032360000000153377,0
1085,0.00033749999988685886,0.0,0.0003386999999293039,0
1086,0.00032299999998031126,0.0,0.000324099999943428,0
1087,0.0003219999998691492,0.0,0.00032310000005963957,0
1088,0.0003246999999646505,0.0,0.0003260000000864238,0
1089,0.0003209999999853608,0.0,0.0003222000000278058,0
1090,0.00032360000000153377,0.0,0.00032489999989593343,0
1091,0.00032749999991210643,0.0,0.00032870000018192513,0
1092,0.0003209999999853608,0.0,0.0003222000000278058,0
1093,0.00032080000005407783,0.0,0.00032190000001719454,0
1094,0.0003243000001020846,0.0,0.00032559999999648426,0
1095,0.00031969999986358744,0.0,0.00032089999990603246,0
1096,0.00032089999990603246,0.0,0.0003221999998004321,0
1097,0.0003247999998166051,0.0,0.00032620000001770677,0
1098,0.0003204999998160929,0.0,0.0003218000001652399,0
1099,0.0003211000000646891,0.00015140000004976173,0.0017053000001396867,1
1100,0.00047470000004068424,0.0,0.0004758999998557556,0
1101,0.0004362000001947308,0.0,0.0004375999999410851,0
1102,0.0003741999998965184,0.0,0.00037550000001829176,0
1103,0.0003335999999762862,0.0,0.0003348000000187312,0
1104,0.0003257999999277672,0.0,0.00032699999997021223,0
1105,0.00032559999999648426,0.0,0.000326699999959601,0
1106,0.0003263999999489897,0.0,0.0003276999998433894,0
1107,0.00035769999999502033,0.0,0.0003588000001855107,0
1108,0.0003246999999646505,0.0,0.0003259000000070955,0
1109,0.0003604999999424763,0.0,0.00036160000013296667,0
1110,0.00032360000000153377,0.0,0.0003246999999646505,0
1111,0.0003302999998595624,0.0,0.0003315000001293811,0
1112,0.00035859999979948043,0.0,0.00035980000006929913,0
1113,0.00032360000000153377,0.0,0.0003246999999646505,0
1114,0.00035669999988385825,0.0,0.0003580000000056316,0
1115,0.000325299999985873,0.0,0.000326500000028318,0
1116,0.00032299999998031126,0.0,0.0003243000001020846,0
1117,0.00036090000003241585,0.0,0.00036210000007486087,0
1118,0.00032289999990098295,0.0,0.00032399999986409966,0
1119,0.00032310000005963957,0.0,0.0003242999998747109,0
1120,0.0003580999998575862,0.0,0.00035939999997935956,0
1121,0.00032349999992220546,0.0,0.0003248000000439788,0
1122,0.00032360000000153377,0.0,0.0003248000000439788,0
1123,0.00034159999995608814,0.0,0.0003428999998504878,0
1124,0.0003672999998798332,0.0,0.0003684999999222782,0
1125,0.00035930000012740493,0.0,0.0003604999999424763,0
1126,0.00032250000003841706,0.0,0.0003237000000808621,0
1127,0.0003225999998903717,0.0,0.0003238000001601904,0
1128,0.00036100000011174416,0.0,0.0003622000001541892,0
1129,0.00032229999987976043,0.0,0.00032349999992220546,0
1130,0.00032289999990098295,0.0,0.000324099999943428,0
1131,0.0003601000000799104,0.0,0.00036139999997431005,0
1132,0.0003241999997953826,0.0,0.0003255000001445296,0
1133,0.0003573999999844091,0.0,0.0003586000000268541,0
1134,0.0003248000000439788,0.0,0.0003260000000864238,0
1135,0.0003220999999484775,0.0,0.00032339999984287715,0
1136,0.0003581000000849599,0.0,0.0003595000000586879,0
1137,0.00032489999989593343,0.0,0.00032620000001770677,0
1138,0.0003229000001283566,0.0,0.000324099999943428,0
1139,0.0003590999999687483,0.0,0.0003604999999424763,0
1140,0.0003231999999115942,0.0,0.00032439999995403923,0
1141,0.00032310000005963957,0.0,0.00032439999995403923,0
1142,0.00033999999982370355,0.0,0.00034120000009352225,0
1143,0.00032129999999597203,0.0,0.0003224999998110434,0
1144,0.00035819999993691454,0.0,0.0003596999999899708,0
1145,0.00032489999989593343,0.0,0.00032609999993837846,0
1146,0.00032050000004346657,0.0,0.0003216000000065833,0
1147,0.0003569000000425149,0.0,0.0003580999998575862,0
1148,0.0003193999998529762,0.0,0.0003206999999747495,0
1149,0.0003199999998741987,0.0,0.0003212000001440174,0
1150,0.000357599999915692,0.0,0.0003587000001061824,0
1151,0.0003204999998160929,0.0,0.0003218000001652399,0
1152,0.00032399999986409966,0.0,0.000325299999985873,0
1153,0.00033759999996618717,0.0,0.0003386999999293039,0
1154,0.0003242000000227563,0.0,0.00032539999983782764,0
1155,0.00035780000007434865,0.0,0.00035899999988942,0
1156,0.000324099999943428,0.0,0.00032539999983782764,0
1157,0.00032200000009652285,0.0,0.0003231999999115942,0
1158,0.00035850000017489947,0.0,0.0003596000001380162,0
1159,0.0003234000000702508,0.0,0.00032450000003336754,0
1160,0.00032179999993786623,0.0,0.00032289999990098295,0
1161,0.0003587000001061824,0.0,0.00035980000006929913,0
1162,0.00032140000007530034,0.0,0.0003226999999697,0
1163,0.0003216999998585379,0.0,0.0003229000001283566,0
1164,0.0003423999999085936,0.0,0.0003436000001784123,0
1165,0.0003211999999166437,0.0,0.00032250000003841706,0
1166,0.00035939999997935956,0.0,0.0003606000000218046,0
1167,0.00032820000001265726,0.0,0.00032959999998638523,0
1168,0.0003234000000702508,0.0,0.0003246999999646505,0
1169,0.0003587000001061824,0.0,0.00035990000014862744,0
1170,0.0004177999999228632,0.0,0.00041910000004463654,0
1171,0.00035989999992125377,0.0,0.0003612000000430271,0
1172,0.00032449999980599387,0.0,0.00032570000007581257,0
1173,0.0003242000000227563,0.0,0.00032549999991715595,0
1174,0.0003907000000253902,0.0,0.00039199999991978984,0
1175,0.0003248000000439788,0.0,0.00032599999985905015,0
1176,0.0003246999999646505,0.0,0.00032599999985905015,0
1177,0.00035769999999502033,0.0,0.00035890000003746536,0
1178,0.0003224000001864624,0.0,0.00032360000000153377,0
1179,0.0003636999999798718,0.0,0.00036499999987427145,0
1180,0.0003762000001188426,0.0,0.0003774000001612876,0
1181,0.00032260000011774537,0.0,0.00032390000001214503,0
1182,0.0003566000000319036,0.0,0.00035780000007434865,0
1183,0.00032410000017080165,0.0,0.000325299999985873,0
1184,0.0003217000000859116,0.0,0.0003229000001283566,0
1185,0.0003608000001804612,0.0,0.00036210000007486087,0
1186,0.0003237999999328167,0.0,0.00032510000005459005,0
1187,0.0003222000000278058,0.0,0.0003234000000702508,0
1188,0.00036990000012337987,0.0,0.0003710999999384512,0
1189,0.0003272999999808235,0.0,0.0003286000001025968,0
1190,0.0003578999999263033,0.0,0.0003590999999687483,0
1191,0.00032250000003841706,0.0,0.0003237000000808621,0
1192,0.0003309999999601132,0.0,0.00033229999985451286,0
1193,0.00036039999986314797,0.0,0.000361599999905593,0
1194,0.0003232999999909225,0.0,0.00032450000003336754,0
1195,0.00032299999998031126,0.0,0.0003242000000227563,0
1196,0.0003595000000586879,0.0,0.0003606999998737592,0
1197,0.00032260000011774537,0.0,0.0003237999999328167,0
1198,0.00032310000005963957,0.0,0.0003242000000227563,0
1199,0.00033499999995001417,0.0001498000001447508,0.0016760000000886066,1
1200,0.00047099999983402085,0.0,0.0004721999998764659,0
1201,0.0003486999999040563,0.0,0.0003498000000945467,0
1202,0.00033189999999194697,0.0,0.0003330999998070183,0
1203,0.00036610000006476184,0.0,0.0003673999999591615,0
1204,0.0003268000000389293,0.0,0.0003280000000813743,0
1205,0.0003623000000061438,0.0,0.0003635999999005435,0
1206,0.0003255000001445296,0.0,0.00032659999988027266,0
1207,0.00032549999991715595,0.0,0.0003268000000389293,0
1208,0.0003604999999424763,0.0,0.00036179999983687594,0
1209,0.0003234000000702508,0.0,0.0003245999998853222,0
1210,0.0003226999999697,0.0,0.00032390000001214503,0
1211,0.0003259000000070955,0.0,0.0003272999999808235,0
1212,0.00032400000009147334,0.0,0.000325299999985873,0
1213,0.0003237000000808621,0.0,0.00032499999997526174,0
1214,0.000325299999985873,0.0,0.000326500000028318,0
1215,0.0003223000001071341,0.0,0.00032360000000153377,0
1216,0.00032190000001719454,0.0,0.0003231999999115942,0
1217,0.00032250000003841706,0.0,0.0003237999999328167,0
1218,0.0003209999999853608,0.0,0.0003223000001071341,0
1219,0.00032450000003336754,0.0,0.00032570000007581257,0
1220,0.0003243000001020846,0.0,0.00032539999983782764,0
1221,0.00032450000003336754,0.0,0.00032570000007581257,0
1222,0.00032720000012886885,0.0,0.0003283999999439402,0
1223,0.00032260000011774537,0.0,0.0003237999999328167,0
1224,0.00032460000011269585,0.0,0.0003259000000070955,0
1225,0.00032759999999143474,0.0,0.00032880000003387977,0
1226,0.0003242000000227563,0.0,0.000325299999985873,0
1227,0.0003234000000702508,0.0,0.0003245999998853222,0
1228,0.000390200000083496,0.0,0.00039139999989856733,0
1229,0.00032289999990098295,0.0,0.000324099999943428,0
1230,0.0003217000000859116,0.0,0.00034279999999853317,0
1231,0.0003216000000065833,0.0,0.00032279999982165464,0
1232,0.00032190000001719454,0.0,0.00032310000005963957,0
1233,0.000324099999943428,0.0,0.0003251999999065447,0
1234,0.0003219999998691492,0.0,0.0003232000001389679,0
1235,0.0003211999999166437,0.0,0.00032239999995908875,0
1236,0.00035519999983080197,0.0,0.000356500000179949,0
1237,0.0003216000000065833,0.0,0.00032279999982165464,0
1238,0.0003222000000278058,0.0,0.0003234000000702508,0
1239,0.0003595999999106425,0.0,0.00036089999980504217,0
1240,0.00032129999999597203,0.0,0.00032239999995908875,0
1241,0.00032299999998031126,0.0,0.0003242000000227563,0
1242,0.0003337000000556145,0.0,0.00033499999995001417,0
1243,0.00032100000021273445,0.0,0.0003220999999484775,0
1244,0.0003218000001652399,0.0,0.00032299999998031126,0
1245,0.00032129999999597203,0.0,0.0003225999998903717,0
1246,0.00032250000003841706,0.0,0.0003238000001601904,0
1247,0.000324099999943428,0.0,0.000325299999985873,0
1248,0.00032279999982165464,0.0,0.00032390000001214503,0
1249,0.00032050000004346657,0.0,0.0003216000000065833,0
1250,0.0003238000001601904,0.0,0.00032510000005459005,0
1251,0.00031990000002224406,0.0,0.0003209999999853608,0
1252,0.0003218000001652399,0.0,0.00032299999998031126,0
1253,0.0003242000000227563,0.0,0.000325299999985873,0
1254,0.0003206000001227949,0.0,0.0003218000001652399,0
1255,0.0003209999999853608,0.0,0.0003220999999484775,0
1256,0.00032759999999143474,0.0,0.00032869999995455146,0
1257,0.00032200000009652285,0.0,0.00032310000005963957,0
1258,0.0003658000000541506,0.0,0.00036709999994855025,0
1259,0.00032660000010764634,0.0,0.000327900000002046,0
1260,0.0003237000000808621,0.0,0.0003248000000439788,0
1261,0.0003257999999277672,0.0,0.0003269000001182576,0
1262,0.0003219999998691492,0.0,0.0003232999999909225,0
1263,0.0003199999998741987,0.0,0.00032140000007530034,0
1264,0.000326500000028318,0.0,0.00032759999999143474,0
1265,0.0003206999999747495,0.0,0.0003218000001652399,0
1266,0.00036609999983738817,0.0,0.0003675000000384898,0
1267,0.000327900000002046,0.0,0.00032919999989644566,0
1268,0.0003220999999484775,0.0,0.00032339999984287715,0
1269,0.00032349999992220546,0.0,0.00032460000011269585,0
1270,0.00036100000011174416,0.0,0.0003621999999268155,0
1271,0.0003231999999115942,0.0,0.0003243000001020846,0
1272,0.00032140000007530034,0.0,0.0003225999998903717,0
1273,0.00037810000003446476,0.0,0.0003792999998495361,0
1274,0.0003228000000490283,0.0,0.00032400000009147334,0
1275,0.00032599999985905015,0.0,0.0003272999999808235,0
1276,0.00032310000005963957,0.0,0.0003244000001814129,0
1277,0.0003227000001970737,0.0,0.00032390000001214503,0
1278,0.0003251999999065447,0.0,0.0003263999999489897,0
1279,0.0003216999998585379,0.0,0.00032289999990098295,0
1280,0.0003220999999484775,0.0,0.0003232999999909225,0
1281,0.00032410000017080165,0.0,0.000325299999985873,0
1282,0.00032140000007530034,0.0,0.0003225999998903717,0
1283,0.00032039999996413826,0.0,0.0003216999998585379,0
1284,0.00033090000010815857,0.0,0.0003322000000025582,0
1285,0.00032250000003841706,0.0,0.0003237999999328167,0
1286,0.00032150000015462865,0.0,0.0003228000000490283,0
1287,0.00032360000000153377,0.0,0.0003248000000439788,0
1288,0.0003206999999747495,0.0,0.00032200000009652285,0
1289,0.00032539999983782764,0.0,0.00034700000014709076,0
1290,0.0003209999999853608,0.0,0.0003222000000278058,0
1291,0.0003199999998741987,0.0,0.0003211000000646891,0
1292,0.000325299999985873,0.0,0.000326500000028318,0
1293,0.0003202000000328553,0.0,0.00032140000007530034,0
1294,0.0003203000001121836,0.0,0.0003216999998585379,0
1295,0.00035420000017438724,0.0,0.0003555000000687869,0
1296,0.0003243000001020846,0.0,0.0003255000001445296,0
1297,0.0003222000000278058,0.0,0.0003234000000702508,0
1298,0.0003255000001445296,0.0,0.000326699999959601,0
1299,0.0003202000000328553,0.00014919999989615462,0.0016705000000456494,1
1300,0.0004716999999345717,0.0,0.0004728999999770167,0
1301,0.0003535000000738364,0.0,0.00035469999988890777,0
1302,0.00033499999995001417,0.0,0.00033629999984441383,0
1303,0.0003283999999439402,0.0,0.0003295000001344306,0
1304,0.0003254000000652013,0.0,0.00032649999980094435,0
1305,0.00032759999999143474,0.0,0.00032869999995455146,0
1306,0.0003237999999328167,0.0,0.0003249000001233071,0
1307,0.00032179999993786623,0.0,0.00032289999990098295,0
1308,0.00032710000004954054,0.0,0.00032820000001265726,0
1309,0.00032289999990098295,0.0,0.000324099999943428,0
1310,0.0003490999999939959,0.0,0.0003507000001263805,0
1311,0.0003219999998691492,0.0,0.00032310000005963957,0
1312,0.0003211999999166437,0.0,0.0003223000001071341,0
1313,0.0003578999999263033,0.0,0.0003590999999687483,0
1314,0.0003306000000975473,0.0,0.0003320000000712753,0
1315,0.000324099999943428,0.0,0.0003254000000652013,0
1316,0.0003288999998858344,0.0,0.00033020000000760774,0
1317,0.0003234000000702508,0.0,0.0003246999999646505,0
1318,0.0003238000001601904,0.0,0.00032510000005459005,0
1319,0.000359100000196122,0.0,0.00036030000001119333,0
1320,0.000321499999927255,0.0,0.0003227000001970737,0
1321,0.000320099999953527,0.0,0.00032129999999597203,0
1322,0.00034839999989344506,0.0,0.0003675000000384898,0
1323,0.00032039999996413826,0.0,0.0003217000000859116,0
1324,0.0003564000001006207,0.0,0.00035769999999502033,0
1325,0.0003211999999166437,0.0,0.0003224000001864624,0
1326,0.0003223000001071341,0.0,0.00032360000000153377,0
1327,0.00035729999990508077,0.0,0.00035840000009557116,0
1328,0.00031969999986358744,0.0,0.00032089999990603246,0
1329,0.00032019999980548164,0.0,0.00032140000007530034,0
1330,0.00035790000015367696,0.0,0.0003592000000480766,0
1331,0.00032100000021273445,0.0,0.0003220999999484775,0
1332,0.00032080000005407783,0.0,0.0003219999998691492,0
1333,0.00035719999982575246,0.0,0.00035850000017489947,0
1334,0.00032260000011774537,0.0,0.0003236999998534884,0
1335,0.0003561000000900094,0.0,0.00035729999990508077,0
1336,0.00032190000001719454,0.0,0.00032310000005963957,0
1337,0.0003223000001071341,0.0,0.00032360000000153377,0
1338,0.0003573999999844091,0.0,0.0003587000001061824,0
1339,0.00032079999982670415,0.0,0.00032210000017585116,0
1340,0.0003211000000646891,0.0,0.0003223000001071341,0
1341,0.0003573999999844091,0.0,0.0003586000000268541,0
1342,0.0003212000001440174,0.0,0.00032250000003841706,0
1343,0.00032140000007530034,0.0,0.0003225999998903717,0
1344,0.0003561000000900094,0.0,0.00035729999990508077,0
1345,0.0003220999999484775,0.0,0.0003234000000702508,0
1346,0.00035720000005312613,0.0,0.00035830000001624285,0
1347,0.0003217000000859116,0.0,0.00032289999990098295,0
1348,0.000321499999927255,0.0,0.0003228000000490283,0
1349,0.000354999999899519,0.0,0.00035619999994196405,0
1350,0.00032050000004346657,0.0,0.0003216000000065833,0
1351,0.00032039999996413826,0.0,0.0003216000000065833,0
1352,0.00035899999988942,0.0,0.0003601000000799104,0
1353,0.000321499999927255,0.0,0.0003226999999697,0
1354,0.0003194999999323045,0.0,0.00032079999982670415,0
1355,0.00035549999984141323,0.0,0.00035680000019056024,0
1356,0.00031930000000102154,0.0,0.0003205999998954212,0
1357,0.0003861000000142667,0.0,0.00038799999992988887,0
1358,0.0005725999999413034,0.0,0.0005743000001530163,0
1359,0.0005220000000463187,0.0,0.0005236999998032843,0
1360,0.0005072999999811145,0.0,0.00051050000001851,0
1361,0.0005297000000155094,0.0,0.0005313999999998487,0
1362,0.0004903999999896769,0.0,0.0004920999999740161,0
1363,0.000527300000157993,0.0,0.0005290999999942869,0
1364,0.0004844000000048254,0.0,0.00048600000013721,0
1365,0.000536700000111523,0.0,0.0005383999998684885,0
1366,0.00048459999993610836,0.0,0.00048630000014782127,0
1367,0.0005284000001211098,0.0,0.0005300999998780753,0
1368,0.0004915999998047482,0.0,0.0004933999998684158,0
1369,0.000528900000063004,0.0,0.0005305999998199695,0
1370,0.0004831999999623804,0.0,0.000484800000094765,0
1371,0.0005338999999366933,0.0,0.0005356000001484063,0
1372,0.00048609999998916464,0.0,0.00048779999997350387,0
1373,0.0005372999999053718,0.0,0.0005390999999690393,0
1374,0.0005022999998800515,0.0,0.0005039000000124361,0
1375,0.000504299999875002,0.0,0.0005060000000867149,0
1376,0.000514500000008411,0.0,0.0005161999999927502,0
1377,0.0005000000001018634,0.0,0.0005016000000068743,0
1378,0.0005217000000357075,0.0,0.000523500000099375,0
1379,0.0004894999999578431,0.0,0.000491200000169556,0
1380,0.000550999999859414,0.0,0.0005527000000711269,0
1381,0.00042849999999816646,0.0,0.00042989999997189443,0
1382,0.00031820000003790483,0.0,0.0003196000000116328,0
1383,0.0003285000000232685,0.0,0.00032970000006571354,0
1384,0.0002894000001560926,0.0,0.0002905999999711639,0
1385,0.00028760000009242503,0.0,0.0002886999998281681,0
1386,0.00032499999997526174,0.0,0.00032609999993837846,0
1387,0.0002879999999549909,0.0,0.00028909999991810764,0
1388,0.0002875000000130967,0.0,0.00028859999997621344,0
1389,0.0003228000000490283,0.0,0.00032400000009147334,0
1390,0.0002873000000818138,0.0,0.0002884000000449305,0
1391,0.0002867999999125459,0.0,0.00028810000003431924,0
1392,0.00031409999996867555,0.0,0.0003154999999424035,0
1393,0.00033499999995001417,0.0,0.0003363000000717875,0
1394,0.00028969999993933016,0.0,0.0002911000001404318,0
1395,0.0003057000001263077,0.0,0.00030690000016875274,0
1396,0.0003202000000328553,0.0,0.00032139999984792667,0
1397,0.000287800000023708,0.0,0.0002888999999868247,0
1398,0.00028399999996508996,0.0,0.00028509999992820667,0
1399,0.00032190000001719454,0.0001014000001759996,0.0017470999998749903,1
1400,0.0004139999998642452,0.0,0.0004152999999860185,0
1401,0.0003100999999787746,0.0,0.0003113000000212196,0
1402,0.00029900000004090543,0.0,0.00030010000000402215,0
1403,0.00033179999991261866,0.0,0.00033290000010310905,0
1404,0.00029330000006666523,0.0,0.00029450000010911026,0
1405,0.0002908999999817752,0.0,0.0002921000000242202,0
1406,0.0002900000001773151,0.0,0.00029119999999238644,0
1407,0.00032610000016575214,0.0,0.0003272999999808235,0
1408,0.0002882999999656022,0.0,0.0002896000000873755,0
1409,0.0002878999998756626,0.0,0.00028919999999743595,0
1410,0.00032349999992220546,0.0,0.0003246999999646505,0
1411,0.00028589999988071213,0.0,0.00028709999992315716,0
1412,0.00028710000015053083,0.0,0.0002882999999656022,0
1413,0.00032260000011774537,0.0,0.0003237999999328167,0
1414,0.00028759999986505136,0.0,0.00028870000005554175,0
1415,0.0002870000000712025,0.0,0.00028810000003431924,0
1416,0.0003097000001162087,0.0,0.00031100000001060835,0
1417,0.0002884000000449305,0.0,0.00028959999986000184,0
1418,0.000287800000023708,0.0,0.00028909999991810764,0
1419,0.0002862999999706517,0.0,0.0002875000000130967,0
1420,0.00032390000001214503,0.0,0.00032510000005459005,0
1421,0.00028699999984382885,0.0,0.00028820000011364755,0
1422,0.0002848999999969237,0.0,0.00028610000003936875,0
1423,0.0003209999999853608,0.0,0.0003220999999484775,0
1424,0.0002844000000550295,0.0,0.00028550000001814624,0
1425,0.00028399999996508996,0.0,0.000285200000007535,0
1426,0.0003216000000065833,0.0,0.0003228000000490283,0
1427,0.00028599999996004044,0.0,0.00028720000000248547,0
1428,0.00028670000006059126,0.0,0.000287800000023708,0
1429,0.00028649999990193464,0.0,0.0002877999997963343,0
1430,0.0003211000000646891,0.0,0.0003223000001071341,0
1431,0.000283800000033807,0.0,0.00028509999992820667,0
1432,0.0002844000000550295,0.0,0.00028560000009747455,0
1433,0.0003212000001440174,0.0,0.00032229999987976043,0
1434,0.0002858000000287575,0.0,0.0002870000000712025,0
1435,0.00028709999992315716,0.0,0.0002884000000449305,0
1436,0.00032279999982165464,0.0,0.00032390000001214503,0
1437,0.000287800000023708,0.0,0.0002888999999868247,0
1438,0.0002873999999337684,0.0,0.00028859999997621344,0
1439,0.00034529999993537785,0.0,0.00034679999998843414,0
1440,0.00035679999996318656,0.0,0.0003580000000056316,0
1441,0.0002867999999125459,0.0,0.0002879999999549909,0
1442,0.00032000000010157237,0.0,0.00032129999999597203,0
1443,0.0002848999999969237,0.0,0.00028599999996004044,0
1444,0.0002847000000656408,0.0,0.0002859000001080858,0
1445,0.0002865000001293083,0.0,0.00028769999994437967,0
1446,0.0003222000000278058,0.0,0.0003234000000702508,0
1447,0.00028659999998126295,0.0,0.000287800000023708,0
1448,0.0002860999998119951,0.0,0.00028720000000248547,0
1449,0.00032129999999597203,0.0,0.0003224999998110434,0
1450,0.00028539999993881793,0.0,0.00028659999998126295,0
1451,0.00028500000007625204,0.0,0.00028620000011869706,0
1452,0.00032360000000153377,0.0,0.0003246999999646505,0
1453,0.0002865000001293083,0.0,0.00028760000009242503,0
1454,0.00029799999992974335,0.0,0.0002993999999034713,0
1455,0.00032510000005459005,0.0,0.0003262999998696614,0
1456,0.0002899000000979868,0.0,0.00029109999991305813,0
1457,0.0002887999999074964,0.0,0.0002900000001773151,0
1458,0.0004267000001618726,0.0,0.00042789999997694395,0
1459,0.0002901000000292697,0.0,0.00029119999999238644,0
1460,0.00028810000003431924,0.0,0.0002893999999287189,0
1461,0.0003093000000262691,0.0,0.00031049999984134047,0
1462,0.0002996999999140826,0.0,0.0003010000000358559,0
1463,0.00028659999998126295,0.0,0.00028759999986505136,0
1464,0.0002875000000130967,0.0,0.00028870000005554175,0
1465,0.0003234000000702508,0.0,0.00032460000011269585,0
1466,0.00028720000000248547,0.0,0.0002882999999656022,0
1467,0.0002891000001454813,0.0,0.000290400000039881,0
1468,0.0003228000000490283,0.0,0.00032399999986409966,0
1469,0.00028720000000248547,0.0,0.00028819999988627387,0
1470,0.0002878999998756626,0.0,0.000289000000066153,0
1471,0.00032399999986409966,0.0,0.00032520000013391837,0
1472,0.0002879999999549909,0.0,0.00028919999999743595,0
1473,0.00028720000000248547,0.0,0.0002883999998175568,0
1474,0.0002878999998756626,0.0,0.00028909999991810764,0
1475,0.0003217000000859116,0.0,0.00032279999982165464,0
1476,0.0002895000000080472,0.0,0.0002905999999711639,0
1477,0.00028640000004998,0.0,0.0002873999999337684,0
1478,0.0003234000000702508,0.0,0.00032460000011269585,0
1479,0.00028699999984382885,0.0,0.00028810000003431924,0
1480,0.0002868999999918742,0.0,0.00028819999988627387,0
1481,0.0003234000000702508,0.0,0.00032439999995403923,0
1482,0.00028810000003431924,0.0,0.00028930000007676426,0
1483,0.00028670000006059126,0.0,0.0002879999999549909,0
1484,0.0003216999998585379,0.0,0.0003229000001283566,0
1485,0.0002862999999706517,0.0,0.0002875000000130967,0
1486,0.0002868999999918742,0.0,0.0002879999999549909,0
1487,0.00028709999992315716,0.0,0.00028820000011364755,0
1488,0.00033870000015667756,0.0,0.0003398999999717489,0
1489,0.00028620000011869706,0.0,0.0002873999999337684,0
1490,0.00028670000006059126,0.0,0.0002879000001030363,0
1491,0.000354999999899519,0.0,0.0003561000000900094,0
1492,0.00028870000005554175,0.0,0.0002898999998706131,0
1493,0.0003190999998423649,0.0,0.0003202000000328553,0
1494,0.00032289999990098295,0.0,0.0003242000000227563,0
1495,0.00034979999986717303,0.0,0.00035100000013699173,0
1496,0.00028599999996004044,0.0,0.00028710000015053083,0
1497,0.0003232000001389679,0.0,0.00032439999995403923,0
1498,0.00028599999996004044,0.0,0.00028709999992315716,0
1499,0.0002842999999757012,0.00010059999999612046,0.0017929999999068968,1
1500,0.00040980000017043494,0.0,0.00041109999983746093,0
1501,0.00032050000004346657,0.0,0.0003218000001652399,0
1502,0.0002988999999615771,0.0,0.00030020000008335046,0
1503,0.00029340000014599354,0.0,0.0002944999998817366,0
1504,0.0002913999999236694,0.0,0.0002925999999661144,0
1505,0.00029989999984536553,0.0,0.00030110000011518423,0
1506,0.00029079999990244687,0.0,0.0002922000001035485,0
1507,0.00029180000001360895,0.0,0.0002930999999080086,0
1508,0.00030209999999897263,0.0,0.00030330000004141766,0
1509,0.0002910000000611035,0.0,0.0002921000000242202,0
1510,0.00028969999993933016,0.0,0.0002908999999817752,0
1511,0.0002971999999772379,0.0,0.0002982999999403546,0
1512,0.0002905999999711639,0.0,0.00029169999993428064,0
1513,0.0002908999999817752,0.0,0.00029200000017226557,0
1514,0.000290400000039881,0.0,0.00029159999985495233,0
1515,0.0003002999999353051,0.0,0.00030160000005707843,0
1516,0.00029450000010911026,0.0,0.0002956999999241816,0
1517,0.0002925000001141598,0.0,0.0002937000001566048,0
1518,0.0003010000000358559,0.0,0.00030209999999897263,0
1519,0.00029229999995550315,0.0,0.0002934999999979482,0
1520,0.00028959999986000184,0.0,0.0002908999999817752,0
1521,0.0002967000000353437,0.0,0.00029800000015711703,0
1522,0.0002905000001192093,0.0,0.00029159999985495233,0
1523,0.00029029999996055267,0.0,0.0002913999999236694,0
1524,0.00029130000007171475,0.0,0.0002925999999661144,0
1525,0.00029720000020461157,0.0,0.0002982999999403546,0
1526,0.00028959999986000184,0.0,0.00029080000012982055,0
1527,0.0002896000000873755,0.0,0.00029070000005049224,0
1528,0.0002988999999615771,0.0,0.00030010000000402215,0
1529,0.0002878999998756626,0.0,0.00028909999991810764,0
1530,0.00029019999988122436,0.0,0.00029140000015104306,0
1531,0.0003074999999626016,0.0,0.00030879999985700124,0
1532,0.00029219999987617484,0.0,0.00029330000006666523,0
1533,0.00028709999992315716,0.0,0.00028820000011364755,0
1534,0.00028509999992820667,0.0,0.0002862999999706517,0
1535,0.00029400000016721606,0.0,0.0002951999999822874,0
1536,0.0002879999999549909,0.0,0.00028919999999743595,0
1537,0.00028670000006059126,0.0,0.0002879999999549909,0
1538,0.0004021999998258252,0.0,0.0004034000000956439,0
1539,0.00029159999985495233,0.0,0.0002927000000454427,0
1540,0.00029029999996055267,0.0,0.0002915000000029977,0
1541,0.0003333000001930486,0.0,0.00033439999992879166,0
1542,0.00028670000006059126,0.0,0.00028769999994437967,0
1543,0.00028539999993881793,0.0,0.0002865000001293083,0
1544,0.0003271999999014952,0.0,0.00032830000009198557,0
1545,0.00028859999997621344,0.0,0.00028969999993933016,0
1546,0.0002867999999125459,0.0,0.0002880000001823646,0
1547,0.00028849999989688513,0.0,0.0002896000000873755,0
1548,0.0003243000001020846,0.0,0.00032549999991715595,0
1549,0.00028930000007676426,0.0,0.000290400000039881,0
1550,0.00029009999980189605,0.0,0.00029119999999238644,0
1551,0.00035060000004705216,0.0,0.0003517000000101689,0
1552,0.0003022999999302556,0.0,0.0003033999998933723,0
1553,0.0002879999999549909,0.0,0.00028909999991810764,0
1554,0.00033030000008693605,0.0,0.00033140000005005277,0
1555,0.00028859999997621344,0.0,0.00028980000001865847,0
1556,0.00029119999999238644,0.0,0.00029229999995550315,0
1557,0.0003289000001132081,0.0,0.0003299999998489511,0
1558,0.0002886999998281681,0.0,0.0002899000000979868,0
1559,0.00028769999994437967,0.0,0.0002888999999868247,0
1560,0.0003298999999969965,0.0,0.0003311000000394415,0
1561,0.000287800000023708,0.0,0.00028899999983877933,0
1562,0.0002885000001242588,0.0,0.00028980000001865847,0
1563,0.0002901000000292697,0.0,0.00029130000007171475,0
1564,0.00033749999988685886,0.0,0.00033860000007734925,0
1565,0.00029019999988122436,0.0,0.00029140000015104306,0
1566,0.00028849999989688513,0.0,0.00028980000001865847,0
1567,0.0003297999999176682,0.0,0.0003309999999601132,0
1568,0.000289000000066153,0.0,0.00029019999988122436,0
1569,0.0002873999999337684,0.0,0.00028859999997621344,0
1570,0.00033269999994445243,0.0,0.00033379999990756914,0
1571,0.0002872999998544401,0.0,0.0002886000002035871,0
1572,0.00028959999986000184,0.0,0.00029079999990244687,0
1573,0.00032920000012381934,0.0,0.0003303999999388907,0
1574,0.00028759999986505136,0.0,0.00028870000005554175,0
1575,0.0002862999999706517,0.0,0.0002875000000130967,0
1576,0.000287800000023708,0.0,0.0002888999999868247,0
1577,0.000327900000002046,0.0,0.0003289999999651627,0
1578,0.00028659999998126295,0.0,0.0002879000001030363,0
1579,0.0002882999999656022,0.0,0.0002893999999287189,0
1580,0.00033949999988180934,0.0,0.00034070000015162805,0
1581,0.0002893999999287189,0.0,0.0002905000001192093,0
1582,0.00028870000005554175,0.0,0.0002899999999499414,0
1583,0.00033030000008693605,0.0,0.0003314999999020074,0
1584,0.00028870000005554175,0.0,0.00028980000001865847,0
1585,0.00028649999990193464,0.0,0.00028770000017175335,0
1586,0.0003733000000920583,0.0,0.000374599999986458,0
1587,0.00029999999992469384,0.0,0.00030120000019451254,0
1588,0.00033499999995001417,0.0,0.0003361999999924592,0
1589,0.0003891999999723339,0.0,0.0003902999999354506,0
1590,0.0003481999999621621,0.0,0.00034940000000460714,0
1591,0.0003467000001364795,0.0,0.00034779999987222254,0
1592,0.00036730000010720687,0.0,0.0003684000000703236,0
1593,0.00032759999999143474,0.0,0.0003290000001925364,0
1594,0.00035289999982524023,0.0,0.00035419999994701357,0
1595,0.00035509999997884734,0.0,0.000356399999873247,0
1596,0.00032449999980599387,0.0,0.0003258000001551409,0
1597,0.00036620000014409015,0.0,0.0003673999999591615,0
1598,0.0003223000001071341,0.0,0.00032349999992220546,0
1599,0.0003206999999747495,0.00013849999982085137,0.0020583000000442553,1
1600,0.0005021999998007232,0.0,0.0005035000001498702,0
1601,0.0003117999999631138,0.0,0.00031300000000555883,0
1602,0.00029810000000907166,0.0,0.0002993000000515167,0
1603,0.00032390000001214503,0.0,0.00032520000013391837,0
1604,0.00030790000005254115,0.0,0.0003091999999469408,0
1605,0.00029290000020409934,0.0,0.0002941000000191707,0
1606,0.0002915000000029977,0.0,0.0002927000000454427,0
1607,0.0003325000000131695,0.0,0.00033369999982824083,0
1608,0.00029080000012982055,0.0,0.0002921000000242202,0
1609,0.0002884000000449305,0.0,0.00028959999986000184,0
1610,0.00033180000013999233,0.0,0.0003329999999550637,0
1611,0.000287800000023708,0.0,0.00028899999983877933,0
1612,0.0002873999999337684,0.0,0.00028870000005554175,0
1613,0.00032929999997577397,0.0,0.00033040000016626436,0
1614,0.0002887999999074964,0.0,0.0002899000000979868,0
1615,0.00028859999997621344,0.0,0.00028980000001865847,0
1616,0.00032919999989644566,0.0,0.00033030000008693605,0
1617,0.000289000000066153,0.0,0.00029019999988122436,0
1618,0.0002861999998913234,0.0,0.0002873999999337684,0
1619,0.0002855999998701009,0.0,0.0002868000001399196,0
1620,0.0003466000000571512,0.0,0.00034789999995155085,0
1621,0.00028870000005554175,0.0,0.00028980000001865847,0
1622,0.00028659999998126295,0.0,0.00028769999994437967,0
1623,0.00032959999998638523,0.0,0.00033080000002883025,0
1624,0.0002892999998493906,0.0,0.0002905000001192093,0
1625,0.0002870000000712025,0.0,0.00028819999988627387,0
1626,0.0003408000000035827,0.0,0.0003418999999666994,0
1627,0.0003400000000510772,0.0,0.00034170000003541645,0
1628,0.00032699999997021223,0.0,0.00032820000001265726,0
1629,0.0003176000000166823,0.0,0.00031880000005912734,0
1630,0.0003019000000676897,0.0,0.0003030000000308064,0
1631,0.00030010000000402215,0.0,0.0003013000000464672,0
1632,0.00030839999999443535,0.0,0.000309699999888835,0
1633,0.0003087000000050466,0.0,0.0003097999999681633,0
1634,0.0002899999999499414,0.0,0.00029109999991305813,0
1635,0.00033189999999194697,0.0,0.0003332000001137203,0
1636,0.0002895000000080472,0.0,0.00029069999982311856,0
1637,0.00028849999989688513,0.0,0.00028970000016670383,0
1638,0.00028859999997621344,0.0,0.00028980000001865847,0
1639,0.0003294000000551023,0.0,0.000330500000018219,0
1640,0.0002867999999125459,0.0,0.00028810000003431924,0
1641,0.0002854000001661916,0.0,0.00028639999982260633,0
1642,0.00032970000006571354,0.0,0.0003307999998014566,0
1643,0.0002882999999656022,0.0,0.0002895000000080472,0
1644,0.0002853000000868633,0.0,0.00028640000004998,0
1645,0.0003309999999601132,0.0,0.0003321000001506036,0
1646,0.000289000000066153,0.0,0.00029020000010859803,0
1647,0.00028670000006059126,0.0,0.0002879000001030363,0
1648,0.00032439999995403923,0.0,0.00032559999999648426,0
1649,0.00028620000011869706,0.0,0.0002873999999337684,0
1650,0.00028610000003936875,0.0,0.0002873000000818138,0
1651,0.0002848999999969237,0.0,0.00028599999996004044,0
1652,0.00032869999995455146,0.0,0.0003298999999969965,0
1653,0.00028849999989688513,0.0,0.0002896000000873755,0
1654,0.00028640000004998,0.0,0.0002875000000130967,0
1655,0.0003281000001607026,0.0,0.0003294000000551023,0
1656,0.00028759999986505136,0.0,0.00028870000005554175,0
1657,0.0002868999999918742,0.0,0.00028810000003431924,0
1658,0.00032749999991210643,0.0,0.00032869999995455146,0
1659,0.0002873999999337684,0.0,0.00028859999997621344,0
1660,0.00028620000011869706,0.0,0.0002872999998544401,0
1661,0.0003250999998272164,0.0,0.0003264000001763634,0
1662,0.00028980000001865847,0.0,0.0002910000000611035,0
1663,0.00028810000003431924,0.0,0.00028919999999743595,0
1664,0.00028870000005554175,0.0,0.0002898999998706131,0
1665,0.00032869999995455146,0.0,0.0003298999999969965,0
1666,0.00028890000021419837,0.0,0.00029020000010859803,0
1667,0.000287800000023708,0.0,0.0002888999999868247,0
1668,0.0003500999998777843,0.0,0.00035109999998894637,0
1669,0.0002915000000029977,0.0,0.0002927000000454427,0
1670,0.0002905999999711639,0.0,0.0002917999997862353,0
1671,0.00033340000004500325,0.0,0.00033450000000811997,0
1672,0.00029019999988122436,0.0,0.00029140000015104306,0
1673,0.00029079999990244687,0.0,0.0002919999999448919,0
1674,0.00032859999987522315,0.0,0.00032970000006571354,0
1675,0.0002915000000029977,0.0,0.0002925999999661144,0
1676,0.000290400000039881,0.0,0.000291600000082326,0
1677,0.00034219999997731065,0.0,0.0003452000000834232,0
1678,0.00031249999983629095,0.0,0.00031360000002678134,0
1679,0.0002888999999868247,0.0,0.00029009999980189605,0
1680,0.0002895000000080472,0.0,0.0002905999999711639,0
1681,0.00033090000010815857,0.0,0.0003319999998439016,0
1682,0.00029140000015104306,0.0,0.0002924999998867861,0
1683,0.0002888999999868247,0.0,0.0002901000000292697,0
1684,0.00032959999998638523,0.0,0.00033080000002883025,0
1685,0.00029079999990244687,0.0,0.0002919999999448919,0
1686,0.0002885000001242588,0.0,0.00028959999986000184,0
1687,0.00033119999989139615,0.0,0.00033239999993384117,0
1688,0.0002912999998443411,0.0,0.00029240000003483146,0
1689,0.0002895000000080472,0.0,0.00029069999982311856,0
1690,0.00032920000012381934,0.0,0.0003302999998595624,0
1691,0.00028760000009242503,0.0,0.00028870000005554175,0
1692,0.00028819999988627387,0.0,0.00028930000007676426,0
1693,0.0002875000000130967,0.0,0.00028859999997621344,0
1694,0.0003283999999439402,0.0,0.0003295000001344306,0
1695,0.00028659999998126295,0.0,0.00028770000017175335,0
1696,0.0002868999999918742,0.0,0.00028810000003431924,0
1697,0.0002962000000934495,0.0,0.0002973000000565662,0
1698,0.0002875000000130967,0.0,0.00028870000005554175,0
1699,0.0002884000000449305,9.999999997489795e-05,0.0016763000000992179,1
1700,0.0004065000000537111,0.0,0.0004077999999481108,0
1701,0.00031100000001060835,0.0,0.0003123000001323817,0
1702,0.0003101999998307292,0.0,0.0003113000000212196,0
1703,0.00029440000002978195,0.0,0.0002955999998448533,0
1704,0.00029130000007171475,0.0,0.0002925999999661144,0
1705,0.0002995000002101733,0.0,0.00030059999994591635,0
1706,0.0002926000001934881,0.0,0.00029390000008788775,0
1707,0.0002909999998337298,0.0,0.0002922000001035485,0
1708,0.00029710000012528326,0.0,0.0002982999999403546,0
1709,0.00029070000005049224,0.0,0.0002919999999448919,0
1710,0.00028899999983877933,0.0,0.00029029999996055267,0
1711,0.00028849999989688513,0.0,0.00028969999993933016,0
1712,0.0003102999999100575,0.0,0.0003115999998044572,0
1713,0.00029109999991305813,0.0,0.0002922000001035485,0
1714,0.0002926000001934881,0.0,0.00029390000008788775,0
1715,0.0002977999999984604,0.0,0.0002988999999615771,0
1716,0.00028969999993933016,0.0,0.00029090000020914886,0
1717,0.0002905999999711639,0.0,0.00029159999985495233,0
1718,0.0002962000000934495,0.0,0.0002974000001358945,0
1719,0.00028880000013487006,0.0,0.0002898999998706131,0
1720,0.00028909999991810764,0.0,0.00029029999996055267,0
1721,0.0002910000000611035,0.0,0.0002921000000242202,0
1722,0.00029689999996662664,0.0,0.00029799999992974335,0
1723,0.000289000000066153,0.0,0.0002901000000292697,0
1724,0.00028919999999743595,0.0,0.00029029999996055267,0
1725,0.0003414000000248052,0.0,0.00034259999983987655,0
1726,0.00029029999996055267,0.0,0.0002913999999236694,0
1727,0.000289000000066153,0.0,0.00029029999996055267,0
1728,0.00029539999991357035,0.0,0.0002965999999560154,0
1729,0.00028959999986000184,0.0,0.00029070000005049224,0
1730,0.0002870000000712025,0.0,0.00028810000003431924,0
1731,0.0002882999999656022,0.0,0.0002893999999287189,0
1732,0.00029159999985495233,0.0,0.00029280000012477103,0
1733,0.00028720000000248547,0.0,0.0002882999999656022,0
1734,0.0002870000000712025,0.0,0.00028819999988627387,0
1735,0.00029330000006666523,0.0,0.00029440000002978195,0
1736,0.00028500000007625204,0.0,0.00028610000003936875,0
1737,0.00028500000007625204,0.0,0.0002861999998913234,0
1738,0.00029500000005100446,0.0,0.0002962000000934495,0
1739,0.00028610000003936875,0.0,0.0002873000000818138,0
1740,0.00029280000012477103,0.0,0.0002941000000191707,0
1741,0.00029019999988122436,0.0,0.00029130000007171475,0
1742,0.00029540000014094403,0.0,0.0002965999999560154,0
1743,0.00028769999994437967,0.0,0.0002887999999074964,0
1744,0.00028699999984382885,0.0,0.00028820000011364755,0
1745,0.0002961999998660758,0.0,0.0002973000000565662,0
1746,0.0002879000001030363,0.0,0.00028919999999743595,0
1747,0.0002888999999868247,0.0,0.00029009999980189605,0
1748,0.0002967999998872983,0.0,0.0002979000000777887,0
1749,0.00028980000001865847,0.0,0.0002908999999817752,0
1750,0.00028870000005554175,0.0,0.0002899000000979868,0
1751,0.00028899999983877933,0.0,0.0002901000000292697,0
1752,0.0002976999999191321,0.0,0.0002988000001096225,0
1753,0.00028909999991810764,0.0,0.00029020000010859803,0
1754,0.00029029999996055267,0.0,0.0002913999999236694,0
1755,0.0002962999999454041,0.0,0.00029749999998784915,0
1756,0.00028769999994437967,0.0,0.0002888999999868247,0
1757,0.00028810000003431924,0.0,0.0002893999999287189,0
1758,0.00029280000012477103,0.0,0.00029390000008788775,0
1759,0.00028769999994437967,0.0,0.000289000000066153,0
1760,0.00028769999994437967,0.0,0.00028880000013487006,0
1761,0.0002870000000712025,0.0,0.00028820000011364755,0
1762,0.0003101999998307292,0.0,0.00031139999987317424,0
1763,0.00028810000003431924,0.0,0.0002892999998493906,0
1764,0.000289000000066153,0.0,0.00029020000010859803,0
1765,0.0002951999999822874,0.0,0.00029640000002473244,0
1766,0.00028760000009242503,0.0,0.00028870000005554175,0
1767,0.0002879999999549909,0.0,0.0002892999998493906,0
1768,0.00029289999997672567,0.0,0.0002941000000191707,0
1769,0.0002860999998119951,0.0,0.0002873000000818138,0
1770,0.0002858000000287575,0.0,0.00028699999984382885,0
1771,0.00028509999992820667,0.0,0.0002862999999706517,0
1772,0.0002931999999873369,0.0,0.00029429999995045364,0
1773,0.0002861999998913234,0.0,0.0002874000001611421,0
1774,0.0002865000001293083,0.0,0.00028769999994437967,0
1775,0.0002925999999661144,0.0,0.00029389999986051407,0
1776,0.0002861999998913234,0.0,0.0002873000000818138,0
1777,0.0002861999998913234,0.0,0.0002873000000818138,0
1778,0.0002844000000550295,0.0,0.0002856999999494292,0
1779,0.00040190000004258764,0.0,0.00040310000008503266,0
1780,0.00029140000015104306,0.0,0.0002925999999661144,0
1781,0.0002891000001454813,0.0,0.000290400000039881,0
1782,0.0002934999999979482,0.0,0.0002947000000403932,0
1783,0.00028969999993933016,0.0,0.00029080000012982055,0
1784,0.0002878999998756626,0.0,0.000289000000066153,0
1785,0.00029440000002978195,0.0,0.0002955999998448533,0
1786,0.00028760000009242503,0.0,0.0002888999999868247,0
1787,0.0002884000000449305,0.0,0.0002896000000873755,0
1788,0.00029539999991357035,0.0,0.0002965999999560154,0
1789,0.00029169999993428064,0.0,0.0002929999998286803,0
1790,0.00028930000007676426,0.0,0.0002904999998918356,0
1791,0.00029069999982311856,0.0,0.00029190000009293726,0
1792,0.00029910000012023374,0.0,0.0003001999998559768,0
1793,0.0002888999999868247,0.0,0.0002901000000292697,0
1794,0.00028930000007676426,0.0,0.0002905000001192093,0
1795,0.0002961000000141212,0.0,0.00029739999990852084,0
1796,0.0002900000001773151,0.0,0.00029119999999238644,0
1797,0.0002893999999287189,0.0,0.0002905999999711639,0
1798,0.0002967000000353437,0.0,0.00029789999985041504,0
1799,0.0002896000000873755,0.00010019999990618089,0.0017932000000655535,1
1800,0.00048449999985678005,0.0,0.0004857999999785534,0
1801,0.0003662999999960448,0.0,0.0003675000000384898,0
1802,0.0003917999999885069,0.0,0.0003930000000309519,0
1803,0.0003492999999252788,0.0,0.0003504000001157692,0
1804,0.0003480999998828338,0.0,0.0003493000001526525,0
1805,0.00037539999993896345,0.0,0.0003765999999814085,0
1806,0.0003408000000035827,0.0,0.0003418999999666994,0
1807,0.0003341999999975087,0.0,0.00033540000003995374,0
1808,0.0003408000000035827,0.0,0.00034190000019407307,0
1809,0.0003330999998070183,0.0,0.000334300000076837,0
1810,0.0003089000001637032,0.0,0.0003100999999787746,0
1811,0.00033750000011423253,0.0,0.0003386999999293039,0
1812,0.0003329999999550637,0.0,0.0003341999999975087,0
1813,0.0003080999999838241,0.0,0.0003093000000262691,0
1814,0.00033809999990808137,0.0,0.0003392999999505264,0
1815,0.0003311000000394415,0.0,0.0003322000000025582,0
1816,0.0002875000000130967,0.0,0.00028870000005554175,0
1817,0.00029400000016721606,0.0,0.0002950999999029591,0
1818,0.0002873000000818138,0.0,0.00028849999989688513,0
1819,0.000287800000023708,0.0,0.0002888999999868247,0
1820,0.00029090000020914886,0.0,0.0002918999998655636,0
1821,0.0002873999999337684,0.0,0.0002885000001242588,0
1822,0.00028640000004998,0.0,0.0002875000000130967,0
1823,0.0002852999998594896,0.0,0.00028640000004998,0
1824,0.000371999999970285,0.0,0.00037320000001273,0
1825,0.0003606000000218046,0.0,0.00036189999991620425,0
1826,0.00036090000003241585,0.0,0.00036199999999553256,0
1827,0.00030099999980848224,0.0,0.00030209999999897263,0
1828,0.0002882999999656022,0.0,0.0002893999999287189,0
1829,0.0002868999999918742,0.0,0.0002879999999549909,0
1830,0.00029119999999238644,0.0,0.00029240000003483146,0
1831,0.0002847999999175954,0.0,0.0002859000001080858,0
1832,0.00028820000011364755,0.0,0.00028930000007676426,0
1833,0.0002915000000029977,0.0,0.0002927000000454427,0
1834,0.00028499999984887836,0.0,0.0002862999999706517,0
1835,0.0002848000001449691,0.0,0.00028589999988071213,0
1836,0.00029069999982311856,0.0,0.00029180000001360895,0
1837,0.00028570000017680286,0.0,0.0002867999999125459,0
1838,0.00028459999998631247,0.0,0.0002856999999494292,0
1839,0.0002844000000550295,0.0,0.00028550000001814624,0
1840,0.00029549999999289867,0.0,0.0002965999999560154,0
1841,0.00027819999991152145,0.0,0.00027930000010201184,0
1842,0.0002781000000595668,0.0,0.0002792000000226835,0
1843,0.0003121999998256797,0.0,0.0003134000000954984,0
1844,0.0002779999999802385,0.0,0.0002791000001707289,0
1845,0.00027680000016516715,0.0,0.0002777999998215819,0
1846,0.00027499999987412593,0.0,0.0002761000000646163,0
1847,0.00031089999993128004,0.0,0.0003120000001217704,0
1848,0.0002766000000065105,0.0,0.00027759999989029893,0
1849,0.000277399999959016,0.0,0.00027869999985341565,0
1850,0.00031370000010610966,0.0,0.00031480000006922637,0
1851,0.00027670000008583884,0.0,0.00027790000012828386,0
1852,0.0002743000000009488,0.0,0.0002755000000433938,0
1853,0.0003048999999464286,0.0,0.0003060999999888736,0
1854,0.00029169999993428064,0.0,0.0002927000000454427,0
1855,0.000277399999959016,0.0,0.0002785000001495064,0
1856,0.00027619999991657096,0.0,0.00027730000010706135,0
1857,0.0003143999999792868,0.0,0.00031569999987368647,0
1858,0.00027840000007017807,0.0,0.0002795999998852494,0
1859,0.00027499999987412593,0.0,0.00027629999999589927,0
1860,0.00031050000006871414,0.0,0.00031160000003183086,0
1861,0.0002751000001808279,0.0,0.00027609999983724265,0
1862,0.00027460000001156004,0.0,0.00027580000005400507,0
1863,0.0002725000001646549,0.0,0.00027359999990039796,0
1864,0.00031149999995250255,0.0,0.00031260000014299294,0
1865,0.0002761000000646163,0.0,0.0002772999998796877,0
1866,0.0002743000000009488,0.0,0.00027559999989534845,0
1867,0.0003115000001798762,0.0,0.0003126999999949476,0
1868,0.0002755000000433938,0.0,0.0002766000000065105,0
1869,0.0002755000000433938,0.0,0.00027669999985846516,0
1870,0.00029650000010406075,0.0,0.0002976999999191321,0
1871,0.0002862999999706517,0.0,0.00028760000009242503,0
1872,0.00027359999990039796,0.0,0.00027470000009088835,0
1873,0.0002755000000433938,0.0,0.00027669999985846516,0
1874,0.0003111999999418913,0.0,0.00031250000006366463,0
1875,0.0002749000000221713,0.0,0.000275999999985288,0
1876,0.0002746999998635147,0.0,0.0002758999999059597,0
1877,0.00031779999994796526,0.0,0.0003191000000697386,0
1878,0.0003340999999181804,0.0,0.00033539999981258006,0
1879,0.00027470000009088835,0.0,0.00027580000005400507,0
1880,0.00029400000016721606,0.0,0.0002951999999822874,0
1881,0.000290400000039881,0.0,0.0002944999998817366,0
1882,0.0002749000000221713,0.0,0.000275999999985288,0
1883,0.0002766000000065105,0.0,0.0002777000001970009,0
1884,0.0003197000000909611,0.0,0.00032089999990603246,0
1885,0.0002792000000226835,0.0,0.0002804999999170832,0
1886,0.00027780000004895555,0.0,0.0002790000000914006,0
1887,0.00031349999994745303,0.0,0.0003146000001379434,0
1888,0.000278600000001461,0.0,0.00027969999996457773,0
1889,0.000277399999959016,0.0,0.000278600000001461,0
1890,0.00027780000004895555,0.0,0.00027890000001207227,0
1891,0.0003197000000909611,0.0,0.00032089999990603246,0
1892,0.00027840000007017807,0.0,0.0002795000000332948,0
1893,0.0002803000002131739,0.0,0.00028139999994891696,0
1894,0.0003165000000535656,0.0,0.0003177000000960106,0
1895,0.00027990000012323435,0.0,0.00028100000008635106,0
1896,0.0002813000000969623,0.0,0.00028249999991203367,0
1897,0.00031519999993179226,0.0,0.00031630000012228265,0
1898,0.0002809999998589774,0.0,0.0002821000000494678,0
1899,0.0002789999998640269,9.929999987434712e-05,0.00172870000005787,1
1900,0.0004696999999396212,0.0,0.0004708999999820662,0
1901,0.00029689999996662664,0.0,0.00029810000000907166,0
1902,0.0003228000000490283,0.0,0.00032390000001214503,0
1903,0.0002856999999494292,0.0,0.0002868999999918742,0
1904,0.00028239999983270536,0.0,0.0002835999998751504,0
1905,0.0003169999999954598,0.0,0.00031819999981053115,0
1906,0.0002816999999595282,0.0,0.00028290000000197324,0
1907,0.00027939999995396647,0.0,0.0002805999999964115,0
1908,0.00032140000007530034,0.0,0.00032260000011774537,0
1909,0.0003071000001000357,0.0,0.00030829999991510704,0
1910,0.0002769999998690764,0.0,0.0002781000000595668,0
1911,0.00027769999996962724,0.0,0.00027879999993274396,0
1912,0.000313699999878736,0.0,0.00031480000006922637,0
1913,0.0002776000001176726,0.0,0.00027879999993274396,0
1914,0.00027780000004895555,0.0,0.0002790000000914006,0
1915,0.0003117999999631138,0.0,0.00031300000000555883,0
1916,0.00027619999991657096,0.0,0.0002775000000383443,0
1917,0.0002751000001808279,0.0,0.00027619999991657096,0
1918,0.00027669999985846516,0.0,0.00027790000012828386,0
1919,0.0002926000001934881,0.0,0.0002936999999292311,0
1920,0.0002757999998266314,0.0,0.0002769000000171218,0
1921,0.0002759000001333334,0.0,0.00027720000002773304,0
1922,0.000312299999905008,0.0,0.00031349999994745303,0
1923,0.00027530000011211087,0.0,0.0002765000001545559,0
1924,0.0002735000000484433,0.0,0.0002746999998635147,0
1925,0.00033350000012433156,0.0,0.0003350999998019688,0
1926,0.0004887000000053376,0.0,0.0004900999999790656,0
1927,0.00033129999997072446,0.0,0.0003326000000924978,0
1928,0.00031730000000607106,0.0,0.00031840000019656145,0
1929,0.00028970000016670383,0.0,0.00029079999990244687,0
1930,0.0002874000001611421,0.0,0.00028859999997621344,0
1931,0.00029109999991305813,0.0,0.00029229999995550315,0
1932,0.0002870000000712025,0.0,0.0002882999999656022,0
1933,0.0002853000000868633,0.0,0.00028640000004998,0
1934,0.0002904999998918356,0.0,0.000291600000082326,0
1935,0.0002865000001293083,0.0,0.000287800000023708,0
1936,0.00028610000003936875,0.0,0.0002872999998544401,0
1937,0.0002873999999337684,0.0,0.0002885000001242588,0
1938,0.0002931999999873369,0.0,0.00029429999995045364,0
1939,0.0002875000000130967,0.0,0.00028859999997621344,0
1940,0.00028639999982260633,0.0,0.00028759999986505136,0
1941,0.0002897999997912848,0.0,0.0002908999999817752,0
1942,0.0002854000001661916,0.0,0.00028649999990193464,0
1943,0.00028500000007625204,0.0,0.0002862999999706517,0
1944,0.0003340999999181804,0.0,0.000335700000050565,0
1945,0.0003670000000965956,0.0,0.0003682999999909953,0
1946,0.00034170000003541645,0.0,0.0003428999998504878,0
1947,0.0003616999999849213,0.0,0.00036290000002736633,0
1948,0.00034069999992425437,0.0,0.0003418999999666994,0
1949,0.0003415000001041335,0.0,0.00034270000014657853,0
1950,0.0003495999999358901,0.0,0.0003507000001263805,0
1951,0.00034010000013040553,0.0,0.0003411999998661486,0
1952,0.00030569999989893404,0.0,0.0003067000000100961,0
1953,0.00033660000008239876,0.0,0.0003377000000455155,0
1954,0.0003282999998646119,0.0,0.0003294999999070569,0
1955,0.0003327000001718261,0.0,0.00033389999998689746,0
1956,0.0003370999997969193,0.0,0.0003384000001460663,0
1957,0.000326500000028318,0.0,0.0003277999999227177,0
1958,0.000282599999991362,0.0,0.000283800000033807,0
1959,0.0002873000000818138,0.0,0.00028859999997621344,0
1960,0.00028339999994386744,0.0,0.00028459999998631247,0
1961,0.0002826999998433166,0.0,0.0002839000001131353,0
1962,0.0002847000000656408,0.0,0.00028610000003936875,0
1963,0.00028199999997013947,0.0,0.0002832000000125845,0
1964,0.0002822999999807507,0.0,0.0002835999998751504,0
1965,0.00028189999989081116,0.0,0.00028300000008130155,0
1966,0.0002859000001080858,0.0,0.00028709999992315716,0
1967,0.00028250000013940735,0.0,0.000283800000033807,0
1968,0.0002816999999595282,0.0,0.00028300000008130155,0
1969,0.00028360000010252406,0.0,0.0002848999999969237,0
1970,0.0002818000000388565,0.0,0.00028290000000197324,0
1971,0.00028040000006512855,0.0,0.0002816000001075736,0
1972,0.0002818000000388565,0.0,0.00028300000008130155,0
1973,0.00028610000003936875,0.0,0.0002873000000818138,0
1974,0.0002810999999383057,0.0,0.00028240000006007904,0
1975,0.00027969999996457773,0.0,0.0002808000001550681,0
1976,0.00034979999986717303,0.0,0.0003512999999202293,0
1977,0.0005685000000994478,0.0,0.0005701000000044587,0
1978,0.0004786000001786306,0.0,0.0004801000000043132,0
1979,0.00034900000014204124,0.0,0.0003504000001157692,0
1980,0.0004503999998632935,0.0,0.0004515999999057385,0
1981,0.00033169999983329035,0.0,0.00033300000018243736,0
1982,0.0002893999999287189,0.0,0.0002904999998918356,0
1983,0.0002868000001399196,0.0,0.0002879999999549909,0
1984,0.00029229999995550315,0.0,0.0002934999999979482,0
1985,0.0002858000000287575,0.0,0.00028699999984382885,0
1986,0.00028570000017680286,0.0,0.0002868999999918742,0
1987,0.0002913999999236694,0.0,0.0002924999998867861,0
1988,0.00028659999998126295,0.0,0.0002877999997963343,0
1989,0.0002874000001611421,0.0,0.00028849999989688513,0
1990,0.00029070000005049224,0.0,0.00029180000001360895,0
1991,0.00028769999994437967,0.0,0.0002887999999074964,0
1992,0.00028769999994437967,0.0,0.0002888999999868247,0
1993,0.0002868000001399196,0.0,0.0002879999999549909,0
1994,0.0003062000000682019,0.0,0.00030740000011064694,0
1995,0.0003134000000954984,0.0,0.00031449999983124144,0
1996,0.0002854000001661916,0.0,0.00028659999998126295,0
1997,0.0002895000000080472,0.0,0.0002905999999711639,0
1998,0.0002856999999494292,0.0,0.0002868999999918742,0
1999,0.0002841999998963729,0.00010239999983241432,0.0016867000001639099,1
2000,0.0004781000000093627,0.0,0.00047930000005180773,0
2001,0.00037810000003446476,0.0,0.0003793999999288644,0
2002,0.0003682999999909953,0.0,0.000369399999954112,0
2003,0.0003907000000253902,0.0,0.00039189999984046153,0
2004,0.00036250000016480044,0.0,0.0003636999999798718,0
2005,0.0003532999999151798,0.0,0.00035460000003695313,0
2006,0.00035460000003695313,0.0,0.0003557999998520245,0
2007,0.00038679999988744385,0.0,0.00038790000007793424,0
2008,0.0003678999999010557,0.0,0.00036920000002282904,0
2009,0.0003636999999798718,0.0,0.0003649000000223168,0
2010,0.0002988999999615771,0.0,0.00029999999992469384,0
2011,0.00029700000004595495,0.0,0.0002982999999403546,0
2012,0.0002958000000035099,0.0,0.0002970999998979096,0
2013,0.0003014999999777501,0.0,0.00030269999979282147,0
2014,0.00029540000014094403,0.0,0.0002967999998872983,0
2015,0.00029400000016721606,0.0,0.0002951999999822874,0
2016,0.0002984000000196829,0.0,0.00029960000006212795,0
2017,0.00029419999987112533,0.0,0.00029539999991357035,0
2018,0.0002921000000242202,0.0,0.00029340000014599354,0
2019,0.00031220000005305337,0.0,0.000313699999878736,0
2020,0.00030180000021573505,0.0,0.0003030000000308064,0
2021,0.00029700000004595495,0.0,0.0002981999998610263,0
2022,0.00029810000000907166,0.0,0.0002993000000515167,0
2023,0.00030370000013135723,0.0,0.00030480000009447394,0
2024,0.0002987999998822488,0.0,0.0002999000000727392,0
2025,0.00029799999992974335,0.0,0.00029910000012023374,0
2026,0.00030319999996208935,0.0,0.00030429999992520607,0
2027,0.00030680000008942443,0.0,0.0003080999999838241,0
2028,0.0002993999999034713,0.0,0.00030070000002524466,0
2029,0.0003048999999464286,0.0,0.00030600000013691897,0
2030,0.0002982000000884,0.0,0.0002993999999034713,0
2031,0.0002982999999403546,0.0,0.0002993999999034713,0
2032,0.00029960000006212795,0.0,0.000300800000104573,0
2033,0.000296800000114672,0.0,0.00029799999992974335,0
2034,0.0002977999999984604,0.0,0.00029909999989286007,0
2035,0.00029549999999289867,0.0,0.0002967000000353437,0
2036,0.00030639999999948486,0.0,0.0003074999999626016,0
2037,0.00029749999998784915,0.0,0.0002988000001096225,0
2038,0.000296800000114672,0.0,0.00029799999992974335,0
2039,0.00029989999984536553,0.0,0.00030109999988781055,0
2040,0.0003071000001000357,0.0,0.0003082000000631524,0
2041,0.00046320000001287553,0.0,0.0004644999999072752,0
2042,0.0004321999999774562,0.0,0.0004335000000992295,0
2043,0.00028810000003431924,0.0,0.0002893999999287189,0
2044,0.00032759999999143474,0.0,0.00032880000003387977,0
2045,0.00028640000004998,0.0,0.0002875000000130967,0
2046,0.0002855999998701009,0.0,0.00028670000006059126,0
2047,0.0003659000001334789,0.0,0.00036720000002787856,0
2048,0.0003325999998651241,0.0,0.00033379999990756914,0
2049,0.000285200000007535,0.0,0.00028649999990193464,0
2050,0.00028659999998126295,0.0,0.000287800000023708,0
2051,0.0003211999999166437,0.0,0.00032239999995908875,0
2052,0.0002875000000130967,0.0,0.00028870000005554175,0
2053,0.0002844000000550295,0.0,0.00028550000001814624,0
2054,0.00035570000000006985,0.0,0.00035679999996318656,0
2055,0.00028500000007625204,0.0,0.00028610000003936875,0
2056,0.000285200000007535,0.0,0.0002865000001293083,0
2057,0.00032029999988480995,0.0,0.00032150000015462865,0
2058,0.00028439999982765585,0.0,0.00028560000009747455,0
2059,0.00028339999994386744,0.0,0.00028459999998631247,0
2060,0.000320099999953527,0.0,0.00032129999999597203,0
2061,0.0002847999999175954,0.0,0.00028599999996004044,0
2062,0.00028510000015558035,0.0,0.0002861999998913234,0
2063,0.00028449999990698416,0.0,0.00028560000009747455,0
2064,0.00032090000013340614,0.0,0.0003220999999484775,0
2065,0.00028659999998126295,0.0,0.000287800000023708,0
2066,0.00028410000004441827,0.0,0.0002853000000868633,0
2067,0.0003209999999853608,0.0,0.0003222000000278058,0
2068,0.0002856999999494292,0.0,0.0002868000001399196,0
2069,0.00028450000013435783,0.0,0.0002855999998701009,0
2070,0.00034589999995660037,0.0,0.000347300000157702,0
2071,0.0002901000000292697,0.0,0.00029130000007171475,0
2072,0.00028460000021368614,0.0,0.0002858000000287575,0
2073,0.0003040999999939231,0.0,0.0003089000001637032,0
2074,0.00029800000015711703,0.0,0.0002991999999721884,0
2075,0.0002858000000287575,0.0,0.00028709999992315716,0
2076,0.00028510000015558035,0.0,0.0002862999999706517,0
2077,0.00032310000005963957,0.0,0.0003243000001020846,0
2078,0.0002859000001080858,0.0,0.00028699999984382885,0
2079,0.00028589999988071213,0.0,0.0002870000000712025,0
2080,0.00032299999998031126,0.0,0.0003242000000227563,0
2081,0.000285200000007535,0.0,0.00028640000004998,0
2082,0.0002858000000287575,0.0,0.0002870000000712025,0
2083,0.0003363000000717875,0.0,0.0003374000000349042,0
2084,0.0002891000001454813,0.0,0.00029019999988122436,0
2085,0.00028639999982260633,0.0,0.00028759999986505136,0
2086,0.00028720000000248547,0.0,0.0002882999999656022,0
2087,0.00032129999999597203,0.0,0.00032250000003841706,0
2088,0.00028560000009747455,0.0,0.0002868999999918742,0
2089,0.0002858000000287575,0.0,0.00028699999984382885,0
2090,0.00032399999986409966,0.0,0.0003251999999065447,0
2091,0.00028649999990193464,0.0,0.00028769999994437967,0
2092,0.0002842000001237466,0.0,0.00028550000001814624,0
2093,0.00032140000007530034,0.0,0.00032260000011774537,0
2094,0.00028610000003936875,0.0,0.0002873000000818138,0
2095,0.00028539999993881793,0.0,0.00028659999998126295,0
2096,0.00032039999996413826,0.0,0.0003216999998585379,0
2097,0.0003224000001864624,0.0,0.00032349999992220546,0
2098,0.0003222000000278058,0.0,0.0003232999999909225,0
2099,0.0003584999999475258,0.00014860000010230578,0.0021245999998882326,1
2100,0.0005825999999160558,0.0,0.0005837000001065462,0
2101,0.000346100000115257,0.0,0.000347300000157702,0
2102,0.0003908000001047185,0.0,0.00039199999991978984,0
2103,0.0003363000000717875,0.0,0.00033750000011423253,0
2104,0.00032299999998031126,0.0,0.0003242999998747109,0
2105,0.00035779999984697497,0.0,0.00035890000003746536,0
2106,0.0003197000000909611,0.0,0.00032089999990603246,0
2107,0.0003186000001278444,0.0,0.0003197000000909611,0
2108,0.00034899999991466757,0.0,0.00035010000010515796,0
2109,0.00033290000010310905,0.0,0.0003339999998388521,0
2110,0.0003083000001424807,0.0,0.00030939999987822375,0
2111,0.0002879999999549909,0.0,0.00028909999991810764,0
2112,0.00028709999992315716,0.0,0.0002882999999656022,0
2113,0.0002868000001399196,0.0,0.0002879999999549909,0
2114,0.0003538000000844477,0.0,0.0003548999998201907,0
2115,0.00028760000009242503,0.0,0.0002887999999074964,0
2116,0.0003183999999691878,0.0,0.0003196000000116328,0
2117,0.0003217000000859116,0.0,0.00032279999982165464,0
2118,0.0003507000001263805,0.0,0.0003517000000101689,0
2119,0.0002856999999494292,0.0,0.0002868999999918742,0
2120,0.0003238000001601904,0.0,0.00032499999997526174,0
2121,0.0002868999999918742,0.0,0.00028810000003431924,0
2122,0.00028659999998126295,0.0,0.0002879000001030363,0
2123,0.00033679999978630804,0.0,0.00033800000005612674,0
2124,0.0002879999999549909,0.0,0.0002891000001454813,0
2125,0.0002852999998594896,0.0,0.0002865000001293083,0
2126,0.0003217000000859116,0.0,0.0003228000000490283,0
2127,0.0002848000001449691,0.0,0.00028589999988071213,0
2128,0.0002844000000550295,0.0,0.00028560000009747455,0
2129,0.0002833000000919128,0.0,0.00028459999998631247,0
2130,0.0003202000000328553,0.0,0.00032129999999597203,0
2131,0.0002853000000868633,0.0,0.0002865000001293083,0
2132,0.0002846999998382671,0.0,0.0002859000001080858,0
2133,0.00032200000009652285,0.0,0.0003231999999115942,0
2134,0.00028610000003936875,0.0,0.0002872999998544401,0
2135,0.00028539999993881793,0.0,0.00028659999998126295,0
2136,0.0003226999999697,0.0,0.00032399999986409966,0
2137,0.0002884000000449305,0.0,0.00028969999993933016,0
2138,0.0002866999998332176,0.0,0.000287800000023708,0
2139,0.00028640000004998,0.0,0.00028759999986505136,0
2140,0.0003234000000702508,0.0,0.0003245999998853222,0
2141,0.000287800000023708,0.0,0.000289000000066153,0
2142,0.0002885000001242588,0.0,0.00028959999986000184,0
2143,0.0003234000000702508,0.0,0.0003245999998853222,0
2144,0.00028809999980694556,0.0,0.00028930000007676426,0
2145,0.00028859999997621344,0.0,0.00028969999993933016,0
2146,0.00032390000001214503,0.0,0.0003250999998272164,0
2147,0.00028610000003936875,0.0,0.0002872999998544401,0
2148,0.00028649999990193464,0.0,0.00028760000009242503,0
2149,0.00032229999987976043,0.0,0.00032350000014957914,0
2150,0.0002885000001242588,0.0,0.00028969999993933016,0
2151,0.000287800000023708,0.0,0.0002888999999868247,0
2152,0.0002882999999656022,0.0,0.0002894000001560926,0
2153,0.00032400000009147334,0.0,0.00032510000005459005,0
2154,0.0002873000000818138,0.0,0.00028859999997621344,0
2155,0.0002882999999656022,0.0,0.00028949999978067353,0
2156,0.00032549999991715595,0.0,0.000326699999959601,0
2157,0.0002873999999337684,0.0,0.0002885000001242588,0
2158,0.0002862999999706517,0.0,0.0002875000000130967,0
2159,0.0003220999999484775,0.0,0.0003231999999115942,0
2160,0.0002872999998544401,0.0,0.0002885000001242588,0
2161,0.0002848999999969237,0.0,0.00028610000003936875,0
2162,0.0003074999999626016,0.0,0.0003088000000843749,0
2163,0.00029900000004090543,0.0,0.00030010000000402215,0
2164,0.00028560000009747455,0.0,0.0002868999999918742,0
2165,0.00028610000003936875,0.0,0.00028720000000248547,0
2166,0.0004923999999846274,0.0,0.0004942000000482949,0
2167,0.0005411999998159445,0.0,0.0005430999999589403,0
2168,0.0005335999999260821,0.0,0.0005354000002171233,0
2169,0.00047159999985524337,0.0,0.0004734999999982392,0
2170,0.000343500000099084,0.0,0.00034529999993537785,0
2171,0.00033400000006622577,0.0,0.00033579999990251963,0
2172,0.00033140000005005277,0.0,0.000333100000034392,0
2173,0.0003190999998423649,0.0,0.00032080000005407783,0
2174,0.00032439999995403923,0.0,0.00032599999985905015,0
2175,0.0003325000000131695,0.0,0.0003341999999975087,0
2176,0.0003237999999328167,0.0,0.0003254000000652013,0
2177,0.00032360000000153377,0.0,0.0003254000000652013,0
2178,0.0003315999999813357,0.0,0.00033340000004500325,0
2179,0.00032539999983782764,0.0,0.00032720000012886885,0
2180,0.00038049999989198113,0.0,0.00038220000010369404,0
2181,0.0003690000000915461,0.0,0.0003704999999172287,0
2182,0.0003558999999313528,0.0,0.0003573999999844091,0
2183,0.00031950000015967817,0.0,0.0003212000001440174,0
2184,0.0003464999999778229,0.0,0.0003481000001102075,0
2185,0.00032559999999648426,0.0,0.00032720000012886885,0
2186,0.00032250000003841706,0.0,0.0003243000001020846,0
2187,0.0003280000000813743,0.0,0.0003294999999070569,0
2188,0.00032289999990098295,0.0,0.00032439999995403923,0
2189,0.0003218000001652399,0.0,0.0003234000000702508,0
2190,0.0003271999999014952,0.0,0.00032880000003387977,0
2191,0.0003201000001809007,0.0,0.0003216000000065833,0
2192,0.00032029999988480995,0.0,0.0003218000001652399,0
2193,0.000325299999985873,0.0,0.00032699999997021223,0
2194,0.0003202000000328553,0.0,0.00032190000001719454,0
2195,0.0003223000001071341,0.0,0.000324099999943428,0
2196,0.00032520000013391837,0.0,0.000326699999959601,0
2197,0.00032050000004346657,0.0,0.0003219999998691492,0
2198,0.0003583999998681975,0.0,0.00035989999992125377,0
2199,0.0004256000001987559,0.00012590000005729962,0.002443699999957971,1
2200,0.0006562000000940316,0.0,0.0006576000000677595,0
2201,0.00036649999992732774,0.0,0.0003685000001496519,0
2202,0.00043349999987185583,0.0,0.00043479999999362917,0
2203,0.0003762000001188426,0.0,0.00037750000001324224,0
2204,0.0003050000000257569,0.0,0.00030629999992015655,0
2205,0.00030120000019451254,0.0,0.0003022999999302556,0
2206,0.00031209999997372506,0.0,0.0003133999998681247,0
2207,0.0003327000001718261,0.0,0.00033439999992879166,0
2208,0.0002982999999403546,0.0,0.00029960000006212795,0
2209,0.00030059999994591635,0.0,0.0003019000000676897,0
2210,0.00035480000019560975,0.0,0.00035619999994196405,0
2211,0.0002988999999615771,0.0,0.0003001999998559768,0
2212,0.0003596999999899708,0.0,0.00036100000011174416,0
2213,0.0004933999998684158,0.0,0.0004950000000008004,0
2214,0.00048709999987295305,0.0,0.0004887000000053376,0
2215,0.0004598999998961517,0.0,0.0004615000000285363,0
2216,0.000465200000007826,0.0,0.00046679999991283694,0
2217,0.0004536999999800173,0.0,0.0004554000001917302,0
2218,0.0004559000001336244,0.0,0.00045750000003863533,0
2219,0.0004636000001028151,0.0,0.000465200000007826,0
2220,0.00045799999998052954,0.0,0.00045959999988554046,0
2221,0.0004581999999118125,0.0,0.0004598000000441971,0
2222,0.0004526000000169006,0.0,0.00045399999999062857,0
2223,0.00031930000000102154,0.0,0.0003206999999747495,0
2224,0.0003083000001424807,0.0,0.0003096000000368804,0
2225,0.0003039999999145948,0.0,0.00030540000011569646,0
2226,0.0003289999999651627,0.0,0.00033020000000760774,0
2227,0.00042430000007698254,0.0,0.0004271000000244385,0
2228,0.0003123999999843363,0.0,0.00031359999979940767,0
2229,0.00030290000017885177,0.0,0.0003040999999939231,0
2230,0.0003013999998984218,0.0,0.0003025000000889122,0
2231,0.0003004000000146334,0.0,0.00030159999982970476,0
2232,0.00030370000013135723,0.0,0.0003050000000257569,0
2233,0.0002984000000196829,0.0,0.0002996999999140826,0
2234,0.00034130000017285056,0.0,0.00034270000014657853,0
2235,0.00032250000003841706,0.0,0.00032390000001214503,0
2236,0.0003306000000975473,0.0,0.00033189999999194697,0
2237,0.00041710000004968606,0.0,0.0004188000000340253,0
2238,0.0005180000000564178,0.0,0.0005198000001200853,0
2239,0.00038489999997182167,0.0,0.00038640000002487795,0
2240,0.0004699000000982778,0.0,0.00047160000008261704,0
2241,0.0005252000000837143,0.0,0.0005267999999887252,0
2242,0.0004951000000801287,0.0,0.0004968999999164225,0
2243,0.0005320999998730258,0.0,0.0005338000000847387,0
2244,0.0006534999999985303,0.0,0.0006555000002208544,0
2245,0.0004944999998315325,0.0,0.0004959000000326341,0
2246,0.0003762999999707972,0.0,0.00037760000009257055,0
2247,0.00035410000009505893,0.0,0.0003556000001481152,0
2248,0.00038519999998243293,0.0,0.00038640000002487795,0
2249,0.00036240000008547213,0.0,0.00036370000020724547,0
2250,0.00041389999978491687,0.0,0.0004155999999966298,0
2251,0.0003847000000405387,0.0,0.0003861000000142667,0
2252,0.00038679999988744385,0.0,0.00038840000001982844,0
2253,0.000361599999905593,0.0,0.0003630999999586493,0
2254,0.00035519999983080197,0.0,0.000356500000179949,0
2255,0.00036240000008547213,0.0,0.00036410000006981136,0
2256,0.00035899999988942,0.0,0.00036030000001119333,0
2257,0.00035720000005312613,0.0,0.0003584999999475258,0
2258,0.00035840000009557116,0.0,0.0003601000000799104,0
2259,0.00035780000007434865,0.0,0.00035899999988942,0
2260,0.0003847000000405387,0.0,0.00038640000002487795,0
2261,0.0003560000000106811,0.0,0.00035769999999502033,0
2262,0.0003560000000106811,0.0,0.00035769999999502033,0
2263,0.00036550000004353933,0.0,0.00036699999986922194,0
2264,0.00048040000001492444,0.0,0.00048160000005736947,0
2265,0.0004249999999501597,0.0,0.00042630000007193303,0
2266,0.0004130999998324114,0.0,0.0004144000001815584,0
2267,0.00042540000004009926,0.0,0.0004266000000825443,0
2268,0.0005183999999189837,0.0,0.000519700000040757,0
2269,0.00048670000001038716,0.0,0.0004879000000528322,0
2270,0.00042329999996582046,0.0,0.00042490000009820506,0
2271,0.00042069999994964746,0.0,0.0004220000000714208,0
2272,0.0004010999998627085,0.0,0.00040250000006381015,0
2273,0.00040300000000570435,0.0,0.0004042000000481494,0
2274,0.00043679999998857966,0.0,0.0004380000000310247,0
2275,0.0004911000000902277,0.0,0.000492299999905299,0
2276,0.0004406000000471977,0.0,0.0004417000000103144,0
2277,0.0003997000001163542,0.0,0.00040100000001075387,0
2278,0.00045760000011796365,0.0,0.000458799999933035,0
2279,0.00042059999987031915,0.0,0.00042220000000270375,0
2280,0.00035929999990003125,0.0,0.00036100000011174416,0
2281,0.00039629999992030207,0.0,0.000398000000132015,0
2282,0.00035899999988942,0.0,0.0003606000000218046,0
2283,0.00036090000003241585,0.0,0.0003626999998687097,0
2284,0.0003586000000268541,0.0,0.00036030000001119333,0
2285,0.00035840000009557116,0.0,0.0003600999998525367,0
2286,0.00035419999994701357,0.0,0.0003560000000106811,0
2287,0.00035720000005312613,0.0,0.00035900000011679367,0
2288,0.0003922999999304011,0.0,0.0003939000000627857,0
2289,0.000488499999846681,0.0,0.0004903000001377222,0
2290,0.0005037000000811531,0.0,0.0005054000000654923,0
2291,0.00048499999979867425,0.0,0.00048680000008971547,0
2292,0.0004999000000225351,0.0,0.0005016000000068743,0
2293,0.0004816999999093241,0.0,0.00048349999997299165,0
2294,0.0004943000001276232,0.0,0.0004959000000326341,0
2295,0.00048089999995681865,0.0,0.0004825999999411579,0
2296,0.000496600000133185,0.0,0.0004985000000488071,0
2297,0.00048200000014730904,0.0,0.0004836999999042746,0
2298,0.0004905000000690052,0.0,0.0004917999999634048,0
2299,0.0003424999999879219,0.00015970000004017493,0.0021294000000580127,1
2300,0.0005883000001176697,0.0,0.000589499999932741,0
2301,0.0005456000001231587,0.0,0.00054679999993823,0
2302,0.0005051000000548811,0.0,0.0005062000000179978,0
2303,0.0004321999999774562,0.0,0.00043320000008861825,0
2304,0.0003925000000890577,0.0,0.00039359999982480076,0
2305,0.0004310999997869658,0.0,0.0004321999999774562,0
2306,0.0003544000001056702,0.0,0.00035559999992074154,0
2307,0.0003710999999384512,0.0,0.00037229999998089625,0
2308,0.00040000000012696546,0.0,0.0004011000000900822,0
2309,0.00031990000002224406,0.0,0.0003210999998373154,0
2310,0.00035830000001624285,0.0,0.0003594999998313142,0
2311,0.00031950000015967817,0.0,0.0003205999998954212,0
2312,0.0003169999999954598,0.0,0.00031820000003790483,0
2313,0.00035150000007888593,0.0,0.0003527999999732856,0
2314,0.0004890000000159489,0.0,0.0004901999998310202,0
2315,0.0004060000001118169,0.0,0.00040709999984755996,0
2316,0.00042009999992842495,0.0,0.0004214000000501983,0
2317,0.00035410000009505893,0.0,0.0003553999999894586,0
2318,0.0003519000001688255,0.0,0.00035309999998389685,0
2319,0.00034490000007281196,0.0,0.000345999999808555,0
2320,0.0003185000000485161,0.0,0.0003197000000909611,0
2321,0.000347300000157702,0.0,0.0003486000000521017,0
2322,0.0003424999999879219,0.0,0.0003435999999510386,0
2323,0.0003167000002122222,0.0,0.00031779999994796526,0
2324,0.00034580000010464573,0.0,0.0003468999998403888,0
2325,0.0003400000000510772,0.0,0.00034120000009352225,0
2326,0.00031510000007983763,0.0,0.0003163999999742373,0
2327,0.0003443999999035441,0.0,0.0003455999999459891,0
2328,0.00034060000007229974,0.0,0.0003417999998873711,0
2329,0.0003211000000646891,0.0,0.0003223000001071341,0
2330,0.00034010000013040553,0.0,0.0003414000000248052,0
2331,0.00038529999983438756,0.0,0.0003866000001835346,0
2332,0.00038640000002487795,0.0,0.0003876999999192776,0
2333,0.00035720000005312613,0.0,0.0003584999999475258,0
2334,0.0003426000000672502,0.0,0.00034379999988232157,0
2335,0.00040599999988444324,0.0,0.00040720000015426194,0
2336,0.0003422999998292653,0.0,0.000343500000099084,0
2337,0.0003325999998651241,0.0,0.0003338000001349428,0
2338,0.0003752000000076805,0.0,0.0003762999999707972,0
2339,0.00032880000003387977,0.0,0.0003299999998489511,0
2340,0.000329100000044491,0.0,0.00033030000008693605,0
2341,0.0003045000000838627,0.0,0.00030579999997826235,0
2342,0.00028550000001814624,0.0,0.00028670000006059126,0
2343,0.00028450000013435783,0.0,0.0002856999999494292,0
2344,0.0003171000000747881,0.0,0.00031820000003790483,0
2345,0.0002859000001080858,0.0,0.00028699999984382885,0
2346,0.0003001999998559768,0.0,0.0003013999998984218,0
2347,0.0003080999999838241,0.0,0.0003091999999469408,0
2348,0.00028610000003936875,0.0,0.0002873999999337684,0
2349,0.00028500000007625204,0.0,0.0002861999998913234,0
2350,0.00032140000007530034,0.0,0.0003226999999697,0
2351,0.000285200000007535,0.0,0.00028639999982260633,0
2352,0.00028599999996004044,0.0,0.0002871999997751118,0
2353,0.00028539999993881793,0.0,0.00028659999998126295,0
2354,0.0003216000000065833,0.0,0.0003226999999697,0
2355,0.0002835999998751504,0.0,0.0002848000001449691,0
2356,0.00028400000019246363,0.0,0.000285200000007535,0
2357,0.00032040000019151194,0.0,0.0003217000000859116,0
2358,0.0002833000000919128,0.0,0.00028450000013435783,0
2359,0.00028199999997013947,0.0,0.0002833000000919128,0
2360,0.00037229999998089625,0.0,0.0003741000000445638,0
2361,0.0005220999998982734,0.0,0.000523700000030658,0
2362,0.00042839999991883815,0.0,0.0004297999998925661,0
2363,0.00029440000002978195,0.0,0.0002956999999241816,0
2364,0.00028909999991810764,0.0,0.00029030000018792634,0
2365,0.0004224999997859413,0.0,0.000423899999987043,0
2366,0.00029479999989234784,0.0,0.00029590000008283823,0
2367,0.0002895000000080472,0.0,0.00029080000012982055,0
2368,0.0003223000001071341,0.0,0.00032360000000153377,0
2369,0.00028819999988627387,0.0,0.00028959999986000184,0
2370,0.0002862999999706517,0.0,0.0002875000000130967,0
2371,0.0002856999999494292,0.0,0.0002868999999918742,0
2372,0.00032300000020768493,0.0,0.0003243000001020846,0
2373,0.0002860000001874141,0.0,0.00028709999992315716,0
2374,0.00028710000015053083,0.0,0.0002882999999656022,0
2375,0.00032260000011774537,0.0,0.0003237000000808621,0
2376,0.00028660000020863663,0.0,0.00028769999994437967,0
2377,0.00028550000001814624,0.0,0.00028659999998126295,0
2378,0.0003202000000328553,0.0,0.00032140000007530034,0
2379,0.0002884000000449305,0.0,0.0002895000000080472,0
2380,0.0002865000001293083,0.0,0.00028759999986505136,0
2381,0.00030860000015309197,0.0,0.0003097999999681633,0
2382,0.0002991999999721884,0.0,0.0003004000000146334,0
2383,0.00028449999990698416,0.0,0.00028570000017680286,0
2384,0.00028550000001814624,0.0,0.00028659999998126295,0
2385,0.00032140000007530034,0.0,0.00032250000003841706,0
2386,0.0002833000000919128,0.0,0.00028439999982765585,0
2387,0.0002847999999175954,0.0,0.0002860000001874141,0
2388,0.0003209999999853608,0.0,0.00032210000017585116,0
2389,0.00028550000001814624,0.0,0.00028659999998126295,0
2390,0.00028410000004441827,0.0,0.0002852999998594896,0
2391,0.0003189999999904103,0.0,0.000320099999953527,0
2392,0.00028339999994386744,0.0,0.00028450000013435783,0
2393,0.00028399999996508996,0.0,0.000285200000007535,0
2394,0.00028410000004441827,0.0,0.000285200000007535,0
2395,0.0003206999999747495,0.0,0.00032179999993786623,0
2396,0.0002846999998382671,0.0,0.0002859000001080858,0
2397,0.00028399999996508996,0.0,0.00028510000015558035,0
2398,0.0003378999999767984,0.0,0.0003390000001672888,0
2399,0.0002848999999969237,0.0001007999999274034,0.0019136999999318505,1
2400,0.00047990000007303024,0.0,0.00048110000011547527,0
2401,0.0003469999999197171,0.0,0.0003481999999621621,0
2402,0.00037180000003900204,0.0,0.0003730999999334017,0
2403,0.00035939999997935956,0.0,0.0003606000000218046,0
2404,0.0003765999999814085,0.0,0.0003778000000238535,0
2405,0.0003397999998924206,0.0,0.000340900000082911,0
2406,0.0003721000000496133,0.0,0.0003733000000920583,0
2407,0.00036660000000665605,0.0,0.00036780000004910107,0
2408,0.0003135000001748267,0.0,0.00031509999985246395,0
2409,0.0003128999999262305,0.0,0.00031399999988934724,0
2410,0.0003179999998792482,0.0,0.0003192000001490669,0
2411,0.00028930000007676426,0.0,0.0002905000001192093,0
2412,0.0002879999999549909,0.0,0.00028909999991810764,0
2413,0.0003271999999014952,0.0,0.0003284000001713139,0
2414,0.0002882999999656022,0.0,0.0002895000000080472,0
2415,0.00028660000020863663,0.0,0.00028769999994437967,0
2416,0.00028630000019802537,0.0,0.0002873999999337684,0
2417,0.00032549999991715595,0.0,0.00032670000018697465,0
2418,0.0002837000001818524,0.0,0.0002847999999175954,0
2419,0.00028450000013435783,0.0,0.00028560000009747455,0
2420,0.0003254000000652013,0.0,0.00032659999988027266,0
2421,0.00028709999992315716,0.0,0.00028820000011364755,0
2422,0.0002868999999918742,0.0,0.00028809999980694556,0
2423,0.0003600000000005821,0.0,0.0003610999999636988,0
2424,0.0002892999998493906,0.0,0.000290400000039881,0
2425,0.00028620000011869706,0.0,0.0002872999998544401,0
2426,0.000326699999959601,0.0,0.000327900000002046,0
2427,0.00028820000011364755,0.0,0.0002893999999287189,0
2428,0.0002868000001399196,0.0,0.00028810000003431924,0
2429,0.0002860999998119951,0.0,0.0002873000000818138,0
2430,0.00030639999999948486,0.0,0.0003076000000419299,0
2431,0.0002859000001080858,0.0,0.00028709999992315716,0
2432,0.00028550000001814624,0.0,0.00028659999998126295,0
2433,0.000333100000034392,0.0,0.0003341999999975087,0
2434,0.00028720000000248547,0.0,0.0002882999999656022,0
2435,0.0002866999998332176,0.0,0.000287800000023708,0
2436,0.00032759999999143474,0.0,0.0003288999998858344,0
2437,0.0002888999999868247,0.0,0.0002901000000292697,0
2438,0.00028859999997621344,0.0,0.00028980000001865847,0
2439,0.00034069999992425437,0.0,0.00034180000011474476,0
2440,0.0002908999999817752,0.0,0.0002918999998655636,0
2441,0.00028919999999743595,0.0,0.0002905000001192093,0
2442,0.0003059999999095453,0.0,0.00030730000003131863,0
2443,0.0003060999999888736,0.0,0.00030730000003131863,0
2444,0.00028959999986000184,0.0,0.00029080000012982055,0
2445,0.00032339999984287715,0.0,0.00032450000003336754,0
2446,0.00032759999999143474,0.0,0.0003289000001132081,0
2447,0.0002883999998175568,0.0,0.0002895000000080472,0
2448,0.00028659999998126295,0.0,0.000287800000023708,0
2449,0.0003271999999014952,0.0,0.00032830000009198557,0
2450,0.0002875000000130967,0.0,0.00028859999997621344,0
2451,0.0002854000001661916,0.0,0.00028659999998126295,0
2452,0.00032400000009147334,0.0,0.00032520000013391837,0
2453,0.00028640000004998,0.0,0.00028770000017175335,0
2454,0.00028720000000248547,0.0,0.0002885000001242588,0
2455,0.00031430000012733217,0.0,0.00031560000002173183,0
2456,0.0003709999998591229,0.0,0.00037229999998089625,0
2457,0.00028640000004998,0.0,0.00028769999994437967,0
2458,0.00033329999996567494,0.0,0.0003346000000874483,0
2459,0.00028819999988627387,0.0,0.0002893999999287189,0
2460,0.0002905999999711639,0.0,0.0002918999998655636,0
2461,0.0002860000001874141,0.0,0.00028709999992315716,0
2462,0.00032720000012886885,0.0,0.0003283999999439402,0
2463,0.0002858000000287575,0.0,0.00028709999992315716,0
2464,0.0002852999998594896,0.0,0.00028640000004998,0
2465,0.0003274000000601518,0.0,0.00032869999995455146,0
2466,0.0002857999998013838,0.0,0.0002870000000712025,0
2467,0.00028620000011869706,0.0,0.0002873999999337684,0
2468,0.0003280000000813743,0.0,0.00032920000012381934,0
2469,0.0002884000000449305,0.0,0.0002896000000873755,0
2470,0.000285200000007535,0.0,0.00028640000004998,0
2471,0.0003238000001601904,0.0,0.00032499999997526174,0
2472,0.000287800000023708,0.0,0.0002888999999868247,0
2473,0.0002842999999757012,0.0,0.00028539999993881793,0
2474,0.00028510000015558035,0.0,0.0002862999999706517,0
2475,0.00032520000013391837,0.0,0.0003263999999489897,0
2476,0.0002867999999125459,0.0,0.0002879000001030363,0
2477,0.00028450000013435783,0.0,0.0002858000000287575,0
2478,0.00032510000005459005,0.0,0.0003262999998696614,0
2479,0.0002867999999125459,0.0,0.0002880000001823646,0
2480,0.0002873999999337684,0.0,0.00028849999989688513,0
2481,0.00032570000007581257,0.0,0.0003268999998908839,0
2482,0.000289000000066153,0.0,0.00029029999996055267,0
2483,0.00028709999992315716,0.0,0.00028819999988627387,0
2484,0.00031250000006366463,0.0,0.0003139000000373926,0
2485,0.0002882999999656022,0.0,0.0002894000001560926,0
2486,0.0002868000001399196,0.0,0.0002879999999549909,0
2487,0.000285200000007535,0.0,0.00028640000004998,0
2488,0.00033920000009857176,0.0,0.0003404999999929714,0
2489,0.0002880000001823646,0.0,0.00028919999999743595,0
2490,0.00028500000007625204,0.0,0.0002861999998913234,0
2491,0.0003234000000702508,0.0,0.0003246999999646505,0
2492,0.0002858000000287575,0.0,0.0002868999999918742,0
2493,0.0002870000000712025,0.0,0.00028819999988627387,0
2494,0.00032339999984287715,0.0,0.00032460000011269585,0
2495,0.0002848999999969237,0.0,0.0002860999998119951,0
2496,0.00028339999994386744,0.0,0.00028449999990698416,0
2497,0.00028300000008130155,0.0,0.00028410000004441827,0
2498,0.0003206999999747495,0.0,0.00032179999993786623,0
2499,0.000283800000033807,0.00010120000001734297,0.0016476999999213149,1
2500,0.00047470000004068424,0.0,0.00047580000000380096,0
2501,0.0003080999999838241,0.0,0.0003093000000262691,0
2502,0.00035559999992074154,0.0,0.00035679999996318656,0
2503,0.0002961999998660758,0.0,0.0002974000001358945,0
2504,0.0002917000001616543,0.0,0.00029289999997672567,0
2505,0.0003243000001020846,0.0,0.0003255000001445296,0
2506,0.00029030000018792634,0.0,0.000291600000082326,0
2507,0.0002884000000449305,0.0,0.0002893999999287189,0
2508,0.00028560000009747455,0.0,0.00028670000006059126,0
2509,0.00032439999995403923,0.0,0.00032559999999648426,0
2510,0.00028919999999743595,0.0,0.00029030000018792634,0
2511,0.0002870000000712025,0.0,0.00028810000003431924,0
2512,0.0003259000000070955,0.0,0.00032710000004954054,0
2513,0.0002879000001030363,0.0,0.00028909999991810764,0
2514,0.00028760000009242503,0.0,0.0002887999999074964,0
2515,0.00032139999984792667,0.0,0.0003225999998903717,0
2516,0.00028670000006059126,0.0,0.0002877999997963343,0
2517,0.0002855999998701009,0.0,0.00028670000006059126,0
2518,0.0003048999999464286,0.0,0.00030929999979889544,0
2519,0.00030030000016267877,0.0,0.0003013999998984218,0
2520,0.000285200000007535,0.0,0.00028640000004998,0
2521,0.0002854000001661916,0.0,0.00028670000006059126,0
2522,0.00032200000009652285,0.0,0.0003232000001389679,0
2523,0.00028399999996508996,0.0,0.000285200000007535,0
2524,0.0002833000000919128,0.0,0.00028449999990698416,0
2525,0.00032310000005963957,0.0,0.0003242000000227563,0
2526,0.0002846999998382671,0.0,0.0002859000001080858,0
2527,0.00028399999996508996,0.0,0.000285200000007535,0
2528,0.00032090000013340614,0.0,0.0003222000000278058,0
2529,0.00028410000004441827,0.0,0.00028539999993881793,0
2530,0.0002835999998751504,0.0,0.0002848999999969237,0
2531,0.00028329999986453913,0.0,0.0002844000000550295,0
2532,0.0003429999999298161,0.0,0.0003442000001996348,0
2533,0.00028720000000248547,0.0,0.00028849999989688513,0
2534,0.00028699999984382885,0.0,0.00028819999988627387,0
2535,0.0003226999999697,0.0,0.00032399999986409966,0
2536,0.0002862999999706517,0.0,0.0002873999999337684,0
2537,0.00028410000004441827,0.0,0.000285200000007535,0
2538,0.0003223000001071341,0.0,0.00032339999984287715,0
2539,0.00028499999984887836,0.0,0.00028620000011869706,0
2540,0.00028339999994386744,0.0,0.00028449999990698416,0
2541,0.0003093000000262691,0.0,0.00031050000006871414,0
2542,0.0003005000000939617,0.0,0.00030169999990903307,0
2543,0.00028670000006059126,0.0,0.0002878999998756626,0
2544,0.0002868000001399196,0.0,0.000287800000023708,0
2545,0.00032239999995908875,0.0,0.00032349999992220546,0
2546,0.0002859000001080858,0.0,0.0002870000000712025,0
2547,0.00028460000021368614,0.0,0.0002856999999494292,0
2548,0.0003242000000227563,0.0,0.000325299999985873,0
2549,0.0002847999999175954,0.0,0.0002859000001080858,0
2550,0.0002879000001030363,0.0,0.000289000000066153,0
2551,0.0003226999999697,0.0,0.0003236999998534884,0
2552,0.00029229999995550315,0.0,0.00029339999991861987,0
2553,0.00027869999985341565,0.0,0.00027990000012323435,0
2554,0.00027939999995396647,0.0,0.0002805999999964115,0
2555,0.0003500999998777843,0.0,0.0003512000000682747,0
2556,0.000278600000001461,0.0,0.00027980000004390604,0
2557,0.0002796000001126231,0.0,0.00028079999992769444,0
2558,0.0003160000001116714,0.0,0.00031709999984741444,0
2559,0.0002792000000226835,0.0,0.00028029999998580024,0
2560,0.00027720000002773304,0.0,0.00027829999999084976,0
2561,0.00031380000018543797,0.0,0.000314899999921181,0
2562,0.000278600000001461,0.0,0.0002798999998958607,0
2563,0.00027709999994840473,0.0,0.00027829999999084976,0
2564,0.00027829999999084976,0.0,0.0002795999998852494,0
2565,0.0003142999998999585,0.0,0.00031560000002173183,0
2566,0.00027879999993274396,0.0,0.00028000000020256266,0
2567,0.0002779999999802385,0.0,0.0002790999999433552,0
2568,0.00031250000006366463,0.0,0.00031360000002678134,0
2569,0.00027629999999589927,0.0,0.0002774999998109706,0
2570,0.00027879999993274396,0.0,0.000279999999975189,0
2571,0.00033300000018243736,0.0,0.000334300000076837,0
2572,0.0002911000001404318,0.0,0.00029229999995550315,0
2573,0.0002752999998847372,0.0,0.0002766000000065105,0
2574,0.00027629999999589927,0.0,0.000277399999959016,0
2575,0.00031210000020109874,0.0,0.0003133000000161701,0
2576,0.0002769000000171218,0.0,0.0002779999999802385,0
2577,0.00027530000011211087,0.0,0.0002764999999271822,0
2578,0.00031139999987317424,0.0,0.00031250000006366463,0
2579,0.00027629999999589927,0.0,0.0002774999998109706,0
2580,0.00027559999989534845,0.0,0.00027670000008583884,0
2581,0.00027499999987412593,0.0,0.0002761000000646163,0
2582,0.00030790000005254115,0.0,0.0003089999997882842,0
2583,0.000275999999985288,0.0,0.00027709999994840473,0
2584,0.000275999999985288,0.0,0.00027709999994840473,0
2585,0.00031160000003183086,0.0,0.0003126999999949476,0
2586,0.00027530000011211087,0.0,0.0002764000000752276,0
2587,0.00027399999999033753,0.0,0.00027509999995345424,0
2588,0.0003106999999999971,0.0,0.0003117999999631138,0
2589,0.0002755000000433938,0.0,0.0002766000000065105,0
2590,0.00027399999999033753,0.0,0.00027520000003278255,0
2591,0.0002735000000484433,0.0,0.0002745000001596054,0
2592,0.0003113000000212196,0.0,0.0003123999999843363,0
2593,0.00027499999987412593,0.0,0.0002761000000646163,0
2594,0.0002749000000221713,0.0,0.0002760000002126617,0
2595,0.0003088000000843749,0.0,0.0003097999999681633,0
2596,0.00027509999995345424,0.0,0.00027629999999589927,0
2597,0.00027509999995345424,0.0,0.0002761000000646163,0
2598,0.0002755000000433938,0.0,0.00027670000008583884,0
2599,0.0003104000002167595,9.700000009615906e-05,0.0017602000000351836,1
2600,0.00046369999995476974,0.0,0.0004650000000765431,0
2601,0.00030939999987822375,0.0,0.0003106999999999971,0
2602,0.00029729999982919253,0.0,0.00029850000009901123,0
2603,0.0003814000001511886,0.0,0.0003824999998869316,0
2604,0.00029240000003483146,0.0,0.0002934999999979482,0
2605,0.0002836999999544787,0.0,0.0002848999999969237,0
2606,0.0003507999999783351,0.0,0.00035210000010010845,0
2607,0.00027990000012323435,0.0,0.0002809999998589774,0
2608,0.00028079999992769444,0.0,0.00028199999997013947,0
2609,0.00031880000005912734,0.0,0.00031979999994291575,0
2610,0.00027969999996457773,0.0,0.00028079999992769444,0
2611,0.00027819999991152145,0.0,0.0002792000000226835,0
2612,0.0002790999999433552,0.0,0.00029810000000907166,0
2613,0.0002961000000141212,0.0,0.0002971999999772379,0
2614,0.00027980000004390604,0.0,0.00028090000000702275,0
2615,0.00027829999999084976,0.0,0.0002795000000332948,0
2616,0.0003232999999909225,0.0,0.00032450000003336754,0
2617,0.0002779999999802385,0.0,0.0002791000001707289,0
2618,0.00027680000016516715,0.0,0.0002779999999802385,0
2619,0.00031160000003183086,0.0,0.0003129000001536042,0
2620,0.0002761000000646163,0.0,0.0002772999998796877,0
2621,0.0002836999999544787,0.0,0.0002848000001449691,0
2622,0.00027790000012828386,0.0,0.0002790999999433552,0
2623,0.00031430000012733217,0.0,0.0003153999998630752,0
2624,0.00027829999999084976,0.0,0.00027939999995396647,0
2625,0.00027569999997467676,0.0,0.00027670000008583884,0
2626,0.00032820000001265726,0.0,0.00032929999997577397,0
2627,0.0002783999998428044,0.0,0.0002795000000332948,0
2628,0.0002768999997897481,0.0,0.0002779999999802385,0
2629,0.0003126999999949476,0.0,0.0003139000000373926,0
2630,0.00027759999989029893,0.0,0.0002787000000807893,0
2631,0.0002781000000595668,0.0,0.0002792000000226835,0
2632,0.00027670000008583884,0.0,0.00027790000012828386,0
2633,0.0003126999999949476,0.0,0.0003137999999580643,0
2634,0.000278600000001461,0.0,0.00027980000004390604,0
2635,0.0002785000001495064,0.0,0.00027969999996457773,0
2636,0.00031310000008488714,0.0,0.00031420000004800386,0
2637,0.00027769999996962724,0.0,0.0002790000000914006,0
2638,0.0002769999998690764,0.0,0.0002782000001388951,0
2639,0.0002961000000141212,0.0,0.0002971999999772379,0
2640,0.0002973000000565662,0.0,0.0002984000000196829,0
2641,0.0002792000000226835,0.0,0.00028029999998580024,0
2642,0.00028129999986958865,0.0,0.00028240000006007904,0
2643,0.0003154000000904489,0.0,0.00031659999990552024,0
2644,0.0002807000000757398,0.0,0.0002817000001869019,0
2645,0.0002804999999170832,0.0,0.0002817000001869019,0
2646,0.0003486999999040563,0.0,0.000349900000173875,0
2647,0.0002795000000332948,0.0,0.0002807000000757398,0
2648,0.0002804999999170832,0.0,0.0002816000001075736,0
2649,0.0003024000000095839,0.0,0.00030369999990398355,0
2650,0.0002936999999292311,0.0,0.0002948000001197215,0
2651,0.00027819999991152145,0.0,0.00027930000010201184,0
2652,0.0002796000001126231,0.0,0.0002807000000757398,0
2653,0.0003161000001909997,0.0,0.00031719999992674275,0
2654,0.0002805999999964115,0.0,0.0002816999999595282,0
2655,0.00027890000001207227,0.0,0.000279999999975189,0
2656,0.00043789999995169637,0.0,0.0004398000000946922,0
2657,0.00043270000014672405,0.0,0.00043409999989307835,0
2658,0.00036670000008598436,0.0,0.0003678999999010557,0
2659,0.00032129999999597203,0.0,0.00032239999995908875,0
2660,0.0003199999998741987,0.0,0.0003211000000646891,0
2661,0.0003547999999682361,0.0,0.00035609999986263574,0
2662,0.0003165000000535656,0.0,0.00031779999994796526,0
2663,0.00031880000005912734,0.0,0.0003199999998741987,0
2664,0.00038619999986622133,0.0,0.00038739999990866636,0
2665,0.0003167999998368032,0.0,0.0003180000001066219,0
2666,0.0003550000001268927,0.0,0.00035619999994196405,0
2667,0.0003171000000747881,0.0,0.00031820000003790483,0
2668,0.00031620000004295434,0.0,0.00031740000008539937,0
2669,0.0003486000000521017,0.0,0.00034989999994650134,0
2670,0.00031790000002729357,0.0,0.0003191000000697386,0
2671,0.0003171000000747881,0.0,0.00031820000003790483,0
2672,0.0004150999998273619,0.0,0.0004163000000971806,0
2673,0.0003177000000960106,0.0,0.0003189999999904103,0
2674,0.00031659999990552024,0.0,0.00031769999986863695,0
2675,0.00035210000010010845,0.0,0.0003532999999151798,0
2676,0.0003143999999792868,0.0,0.00031560000002173183,0
2677,0.00033529999996062543,0.0,0.00033639999992374214,0
2678,0.00031469999998989806,0.0,0.0003159000000323431,0
2679,0.00031569999987368647,0.0,0.00031680000006417686,0
2680,0.00038109999991320365,0.0,0.00038220000010369404,0
2681,0.0003143999999792868,0.0,0.0003154999999424035,0
2682,0.00031560000002173183,0.0,0.00031680000006417686,0
2683,0.00035049999996772385,0.0,0.0003517000000101689,0
2684,0.0003168999999161315,0.0,0.0003180000001066219,0
2685,0.00031560000002173183,0.0,0.0003167999998368032,0
2686,0.000353799999857074,0.0,0.0003550000001268927,0
2687,0.0003168999999161315,0.0,0.00031820000003790483,0
2688,0.0003141999998206302,0.0,0.0003153000000111206,0
2689,0.000331700000060664,0.0,0.0003329999999550637,0
2690,0.0003163999999742373,0.0,0.000317499999937354,0
2691,0.0003498000000945467,0.0,0.00035099999990961805,0
2692,0.0003160000001116714,0.0,0.00031730000000607106,0
2693,0.00031619999981558067,0.0,0.00031730000000607106,0
2694,0.0003796999999394757,0.0,0.0003808999999819207,0
2695,0.0003145000000586151,0.0,0.00031569999987368647,0
2696,0.0003145000000586151,0.0,0.0003157999999530148,0
2697,0.0003501999999571126,0.0,0.000351300000147603,0
2698,0.00031469999998989806,0.0,0.0003159000000323431,0
2699,0.00031570000010106014,0.00019930000007661874,0.0022375999999439955,1
2700,0.0004910000000108994,0.0,0.000492299999905299,0
2701,0.0003355999999712367,0.0,0.0003368000000136817,0
2702,0.000356500000179949,0.0,0.00035769999999502033,0
2703,0.0003386999999293039,0.0,0.0003397999998924206,0
2704,0.00031680000006417686,0.0,0.0003179999998792482,0
2705,0.0003491999998459505,0.0,0.00035050000019509753,0
2706,0.00032559999999648426,0.0,0.0003268000000389293,0
2707,0.0003176000000166823,0.0,0.00031890000013845565,0
2708,0.00040039999998953135,0.0,0.000401699999883931,0
2709,0.00031669999998484855,0.0,0.00031790000002729357,0
2710,0.0003165000000535656,0.0,0.00031769999986863695,0
2711,0.000329100000044491,0.0,0.00033030000008693605,0
2712,0.0003159000000323431,0.0,0.00031719999992674275,0
2713,0.0003493000001526525,0.0,0.00035049999996772385,0
2714,0.00031719999992674275,0.0,0.0003183999999691878,0
2715,0.00031560000002173183,0.0,0.00031680000006417686,0
2716,0.00034900000014204124,0.0,0.0003501999999571126,0
2717,0.0003186000001278444,0.0,0.00031990000002224406,0
2718,0.00031580000018038845,0.0,0.0003169999999954598,0
2719,0.0003854999999930442,0.0,0.0003867000000354892,0
2720,0.00031790000002729357,0.0,0.00031890000013845565,0
2721,0.000314899999921181,0.0,0.0003160000001116714,0
2722,0.00035039999988839554,0.0,0.00035150000007888593,0
2723,0.00031560000002173183,0.0,0.00031669999998484855,0
2724,0.00033290000010310905,0.0,0.0003341999999975087,0
2725,0.0003153000000111206,0.0,0.00031659999990552024,0
2726,0.0003142999998999585,0.0,0.0003154999999424035,0
2727,0.0003509000000576634,0.0,0.00035200000002078013,0
2728,0.0003153000000111206,0.0,0.0003165000000535656,0
2729,0.00031480000006922637,0.0,0.0003157999999530148,0
2730,0.00035150000007888593,0.0,0.0003527999999732856,0
2731,0.0003155000001697772,0.0,0.00031659999990552024,0
2732,0.0003167999998368032,0.0,0.00031790000002729357,0
2733,0.000352399999883346,0.0,0.0003535000000738364,0
2734,0.0003150000000005093,0.0,0.00031609999996362603,0
2735,0.0003139000000373926,0.0,0.00031510000007983763,0
2736,0.00035109999998894637,0.0,0.0003521999999520631,0
2737,0.0003183999999691878,0.0,0.0003195999997842591,0
2738,0.00033489999987068586,0.0,0.00037999999995008693,0
2739,0.00034740000000965665,0.0,0.000348599999824728,0
2740,0.0003158999998049694,0.0,0.0003169999999954598,0
2741,0.000381000000061249,0.0,0.0003821000000243657,0
2742,0.0003146000001379434,0.0,0.0003157999999530148,0
2743,0.0003145000000586151,0.0,0.00031560000002173183,0
2744,0.00035150000007888593,0.0,0.0003526999998939573,0
2745,0.0003196000000116328,0.0,0.00032079999982670415,0
2746,0.00031740000008539937,0.0,0.00031869999997979903,0
2747,0.0003512000000682747,0.0,0.00035249999996267434,0
2748,0.00031620000004295434,0.0,0.000317499999937354,0
2749,0.000414699999964796,0.0,0.00041590000000724103,0
2750,0.00031730000000607106,0.0,0.0003183999999691878,0
2751,0.0003165000000535656,0.0,0.00031779999994796526,0
2752,0.00035100000013699173,0.0,0.0003521999999520631,0
2753,0.00031480000006922637,0.0,0.0003158999998049694,0
2754,0.0003154999999424035,0.0,0.00031669999998484855,0
2755,0.0003509000000576634,0.0,0.0003521999999520631,0
2756,0.0003153000000111206,0.0,0.0003164999998261919,0
2757,0.0003171000000747881,0.0,0.00031830000011723314,0
2758,0.00035099999990961805,0.0,0.00035220000017943676,0
2759,0.0003142999998999585,0.0,0.0003155000001697772,0
2760,0.0003154000000904489,0.0,0.00031640000020161096,0
2761,0.0003438999999616499,0.0,0.0003450000001521403,0
2762,0.00031420000004800386,0.0,0.00031560000002173183,0
2763,0.0003493000001526525,0.0,0.00035039999988839554,0
2764,0.0003145000000586151,0.0,0.0003157999999530148,0
2765,0.00031509999985246395,0.0,0.00031620000004295434,0
2766,0.0003517000000101689,0.0,0.0003529000000526139,0
2767,0.00031570000010106014,0.0,0.0003168999999161315,0
2768,0.00031559999979435815,0.0,0.00031680000006417686,0
2769,0.0003503000000364409,0.0,0.0003513999999995576,0
2770,0.0003150000000005093,0.0,0.00031620000004295434,0
2771,0.0003150000000005093,0.0,0.00031630000012228265,0
2772,0.00037919999999758147,0.0,0.0003802999999606982,0
2773,0.00033020000000760774,0.0,0.00033129999997072446,0
2774,0.00038220000010369404,0.0,0.0003833999999187654,0
2775,0.0003146000001379434,0.0,0.00031569999987368647,0
2776,0.0003135000001748267,0.0,0.00031469999998989806,0
2777,0.00035109999998894637,0.0,0.0003523000000313914,0
2778,0.0003150000000005093,0.0,0.00031620000004295434,0
2779,0.0003145000000586151,0.0,0.00031560000002173183,0
2780,0.0004467999999633321,0.0,0.00044820000016443373,0
2781,0.0003185999999004707,0.0,0.00031979999994291575,0
2782,0.0003847000000405387,0.0,0.00038600000016231206,0
2783,0.0003486000000521017,0.0,0.0003497000000152184,0
2784,0.00035099999990961805,0.0,0.00035210000010010845,0
2785,0.00041599999985919567,0.0,0.00041710000004968606,0
2786,0.0003486000000521017,0.0,0.0003497000000152184,0
2787,0.0003466000000571512,0.0,0.0003477000000202679,0
2788,0.0004037000001062552,0.0,0.0004048999999213265,0
2789,0.000333100000034392,0.0,0.00033429999984946335,0
2790,0.0004247000001669221,0.0,0.00042600000006132177,0
2791,0.00033189999999194697,0.0,0.00033319999988634663,0
2792,0.00034490000007281196,0.0,0.000346100000115257,0
2793,0.00037919999999758147,0.0,0.0003804000000400265,0
2794,0.00034409999989293283,0.0,0.00034540000001470617,0
2795,0.0003434000000197557,0.0,0.0003444999999828724,0
2796,0.0003779000001031818,0.0,0.00037919999999758147,0
2797,0.00033230000008188654,0.0,0.0003334999998969579,0
2798,0.00033239999993384117,0.0,0.0003335999999762862,0
2799,0.00036660000000665605,0.0001419000000169035,0.0019572000001062406,1
2800,0.00046469999983855814,0.0,0.00046590000010837684,0
2801,0.0005337000000054104,0.0,0.0005350000001271837,0
2802,0.0004085000000486616,0.0,0.00040970000009110663,0
2803,0.0003404000001410168,0.0,0.00034159999995608814,0
2804,0.0003601000000799104,0.0,0.0003739999999652355,0
2805,0.0002917000001616543,0.0,0.00029279999989739736,0
2806,0.0002900000001773151,0.0,0.00029119999999238644,0
2807,0.00028880000013487006,0.0,0.0002901000000292697,0
2808,0.0003251999999065447,0.0,0.0003263999999489897,0
2809,0.00028959999986000184,0.0,0.00029079999990244687,0
2810,0.00028769999994437967,0.0,0.000289000000066153,0
2811,0.0003233000002182962,0.0,0.00032450000003336754,0
2812,0.000287800000023708,0.0,0.00028899999983877933,0
2813,0.00028610000003936875,0.0,0.0002873000000818138,0
2814,0.00032239999995908875,0.0,0.00032350000014957914,0
2815,0.0002875000000130967,0.0,0.00028859999997621344,0
2816,0.00028610000003936875,0.0,0.0002873000000818138,0
2817,0.00030629999992015655,0.0,0.0003074999999626016,0
2818,0.000379800000018804,0.0,0.000381000000061249,0
2819,0.00030590000005759066,0.0,0.0003070000000207074,0
2820,0.00032510000005459005,0.0,0.0003262999998696614,0
2821,0.00029079999990244687,0.0,0.00029190000009293726,0
2822,0.0002888999999868247,0.0,0.0002901000000292697,0
2823,0.0002879000001030363,0.0,0.000289000000066153,0
2824,0.0003773000000819593,0.0,0.00037839999981770234,0
2825,0.00039680000008956995,0.0,0.000398000000132015,0
2826,0.0003620999998474872,0.0,0.00036350000004858884,0
2827,0.0004344000001310633,0.0,0.0004354999998668063,0
2828,0.0003793999999288644,0.0,0.00038070000005063775,0
2829,0.00032520000013391837,0.0,0.0003263999999489897,0
2830,0.00029900000004090543,0.0,0.00030010000000402215,0
2831,0.0002967999998872983,0.0,0.00029799999992974335,0
2832,0.0003017999999883614,0.0,0.0003030000000308064,0
2833,0.00029589999985546456,0.0,0.00029710000012528326,0
2834,0.00029710000012528326,0.0,0.0002984000000196829,0
2835,0.00029949999998279964,0.0,0.0003007999998771993,0
2836,0.0002967000000353437,0.0,0.0002977999999984604,0
2837,0.0002962000000934495,0.0,0.00029739999990852084,0
2838,0.00029859999995096587,0.0,0.00029970000014145626,0
2839,0.00029710000012528326,0.0,0.0002982999999403546,0
2840,0.00029589999985546456,0.0,0.00029720000020461157,0
2841,0.00029340000014599354,0.0,0.0002944999998817366,0
2842,0.00029710000012528326,0.0,0.0002982999999403546,0
2843,0.00029180000001360895,0.0,0.000293000000056054,0
2844,0.0003031000001101347,0.0,0.00030429999992520607,0
2845,0.0003228000000490283,0.0,0.000324099999943428,0
2846,0.0002861999998913234,0.0,0.0002873999999337684,0
2847,0.00028500000007625204,0.0,0.0002862999999706517,0
2848,0.00032349999992220546,0.0,0.00032460000011269585,0
2849,0.00028550000001814624,0.0,0.00028670000006059126,0
2850,0.00028699999984382885,0.0,0.00028820000011364755,0
2851,0.000285200000007535,0.0,0.00028649999990193464,0
2852,0.0003211000000646891,0.0,0.00032229999987976043,0
2853,0.00028710000015053083,0.0,0.0002882999999656022,0
2854,0.0002882999999656022,0.0,0.0002893999999287189,0
2855,0.0003216000000065833,0.0,0.00032289999990098295,0
2856,0.00028659999998126295,0.0,0.00028769999994437967,0
2857,0.00028659999998126295,0.0,0.000287800000023708,0
2858,0.0003222000000278058,0.0,0.00032349999992220546,0
2859,0.00028640000004998,0.0,0.0002875000000130967,0
2860,0.00028720000000248547,0.0,0.0002883999998175568,0
2861,0.0003085999999257183,0.0,0.0003226999999697,0
2862,0.00028709999992315716,0.0,0.0002883999998175568,0
2863,0.0002867999999125459,0.0,0.0002880000001823646,0
2864,0.00028660000020863663,0.0,0.00028769999994437967,0
2865,0.00032190000001719454,0.0,0.00032300000020768493,0
2866,0.0002878999998756626,0.0,0.000289000000066153,0
2867,0.0002879000001030363,0.0,0.00028899999983877933,0
2868,0.0003747000000657863,0.0,0.0003759000001082313,0
2869,0.0002919999999448919,0.0,0.0002930999999080086,0
2870,0.00028909999991810764,0.0,0.00029020000010859803,0
2871,0.00032390000001214503,0.0,0.0003250999998272164,0
2872,0.00028980000001865847,0.0,0.00029109999991305813,0
2873,0.0002888999999868247,0.0,0.0002899999999499414,0
2874,0.00032499999997526174,0.0,0.00032620000001770677,0
2875,0.0002882999999656022,0.0,0.0002895000000080472,0
2876,0.0002873000000818138,0.0,0.0002884000000449305,0
2877,0.0002865000001293083,0.0,0.00028759999986505136,0
2878,0.000338300000066738,0.0,0.00033949999988180934,0
2879,0.0002865000001293083,0.0,0.00028769999994437967,0
2880,0.00028720000000248547,0.0,0.0002884000000449305,0
2881,0.0003229000001283566,0.0,0.00032399999986409966,0
2882,0.0002884000000449305,0.0,0.0002895000000080472,0
2883,0.00028589999988071213,0.0,0.00028709999992315716,0
2884,0.0003225999998903717,0.0,0.0003238000001601904,0
2885,0.00028699999984382885,0.0,0.00028820000011364755,0
2886,0.00028589999988071213,0.0,0.00028710000015053083,0
2887,0.00032200000009652285,0.0,0.0003230999998322659,0
2888,0.00029380000000855944,0.0,0.00029500000005100446,0
2889,0.00028570000017680286,0.0,0.0002867999999125459,0
2890,0.0002868999999918742,0.0,0.00028810000003431924,0
2891,0.0003217000000859116,0.0,0.00032289999990098295,0
2892,0.00028659999998126295,0.0,0.0002879000001030363,0
2893,0.00028599999996004044,0.0,0.00028720000000248547,0
2894,0.0003220999999484775,0.0,0.00032339999984287715,0
2895,0.00028589999988071213,0.0,0.00028710000015053083,0
2896,0.000287800000023708,0.0,0.00028899999983877933,0
2897,0.00032129999999597203,0.0,0.0003224000001864624,0
2898,0.00028820000011364755,0.0,0.00028930000007676426,0
2899,0.00028620000011869706,9.969999996428669e-05,0.0017885000002024753,1
2900,0.0004410999999890919,0.0,0.00044249999996281986,0
2901,0.0003274000000601518,0.0,0.00032869999995455146,0
2902,0.0003040999999939231,0.0,0.00030530000003636815,0
2903,0.000295600000072227,0.0,0.000296800000114672,0
2904,0.00029599999993479287,0.0,0.00029739999990852084,0
2905,0.0003040999999939231,0.0,0.00030540000011569646,0
2906,0.0002924999998867861,0.0,0.00029380000000855944,0
2907,0.0002930999999080086,0.0,0.000294200000098499,0
2908,0.0003040999999939231,0.0,0.00030530000003636815,0
2909,0.0002915000000029977,0.0,0.0002927000000454427,0
2910,0.00029909999989286007,0.0,0.0003002999999353051,0
2911,0.00029850000009901123,0.0,0.0002996999999140826,0
2912,0.00029190000009293726,0.0,0.0002929999998286803,0
2913,0.000290400000039881,0.0,0.0002915000000029977,0
2914,0.0002893999999287189,0.0,0.0002905999999711639,0
2915,0.0004012000001694105,0.0,0.0004022999999051535,0
2916,0.00030430000015257974,0.0,0.0003053999998883228,0
2917,0.00030049999986658804,0.0,0.00030170000013640674,0
2918,0.00029169999993428064,0.0,0.00029279999989739736,0
2919,0.0002892999998493906,0.0,0.000290400000039881,0
2920,0.00029079999990244687,0.0,0.0002918999998655636,0
2921,0.0003096000000368804,0.0,0.0003108000000793254,0
2922,0.0002896000000873755,0.0,0.00029079999990244687,0
2923,0.0002910000000611035,0.0,0.0002921000000242202,0
2924,0.0002984000000196829,0.0,0.00029960000006212795,0
2925,0.00028919999999743595,0.0,0.00029030000018792634,0
2926,0.00028970000016670383,0.0,0.0002908999999817752,0
2927,0.000295600000072227,0.0,0.0002967000000353437,0
2928,0.00029119999999238644,0.0,0.0002924999998867861,0
2929,0.0002899000000979868,0.0,0.0002910000000611035,0
2930,0.0002899999999499414,0.0,0.00029119999999238644,0
2931,0.00029859999995096587,0.0,0.0002997999999934109,0
2932,0.00029019999988122436,0.0,0.00029130000007171475,0
2933,0.0002908999999817752,0.0,0.0002921000000242202,0
2934,0.0002988999999615771,0.0,0.00029999999992469384,0
2935,0.00029109999991305813,0.0,0.0002922000001035485,0
2936,0.0002947000000403932,0.0,0.00029590000008283823,0
2937,0.0002988000001096225,0.0,0.00029989999984536553,0
2938,0.000293000000056054,0.0,0.00029429999995045364,0
2939,0.00029289999997672567,0.0,0.0002939999999398424,0
2940,0.0002922000001035485,0.0,0.00029339999991861987,0
2941,0.00029959999983475427,0.0,0.00030070000002524466,0
2942,0.0002919999999448919,0.0,0.0002930999999080086,0
2943,0.0002899999999499414,0.0,0.00029119999999238644,0
2944,0.0002971999999772379,0.0,0.0002983000001677283,0
2945,0.0002909999998337298,0.0,0.00029230000018287683,0
2946,0.0002899000000979868,0.0,0.00029109999991305813,0
2947,0.00029689999996662664,0.0,0.00029800000015711703,0
2948,0.0002884000000449305,0.0,0.0002896000000873755,0
2949,0.00028919999999743595,0.0,0.000290400000039881,0
2950,0.00028849999989688513,0.0,0.0002896000000873755,0
2951,0.0002961000000141212,0.0,0.0002971999999772379,0
2952,0.00029119999999238644,0.0,0.0002925000001141598,0
2953,0.0002898999998706131,0.0,0.00029109999991305813,0
2954,0.00029700000004595495,0.0,0.0002982000000884,0
2955,0.0003113000000212196,0.0,0.00031249999983629095,0
2956,0.0003024000000095839,0.0,0.0003035000002000743,0
2957,0.00032970000006571354,0.0,0.0003309999999601132,0
2958,0.00028919999999743595,0.0,0.0002904999998918356,0
2959,0.000287800000023708,0.0,0.00028899999983877933,0
2960,0.0002888999999868247,0.0,0.0002901000000292697,0
2961,0.0002951999999822874,0.0,0.00029640000002473244,0
2962,0.0002870000000712025,0.0,0.00028830000019297586,0
2963,0.000289000000066153,0.0,0.00029020000010859803,0
2964,0.0002953000000616157,0.0,0.0002965999999560154,0
2965,0.0002903999998125073,0.0,0.0002917000001616543,0
2966,0.00028710000015053083,0.0,0.0002884000000449305,0
2967,0.00033629999984441383,0.0,0.0003374000000349042,0
2968,0.0002898999998706131,0.0,0.0002911000001404318,0
2969,0.00028759999986505136,0.0,0.00028880000013487006,0
2970,0.0003022999999302556,0.0,0.0003036000000520289,0
2971,0.0002904999998918356,0.0,0.00029180000001360895,0
2972,0.00028970000016670383,0.0,0.0002908999999817752,0
2973,0.00029119999999238644,0.0,0.00029229999995550315,0
2974,0.0002996999999140826,0.0,0.00030110000011518423,0
2975,0.00029140000015104306,0.0,0.0002925999999661144,0
2976,0.00029219999987617484,0.0,0.00029339999991861987,0
2977,0.0002967999998872983,0.0,0.00029800000015711703,0
2978,0.00029140000015104306,0.0,0.0002924999998867861,0
2979,0.0002908999999817752,0.0,0.00029200000017226557,0
2980,0.00029749999998784915,0.0,0.00029859999995096587,0
2981,0.0002913999999236694,0.0,0.0002924999998867861,0
2982,0.00029119999999238644,0.0,0.0002923999998074578,0
2983,0.0002884000000449305,0.0,0.0002895000000080472,0
2984,0.0002982000000884,0.0,0.000299400000130845,0
2985,0.0002901000000292697,0.0,0.00029130000007171475,0
2986,0.00028909999991810764,0.0,0.00029029999996055267,0
2987,0.00029810000000907166,0.0,0.00029920000019956206,0
2988,0.00028980000001865847,0.0,0.0002908999999817752,0
2989,0.00028930000007676426,0.0,0.0002904999998918356,0
2990,0.00029500000005100446,0.0,0.0002962000000934495,0
2991,0.0002903999998125073,0.0,0.000291600000082326,0
2992,0.00028969999993933016,0.0,0.00029080000012982055,0
2993,0.00028810000003431924,0.0,0.00028930000007676426,0
2994,0.0002965999999560154,0.0,0.0002977999999984604,0
2995,0.00028859999997621344,0.0,0.00028969999993933016,0
2996,0.0002882999999656022,0.0,0.0002892999998493906,0
2997,0.00029589999985546456,0.0,0.0002971999999772379,0
2998,0.000321499999927255,0.0,0.00032260000011774537,0
2999,0.00028550000001814624,9.950000003300374e-05,0.0017593999998553045,1
3000,0.0004170999998223124,0.0,0.0004182999998647574,0
3001,0.0003116999998837855,0.0,0.0003128999999262305,0
3002,0.00030940000010559743,0.0,0.0003105999999206688,0
3003,0.0002982000000884,0.0,0.00029949999998279964,0
3004,0.0002952000002096611,0.0,0.00029640000002473244,0
3005,0.00030530000003636815,0.0,0.0003065999999307678,0
3006,0.00029390000008788775,0.0,0.00029500000005100446,0
3007,0.00030059999994591635,0.0,0.0003017999999883614,0
3008,0.0002988999999615771,0.0,0.00030010000000402215,0
3009,0.000293000000056054,0.0,0.0002941000000191707,0
3010,0.000291600000082326,0.0,0.00029279999989739736,0
3011,0.0002908999999817752,0.0,0.0002922000001035485,0
3012,0.00029529999983424204,0.0,0.00029649999987668707,0
3013,0.0002885000001242588,0.0,0.0002896000000873755,0
3014,0.0002899999999499414,0.0,0.0002912999998443411,0
3015,0.0003606999998737592,0.0,0.0003619000001435779,0
3016,0.0002915000000029977,0.0,0.00029280000012477103,0
3017,0.00028859999997621344,0.0,0.00028969999993933016,0
3018,0.00029589999985546456,0.0,0.0002971999999772379,0
3019,0.00028980000001865847,0.0,0.0002911000001404318,0
3020,0.0002882999999656022,0.0,0.0002895000000080472,0
3021,0.0003348000000187312,0.0,0.0003359999998338026,0
3022,0.0002899000000979868,0.0,0.00029119999999238644,0
3023,0.00028959999986000184,0.0,0.00029079999990244687,0
3024,0.0002866999998332176,0.0,0.0002880000001823646,0
3025,0.0002949999998236308,0.0,0.0002961000000141212,0
3026,0.0002901000000292697,0.0,0.00029119999999238644,0
3027,0.00028830000019297586,0.0,0.0002896000000873755,0
3028,0.0002957000001515553,0.0,0.00029700000004595495,0
3029,0.0002895000000080472,0.0,0.0002905999999711639,0
3030,0.0002893999999287189,0.0,0.0002904999998918356,0
3031,0.0003022999999302556,0.0,0.0003036000000520289,0
3032,0.0002915000000029977,0.0,0.00029279999989739736,0
3033,0.00028930000007676426,0.0,0.0002905999999711639,0
3034,0.0002879000001030363,0.0,0.00028909999991810764,0
3035,0.00029649999987668707,0.0,0.0002976999999191321,0
3036,0.0002893999999287189,0.0,0.0002905999999711639,0
3037,0.00028849999989688513,0.0,0.00028970000016670383,0
3038,0.0002956999999241816,0.0,0.00029700000004595495,0
3039,0.00028919999999743595,0.0,0.000290400000039881,0
3040,0.0002887999999074964,0.0,0.0002899999999499414,0
3041,0.0002967000000353437,0.0,0.0002979000000777887,0
3042,0.0002901000000292697,0.0,0.00029119999999238644,0
3043,0.00028640000004998,0.0,0.00028769999994437967,0
3044,0.00028870000005554175,0.0,0.00028980000001865847,0
3045,0.00029419999987112533,0.0,0.00029540000014094403,0
3046,0.0002878999998756626,0.0,0.00028909999991810764,0
3047,0.0002872999998544401,0.0,0.00028849999989688513,0
3048,0.00029500000005100446,0.0,0.0002961999998660758,0
3049,0.0002878999998756626,0.0,0.0002891000001454813,0
3050,0.0002872999998544401,0.0,0.0002884000000449305,0
3051,0.0002941000000191707,0.0,0.00029539999991357035,0
3052,0.0002873000000818138,0.0,0.00028849999989688513,0
3053,0.0002879999999549909,0.0,0.00028919999999743595,0
3054,0.00028699999984382885,0.0,0.00028819999988627387,0
3055,0.0002951999999822874,0.0,0.00029640000002473244,0
3056,0.00028849999989688513,0.0,0.00028980000001865847,0
3057,0.0002879000001030363,0.0,0.0002891000001454813,0
3058,0.0002967000000353437,0.0,0.00029800000015711703,0
3059,0.0002892999998493906,0.0,0.000290400000039881,0
3060,0.0003243000001020846,0.0,0.00032549999991715595,0
3061,0.00029999999992469384,0.0,0.0003012999998190935,0
3062,0.00029119999999238644,0.0,0.00029240000003483146,0
3063,0.00029119999999238644,0.0,0.0002924999998867861,0
3064,0.00029109999991305813,0.0,0.00029229999995550315,0
3065,0.0003133000000161701,0.0,0.0003146000001379434,0
3066,0.00029119999999238644,0.0,0.00029240000003483146,0
3067,0.00028819999988627387,0.0,0.0002893999999287189,0
3068,0.0003540000000157306,0.0,0.00035520000005817565,0
3069,0.0002921000000242202,0.0,0.0002931999999873369,0
3070,0.0002915000000029977,0.0,0.0002927000000454427,0
3071,0.0002965999999560154,0.0,0.0002976999999191321,0
3072,0.0002921000000242202,0.0,0.0002931999999873369,0
3073,0.0002896000000873755,0.0,0.0002908999999817752,0
3074,0.00029590000008283823,0.0,0.00029689999996662664,0
3075,0.00028819999988627387,0.0,0.00028930000007676426,0
3076,0.0002887999999074964,0.0,0.0002900000001773151,0
3077,0.00028930000007676426,0.0,0.0002904999998918356,0
3078,0.0003316000002087094,0.0,0.00033280000002378074,0
3079,0.0002891000001454813,0.0,0.00029019999988122436,0
3080,0.000289000000066153,0.0,0.00029019999988122436,0
3081,0.000295600000072227,0.0,0.0002967999998872983,0
3082,0.00028720000000248547,0.0,0.00028849999989688513,0
3083,0.0002862999999706517,0.0,0.0002873999999337684,0
3084,0.00029329999983929156,0.0,0.00029450000010911026,0
3085,0.000285200000007535,0.0,0.00028630000019802537,0
3086,0.00028659999998126295,0.0,0.000287800000023708,0
3087,0.00031940000008034986,0.0,0.0003206000001227949,0
3088,0.00029390000008788775,0.0,0.0002950999999029591,0
3089,0.0003206000001227949,0.0,0.0003216999998585379,0
3090,0.00028819999988627387,0.0,0.0002895000000080472,0
3091,0.0002970999998979096,0.0,0.0002982000000884,0
3092,0.00028959999986000184,0.0,0.00029070000005049224,0
3093,0.0002894000001560926,0.0,0.0002904999998918356,0
3094,0.00029469999981301953,0.0,0.00029600000016216654,0
3095,0.0002908999999817752,0.0,0.0002921000000242202,0
3096,0.0002901000000292697,0.0,0.00029119999999238644,0
3097,0.00028919999999743595,0.0,0.00029029999996055267,0
3098,0.0002951999999822874,0.0,0.0002962999999454041,0
3099,0.00028919999999743595,0.00010009999982685258,0.0016814000000522356,1
3100,0.000505299999986164,0.0,0.0005068000000392203,0
3101,0.000309699999888835,0.0,0.00031100000001060835,0
3102,0.0003340999999181804,0.0,0.00033529999996062543,0
3103,0.0002936000000772765,0.0,0.0002948000001197215,0
3104,0.0002919999999448919,0.0,0.00029330000006666523,0
3105,0.00032599999985905015,0.0,0.00032720000012886885,0
3106,0.0002905000001192093,0.0,0.00029169999993428064,0
3107,0.0002896000000873755,0.0,0.00029070000005049224,0
3108,0.00029130000007171475,0.0,0.0002925999999661144,0
3109,0.00033379999990756914,0.0,0.00033490000009805954,0
3110,0.0002905000001192093,0.0,0.00029169999993428064,0
3111,0.00028820000011364755,0.0,0.0002893999999287189,0
3112,0.0003260000000864238,0.0,0.00032720000012886885,0
3113,0.0002892999998493906,0.0,0.000290400000039881,0
3114,0.00028919999999743595,0.0,0.0002904999998918356,0
3115,0.0003523000000313914,0.0,0.00035360000015316473,0
3116,0.0002921000000242202,0.0,0.00029339999991861987,0
3117,0.0002867999999125459,0.0,0.00028809999980694556,0
3118,0.000324099999943428,0.0,0.00032520000013391837,0
3119,0.00028610000003936875,0.0,0.00028720000000248547,0
3120,0.0002862999999706517,0.0,0.0002874000001611421,0
3121,0.00028550000001814624,0.0,0.0002867999999125459,0
3122,0.00030270000002019515,0.0,0.0003039000000626402,0
3123,0.00028589999988071213,0.0,0.00028709999992315716,0
3124,0.00028550000001814624,0.0,0.00028670000006059126,0
3125,0.00032080000005407783,0.0,0.00032190000001719454,0
3126,0.00028550000001814624,0.0,0.00028670000006059126,0
3127,0.0002868000001399196,0.0,0.0002878999998756626,0
3128,0.00032200000009652285,0.0,0.0003232000001389679,0
3129,0.0002844000000550295,0.0,0.00028560000009747455,0
3130,0.0002855999998701009,0.0,0.00028670000006059126,0
3131,0.0003209999999853608,0.0,0.0003222000000278058,0
3132,0.00028760000009242503,0.0,0.00028870000005554175,0
3133,0.0002853000000868633,0.0,0.00028639999982260633,0
3134,0.0002867999999125459,0.0,0.0002879000001030363,0
3135,0.00032250000003841706,0.0,0.00032360000000153377,0
3136,0.0002862999999706517,0.0,0.0002873999999337684,0
3137,0.0002867999999125459,0.0,0.0002879000001030363,0
3138,0.00032620000001770677,0.0,0.0003274000000601518,0
3139,0.0002856999999494292,0.0,0.0002868999999918742,0
3140,0.0002867999999125459,0.0,0.00028810000003431924,0
3141,0.00032260000011774537,0.0,0.00032390000001214503,0
3142,0.00028810000003431924,0.0,0.0002892999998493906,0
3143,0.0002868999999918742,0.0,0.0002879999999549909,0
3144,0.0003063000001475302,0.0,0.00030739999988327327,0
3145,0.00030209999999897263,0.0,0.00030330000004141766,0
3146,0.00028769999994437967,0.0,0.00028880000013487006,0
3147,0.00028539999993881793,0.0,0.0002865000001293083,0
3148,0.0003237999999328167,0.0,0.00032489999989593343,0
3149,0.0002868000001399196,0.0,0.0002879999999549909,0
3150,0.0002868999999918742,0.0,0.00028810000003431924,0
3151,0.0003247999998166051,0.0,0.0003260000000864238,0
3152,0.00028659999998126295,0.0,0.000287800000023708,0
3153,0.00028539999993881793,0.0,0.00028659999998126295,0
3154,0.0003235999997741601,0.0,0.0003248000000439788,0
3155,0.0002858000000287575,0.0,0.00028699999984382885,0
3156,0.0002862999999706517,0.0,0.0002873999999337684,0
3157,0.00028670000006059126,0.0,0.000287800000023708,0
3158,0.00035460000003695313,0.0,0.00035570000000006985,0
3159,0.00028640000004998,0.0,0.0002875000000130967,0
3160,0.00028660000020863663,0.0,0.0002879000001030363,0
3161,0.0003216000000065833,0.0,0.0003228000000490283,0
3162,0.00028610000003936875,0.0,0.00028720000000248547,0
3163,0.000285200000007535,0.0,0.0002862999999706517,0
3164,0.0003216000000065833,0.0,0.0003226999999697,0
3165,0.00028399999996508996,0.0,0.00028510000015558035,0
3166,0.0002865000001293083,0.0,0.00028769999994437967,0
3167,0.000312299999905008,0.0,0.00031349999994745303,0
3168,0.000333100000034392,0.0,0.0003341999999975087,0
3169,0.0003048999999464286,0.0,0.0003060999999888736,0
3170,0.0003578999999263033,0.0,0.0003590999999687483,0
3171,0.00029949999998279964,0.0,0.00030070000002524466,0
3172,0.0002983000001677283,0.0,0.00029949999998279964,0
3173,0.0002949999998236308,0.0,0.0002961000000141212,0
3174,0.0002947000000403932,0.0,0.00029590000008283823,0
3175,0.0003079999999044958,0.0,0.0003091999999469408,0
3176,0.0002875000000130967,0.0,0.00028849999989688513,0
3177,0.0003223000001071341,0.0,0.0003234000000702508,0
3178,0.00028659999998126295,0.0,0.0002878999998756626,0
3179,0.0002865000001293083,0.0,0.00028759999986505136,0
3180,0.00032229999987976043,0.0,0.0003234000000702508,0
3181,0.000285200000007535,0.0,0.0002862999999706517,0
3182,0.0002865000001293083,0.0,0.00028759999986505136,0
3183,0.0003217000000859116,0.0,0.0003226999999697,0
3184,0.00028720000000248547,0.0,0.00028830000019297586,0
3185,0.0002847000000656408,0.0,0.00028589999988071213,0
3186,0.0002875000000130967,0.0,0.00028859999997621344,0
3187,0.0003222000000278058,0.0,0.0003232999999909225,0
3188,0.0002868999999918742,0.0,0.0002879999999549909,0
3189,0.00028499999984887836,0.0,0.00028610000003936875,0
3190,0.00032250000003841706,0.0,0.00032360000000153377,0
3191,0.00028509999992820667,0.0,0.00028630000019802537,0
3192,0.00028550000001814624,0.0,0.00028659999998126295,0
3193,0.00031990000002224406,0.0,0.0003212000001440174,0
3194,0.0002867999999125459,0.0,0.0002879999999549909,0
3195,0.0002847000000656408,0.0,0.0002858000000287575,0
3196,0.0003065999999307678,0.0,0.00030790000005254115,0
3197,0.00029909999989286007,0.0,0.0003002999999353051,0
3198,0.00028539999993881793,0.0,0.00028649999990193464,0
3199,0.00028500000007625204,0.00013509999985217291,0.0019334000000981177,1
3200,0.0005205999998452171,0.0,0.0005218999999669904,0
3201,0.00036559999989549397,0.0,0.0003669000000172673,0
3202,0.00038679999988744385,0.0,0.0003881000000092172,0
3203,0.00035769999999502033,0.0,0.00035900000011679367,0
3204,0.00033689999986563635,0.0,0.0003381999999874097,0
3205,0.0003096000000368804,0.0,0.0003106999999999971,0
3206,0.0003412999999454769,0.0,0.0003424999999879219,0
3207,0.00033069999994950194,0.0,0.0003320000000712753,0
3208,0.00034419999997226114,0.0,0.00034540000001470617,0
3209,0.00033699999994496466,0.0,0.0003381999999874097,0
3210,0.00033129999997072446,0.0,0.00033269999994445243,0
3211,0.0003079999999044958,0.0,0.00030910000009498617,0
3212,0.00037300000008144707,0.0,0.0003740999998171901,0
3213,0.00033230000008188654,0.0,0.00033340000004500325,0
3214,0.0003071999999519903,0.0,0.00030829999991510704,0
3215,0.00033639999992374214,0.0,0.00033750000011423253,0
3216,0.00033189999999194697,0.0,0.00033300000018243736,0
3217,0.0003076000000419299,0.0,0.0003088000000843749,0
3218,0.0003358000001298933,0.0,0.00033699999994496466,0
3219,0.0002873000000818138,0.0,0.0002883999998175568,0
3220,0.00028769999994437967,0.0,0.00028880000013487006,0
3221,0.00029029999996055267,0.0,0.0002915000000029977,0
3222,0.00028610000003936875,0.0,0.0002873999999337684,0
3223,0.00028539999993881793,0.0,0.0002865000001293083,0
3224,0.00028870000005554175,0.0,0.00028980000001865847,0
3225,0.0002852999998594896,0.0,0.00028640000004998,0
3226,0.0002835999998751504,0.0,0.0002847999999175954,0
3227,0.00028509999992820667,0.0,0.00028610000003936875,0
3228,0.00028970000016670383,0.0,0.0002908999999817752,0
3229,0.00028350000002319575,0.0,0.00028459999998631247,0
3230,0.0002832000000125845,0.0,0.0002844000000550295,0
3231,0.00029080000012982055,0.0,0.0002919999999448919,0
3232,0.0003080999999838241,0.0,0.00030940000010559743,0
3233,0.00044260000004214817,0.0,0.00044439999987844203,0
3234,0.0003684000000703236,0.0,0.00037029999998594576,0
3235,0.00031730000000607106,0.0,0.0003186000001278444,0
3236,0.0003123999999843363,0.0,0.00031360000002678134,0
3237,0.00029440000002978195,0.0,0.000295600000072227,0
3238,0.0002884000000449305,0.0,0.0002895000000080472,0
3239,0.00032019999980548164,0.0,0.00032150000015462865,0
3240,0.00032549999991715595,0.0,0.000326699999959601,0
3241,0.00031979999994291575,0.0,0.0003209999999853608,0
3242,0.00028810000003431924,0.0,0.00028930000007676426,0
3243,0.00032410000017080165,0.0,0.0003254000000652013,0
3244,0.0002868000001399196,0.0,0.0002878999998756626,0
3245,0.0003074999999626016,0.0,0.0003085999999257183,0
3246,0.00030949999995755206,0.0,0.0003105999999206688,0
3247,0.00031690000014350517,0.0,0.0003180999999585765,0
3248,0.0002999000000727392,0.0,0.00030099999980848224,0
3249,0.00031360000002678134,0.0,0.0003154000000904489,0
3250,0.0003228000000490283,0.0,0.000324099999943428,0
3251,0.00032549999991715595,0.0,0.00032710000004954054,0
3252,0.00032880000003387977,0.0,0.0003303999999388907,0
3253,0.0003460000000359287,0.0,0.00034740000000965665,0
3254,0.00039209999999911815,0.0,0.0003934000001208915,0
3255,0.00036920000002282904,0.0,0.00037029999998594576,0
3256,0.00038429999995059916,0.0,0.00038540000014108955,0
3257,0.0004184000001714594,0.0,0.00041959999998653075,0
3258,0.00043070000015177357,0.0,0.0004317999998875166,0
3259,0.00034760000016831327,0.0,0.00034890000006271293,0
3260,0.00044179999986226903,0.0,0.0004432000000633707,0
3261,0.0003819999999450374,0.0,0.0003831000001355278,0
3262,0.00031170000011115917,0.0,0.0003128999999262305,0
3263,0.0003960999999890191,0.0,0.00039730000003146415,0
3264,0.0003517999998621235,0.0,0.0003530000001319422,0
3265,0.0003327000001718261,0.0,0.00033400000006622577,0
3266,0.0003184999998211424,0.0,0.0003196000000116328,0
3267,0.00028509999992820667,0.0,0.0002862999999706517,0
3268,0.00028500000007625204,0.0,0.00028620000011869706,0
3269,0.0002872999998544401,0.0,0.0002886000002035871,0
3270,0.00028410000004441827,0.0,0.0002852999998594896,0
3271,0.0002821999999014224,0.0,0.00028339999994386744,0
3272,0.0002861999998913234,0.0,0.0002873999999337684,0
3273,0.0002836999999544787,0.0,0.0002848999999969237,0
3274,0.0002829999998539279,0.0,0.00028410000004441827,0
3275,0.0002822999999807507,0.0,0.00028360000010252406,0
3276,0.00029770000014650577,0.0,0.0002988999999615771,0
3277,0.00028279999992264493,0.0,0.00028410000004441827,0
3278,0.00028499999984887836,0.0,0.00028610000003936875,0
3279,0.0002887999999074964,0.0,0.0002899999999499414,0
3280,0.00028279999992264493,0.0,0.0002839000001131353,0
3281,0.0002832000000125845,0.0,0.0002842999999757012,0
3282,0.0002884000000449305,0.0,0.0002895000000080472,0
3283,0.00028250000013940735,0.0,0.0002835999998751504,0
3284,0.0002842999999757012,0.0,0.00028539999993881793,0
3285,0.00028250000013940735,0.0,0.0002835999998751504,0
3286,0.0002875000000130967,0.0,0.00028859999997621344,0
3287,0.0002842999999757012,0.0,0.00028560000009747455,0
3288,0.0002841999998963729,0.0,0.0002853000000868633,0
3289,0.00028809999980694556,0.0,0.00028919999999743595,0
3290,0.00028589999988071213,0.0,0.00028710000015053083,0
3291,0.0002853000000868633,0.0,0.0002865000001293083,0
3292,0.00028759999986505136,0.0,0.0002887999999074964,0
3293,0.00028919999999743595,0.0,0.00029029999996055267,0
3294,0.0003722000001289416,0.0,0.00037329999986468465,0
3295,0.0003552999999101303,0.0,0.0003564999999525753,0
3296,0.00035100000013699173,0.0,0.00035209999987273477,0
3297,0.00035010000010515796,0.0,0.0003513999999995576,0
3298,0.0003549000000475644,0.0,0.0003560000000106811,0
3299,0.00034960000016326376,0.00016219999997701962,0.001906499999904554,1
3300,0.0005141000001458451,0.0,0.0005152999999609165,0
3301,0.00038070000005063775,0.0,0.0003819999999450374,0
3302,0.00037739999993391393,0.0,0.0003788000001350156,0
3303,0.00033699999994496466,0.0,0.00033820000021478336,0
3304,0.0003590999999687483,0.0,0.00036039999986314797,0
3305,0.0003873000000567117,0.0,0.0003887000000304397,0
3306,0.00033589999998184794,0.0,0.00033710000002429297,0
3307,0.00032510000005459005,0.0,0.00032620000001770677,0
3308,0.00032360000000153377,0.0,0.0003248000000439788,0
3309,0.00032050000004346657,0.0,0.0003216999998585379,0
3310,0.0003246999999646505,0.0,0.0003258000001551409,0
3311,0.00028870000005554175,0.0,0.00028969999993933016,0
3312,0.00029070000005049224,0.0,0.0002918999998655636,0
3313,0.00031050000006871414,0.0,0.00031160000003183086,0
3314,0.0003017999999883614,0.0,0.00030280000009952346,0
3315,0.0002884000000449305,0.0,0.00028959999986000184,0
3316,0.00028699999984382885,0.0,0.00028810000003431924,0
3317,0.00032489999989593343,0.0,0.00032609999993837846,0
3318,0.0002948000001197215,0.0,0.00029589999985546456,0
3319,0.0002905999999711639,0.0,0.00029180000001360895,0
3320,0.00032520000013391837,0.0,0.0003262999998696614,0
3321,0.0002870000000712025,0.0,0.00028819999988627387,0
3322,0.0002875000000130967,0.0,0.00028859999997621344,0
3323,0.0003224000001864624,0.0,0.00032360000000153377,0
3324,0.0002888999999868247,0.0,0.0002899999999499414,0
3325,0.00028720000000248547,0.0,0.0002882999999656022,0
3326,0.000307200000179364,0.0,0.00030850000007376366,0
3327,0.0002880000001823646,0.0,0.00028909999991810764,0
3328,0.0002872999998544401,0.0,0.0002884000000449305,0
3329,0.00028599999996004044,0.0,0.00028720000000248547,0
3330,0.0003249000001233071,0.0,0.00032599999985905015,0
3331,0.0002862999999706517,0.0,0.0002873999999337684,0
3332,0.00028539999993881793,0.0,0.00028659999998126295,0
3333,0.0003412999999454769,0.0,0.0003423999999085936,0
3334,0.00028399999996508996,0.0,0.000285200000007535,0
3335,0.000283800000033807,0.0,0.00028500000007625204,0
3336,0.0003189999999904103,0.0,0.0003201000001809007,0
3337,0.0002828000001500186,0.0,0.00028389999988576164,0
3338,0.0002842999999757012,0.0,0.00028539999993881793,0
3339,0.0002821999999014224,0.0,0.00028339999994386744,0
3340,0.0003154999999424035,0.0,0.00031669999998484855,0
3341,0.0002936000000772765,0.0,0.00029479999989234784,0
3342,0.00030110000011518423,0.0,0.0003024000000095839,0
3343,0.000321499999927255,0.0,0.00032260000011774537,0
3344,0.00028350000002319575,0.0,0.0002846999998382671,0
3345,0.00028290000000197324,0.0,0.00028410000004441827,0
3346,0.00032029999988480995,0.0,0.00032140000007530034,0
3347,0.00028350000002319575,0.0,0.0002846999998382671,0
3348,0.00028500000007625204,0.0,0.00028610000003936875,0
3349,0.00030479999986710027,0.0,0.00030590000005759066,0
3350,0.00028550000001814624,0.0,0.00028670000006059126,0
3351,0.0002848000001449691,0.0,0.00028599999996004044,0
3352,0.00028449999990698416,0.0,0.00028560000009747455,0
3353,0.00032260000011774537,0.0,0.0003236999998534884,0
3354,0.0002861999998913234,0.0,0.0002873999999337684,0
3355,0.00028610000003936875,0.0,0.00028720000000248547,0
3356,0.0003762000001188426,0.0,0.00037750000001324224,0
3357,0.00035020000018448627,0.0,0.0003512999999202293,0
3358,0.00032129999999597203,0.0,0.00032239999995908875,0
3359,0.00035590000015872647,0.0,0.0003570999999737978,0
3360,0.0003513999999995576,0.0,0.00035249999996267434,0
3361,0.0003202000000328553,0.0,0.00032150000015462865,0
3362,0.00035419999994701357,0.0,0.0003555000000687869,0
3363,0.0003507999999783351,0.0,0.00035199999979340646,0
3364,0.00033389999998689746,0.0,0.00033489999987068586,0
3365,0.00034099999993486563,0.0,0.00034219999997731065,0
3366,0.0003393000001779001,0.0,0.0003404999999929714,0
3367,0.0003030000000308064,0.0,0.0003040999999939231,0
3368,0.00028709999992315716,0.0,0.00028820000011364755,0
3369,0.00028720000000248547,0.0,0.0002884000000449305,0
3370,0.00028709999992315716,0.0,0.00028820000011364755,0
3371,0.0002919999999448919,0.0,0.0002930999999080086,0
3372,0.0002874000001611421,0.0,0.00028859999997621344,0
3373,0.00028659999998126295,0.0,0.000287800000023708,0
3374,0.0002895000000080472,0.0,0.0002905999999711639,0
3375,0.00028670000006059126,0.0,0.000287800000023708,0
3376,0.0002873999999337684,0.0,0.0002885000001242588,0
3377,0.00029029999996055267,0.0,0.0002913999999236694,0
3378,0.0002872999998544401,0.0,0.0002886000002035871,0
3379,0.00028459999998631247,0.0,0.0002856999999494292,0
3380,0.00028670000006059126,0.0,0.0002878999998756626,0
3381,0.0003067000000100961,0.0,0.00030790000005254115,0
3382,0.0003225999998903717,0.0,0.0003237000000808621,0
3383,0.00028539999993881793,0.0,0.00028659999998126295,0
3384,0.00032090000013340614,0.0,0.0003220999999484775,0
3385,0.0002848999999969237,0.0,0.00028599999996004044,0
3386,0.0002854000001661916,0.0,0.00028659999998126295,0
3387,0.0002875000000130967,0.0,0.00028859999997621344,0
3388,0.00028539999993881793,0.0,0.0002865000001293083,0
3389,0.0002856999999494292,0.0,0.0002868999999918742,0
3390,0.00028399999996508996,0.0,0.00028509999992820667,0
3391,0.0002898999998706131,0.0,0.0002910000000611035,0
3392,0.00028539999993881793,0.0,0.00028639999982260633,0
3393,0.00031669999998484855,0.0,0.00031790000002729357,0
3394,0.0002885000001242588,0.0,0.00028969999993933016,0
3395,0.0002841999998963729,0.0,0.0002853000000868633,0
3396,0.000285200000007535,0.0,0.0002862999999706517,0
3397,0.0002836999999544787,0.0,0.0002848999999969237,0
3398,0.00028659999998126295,0.0,0.0002878999998756626,0
3399,0.00028300000008130155,0.00010169999995923718,0.0018721999999797845,1
3400,0.000487400000110938,0.0,0.0004887000000053376,0
3401,0.000531500000079177,0.0,0.0005335000000741275,0
3402,0.0004079000000274391,0.0,0.00040919999992183875,0
3403,0.00035480000019560975,0.0,0.0003561000000900094,0
3404,0.0003638000000592001,0.0,0.00036499999987427145,0
3405,0.0003532999999151798,0.0,0.0003544000001056702,0
3406,0.0003552999999101303,0.0,0.000356500000179949,0
3407,0.00035000000002582965,0.0,0.000351300000147603,0
3408,0.0003394000000298547,0.0,0.00034060000007229974,0
3409,0.00034320000008847273,0.0,0.0003443999999035441,0
3410,0.00033960000018851133,0.0,0.0003408000000035827,0
3411,0.00033589999998184794,0.0,0.0003371999998762476,0
3412,0.0003416000001834618,0.0,0.00034279999999853317,0
3413,0.00033529999996062543,0.0,0.00033650000000307045,0
3414,0.00029119999999238644,0.0,0.00029219999987617484,0
3415,0.00033280000002378074,0.0,0.00033400000006622577,0
3416,0.00029109999991305813,0.0,0.0002923999998074578,0
3417,0.00028919999999743595,0.0,0.000290400000039881,0
3418,0.00031680000006417686,0.0,0.0003179999998792482,0
3419,0.00028980000001865847,0.0,0.00029119999999238644,0
3420,0.00028930000007676426,0.0,0.000290400000039881,0
3421,0.00033910000001924345,0.0,0.0003403000000616885,0
3422,0.00029130000007171475,0.0,0.0002924999998867861,0
3423,0.0002905999999711639,0.0,0.00029190000009293726,0
3424,0.00028980000001865847,0.0,0.0002910000000611035,0
3425,0.00029689999996662664,0.0,0.00029810000000907166,0
3426,0.00029080000012982055,0.0,0.00029190000009293726,0
3427,0.00028919999999743595,0.0,0.0002904999998918356,0
3428,0.00032969999983833986,0.0,0.0003308999998807849,0
3429,0.00028919999999743595,0.0,0.00029029999996055267,0
3430,0.00028820000011364755,0.0,0.00028930000007676426,0
3431,0.00029489999997167615,0.0,0.0002961000000141212,0
3432,0.0002884000000449305,0.0,0.00028969999993933016,0
3433,0.00028710000015053083,0.0,0.0002882999999656022,0
3434,0.00032239999995908875,0.0,0.0003236999998534884,0
3435,0.0002961000000141212,0.0,0.0002973000000565662,0
3436,0.00028880000013487006,0.0,0.0002899999999499414,0
3437,0.0002887999999074964,0.0,0.0002901000000292697,0
3438,0.0002996999999140826,0.0,0.0003010000000358559,0
3439,0.0003206000001227949,0.0,0.00032190000001719454,0
3440,0.00029109999991305813,0.0,0.0002922000001035485,0
3441,0.00029479999989234784,0.0,0.0002962000000934495,0
3442,0.0002926000001934881,0.0,0.00029380000000855944,0
3443,0.0002905999999711639,0.0,0.000291600000082326,0
3444,0.00029070000005049224,0.0,0.0002919999999448919,0
3445,0.0002929999998286803,0.0,0.0002943000001778273,0
3446,0.00029070000005049224,0.0,0.0002919999999448919,0
3447,0.00029029999996055267,0.0,0.0002915000000029977,0
3448,0.0003010000000358559,0.0,0.00030220000007830095,0
3449,0.0002937000001566048,0.0,0.00029500000005100446,0
3450,0.00029109999991305813,0.0,0.0002922000001035485,0
3451,0.00033800000005612674,0.0,0.0003391999998711981,0
3452,0.0002925999999661144,0.0,0.00029390000008788775,0
3453,0.0002909999998337298,0.0,0.0002921000000242202,0
3454,0.0003341999999975087,0.0,0.00033529999996062543,0
3455,0.0002930999999080086,0.0,0.000294200000098499,0
3456,0.0002918999998655636,0.0,0.000293000000056054,0
3457,0.0002899999999499414,0.0,0.00029119999999238644,0
3458,0.00029859999995096587,0.0,0.0002996999999140826,0
3459,0.0002903999998125073,0.0,0.000291600000082326,0
3460,0.0002895000000080472,0.0,0.0002905999999711639,0
3461,0.0003067000000100961,0.0,0.00030790000005254115,0
3462,0.00029180000001360895,0.0,0.0002930999999080086,0
3463,0.00029689999996662664,0.0,0.00029810000000907166,0
3464,0.0003013000000464672,0.0,0.0003024999998615385,0
3465,0.00029180000001360895,0.0,0.000293000000056054,0
3466,0.0002893999999287189,0.0,0.0002905999999711639,0
3467,0.00029500000005100446,0.0,0.0002962000000934495,0
3468,0.0002878999998756626,0.0,0.0002891000001454813,0
3469,0.0002878999998756626,0.0,0.000289000000066153,0
3470,0.00028769999994437967,0.0,0.0002887999999074964,0
3471,0.00031300000000555883,0.0,0.0003141000001960492,0
3472,0.00028930000007676426,0.0,0.0002905000001192093,0
3473,0.0002880000001823646,0.0,0.00028909999991810764,0
3474,0.0003431000000091444,0.0,0.0003443999999035441,0
3475,0.0002921000000242202,0.0,0.00029330000006666523,0
3476,0.0002895000000080472,0.0,0.00029079999990244687,0
3477,0.0002983000001677283,0.0,0.00029949999998279964,0
3478,0.0002898999998706131,0.0,0.0002910000000611035,0
3479,0.00028980000001865847,0.0,0.0002908999999817752,0
3480,0.0003180999999585765,0.0,0.00031940000008034986,0
3481,0.0003076999998938845,0.0,0.0003088000000843749,0
3482,0.0002909999998337298,0.0,0.0002922000001035485,0
3483,0.0002899999999499414,0.0,0.0002911000001404318,0
3484,0.00030049999986658804,0.0,0.00030170000013640674,0
3485,0.0002915000000029977,0.0,0.0002924999998867861,0
3486,0.0002921000000242202,0.0,0.0002931999999873369,0
3487,0.0003013999998984218,0.0,0.0003025000000889122,0
3488,0.00029289999997672567,0.0,0.0002941000000191707,0
3489,0.00029279999989739736,0.0,0.0002939999999398424,0
3490,0.0003326000000924978,0.0,0.00033389999998689746,0
3491,0.0002911000001404318,0.0,0.00029219999987617484,0
3492,0.0002912999998443411,0.0,0.0002925000001141598,0
3493,0.00029029999996055267,0.0,0.0002915000000029977,0
3494,0.00033290000010310905,0.0,0.0003340999999181804,0
3495,0.0002915000000029977,0.0,0.0002927000000454427,0
3496,0.0002893999999287189,0.0,0.00029070000005049224,0
3497,0.0002999000000727392,0.0,0.00030099999980848224,0
3498,0.00029069999982311856,0.0,0.00029180000001360895,0
3499,0.00028930000007676426,0.00010100000008606003,0.001868800000011106,1
3500,0.0005697999999938475,0.0,0.0005719999999200809,0
3501,0.00037700000007134804,0.0,0.00037870000005568727,0
3502,0.00036240000008547213,0.0,0.0003637999998318264,0
3503,0.00037019999990661745,0.0,0.0003715000000283908,0
3504,0.0003590999999687483,0.0,0.000360199999931865,0
3505,0.00035879999995813705,0.0,0.00035989999992125377,0
3506,0.00036360000012791716,0.0,0.0003647999999429885,0
3507,0.00035669999988385825,0.0,0.0003578999999263033,0
3508,0.000356399999873247,0.0,0.00035769999999502033,0
3509,0.0003543000000263419,0.0,0.0003555000000687869,0
3510,0.00034529999993537785,0.0,0.00034640000012586825,0
3511,0.0003442999998242158,0.0,0.00034540000001470617,0
3512,0.0003805000001193548,0.0,0.00038169999993442616,0
3513,0.0003429000000778615,0.0,0.0003440000000409782,0
3514,0.000346100000115257,0.0,0.00034729999993032834,0
3515,0.0003117999999631138,0.0,0.00031299999977818516,0
3516,0.00029019999988122436,0.0,0.00029130000007171475,0
3517,0.0003074999999626016,0.0,0.0003087000000050466,0
3518,0.0003026000001682405,0.0,0.00030379999998331186,0
3519,0.0002879999999549909,0.0,0.00028909999991810764,0
3520,0.00028709999992315716,0.0,0.00028820000011364755,0
3521,0.00032499999997526174,0.0,0.00032609999993837846,0
3522,0.0002877999997963343,0.0,0.0002888999999868247,0
3523,0.0002891000001454813,0.0,0.00029019999988122436,0
3524,0.0003242000000227563,0.0,0.0003251999999065447,0
3525,0.00028859999997621344,0.0,0.00028969999993933016,0
3526,0.00028810000003431924,0.0,0.00028919999999743595,0
3527,0.0003216999998585379,0.0,0.0003229000001283566,0
3528,0.00028870000005554175,0.0,0.0002899000000979868,0
3529,0.00028659999998126295,0.0,0.00028769999994437967,0
3530,0.0002868999999918742,0.0,0.00028819999988627387,0
3531,0.0003217000000859116,0.0,0.00032279999982165464,0
3532,0.0002862999999706517,0.0,0.0002875000000130967,0
3533,0.00033700000017233833,0.0,0.0003381999999874097,0
3534,0.00041970000006585906,0.0,0.0004208000000289758,0
3535,0.000355100000206221,0.0,0.0003564000001006207,0
3536,0.0003543999998782965,0.0,0.0003555000000687869,0
3537,0.00034950000008393545,0.0,0.0003507999999783351,0
3538,0.00034800000003087916,0.0,0.0003492000000733242,0
3539,0.00035769999999502033,0.0,0.00035879999995813705,0
3540,0.0003381999999874097,0.0,0.0003392999999505264,0
3541,0.0003374000000349042,0.0,0.00033870000015667756,0
3542,0.00034740000000965665,0.0,0.0003486000000521017,0
3543,0.0003394000000298547,0.0,0.00034069999992425437,0
3544,0.00033759999996618717,0.0,0.00033870000015667756,0
3545,0.00037789999987580813,0.0,0.0003790000000662985,0
3546,0.00028909999991810764,0.0,0.00029020000010859803,0
3547,0.00028459999998631247,0.0,0.00028589999988071213,0
3548,0.0002915000000029977,0.0,0.0002926000001934881,0
3549,0.000285200000007535,0.0,0.0002862999999706517,0
3550,0.00028399999996508996,0.0,0.00028509999992820667,0
3551,0.000287800000023708,0.0,0.0002888999999868247,0
3552,0.0002861999998913234,0.0,0.0002874000001611421,0
3553,0.0002852999998594896,0.0,0.0002865000001293083,0
3554,0.0002855999998701009,0.0,0.0002867999999125459,0
3555,0.00028919999999743595,0.0,0.0002903999998125073,0
3556,0.0002862999999706517,0.0,0.0002875000000130967,0
3557,0.00028439999982765585,0.0,0.0002855999998701009,0
3558,0.000342100000125356,0.0,0.00034319999986109906,0
3559,0.00032549999991715595,0.0,0.000326699999959601,0
3560,0.00032239999995908875,0.0,0.0003234000000702508,0
3561,0.0003281000001607026,0.0,0.00032919999989644566,0
3562,0.0003229000001283566,0.0,0.0003242000000227563,0
3563,0.00033999999982370355,0.0,0.000340900000082911,0
3564,0.00035929999990003125,0.0,0.00036040000009052164,0
3565,0.0003232000001389679,0.0,0.00032439999995403923,0
3566,0.0003175000001647277,0.0,0.0003185999999004707,0
3567,0.00035349999984646274,0.0,0.00035460000003695313,0
3568,0.00032970000006571354,0.0,0.00033080000002883025,0
3569,0.000340900000082911,0.0,0.00034209999989798234,0
3570,0.0004417000000103144,0.0,0.0004429000000527594,0
3571,0.0003487999999833846,0.0,0.00034989999994650134,0
3572,0.0003561000000900094,0.0,0.00035729999990508077,0
3573,0.0003509000000576634,0.0,0.00035209999987273477,0
3574,0.00035099999990961805,0.0,0.0003521999999520631,0
3575,0.00035549999984141323,0.0,0.00035669999988385825,0
3576,0.00033899999993991514,0.0,0.00034019999998236017,0
3577,0.00033849999999802094,0.0,0.0003396999998130923,0
3578,0.00034099999993486563,0.0,0.0003423999999085936,0
3579,0.00033710000002429297,0.0,0.0003382999998393643,0
3580,0.00034130000017285056,0.0,0.0003426000000672502,0
3581,0.0003403999999136431,0.0,0.00034159999995608814,0
3582,0.00029949999998279964,0.0,0.00030059999994591635,0
3583,0.0002874000001611421,0.0,0.00028849999989688513,0
3584,0.000325299999985873,0.0,0.0003263999999489897,0
3585,0.00028760000009242503,0.0,0.0002887999999074964,0
3586,0.0002884000000449305,0.0,0.0002896000000873755,0
3587,0.00032499999997526174,0.0,0.00032620000001770677,0
3588,0.00028699999984382885,0.0,0.00028820000011364755,0
3589,0.0002878999998756626,0.0,0.00028909999991810764,0
3590,0.0003840000001673616,0.0,0.00038530000006176124,0
3591,0.0002899000000979868,0.0,0.00029119999999238644,0
3592,0.00028709999992315716,0.0,0.0002884000000449305,0
3593,0.0003209999999853608,0.0,0.0003222000000278058,0
3594,0.00028769999994437967,0.0,0.0002891000001454813,0
3595,0.0002861999998913234,0.0,0.0002873999999337684,0
3596,0.0003108000000793254,0.0,0.00031210000020109874,0
3597,0.0002874000001611421,0.0,0.00028859999997621344,0
3598,0.00028699999984382885,0.0,0.00028810000003431924,0
3599,0.0002865000001293083,0.00013450000005832408,0.0017576999998709653,1
3600,0.00042839999991883815,0.0,0.0004298000001199398,0
3601,0.0003352000001086708,0.0,0.00033629999984441383,0
3602,0.0003106999999999971,0.0,0.0003119000000424421,0
3603,0.0003014999999777501,0.0,0.00030270000002019515,0
3604,0.00031829999988985946,0.0,0.0003195999997842591,0
3605,0.0003036000000520289,0.0,0.0003048999999464286,0
3606,0.00030169999990903307,0.0,0.00030290000017885177,0
3607,0.0003102000000581029,0.0,0.0003113000000212196,0
3608,0.0003039000000626402,0.0,0.0003050999998777115,0
3609,0.0003128000000742759,0.0,0.00031399999988934724,0
3610,0.0003348000000187312,0.0,0.00033610000014050456,0
3611,0.0002919999999448919,0.0,0.0002930999999080086,0
3612,0.00029130000007171475,0.0,0.0002924999998867861,0
3613,0.00029119999999238644,0.0,0.0002923999998074578,0
3614,0.0002987999998822488,0.0,0.0002999000000727392,0
3615,0.00029200000017226557,0.0,0.0002931999999873369,0
3616,0.0002931999999873369,0.0,0.00029429999995045364,0
3617,0.00030020000008335046,0.0,0.0003013999998984218,0
3618,0.0002904999998918356,0.0,0.00029169999993428064,0
3619,0.00028810000003431924,0.0,0.0002893999999287189,0
3620,0.0002961000000141212,0.0,0.0002971999999772379,0
3621,0.0002908999999817752,0.0,0.0002921000000242202,0
3622,0.00028919999999743595,0.0,0.00029029999996055267,0
3623,0.00028919999999743595,0.0,0.000290400000039881,0
3624,0.00029999999992469384,0.0,0.00030110000011518423,0
3625,0.0002878999998756626,0.0,0.00028909999991810764,0
3626,0.00028769999994437967,0.0,0.0002888999999868247,0
3627,0.00033379999990756914,0.0,0.00033499999995001417,0
3628,0.00028919999999743595,0.0,0.00029030000018792634,0
3629,0.00028709999992315716,0.0,0.00028820000011364755,0
3630,0.0002958000000035099,0.0,0.00029700000004595495,0
3631,0.00029030000018792634,0.0,0.0002915000000029977,0
3632,0.0002925999999661144,0.0,0.00029380000000855944,0
3633,0.00029739999990852084,0.0,0.00029850000009901123,0
3634,0.000290400000039881,0.0,0.0002915000000029977,0
3635,0.0002905999999711639,0.0,0.00029159999985495233,0
3636,0.00028949999978067353,0.0,0.00029070000005049224,0
3637,0.00040920000014921243,0.0,0.0004105000000436121,0
3638,0.00029180000001360895,0.0,0.0002931000001353823,0
3639,0.0002927000000454427,0.0,0.0002936999999292311,0
3640,0.0003030000000308064,0.0,0.0003040999999939231,0
3641,0.0002922000001035485,0.0,0.0002934999999979482,0
3642,0.0002906000001985376,0.0,0.00029169999993428064,0
3643,0.0002999000000727392,0.0,0.00030119999996713887,0
3644,0.000325299999985873,0.0,0.000326500000028318,0
3645,0.00029119999999238644,0.0,0.00029229999995550315,0
3646,0.0003057000001263077,0.0,0.0003070000000207074,0
3647,0.0002905999999711639,0.0,0.00029180000001360895,0
3648,0.0002925999999661144,0.0,0.00029380000000855944,0
3649,0.00028769999994437967,0.0,0.0002888999999868247,0
3650,0.0002967999998872983,0.0,0.0002979000000777887,0
3651,0.0002875000000130967,0.0,0.0002886000002035871,0
3652,0.00032229999987976043,0.0,0.0003234000000702508,0
3653,0.00029799999992974335,0.0,0.00029910000012023374,0
3654,0.0002878999998756626,0.0,0.00028909999991810764,0
3655,0.00028810000003431924,0.0,0.00028919999999743595,0
3656,0.00029689999996662664,0.0,0.0002982000000884,0
3657,0.0002855999998701009,0.0,0.0002867999999125459,0
3658,0.00028610000003936875,0.0,0.0002873000000818138,0
3659,0.00028410000004441827,0.0,0.000285200000007535,0
3660,0.0002950999999029591,0.0,0.00029639999979735876,0
3661,0.0002870000000712025,0.0,0.0002882999999656022,0
3662,0.0002874000001611421,0.0,0.00028859999997621344,0
3663,0.0002979000000777887,0.0,0.0002991999999721884,0
3664,0.00029130000007171475,0.0,0.0002924999998867861,0
3665,0.00028970000016670383,0.0,0.0002908999999817752,0
3666,0.0003314999999020074,0.0,0.0003325999998651241,0
3667,0.00029009999980189605,0.0,0.00029140000015104306,0
3668,0.0002900000001773151,0.0,0.00029109999991305813,0
3669,0.0002993000000515167,0.0,0.0003004000000146334,0
3670,0.00029070000005049224,0.0,0.00029190000009293726,0
3671,0.0002927000000454427,0.0,0.00029390000008788775,0
3672,0.00029169999993428064,0.0,0.00029280000012477103,0
3673,0.0002993000000515167,0.0,0.0003004000000146334,0
3674,0.00028919999999743595,0.0,0.00029029999996055267,0
3675,0.0002885000001242588,0.0,0.00028959999986000184,0
3676,0.00030070000002524466,0.0,0.000301899999840316,0
3677,0.0002886999998281681,0.0,0.00028980000001865847,0
3678,0.0002873999999337684,0.0,0.00028870000005554175,0
3679,0.00029539999991357035,0.0,0.00029660000018338906,0
3680,0.00031160000003183086,0.0,0.0003128999999262305,0
3681,0.00030170000013640674,0.0,0.0003028999999514781,0
3682,0.0002875000000130967,0.0,0.00028859999997621344,0
3683,0.00029909999989286007,0.0,0.0003002999999353051,0
3684,0.0002879999999549909,0.0,0.0002891000001454813,0
3685,0.00032050000004346657,0.0,0.00032179999993786623,0
3686,0.00029710000012528326,0.0,0.0002983000001677283,0
3687,0.00028820000011364755,0.0,0.0002895000000080472,0
3688,0.0002898999998706131,0.0,0.0002910000000611035,0
3689,0.00044090000005780894,0.0,0.00044249999996281986,0
3690,0.00031620000004295434,0.0,0.000317499999937354,0
3691,0.00029070000005049224,0.0,0.00029180000001360895,0
3692,0.000302000000147018,0.0,0.00030330000004141766,0
3693,0.00029169999993428064,0.0,0.000293000000056054,0
3694,0.00032559999999648426,0.0,0.0003267999998115556,0
3695,0.00030639999999948486,0.0,0.0003074999999626016,0
3696,0.0002960999997867475,0.0,0.0002973000000565662,0
3697,0.000311099999862563,0.0,0.00031250000006366463,0
3698,0.00031149999995250255,0.0,0.0003126999999949476,0
3699,0.0002908999999817752,0.00010210000004917674,0.0019465000000309374,1
3700,0.00046169999995981925,0.0,0.0004630000000815926,0
3701,0.00031409999996867555,0.0,0.0003153999998630752,0
3702,0.0003096000000368804,0.0,0.0003107999998519517,0
3703,0.0002987000000302942,0.0,0.00029999999992469384,0
3704,0.00032859999987522315,0.0,0.0003298999999969965,0
3705,0.0003013000000464672,0.0,0.0003024000000095839,0
3706,0.0002947000000403932,0.0,0.00029590000008283823,0
3707,0.0002921000000242202,0.0,0.00029339999991861987,0
3708,0.0002915000000029977,0.0,0.0002925999999661144,0
3709,0.0003022999999302556,0.0,0.0003035000002000743,0
3710,0.00029070000005049224,0.0,0.0002919999999448919,0
3711,0.0002905999999711639,0.0,0.00029169999993428064,0
3712,0.00029959999983475427,0.0,0.000300800000104573,0
3713,0.0002875000000130967,0.0,0.00028870000005554175,0
3714,0.00028810000003431924,0.0,0.0002892999998493906,0
3715,0.00029710000012528326,0.0,0.0002982000000884,0
3716,0.0002910000000611035,0.0,0.0002921000000242202,0
3717,0.0002908999999817752,0.0,0.0002921000000242202,0
3718,0.00028899999983877933,0.0,0.00029020000010859803,0
3719,0.00029450000010911026,0.0,0.0002958000000035099,0
3720,0.00028859999997621344,0.0,0.0002899000000979868,0
3721,0.00028699999984382885,0.0,0.00028819999988627387,0
3722,0.00029749999998784915,0.0,0.0002987000000302942,0
3723,0.00028819999988627387,0.0,0.0002895000000080472,0
3724,0.0002905000001192093,0.0,0.00029159999985495233,0
3725,0.0002977999999984604,0.0,0.0002988999999615771,0
3726,0.0002910000000611035,0.0,0.0002921000000242202,0
3727,0.0002891000001454813,0.0,0.00029019999988122436,0
3728,0.0002910000000611035,0.0,0.0002921000000242202,0
3729,0.0002993000000515167,0.0,0.0003005000000939617,0
3730,0.00029200000017226557,0.0,0.0002931999999873369,0
3731,0.00029190000009293726,0.0,0.0002929999998286803,0
3732,0.0003007999998771993,0.0,0.000302000000147018,0
3733,0.00029229999995550315,0.0,0.00029340000014599354,0
3734,0.00029020000010859803,0.0,0.0002913999999236694,0
3735,0.00038440000002992747,0.0,0.00038569999992432713,0
3736,0.0003128999999262305,0.0,0.00031409999996867555,0
3737,0.00029070000005049224,0.0,0.00029180000001360895,0
3738,0.00035200000002078013,0.0,0.0003532999999151798,0
3739,0.000291600000082326,0.0,0.0002927000000454427,0
3740,0.00029029999996055267,0.0,0.0002913999999236694,0
3741,0.0002982000000884,0.0,0.0002993999999034713,0
3742,0.0002899999999499414,0.0,0.0002911000001404318,0
3743,0.0002891000001454813,0.0,0.00029019999988122436,0
3744,0.0002905000001192093,0.0,0.00029169999993428064,0
3745,0.00029959999983475427,0.0,0.00030070000002524466,0
3746,0.0002888999999868247,0.0,0.00029019999988122436,0
3747,0.00028930000007676426,0.0,0.000290400000039881,0
3748,0.00030480000009447394,0.0,0.00030600000013691897,0
3749,0.0002912999998443411,0.0,0.0002924999998867861,0
3750,0.0002888999999868247,0.0,0.0002899999999499414,0
3751,0.0002957000001515553,0.0,0.00029689999996662664,0
3752,0.0002893999999287189,0.0,0.0002905999999711639,0
3753,0.00038099999983387534,0.0,0.00038229999995564867,0
3754,0.00038280000012491655,0.0,0.0003839999999399879,0
3755,0.00034069999992425437,0.0,0.0003420000000460277,0
3756,0.0003416999998080428,0.0,0.0003429000000778615,0
3757,0.0003480999998828338,0.0,0.0003492999999252788,0
3758,0.00034270000014657853,0.0,0.0003438999999616499,0
3759,0.00033179999991261866,0.0,0.00033280000002378074,0
3760,0.000338300000066738,0.0,0.00033949999988180934,0
3761,0.00033080000002883025,0.0,0.0003319999998439016,0
3762,0.00035150000007888593,0.0,0.00035270000012133096,0
3763,0.0003509000000576634,0.0,0.00035200000002078013,0
3764,0.0002892999998493906,0.0,0.00029029999996055267,0
3765,0.00028809999980694556,0.0,0.00028919999999743595,0
3766,0.00029599999993479287,0.0,0.00029710000012528326,0
3767,0.0002878999998756626,0.0,0.0002891000001454813,0
3768,0.00028820000011364755,0.0,0.0002893999999287189,0
3769,0.0002962999999454041,0.0,0.00029749999998784915,0
3770,0.0002893999999287189,0.0,0.0002905999999711639,0
3771,0.0002888999999868247,0.0,0.00029009999980189605,0
3772,0.0002898999998706131,0.0,0.0002910000000611035,0
3773,0.00029710000012528326,0.0,0.0002982999999403546,0
3774,0.00028810000003431924,0.0,0.00028919999999743595,0
3775,0.0002888999999868247,0.0,0.0002900000001773151,0
3776,0.00033169999983329035,0.0,0.00033300000018243736,0
3777,0.0002893999999287189,0.0,0.0002904999998918356,0
3778,0.0002892999998493906,0.0,0.0002905000001192093,0
3779,0.00029450000010911026,0.0,0.0002957000001515553,0
3780,0.00029119999999238644,0.0,0.0002925000001141598,0
3781,0.0002879000001030363,0.0,0.0002891000001454813,0
3782,0.0002895000000080472,0.0,0.0002905999999711639,0
3783,0.00029400000016721606,0.0,0.0002951999999822874,0
3784,0.00028810000003431924,0.0,0.0002894000001560926,0
3785,0.0002862999999706517,0.0,0.0002875000000130967,0
3786,0.0003442999998242158,0.0,0.0003455000000940345,0
3787,0.0002913999999236694,0.0,0.0002925999999661144,0
3788,0.00029079999990244687,0.0,0.00029209999979684653,0
3789,0.0002953000000616157,0.0,0.0002965999999560154,0
3790,0.00028959999986000184,0.0,0.00029080000012982055,0
3791,0.0002888999999868247,0.0,0.0002899999999499414,0
3792,0.00028640000004998,0.0,0.0002875000000130967,0
3793,0.0002919999999448919,0.0,0.0002930999999080086,0
3794,0.00028710000015053083,0.0,0.0002882999999656022,0
3795,0.00028560000009747455,0.0,0.0002867999999125459,0
3796,0.0003480999998828338,0.0,0.00034940000000460714,0
3797,0.00033860000007734925,0.0,0.00034019999998236017,0
3798,0.00030850000007376366,0.0,0.0003096000000368804,0
3799,0.00029689999996662664,0.00010019999990618089,0.0018086000000039348,1
3800,0.0005178999999770895,0.0,0.0005194000000301457,0
3801,0.00036559999989549397,0.0,0.00036699999986922194,0
3802,0.000321499999927255,0.0,0.0003226999999697,0
3803,0.00035370000000511936,0.0,0.0003549000000475644,0
3804,0.00034789999995155085,0.0,0.00034899999991466757,0
3805,0.0003165000000535656,0.0,0.0003176000000166823,0
3806,0.00035200000002078013,0.0,0.00035320000006322516,0
3807,0.00034469999991415534,0.0,0.00034580000010464573,0
3808,0.00031510000007983763,0.0,0.0003163999999742373,0
3809,0.0003497000000152184,0.0,0.0003509000000576634,0
3810,0.00033379999990756914,0.0,0.00033499999995001417,0
3811,0.0003368000000136817,0.0,0.0003378999999767984,0
3812,0.00033230000008188654,0.0,0.00033340000004500325,0
3813,0.0003315999999813357,0.0,0.00033269999994445243,0
3814,0.0003362000002198329,0.0,0.0003374000000349042,0
3815,0.000330500000018219,0.0,0.00033180000013999233,0
3816,0.000331700000060664,0.0,0.00033280000002378074,0
3817,0.0002905999999711639,0.0,0.0002917999997862353,0
3818,0.0002862999999706517,0.0,0.00028760000009242503,0
3819,0.0002867999999125459,0.0,0.0002879000001030363,0
3820,0.00028620000011869706,0.0,0.0002873999999337684,0
3821,0.0002925999999661144,0.0,0.00029390000008788775,0
3822,0.00028599999996004044,0.0,0.00028720000000248547,0
3823,0.00028720000000248547,0.0,0.00028849999989688513,0
3824,0.0002915000000029977,0.0,0.0002925999999661144,0
3825,0.00028620000011869706,0.0,0.0002875000000130967,0
3826,0.000287800000023708,0.0,0.000289000000066153,0
3827,0.00030379999998331186,0.0,0.0003050000000257569,0
3828,0.00028709999992315716,0.0,0.0002883999998175568,0
3829,0.0002856999999494292,0.0,0.0002868000001399196,0
3830,0.00028659999998126295,0.0,0.000287800000023708,0
3831,0.00039089999995667313,0.0,0.00039209999999911815,0
3832,0.0003117999999631138,0.0,0.00031310000008488714,0
3833,0.00030209999999897263,0.0,0.00030330000004141766,0
3834,0.00029020000010859803,0.0,0.0002915000000029977,0
3835,0.0002842999999757012,0.0,0.0002855999998701009,0
3836,0.0002847999999175954,0.0,0.00028599999996004044,0
3837,0.0002885000001242588,0.0,0.00028969999993933016,0
3838,0.00028599999996004044,0.0,0.00028709999992315716,0
3839,0.0003186000001278444,0.0,0.00031990000002224406,0
3840,0.00030639999999948486,0.0,0.0003076000000419299,0
3841,0.0002873999999337684,0.0,0.00028859999997621344,0
3842,0.0002873999999337684,0.0,0.0002886999998281681,0
3843,0.00028599999996004044,0.0,0.0002873000000818138,0
3844,0.000290400000039881,0.0,0.0002915000000029977,0
3845,0.0002866999998332176,0.0,0.000287800000023708,0
3846,0.00028670000006059126,0.0,0.0002879000001030363,0
3847,0.00032570000007581257,0.0,0.0003268999998908839,0
3848,0.0002873999999337684,0.0,0.0002885000001242588,0
3849,0.000287800000023708,0.0,0.0002888999999868247,0
3850,0.00029380000000855944,0.0,0.00029489999997167615,0
3851,0.0003337000000556145,0.0,0.0003348000000187312,0
3852,0.0002805999999964115,0.0,0.0002815999998801999,0
3853,0.0003045999999358173,0.0,0.0003057000001263077,0
3854,0.0002904999998918356,0.0,0.00029169999993428064,0
3855,0.0002875000000130967,0.0,0.00028870000005554175,0
3856,0.0002882999999656022,0.0,0.0002895000000080472,0
3857,0.000293000000056054,0.0,0.0002941000000191707,0
3858,0.00028720000000248547,0.0,0.0002884000000449305,0
3859,0.0002856999999494292,0.0,0.0002868999999918742,0
3860,0.0002922000001035485,0.0,0.00029339999991861987,0
3861,0.00030879999985700124,0.0,0.00031010000020614825,0
3862,0.00030049999986658804,0.0,0.00030160000005707843,0
3863,0.0002874000001611421,0.0,0.00028859999997621344,0
3864,0.000289000000066153,0.0,0.0002901000000292697,0
3865,0.00028599999996004044,0.0,0.00028720000000248547,0
3866,0.00028500000007625204,0.0,0.00028620000011869706,0
3867,0.00029200000017226557,0.0,0.0002931999999873369,0
3868,0.00028760000009242503,0.0,0.00028880000013487006,0
3869,0.0002873000000818138,0.0,0.0002884000000449305,0
3870,0.0003224000001864624,0.0,0.00032360000000153377,0
3871,0.0002886999998281681,0.0,0.0002899000000979868,0
3872,0.00028859999997621344,0.0,0.00028980000001865847,0
3873,0.0002867999999125459,0.0,0.000287800000023708,0
3874,0.0002919999999448919,0.0,0.0002931999999873369,0
3875,0.00031840000019656145,0.0,0.0003196000000116328,0
3876,0.000287800000023708,0.0,0.00028880000013487006,0
3877,0.00030849999984639,0.0,0.0003097000001162087,0
3878,0.0002878999998756626,0.0,0.000289000000066153,0
3879,0.00028539999993881793,0.0,0.00028659999998126295,0
3880,0.0002888999999868247,0.0,0.0002899999999499414,0
3881,0.0002868000001399196,0.0,0.0002879000001030363,0
3882,0.00028599999996004044,0.0,0.0002873000000818138,0
3883,0.0002847000000656408,0.0,0.0002858000000287575,0
3884,0.0003222000000278058,0.0,0.0003232999999909225,0
3885,0.0002848999999969237,0.0,0.00028610000003936875,0
3886,0.0002834000001712411,0.0,0.00028459999998631247,0
3887,0.00032129999999597203,0.0,0.00032260000011774537,0
3888,0.00028560000009747455,0.0,0.00028670000006059126,0
3889,0.0002848999999969237,0.0,0.00028599999996004044,0
3890,0.00028720000000248547,0.0,0.0002885000001242588,0
3891,0.0002848000001449691,0.0,0.00028610000003936875,0
3892,0.00029279999989739736,0.0,0.0002941000000191707,0
3893,0.0002913999999236694,0.0,0.0002927000000454427,0
3894,0.000321499999927255,0.0,0.0003228000000490283,0
3895,0.0003206999999747495,0.0,0.00032190000001719454,0
3896,0.00028620000011869706,0.0,0.0002875000000130967,0
3897,0.000291600000082326,0.0,0.00029279999989739736,0
3898,0.00028539999993881793,0.0,0.00028649999990193464,0
3899,0.0002842999999757012,9.929999987434712e-05,0.00193530000001374,1
3900,0.000654400000030364,0.0,0.0006559000000834203,0
3901,0.00035309999998389685,0.0,0.0003544000001056702,0
3902,0.0003113000000212196,0.0,0.00031250000006366463,0
3903,0.0003097999999681633,0.0,0.00031100000001060835,0
3904,0.00030070000002524466,0.0,0.0003019999999196443,0
3905,0.0002971999999772379,0.0,0.0002984000000196829,0
3906,0.00030099999980848224,0.0,0.00030220000007830095,0
3907,0.00029799999992974335,0.0,0.0002993000000515167,0
3908,0.00029640000002473244,0.0,0.00029770000014650577,0
3909,0.0002993999999034713,0.0,0.00030059999994591635,0
3910,0.0002957000001515553,0.0,0.00029689999996662664,0
3911,0.0003193999998529762,0.0,0.0003206000001227949,0
3912,0.0002976999999191321,0.0,0.0002989000001889508,0
3913,0.00030059999994591635,0.0,0.000301899999840316,0
3914,0.00029479999989234784,0.0,0.0002961000000141212,0
3915,0.0002951999999822874,0.0,0.00029640000002473244,0
3916,0.0003007999998771993,0.0,0.00030209999999897263,0
3917,0.0002987000000302942,0.0,0.0003000000001520675,0
3918,0.0002962999999454041,0.0,0.00029760000006717746,0
3919,0.00033140000005005277,0.0,0.0003326000000924978,0
3920,0.0003001999998559768,0.0,0.0003014000001257955,0
3921,0.0002982999999403546,0.0,0.00029959999983475427,0
3922,0.0003005000000939617,0.0,0.0003017999999883614,0
3923,0.00029649999987668707,0.0,0.0002977999999984604,0
3924,0.0002949999998236308,0.0,0.0002963000001727778,0
3925,0.0002961999998660758,0.0,0.0002973000000565662,0
3926,0.00032390000001214503,0.0,0.00032510000005459005,0
3927,0.00029839999979230925,0.0,0.00029960000006212795,0
3928,0.0002962000000934495,0.0,0.00029739999990852084,0
3929,0.0002987000000302942,0.0,0.0002999000000727392,0
3930,0.0002932000002147106,0.0,0.00029440000002978195,0
3931,0.00029229999995550315,0.0,0.0002934999999979482,0
3932,0.00029739999990852084,0.0,0.00029859999995096587,0
3933,0.0002944999998817366,0.0,0.0002958000000035099,0
3934,0.00029279999989739736,0.0,0.00029400000016721606,0
3935,0.00029700000004595495,0.0,0.0002982000000884,0
3936,0.0002919999999448919,0.0,0.00029329999983929156,0
3937,0.0002915000000029977,0.0,0.0002927000000454427,0
3938,0.0002915000000029977,0.0,0.00029279999989739736,0
3939,0.0002973000000565662,0.0,0.0002987000000302942,0
3940,0.0002936000000772765,0.0,0.00029479999989234784,0
3941,0.00029090000020914886,0.0,0.0002921000000242202,0
3942,0.00029429999995045364,0.0,0.00029549999999289867,0
3943,0.0002905999999711639,0.0,0.0002917000001616543,0
3944,0.00029229999995550315,0.0,0.00029339999991861987,0
3945,0.00029590000008283823,0.0,0.0002970999998979096,0
3946,0.00029330000006666523,0.0,0.0002944999998817366,0
3947,0.0002922000001035485,0.0,0.00029339999991861987,0
3948,0.00029419999987112533,0.0,0.00029539999991357035,0
3949,0.00029970000014145626,0.0,0.0003010000000358559,0
3950,0.0002945999999610649,0.0,0.0002958000000035099,0
3951,0.0002948000001197215,0.0,0.00029599999993479287,0
3952,0.0002981999998610263,0.0,0.000299400000130845,0
3953,0.00029549999999289867,0.0,0.0002965999999560154,0
3954,0.0002934999999979482,0.0,0.0002948000001197215,0
3955,0.00029600000016216654,0.0,0.0002971999999772379,0
3956,0.00029450000010911026,0.0,0.0002957000001515553,0
3957,0.0002934999999979482,0.0,0.0002947000000403932,0
3958,0.0002937000001566048,0.0,0.00029500000005100446,0
3959,0.00030010000000402215,0.0,0.00030119999996713887,0
3960,0.0002932000002147106,0.0,0.00029440000002978195,0
3961,0.00029440000002978195,0.0,0.0002955999998448533,0
3962,0.0003013000000464672,0.0,0.0003026000001682405,0
3963,0.00029660000018338906,0.0,0.0002977999999984604,0
3964,0.00029539999991357035,0.0,0.00029649999987668707,0
3965,0.0002993000000515167,0.0,0.0003005000000939617,0
3966,0.00029650000010406075,0.0,0.0002975999998398038,0
3967,0.00029339999991861987,0.0,0.00029450000010911026,0
3968,0.0002944999998817366,0.0,0.0002957000001515553,0
3969,0.0003388000000086322,0.0,0.00034019999998236017,0
3970,0.0002962000000934495,0.0,0.0002974000001358945,0
3971,0.0002961000000141212,0.0,0.0002973000000565662,0
3972,0.00029900000004090543,0.0,0.0003002999999353051,0
3973,0.0002936999999292311,0.0,0.00029489999997167615,0
3974,0.00029330000006666523,0.0,0.0002944999998817366,0
3975,0.00033129999997072446,0.0,0.00033280000002378074,0
3976,0.00034010000013040553,0.0,0.0003415000001041335,0
3977,0.0003001999998559768,0.0,0.00030160000005707843,0
3978,0.00031210000020109874,0.0,0.0003139000000373926,0
3979,0.0003329999999550637,0.0,0.00033450000000811997,0
3980,0.00030059999994591635,0.0,0.000301899999840316,0
3981,0.00029810000000907166,0.0,0.0002993999999034713,0
3982,0.00029190000009293726,0.0,0.0002930999999080086,0
3983,0.00029240000003483146,0.0,0.0002937000001566048,0
3984,0.0002961999998660758,0.0,0.0002974000001358945,0
3985,0.00029279999989739736,0.0,0.0002939999999398424,0
3986,0.0002912999998443411,0.0,0.0002924999998867861,0
3987,0.00029159999985495233,0.0,0.00029289999997672567,0
3988,0.0002973000000565662,0.0,0.0002984000000196829,0
3989,0.0002936000000772765,0.0,0.0002948000001197215,0
3990,0.0002931000001353823,0.0,0.00029429999995045364,0
3991,0.00029850000009901123,0.0,0.00029970000014145626,0
3992,0.0002941000000191707,0.0,0.0002951999999822874,0
3993,0.0002941000000191707,0.0,0.0002951999999822874,0
3994,0.0002986999998029205,0.0,0.0003000000001520675,0
3995,0.0002953000000616157,0.0,0.00029649999987668707,0
3996,0.00029380000000855944,0.0,0.00029500000005100446,0
3997,0.0002939999999398424,0.0,0.0002951000001303328,0
3998,0.000299400000130845,0.0,0.00030059999994591635,0
3999,0.00029380000000855944,0.00010590000010779477,0.0017040000000179134,1
4000,0.00055859999997665,0.0,0.0005599000000984233,0
4001,0.0003254000000652013,0.0,0.00032659999988027266,0
4002,0.00031769999986863695,0.0,0.000318899999911082,0
4003,0.00030379999998331186,0.0,0.0003049999997983832,0
4004,0.00030059999994591635,0.0,0.0003017999999883614,0
4005,0.0003451000000040949,0.0,0.00034630000004653994,0
4006,0.00028980000001865847,0.0,0.0002908999999817752,0
4007,0.0002888999999868247,0.0,0.0002901000000292697,0
4008,0.00032609999993837846,0.0,0.00032720000012886885,0
4009,0.0002884000000449305,0.0,0.00028959999986000184,0
4010,0.0002873000000818138,0.0,0.0002884000000449305,0
4011,0.00028610000003936875,0.0,0.0002873000000818138,0
4012,0.00035210000010010845,0.0,0.00035320000006322516,0
4013,0.0002888999999868247,0.0,0.0002901000000292697,0
4014,0.00028880000013487006,0.0,0.0002898999998706131,0
4015,0.00032759999999143474,0.0,0.00032880000003387977,0
4016,0.0002898999998706131,0.0,0.00029109999991305813,0
4017,0.0002870000000712025,0.0,0.00028820000011364755,0
4018,0.000347300000157702,0.0,0.00034849999997277337,0
4019,0.00028870000005554175,0.0,0.0002899000000979868,0
4020,0.00028830000019297586,0.0,0.0002893999999287189,0
4021,0.00045550000004368485,0.0,0.0004567000000861299,0
4022,0.0002927000000454427,0.0,0.00029389999986051407,0
4023,0.00029069999982311856,0.0,0.00029190000009293726,0
4024,0.0003307000001768756,0.0,0.00033179999991261866,0
4025,0.0002888999999868247,0.0,0.00029020000010859803,0
4026,0.00028769999994437967,0.0,0.00028880000013487006,0
4027,0.0003275000001394801,0.0,0.00032869999995455146,0
4028,0.0003446000000622007,0.0,0.00034580000010464573,0
4029,0.0002941000000191707,0.0,0.00029529999983424204,0
4030,0.00033090000010815857,0.0,0.0003319999998439016,0
4031,0.0003570999999737978,0.0,0.00035819999993691454,0
4032,0.00029180000001360895,0.0,0.000293000000056054,0
4033,0.0003303999999388907,0.0,0.0003315999999813357,0
4034,0.0002917000001616543,0.0,0.00029279999989739736,0
4035,0.0002951999999822874,0.0,0.00029649999987668707,0
4036,0.0003274000000601518,0.0,0.00032869999995455146,0
4037,0.00028930000007676426,0.0,0.000290400000039881,0
4038,0.00028870000005554175,0.0,0.00028980000001865847,0
4039,0.0002872999998544401,0.0,0.00028849999989688513,0
4040,0.00032759999999143474,0.0,0.00032880000003387977,0
4041,0.0002868999999918742,0.0,0.0002879999999549909,0
4042,0.00028819999988627387,0.0,0.0002893999999287189,0
4043,0.00032929999997577397,0.0,0.00033059999987017363,0
4044,0.0002899999999499414,0.0,0.0002911000001404318,0
4045,0.0002886000002035871,0.0,0.00028980000001865847,0
4046,0.0003274000000601518,0.0,0.00032869999995455146,0
4047,0.0002896000000873755,0.0,0.00029070000005049224,0
4048,0.00028849999989688513,0.0,0.00028970000016670383,0
4049,0.00032499999997526174,0.0,0.00032609999993837846,0
4050,0.0002908999999817752,0.0,0.00029190000009293726,0
4051,0.0002884000000449305,0.0,0.0002893999999287189,0
4052,0.00029070000005049224,0.0,0.00029180000001360895,0
4053,0.0003299999998489511,0.0,0.0003312000001187698,0
4054,0.0002884000000449305,0.0,0.00028959999986000184,0
4055,0.0002870000000712025,0.0,0.0002879999999549909,0
4056,0.0003286000001025968,0.0,0.00032969999983833986,0
4057,0.00039199999991978984,0.0,0.0003933000000415632,0
4058,0.00035109999998894637,0.0,0.0003521999999520631,0
4059,0.0004370999999991909,0.0,0.0004384999999729189,0
4060,0.0003455000000940345,0.0,0.0003466000000571512,0
4061,0.0003832999998394371,0.0,0.00038440000002992747,0
4062,0.000343500000099084,0.0,0.0003446000000622007,0
4063,0.0003412999999454769,0.0,0.0003423999999085936,0
4064,0.0003979999999046413,0.0,0.00039920000017446,0
4065,0.0003861000000142667,0.0,0.0003873000000567117,0
4066,0.00033440000015616533,0.0,0.0003355999999712367,0
4067,0.000309800000195537,0.0,0.00031100000001060835,0
4068,0.000290400000039881,0.0,0.000291600000082326,0
4069,0.00028880000013487006,0.0,0.00029009999980189605,0
4070,0.00033020000000760774,0.0,0.00033129999997072446,0
4071,0.00029029999996055267,0.0,0.0002913999999236694,0
4072,0.00028919999999743595,0.0,0.00029030000018792634,0
4073,0.0003280000000813743,0.0,0.00032919999989644566,0
4074,0.00029070000005049224,0.0,0.0002918999998655636,0
4075,0.0002888999999868247,0.0,0.0002900000001773151,0
4076,0.00032780000015009136,0.0,0.0003288999998858344,0
4077,0.00028899999983877933,0.0,0.0002901000000292697,0
4078,0.0002888999999868247,0.0,0.0002900000001773151,0
4079,0.0003138999998100189,0.0,0.00031520000015916594,0
4080,0.00030379999998331186,0.0,0.0003050000000257569,0
4081,0.00028710000015053083,0.0,0.00028819999988627387,0
4082,0.00028810000003431924,0.0,0.0002893999999287189,0
4083,0.00032710000004954054,0.0,0.0003282999998646119,0
4084,0.000289000000066153,0.0,0.00029029999996055267,0
4085,0.00028769999994437967,0.0,0.0002887999999074964,0
4086,0.00038689999996677216,0.0,0.0003881999998611718,0
4087,0.0002895000000080472,0.0,0.00029070000005049224,0
4088,0.000289000000066153,0.0,0.00029019999988122436,0
4089,0.0003977000001214037,0.0,0.0003987000000051921,0
4090,0.0002873000000818138,0.0,0.0002883999998175568,0
4091,0.0002868000001399196,0.0,0.0002878999998756626,0
4092,0.00032820000001265726,0.0,0.0003294999999070569,0
4093,0.00028659999998126295,0.0,0.00028769999994437967,0
4094,0.00028769999994437967,0.0,0.0002888999999868247,0
4095,0.0003827999998975429,0.0,0.0003839999999399879,0
4096,0.0002895000000080472,0.0,0.00029070000005049224,0
4097,0.0002891000001454813,0.0,0.00029029999996055267,0
4098,0.0003272999999808235,0.0,0.00032859999987522315,0
4099,0.00029070000005049224,0.00010049999991679215,0.0017523999999866646,1
4100,0.00045910000017101993,0.0,0.0004604000000654196,0
4101,0.00031220000005305337,0.0,0.0003133000000161701,0
4102,0.000299400000130845,0.0,0.00030059999994591635,0
4103,0.00034019999998236017,0.0,0.0003412999999454769,0
4104,0.00029240000003483146,0.0,0.0002936000000772765,0
4105,0.0002905999999711639,0.0,0.00029169999993428064,0
4106,0.00033080000002883025,0.0,0.0003321000001506036,0
4107,0.0002893999999287189,0.0,0.0002906000001985376,0
4108,0.00028859999997621344,0.0,0.00028980000001865847,0
4109,0.0003196000000116328,0.0,0.00032080000005407783,0
4110,0.0003009000001839013,0.0,0.0003019999999196443,0
4111,0.00028539999993881793,0.0,0.00028649999990193464,0
4112,0.00032190000001719454,0.0,0.00032299999998031126,0
4113,0.00028599999996004044,0.0,0.0002873000000818138,0
4114,0.00028300000008130155,0.0,0.0002842999999757012,0
4115,0.00028300000008130155,0.0,0.0002842000001237466,0
4116,0.00032549999991715595,0.0,0.000326699999959601,0
4117,0.0002859000001080858,0.0,0.00028720000000248547,0
4118,0.000283800000033807,0.0,0.00028509999992820667,0
4119,0.0003262999998696614,0.0,0.00032759999999143474,0
4120,0.00028720000000248547,0.0,0.00028830000019297586,0
4121,0.00028550000001814624,0.0,0.00028659999998126295,0
4122,0.00032609999993837846,0.0,0.00032720000012886885,0
4123,0.00028649999990193464,0.0,0.00028760000009242503,0
4124,0.00028550000001814624,0.0,0.00028670000006059126,0
4125,0.0003031000001101347,0.0,0.00030849999984639,0
4126,0.0003019000000676897,0.0,0.0003030000000308064,0
4127,0.0002870000000712025,0.0,0.00028810000003431924,0
4128,0.00028649999990193464,0.0,0.00028760000009242503,0
4129,0.00032510000005459005,0.0,0.0003263000000970351,0
4130,0.0002861999998913234,0.0,0.0002873999999337684,0
4131,0.00028610000003936875,0.0,0.00028720000000248547,0
4132,0.0003287999998065061,0.0,0.0003298999999969965,0
4133,0.0002872999998544401,0.0,0.0002884000000449305,0
4134,0.00028870000005554175,0.0,0.00028980000001865847,0
4135,0.00032510000005459005,0.0,0.0003263999999489897,0
4136,0.00028809999980694556,0.0,0.00028930000007676426,0
4137,0.0002873000000818138,0.0,0.0002883999998175568,0
4138,0.0002867999999125459,0.0,0.0002879000001030363,0
4139,0.000326500000028318,0.0,0.00032770000007076305,0
4140,0.00028640000004998,0.0,0.0002875000000130967,0
4141,0.00028649999990193464,0.0,0.00028760000009242503,0
4142,0.000327900000002046,0.0,0.00032919999989644566,0
4143,0.00028969999993933016,0.0,0.00029080000012982055,0
4144,0.0002867999999125459,0.0,0.0002878999998756626,0
4145,0.000324099999943428,0.0,0.00032539999983782764,0
4146,0.0002862999999706517,0.0,0.0002875000000130967,0
4147,0.0002847000000656408,0.0,0.0002858000000287575,0
4148,0.0003355999999712367,0.0,0.0003368000000136817,0
4149,0.00028969999993933016,0.0,0.0002908999999817752,0
4150,0.00028670000006059126,0.0,0.0002878999998756626,0
4151,0.0002859000001080858,0.0,0.0002870000000712025,0
4152,0.0003268000000389293,0.0,0.000327900000002046,0
4153,0.0002843000002030749,0.0,0.00028539999993881793,0
4154,0.00028500000007625204,0.0,0.00028610000003936875,0
4155,0.00032400000009147334,0.0,0.00032510000005459005,0
4156,0.0002856999999494292,0.0,0.0002868999999918742,0
4157,0.0002848000001449691,0.0,0.00028599999996004044,0
4158,0.0003248000000439788,0.0,0.0003259000000070955,0
4159,0.0002830999999332562,0.0,0.0002842000001237466,0
4160,0.00028550000001814624,0.0,0.0002868000001399196,0
4161,0.00030839999999443535,0.0,0.00031000000012681994,0
4162,0.00031209999997372506,0.0,0.00031360000002678134,0
4163,0.00028360000010252406,0.0,0.0002846999998382671,0
4164,0.00028360000010252406,0.0,0.0002848999999969237,0
4165,0.00032029999988480995,0.0,0.0003216000000065833,0
4166,0.00028500000007625204,0.0,0.0002860999998119951,0
4167,0.0002847999999175954,0.0,0.00028599999996004044,0
4168,0.0003197000000909611,0.0,0.00032080000005407783,0
4169,0.0002855999998701009,0.0,0.00028670000006059126,0
4170,0.0002848999999969237,0.0,0.00028610000003936875,0
4171,0.0003189999999904103,0.0,0.000320099999953527,0
4172,0.00028560000009747455,0.0,0.00028670000006059126,0
4173,0.00028350000002319575,0.0,0.0002847000000656408,0
4174,0.00028450000013435783,0.0,0.00028549999979077256,0
4175,0.0003205999998954212,0.0,0.00032179999993786623,0
4176,0.0002848000001449691,0.0,0.00028589999988071213,0
4177,0.0002844000000550295,0.0,0.00028539999993881793,0
4178,0.00032919999989644566,0.0,0.0003303999999388907,0
4179,0.00028709999992315716,0.0,0.0002884000000449305,0
4180,0.0002854000001661916,0.0,0.00028649999990193464,0
4181,0.00032140000007530034,0.0,0.00032250000003841706,0
4182,0.00028560000009747455,0.0,0.0002867999999125459,0
4183,0.00028599999996004044,0.0,0.00028709999992315716,0
4184,0.0003204999998160929,0.0,0.0003216000000065833,0
4185,0.0002848999999969237,0.0,0.0002859000001080858,0
4186,0.00028439999982765585,0.0,0.00028550000001814624,0
4187,0.0002855999998701009,0.0,0.00028670000006059126,0
4188,0.0003202000000328553,0.0,0.00032129999999597203,0
4189,0.0002827000000706903,0.0,0.000283800000033807,0
4190,0.00028450000013435783,0.0,0.00028560000009747455,0
4191,0.00032079999982670415,0.0,0.00032190000001719454,0
4192,0.0002830999999332562,0.0,0.0002842999999757012,0
4193,0.000282599999991362,0.0,0.00028379999980643333,0
4194,0.0003198999997948704,0.0,0.0003211000000646891,0
4195,0.0002833000000919128,0.0,0.00028449999990698416,0
4196,0.0002835999998751504,0.0,0.0002847999999175954,0
4197,0.00028450000013435783,0.0,0.0002855999998701009,0
4198,0.0003334999998969579,0.0,0.0003346999999394029,0
4199,0.00028459999998631247,0.0001007999999274034,0.0017540999999710039,1
4200,0.0004204000001664099,0.0,0.00042159999998148123,0
4201,0.0003113000000212196,0.0,0.00031260000014299294,0
4202,0.000334300000076837,0.0,0.0003354999998919084,0
4203,0.00029330000006666523,0.0,0.00029450000010911026,0
4204,0.00029429999995045364,0.0,0.00029549999999289867,0
4205,0.0003271999999014952,0.0,0.0003285000000232685,0
4206,0.00028930000007676426,0.0,0.0002904999998918356,0
4207,0.0002879000001030363,0.0,0.00028909999991810764,0
4208,0.00028670000006059126,0.0,0.0002877999997963343,0
4209,0.0003232999999909225,0.0,0.00032450000003336754,0
4210,0.0002879000001030363,0.0,0.0002891000001454813,0
4211,0.00028640000004998,0.0,0.0002875000000130967,0
4212,0.0003232000001389679,0.0,0.00032450000003336754,0
4213,0.0002875000000130967,0.0,0.00028859999997621344,0
4214,0.00028539999993881793,0.0,0.00028659999998126295,0
4215,0.0003217000000859116,0.0,0.0003228000000490283,0
4216,0.00028760000009242503,0.0,0.00028870000005554175,0
4217,0.000285200000007535,0.0,0.00028640000004998,0
4218,0.00032039999996413826,0.0,0.00032150000015462865,0
4219,0.00028450000013435783,0.0,0.0002856999999494292,0
4220,0.00028599999996004044,0.0,0.00028720000000248547,0
4221,0.0002865000001293083,0.0,0.00028769999994437967,0
4222,0.0003193999998529762,0.0,0.0003206000001227949,0
4223,0.0002832000000125845,0.0,0.0002842999999757012,0
4224,0.0002844000000550295,0.0,0.00028550000001814624,0
4225,0.00031990000002224406,0.0,0.0003211999999166437,0
4226,0.00028459999998631247,0.0,0.0002856999999494292,0
4227,0.0002844000000550295,0.0,0.00028560000009747455,0
4228,0.00032090000013340614,0.0,0.0003219999998691492,0
4229,0.00028539999993881793,0.0,0.0002865000001293083,0
4230,0.0002848999999969237,0.0,0.0002860999998119951,0
4231,0.0002836999999544787,0.0,0.0002847999999175954,0
4232,0.00032039999996413826,0.0,0.0003217000000859116,0
4233,0.000285200000007535,0.0,0.0002862999999706517,0
4234,0.00028570000017680286,0.0,0.0002868999999918742,0
4235,0.00032299999998031126,0.0,0.0003242999998747109,0
4236,0.0002868999999918742,0.0,0.0002879999999549909,0
4237,0.0002851999997801613,0.0,0.00028640000004998,0
4238,0.0003207000002021232,0.0,0.00032179999993786623,0
4239,0.0002873999999337684,0.0,0.0002886000002035871,0
4240,0.00028640000004998,0.0,0.00028759999986505136,0
4241,0.00030889999993632955,0.0,0.0003100999999787746,0
4242,0.00030480000009447394,0.0,0.00030590000005759066,0
4243,0.00028870000005554175,0.0,0.00028980000001865847,0
4244,0.00029169999993428064,0.0,0.00029280000012477103,0
4245,0.00032260000011774537,0.0,0.0003237000000808621,0
4246,0.0002862999999706517,0.0,0.0002875000000130967,0
4247,0.0003054999999676511,0.0,0.0003065999999307678,0
4248,0.00032499999997526174,0.0,0.00032609999993837846,0
4249,0.0002858000000287575,0.0,0.00028699999984382885,0
4250,0.000287800000023708,0.0,0.0002888999999868247,0
4251,0.00031930000000102154,0.0,0.00032050000004346657,0
4252,0.00028640000004998,0.0,0.0002875000000130967,0
4253,0.00028820000011364755,0.0,0.0002893999999287189,0
4254,0.00030950000018492574,0.0,0.0003106999999999971,0
4255,0.0002870000000712025,0.0,0.00028810000003431924,0
4256,0.00028499999984887836,0.0,0.00028610000003936875,0
4257,0.00028449999990698416,0.0,0.0002858000000287575,0
4258,0.00032129999999597203,0.0,0.0003225999998903717,0
4259,0.00028510000015558035,0.0,0.0002861999998913234,0
4260,0.0002844000000550295,0.0,0.0002855999998701009,0
4261,0.00036189999991620425,0.0,0.00036310000018602295,0
4262,0.00038309999990815413,0.0,0.0003844999998818821,0
4263,0.0003067000000100961,0.0,0.0003078000002005865,0
4264,0.00032499999997526174,0.0,0.00032620000001770677,0
4265,0.00028710000015053083,0.0,0.00028819999988627387,0
4266,0.0002858000000287575,0.0,0.00028699999984382885,0
4267,0.00032350000014957914,0.0,0.0003248000000439788,0
4268,0.00028810000003431924,0.0,0.00028930000007676426,0
4269,0.00028720000000248547,0.0,0.00028849999989688513,0
4270,0.0003216000000065833,0.0,0.0003226999999697,0
4271,0.00028639999982260633,0.0,0.0002875000000130967,0
4272,0.0002857999998013838,0.0,0.0002867999999125459,0
4273,0.0003633000001173059,0.0,0.0003646999998636602,0
4274,0.00029229999995550315,0.0,0.00029339999991861987,0
4275,0.00028709999992315716,0.0,0.0002882999999656022,0
4276,0.00028820000011364755,0.0,0.0002892999998493906,0
4277,0.00032400000009147334,0.0,0.0003251999999065447,0
4278,0.00028710000015053083,0.0,0.00028819999988627387,0
4279,0.0002875000000130967,0.0,0.00028849999989688513,0
4280,0.00032439999995403923,0.0,0.00032559999999648426,0
4281,0.0002861999998913234,0.0,0.0002873000000818138,0
4282,0.0002859000001080858,0.0,0.00028699999984382885,0
4283,0.0003212000001440174,0.0,0.00032229999987976043,0
4284,0.0002875000000130967,0.0,0.00028859999997621344,0
4285,0.00028640000004998,0.0,0.00028759999986505136,0
4286,0.0002879999999549909,0.0,0.0002891000001454813,0
4287,0.000303200000189463,0.0,0.0003044000000045344,0
4288,0.0002859000001080858,0.0,0.00028699999984382885,0
4289,0.00028550000001814624,0.0,0.00028670000006059126,0
4290,0.0003388000000086322,0.0,0.0003400000000510772,0
4291,0.0002861999998913234,0.0,0.00028720000000248547,0
4292,0.00028640000004998,0.0,0.0002875000000130967,0
4293,0.00032210000017585116,0.0,0.0003232999999909225,0
4294,0.00039319999996223487,0.0,0.0003945000000840082,0
4295,0.000291600000082326,0.0,0.0002927000000454427,0
4296,0.00032289999990098295,0.0,0.00032400000009147334,0
4297,0.0002870000000712025,0.0,0.00028810000003431924,0
4298,0.00028539999993881793,0.0,0.00028670000006059126,0
4299,0.0003211999999166437,9.929999987434712e-05,0.0021084999998493004,1
4300,0.0005496000001130597,0.0,0.0005509000000074593,0
4301,0.00036449999993237725,0.0,0.0003656999999748223,0
4302,0.00039579999997840787,0.0,0.0003968999999415246,0
4303,0.00035000000002582965,0.0,0.0003513999999995576,0
4304,0.0003203000001121836,0.0,0.000321499999927255,0
4305,0.00041720000012901437,0.0,0.0004183999999440857,0
4306,0.00034219999997731065,0.0,0.00034329999994042737,0
4307,0.00034479999999348365,0.0,0.00035879999995813705,0
4308,0.000346100000115257,0.0,0.00034719999985100003,0
4309,0.00033140000005005277,0.0,0.0003325999998651241,0
4310,0.0003677999998217274,0.0,0.0003690000000915461,0
4311,0.00033229999985451286,0.0,0.00033350000012433156,0
4312,0.00033239999993384117,0.0,0.0003335999999762862,0
4313,0.0003925000000890577,0.0,0.0003937999999834574,0
4314,0.00028539999993881793,0.0,0.00028649999990193464,0
4315,0.0002858000000287575,0.0,0.0002868999999918742,0
4316,0.00032190000001719454,0.0,0.00032310000005963957,0
4317,0.00028599999996004044,0.0,0.00028709999992315716,0
4318,0.00028819999988627387,0.0,0.0002893999999287189,0
4319,0.00030900000001565786,0.0,0.0003103000001374312,0
4320,0.0003000000001520675,0.0,0.00030109999988781055,0
4321,0.0002919999999448919,0.0,0.0002931000001353823,0
4322,0.00028759999986505136,0.0,0.00028870000005554175,0
4323,0.0003548999998201907,0.0,0.0003561000000900094,0
4324,0.00028720000000248547,0.0,0.0002882999999656022,0
4325,0.00028589999988071213,0.0,0.00028710000015053083,0
4326,0.0003269000001182576,0.0,0.00032799999985400063,0
4327,0.0002857999998013838,0.0,0.0002868999999918742,0
4328,0.0002868999999918742,0.0,0.00028810000003431924,0
4329,0.0003403000000616885,0.0,0.00034159999995608814,0
4330,0.0002896000000873755,0.0,0.0002908999999817752,0
4331,0.00028909999991810764,0.0,0.00029029999996055267,0
4332,0.00032499999997526174,0.0,0.00032620000001770677,0
4333,0.00028769999994437967,0.0,0.0002888999999868247,0
4334,0.00028769999994437967,0.0,0.0002888999999868247,0
4335,0.00028620000011869706,0.0,0.0002873999999337684,0
4336,0.0003242999998747109,0.0,0.000325299999985873,0
4337,0.00028810000003431924,0.0,0.00028919999999743595,0
4338,0.0002893999999287189,0.0,0.000290400000039881,0
4339,0.0003260000000864238,0.0,0.0003271999999014952,0
4340,0.0002891000001454813,0.0,0.00029019999988122436,0
4341,0.0002895000000080472,0.0,0.00029079999990244687,0
4342,0.0003271999999014952,0.0,0.0003283999999439402,0
4343,0.0002875000000130967,0.0,0.00028870000005554175,0
4344,0.0002895000000080472,0.0,0.0002905999999711639,0
4345,0.00032510000005459005,0.0,0.0003263000000970351,0
4346,0.0002893999999287189,0.0,0.0002905999999711639,0
4347,0.00028720000000248547,0.0,0.0002884000000449305,0
4348,0.00028670000006059126,0.0,0.0002879999999549909,0
4349,0.00032499999997526174,0.0,0.0003261999997903331,0
4350,0.0002872999998544401,0.0,0.0002885000001242588,0
4351,0.00028810000003431924,0.0,0.00028930000007676426,0
4352,0.00031919999992169323,0.0,0.00032039999996413826,0
4353,0.00029770000014650577,0.0,0.0002988999999615771,0
4354,0.00029650000010406075,0.0,0.00029770000014650577,0
4355,0.00045290000002751185,0.0,0.00045439999985319446,0
4356,0.00039270000002034067,0.0,0.000394000000142114,0
4357,0.000379800000018804,0.0,0.00038119999999253196,0
4358,0.0003647999999429885,0.0,0.00036610000006476184,0
4359,0.00035989999992125377,0.0,0.0003612000000430271,0
4360,0.00037440000005517504,0.0,0.0003756999999495747,0
4361,0.0003590999999687483,0.0,0.00036030000001119333,0
4362,0.00035940000020673324,0.0,0.0003606000000218046,0
4363,0.000354999999899519,0.0,0.00035620000016933773,0
4364,0.00034479999999348365,0.0,0.0003460000000359287,0
4365,0.00035330000014255347,0.0,0.0003544999999576248,0
4366,0.0003470999999990454,0.0,0.00034839999989344506,0
4367,0.00034419999997226114,0.0,0.0003454999998666608,0
4368,0.00035270000012133096,0.0,0.0003538999999364023,0
4369,0.00032050000004346657,0.0,0.0003218000001652399,0
4370,0.00029749999998784915,0.0,0.0002987000000302942,0
4371,0.00030480000009447394,0.0,0.0003060999999888736,0
4372,0.00030020000008335046,0.0,0.0003014000001257955,0
4373,0.0002991999999721884,0.0,0.0003004000000146334,0
4374,0.00029859999995096587,0.0,0.0002999000000727392,0
4375,0.0003242000000227563,0.0,0.0003255000001445296,0
4376,0.00029989999984536553,0.0,0.0003013000000464672,0
4377,0.0002991999999721884,0.0,0.0003004000000146334,0
4378,0.00030990000004749163,0.0,0.0003113000000212196,0
4379,0.00029850000009901123,0.0,0.0002997999999934109,0
4380,0.00030119999996713887,0.0,0.0003024000000095839,0
4381,0.00031189999981506844,0.0,0.0003133000000161701,0
4382,0.0003022999999302556,0.0,0.0003034999999727006,0
4383,0.00030119999996713887,0.0,0.0003024000000095839,0
4384,0.0003106999999999971,0.0,0.0003119000000424421,0
4385,0.0003030000000308064,0.0,0.00030420000007325143,0
4386,0.00030010000000402215,0.0,0.0003012999998190935,0
4387,0.0003100999999787746,0.0,0.0003113000000212196,0
4388,0.0003019000000676897,0.0,0.0003030000000308064,0
4389,0.000299299999824143,0.0,0.0003005000000939617,0
4390,0.0003019000000676897,0.0,0.0003031000001101347,0
4391,0.0003080999999838241,0.0,0.0003093000000262691,0
4392,0.0003010000000358559,0.0,0.00030209999999897263,0
4393,0.00029810000000907166,0.0,0.000299400000130845,0
4394,0.0003117999999631138,0.0,0.00031309999985751347,0
4395,0.0002993999999034713,0.0,0.00030059999994591635,0
4396,0.00029999999992469384,0.0,0.00030119999996713887,0
4397,0.00030910000009498617,0.0,0.0003103000001374312,0
4398,0.00029810000000907166,0.0,0.0002993000000515167,0
4399,0.0002984000000196829,0.00010219999990113138,0.001755799999955343,1
4400,0.0004171999999016407,0.0,0.00041850000002341403,0
4401,0.0003306000000975473,0.0,0.0003320000000712753,0
4402,0.0003325000000131695,0.0,0.0003337000000556145,0
4403,0.00031979999994291575,0.0,0.00032100000021273445,0
4404,0.0003175000001647277,0.0,0.00031880000005912734,0
4405,0.0003311000000394415,0.0,0.00033239999993384117,0
4406,0.00031480000006922637,0.0,0.00031620000004295434,0
4407,0.00031560000002173183,0.0,0.00031680000006417686,0
4408,0.0003254000000652013,0.0,0.000326699999959601,0
4409,0.0003159000000323431,0.0,0.0003171000000747881,0
4410,0.0003143999999792868,0.0,0.00031559999979435815,0
4411,0.0003248000000439788,0.0,0.0003260000000864238,0
4412,0.0003150000000005093,0.0,0.00031630000012228265,0
4413,0.00031349999994745303,0.0,0.00031469999998989806,0
4414,0.00032499999997526174,0.0,0.0003262999998696614,0
4415,0.0003166000001328939,0.0,0.00031780000017533894,0
4416,0.00031300000000555883,0.0,0.00031420000004800386,0
4417,0.00034279999999853317,0.0,0.00034409999989293283,0
4418,0.00031320000016421545,0.0,0.0003145000000586151,0
4419,0.0003150000000005093,0.0,0.00031620000004295434,0
4420,0.00032759999999143474,0.0,0.0003288999998858344,0
4421,0.00031469999998989806,0.0,0.0003160000001116714,0
4422,0.00031399999988934724,0.0,0.0003153000000111206,0
4423,0.0003284000001713139,0.0,0.00032969999983833986,0
4424,0.0003149000001485547,0.0,0.00031619999981558067,0
4425,0.00031459999991056975,0.0,0.0003159000000323431,0
4426,0.0003248000000439788,0.0,0.00032609999993837846,0
4427,0.0003142999998999585,0.0,0.00031569999987368647,0
4428,0.00031480000006922637,0.0,0.00031609999996362603,0
4429,0.00032820000001265726,0.0,0.0003293999998277286,0
4430,0.0003153000000111206,0.0,0.0003166000001328939,0
4431,0.0003128999999262305,0.0,0.00031420000004800386,0
4432,0.00032129999999597203,0.0,0.00032250000003841706,0
4433,0.0003135000001748267,0.0,0.00031469999998989806,0
4434,0.00031370000010610966,0.0,0.000314899999921181,0
4435,0.00032229999987976043,0.0,0.0003236999998534884,0
4436,0.0003145000000586151,0.0,0.0003157999999530148,0
4437,0.0003150000000005093,0.0,0.00031620000004295434,0
4438,0.0003242000000227563,0.0,0.0003254000000652013,0
4439,0.0003145000000586151,0.0,0.0003159000000323431,0
4440,0.0003137999999580643,0.0,0.00031519999993179226,0
4441,0.0003231999999115942,0.0,0.0003244000001814129,0
4442,0.00031560000002173183,0.0,0.0003169999999954598,0
4443,0.0003173999998580257,0.0,0.00031869999997979903,0
4444,0.00032489999989593343,0.0,0.00032610000016575214,0
4445,0.00031420000004800386,0.0,0.0003153999998630752,0
4446,0.00031430000012733217,0.0,0.00031560000002173183,0
4447,0.0003126999999949476,0.0,0.0003140000001167209,0
4448,0.00031039999998938583,0.0,0.00031160000003183086,0
4449,0.0003031000001101347,0.0,0.0003044000000045344,0
4450,0.00030020000008335046,0.0,0.0003013999998984218,0
4451,0.0003091999999469408,0.0,0.00031049999984134047,0
4452,0.00029810000000907166,0.0,0.0002993999999034713,0
4453,0.00029689999996662664,0.0,0.00029810000000907166,0
4454,0.00030689999994137906,0.0,0.0003083000001424807,0
4455,0.00029760000006717746,0.0,0.0002989000001889508,0
4456,0.00029900000004090543,0.0,0.0003004000000146334,0
4457,0.00030729999980394496,0.0,0.00030850000007376366,0
4458,0.0002976999999191321,0.0,0.00029900000004090543,0
4459,0.0002963000001727778,0.0,0.0002975999998398038,0
4460,0.0003027999998721498,0.0,0.0003040999999939231,0
4461,0.00029799999992974335,0.0,0.0002991999999721884,0
4462,0.000295600000072227,0.0,0.00029689999996662664,0
4463,0.00029500000005100446,0.0,0.0002962999999454041,0
4464,0.00032699999997021223,0.0,0.0003283999999439402,0
4465,0.0003013000000464672,0.0,0.00030259999994086684,0
4466,0.0002979000000777887,0.0,0.00029910000012023374,0
4467,0.0003071999999519903,0.0,0.0003083000001424807,0
4468,0.00029900000004090543,0.0,0.0003001999998559768,0
4469,0.0002949999998236308,0.0,0.0002962000000934495,0
4470,0.0003091999999469408,0.0,0.00031039999998938583,0
4471,0.00029760000006717746,0.0,0.0002987999998822488,0
4472,0.0002982999999403546,0.0,0.00029960000006212795,0
4473,0.0003060999999888736,0.0,0.00030739999988327327,0
4474,0.0002991999999721884,0.0,0.0003002999999353051,0
4475,0.00029900000004090543,0.0,0.0003002999999353051,0
4476,0.00030900000001565786,0.0,0.0003103000001374312,0
4477,0.00029859999995096587,0.0,0.0002997999999934109,0
4478,0.00029860000017833954,0.0,0.0002997999999934109,0
4479,0.0002973000000565662,0.0,0.00029849999987163756,0
4480,0.0003123999999843363,0.0,0.00031370000010610966,0
4481,0.0002982999999403546,0.0,0.00029959999983475427,0
4482,0.00029640000002473244,0.0,0.0002975999998398038,0
4483,0.0003091999999469408,0.0,0.00031039999998938583,0
4484,0.00029989999984536553,0.0,0.00030119999996713887,0
4485,0.00029689999996662664,0.0,0.00029810000000907166,0
4486,0.0003028999999514781,0.0,0.00030420000007325143,0
4487,0.00029689999996662664,0.0,0.00029810000000907166,0
4488,0.00029390000008788775,0.0,0.0002951999999822874,0
4489,0.00030309999988276104,0.0,0.00030430000015257974,0
4490,0.0002958000000035099,0.0,0.00029700000004595495,0
4491,0.00029289999997672567,0.0,0.000294200000098499,0
4492,0.0002965999999560154,0.0,0.0002976999999191321,0
4493,0.0003091999999469408,0.0,0.00031039999998938583,0
4494,0.00029549999999289867,0.0,0.0002967000000353437,0
4495,0.0002931999999873369,0.0,0.00029460000018843857,0
4496,0.0003100999999787746,0.0,0.0003114000001005479,0
4497,0.00029380000000855944,0.0,0.0002951000001303328,0
4498,0.00029700000004595495,0.0,0.0002981999998610263,0
4499,0.00031089999993128004,0.00010320000001229346,0.0018554000000676751,1
4500,0.0005136999998285319,0.0,0.0005149999999503052,0
4501,0.0003646999998636602,0.0,0.00036599999998543353,0
4502,0.0003533999999945081,0.0,0.00035460000003695313,0
4503,0.0003564999999525753,0.0,0.00035769999999502033,0
4504,0.000348599999824728,0.0,0.0003498000000945467,0
4505,0.0003154999999424035,0.0,0.0003166000001328939,0
4506,0.0003592000000480766,0.0,0.00036040000009052164,0
4507,0.00033499999995001417,0.0,0.0003360999999131309,0
4508,0.00034380000010969525,0.0,0.0003451000000040949,0
4509,0.00033959999996113766,0.0,0.0003408000000035827,0
4510,0.0003319999998439016,0.0,0.00033329999996567494,0
4511,0.0003088000000843749,0.0,0.00030999999989944627,0
4512,0.00033650000000307045,0.0,0.0003377000000455155,0
4513,0.00033059999987017363,0.0,0.00033180000013999233,0
4514,0.00030729999980394496,0.0,0.00030850000007376366,0
4515,0.0003351999998812971,0.0,0.00033639999992374214,0
4516,0.0003315999999813357,0.0,0.00033269999994445243,0
4517,0.0002848999999969237,0.0,0.00028599999996004044,0
4518,0.00028849999989688513,0.0,0.00028959999986000184,0
4519,0.000283800000033807,0.0,0.00028500000007625204,0
4520,0.00028500000007625204,0.0,0.0002860999998119951,0
4521,0.0003216000000065833,0.0,0.0003227000001970737,0
4522,0.00028360000010252406,0.0,0.0002847999999175954,0
4523,0.0002833000000919128,0.0,0.00028449999990698416,0
4524,0.00029289999997672567,0.0,0.00029419999987112533,0
4525,0.00028500000007625204,0.0,0.00028610000003936875,0
4526,0.00028659999998126295,0.0,0.000287800000023708,0
4527,0.0002836999999544787,0.0,0.0002848999999969237,0
4528,0.00028919999999743595,0.0,0.0002905000001192093,0
4529,0.0002848999999969237,0.0,0.0002861999998913234,0
4530,0.0002846999998382671,0.0,0.0002858000000287575,0
4531,0.0002898999998706131,0.0,0.0002910000000611035,0
4532,0.0002862999999706517,0.0,0.0002873999999337684,0
4533,0.00028640000004998,0.0,0.00028749999978572305,0
4534,0.0002856999999494292,0.0,0.0002868999999918742,0
4535,0.0002899999999499414,0.0,0.0002912999998443411,0
4536,0.00028760000009242503,0.0,0.00028870000005554175,0
4537,0.0002862999999706517,0.0,0.00028760000009242503,0
4538,0.00029269999981806905,0.0,0.00029380000000855944,0
4539,0.00028560000009747455,0.0,0.0002867999999125459,0
4540,0.0002854000001661916,0.0,0.00028649999990193464,0
4541,0.00028820000011364755,0.0,0.0002893999999287189,0
4542,0.0002870000000712025,0.0,0.00028819999988627387,0
4543,0.0002870000000712025,0.0,0.00028810000003431924,0
4544,0.0002878999998756626,0.0,0.000289000000066153,0
4545,0.0003619000001435779,0.0,0.00036299999987932097,0
4546,0.00028880000013487006,0.0,0.0002899000000979868,0
4547,0.00031709999984741444,0.0,0.00031820000003790483,0
4548,0.0002894000001560926,0.0,0.0002903999998125073,0
4549,0.0003487999999833846,0.0,0.00034989999994650134,0
4550,0.00028670000006059126,0.0,0.0002880000001823646,0
4551,0.0002899000000979868,0.0,0.0002911000001404318,0
4552,0.00028410000004441827,0.0,0.000285200000007535,0
4553,0.00028410000004441827,0.0,0.0002852999998594896,0
4554,0.00030160000005707843,0.0,0.00030270000002019515,0
4555,0.00028509999992820667,0.0,0.0002861999998913234,0
4556,0.0002848999999969237,0.0,0.00028610000003936875,0
4557,0.0002847000000656408,0.0,0.0002857999998013838,0
4558,0.0003223000001071341,0.0,0.00032339999984287715,0
4559,0.00028459999998631247,0.0,0.0002856999999494292,0
4560,0.0002842999999757012,0.0,0.00028550000001814624,0
4561,0.000290400000039881,0.0,0.0002915000000029977,0
4562,0.00028589999988071213,0.0,0.00028710000015053083,0
4563,0.000283800000033807,0.0,0.00028509999992820667,0
4564,0.00028919999999743595,0.0,0.0002903999998125073,0
4565,0.000285200000007535,0.0,0.00028639999982260633,0
4566,0.0002842999999757012,0.0,0.00028550000001814624,0
4567,0.0002833000000919128,0.0,0.0002842999999757012,0
4568,0.0002884000000449305,0.0,0.0002895000000080472,0
4569,0.0002842999999757012,0.0,0.00028539999993881793,0
4570,0.0002844000000550295,0.0,0.00028550000001814624,0
4571,0.00029169999993428064,0.0,0.00029289999997672567,0
4572,0.0002875000000130967,0.0,0.00028859999997621344,0
4573,0.0002837000001818524,0.0,0.0002847999999175954,0
4574,0.00028610000003936875,0.0,0.00028720000000248547,0
4575,0.0002911000001404318,0.0,0.00029219999987617484,0
4576,0.00028810000003431924,0.0,0.00028919999999743595,0
4577,0.00028450000013435783,0.0,0.0002856999999494292,0
4578,0.00032390000001214503,0.0,0.00032499999997526174,0
4579,0.0002847000000656408,0.0,0.0002858000000287575,0
4580,0.00028670000006059126,0.0,0.0002878999998756626,0
4581,0.00028930000007676426,0.0,0.0002904999998918356,0
4582,0.000287800000023708,0.0,0.000289000000066153,0
4583,0.00028640000004998,0.0,0.00028760000009242503,0
4584,0.00028760000009242503,0.0,0.0002887999999074964,0
4585,0.00029070000005049224,0.0,0.0002918999998655636,0
4586,0.00028709999992315716,0.0,0.00028819999988627387,0
4587,0.00028720000000248547,0.0,0.00028849999989688513,0
4588,0.0002925999999661144,0.0,0.00029380000000855944,0
4589,0.0002886999998281681,0.0,0.00028980000001865847,0
4590,0.0002879000001030363,0.0,0.00028899999983877933,0
4591,0.000290400000039881,0.0,0.0002915000000029977,0
4592,0.0002874000001611421,0.0,0.00028859999997621344,0
4593,0.00028849999989688513,0.0,0.0002896000000873755,0
4594,0.0002883999998175568,0.0,0.0002895000000080472,0
4595,0.0003259000000070955,0.0,0.00032710000004954054,0
4596,0.00028809999980694556,0.0,0.0002894000001560926,0
4597,0.0002858000000287575,0.0,0.0002870000000712025,0
4598,0.0003238000001601904,0.0,0.00032489999989593343,0
4599,0.0002848999999969237,9.890000001178123e-05,0.00182489999997415,1
4600,0.0004395999999360356,0.0,0.00044079999997848063,0
4601,0.0003101999998307292,0.0,0.00031149999995250255,0
4602,0.0003036000000520289,0.0,0.00030470000001514563,0
4603,0.000314899999921181,0.0,0.00031619999981558067,0
4604,0.0003050999998777115,0.0,0.00030629999992015655,0
4605,0.00029219999987617484,0.0,0.00029330000006666523,0
4606,0.0002910000000611035,0.0,0.00029209999979684653,0
4607,0.0002967000000353437,0.0,0.00029789999985041504,0
4608,0.0002910000000611035,0.0,0.00029219999987617484,0
4609,0.00029419999987112533,0.0,0.00029540000014094403,0
4610,0.0002882999999656022,0.0,0.0002895000000080472,0
4611,0.00028670000006059126,0.0,0.000287800000023708,0
4612,0.0002941000000191707,0.0,0.0002951999999822874,0
4613,0.00028769999994437967,0.0,0.00028880000013487006,0
4614,0.0002896000000873755,0.0,0.00029069999982311856,0
4615,0.00028640000004998,0.0,0.0002904999998918356,0
4616,0.00028749999978572305,0.0,0.00028870000005554175,0
4617,0.00028709999992315716,0.0,0.00028830000019297586,0
4618,0.00028749999978572305,0.0,0.00028870000005554175,0
4619,0.0002927000000454427,0.0,0.00029380000000855944,0
4620,0.0002858000000287575,0.0,0.0002870000000712025,0
4621,0.0002865000001293083,0.0,0.00028759999986505136,0
4622,0.00029429999995045364,0.0,0.00029540000014094403,0
4623,0.0002865000001293083,0.0,0.00028749999978572305,0
4624,0.00028709999992315716,0.0,0.00028819999988627387,0
4625,0.0002868000001399196,0.0,0.0002879999999549909,0
4626,0.0003246999999646505,0.0,0.0003257999999277672,0
4627,0.00028859999997621344,0.0,0.00028980000001865847,0
4628,0.000287800000023708,0.0,0.0002888999999868247,0
4629,0.0002939999999398424,0.0,0.0002951000001303328,0
4630,0.00028870000005554175,0.0,0.00028980000001865847,0
4631,0.00028659999998126295,0.0,0.00028769999994437967,0
4632,0.00029229999995550315,0.0,0.0002934999999979482,0
4633,0.0002868000001399196,0.0,0.0002878999998756626,0
4634,0.00028810000003431924,0.0,0.00028919999999743595,0
4635,0.00028620000011869706,0.0,0.0002873999999337684,0
4636,0.0002910000000611035,0.0,0.00029219999987617484,0
4637,0.00028599999996004044,0.0,0.00028720000000248547,0
4638,0.0002868999999918742,0.0,0.00028810000003431924,0
4639,0.0002909999998337298,0.0,0.0002921000000242202,0
4640,0.00028589999988071213,0.0,0.0002870000000712025,0
4641,0.0002858000000287575,0.0,0.0002868999999918742,0
4642,0.0002908999999817752,0.0,0.0002921000000242202,0
4643,0.00028570000017680286,0.0,0.0002868999999918742,0
4644,0.0002867999999125459,0.0,0.00028809999980694556,0
4645,0.0002842999999757012,0.0,0.00028539999993881793,0
4646,0.0003540000000157306,0.0,0.00035509999997884734,0
4647,0.0002903999998125073,0.0,0.0002915000000029977,0
4648,0.00028709999992315716,0.0,0.0002882999999656022,0
4649,0.00030949999995755206,0.0,0.0003105999999206688,0
4650,0.0002904999998918356,0.0,0.000291600000082326,0
4651,0.0002887999999074964,0.0,0.0002899000000979868,0
4652,0.00029180000001360895,0.0,0.00029279999989739736,0
4653,0.0002872999998544401,0.0,0.0002884000000449305,0
4654,0.0002880000001823646,0.0,0.00028899999983877933,0
4655,0.0002858000000287575,0.0,0.0002868999999918742,0
4656,0.0003245999998853222,0.0,0.0003258000001551409,0
4657,0.00028670000006059126,0.0,0.000287800000023708,0
4658,0.0002868999999918742,0.0,0.00028810000003431924,0
4659,0.0002910000000611035,0.0,0.0002921000000242202,0
4660,0.0002870000000712025,0.0,0.00028820000011364755,0
4661,0.00028659999998126295,0.0,0.00028769999994437967,0
4662,0.0003116999998837855,0.0,0.00031300000000555883,0
4663,0.00028550000001814624,0.0,0.0002866999998332176,0
4664,0.0002873000000818138,0.0,0.00028859999997621344,0
4665,0.0002865000001293083,0.0,0.00028759999986505136,0
4666,0.00029130000007171475,0.0,0.0002924999998867861,0
4667,0.00028509999992820667,0.0,0.0002862999999706517,0
4668,0.00028659999998126295,0.0,0.00028769999994437967,0
4669,0.0002909999998337298,0.0,0.00029230000018287683,0
4670,0.00028610000003936875,0.0,0.0002872999998544401,0
4671,0.0002842999999757012,0.0,0.00028539999993881793,0
4672,0.00028919999999743595,0.0,0.00029019999988122436,0
4673,0.00028350000002319575,0.0,0.0002848000001449691,0
4674,0.0002848999999969237,0.0,0.00028599999996004044,0
4675,0.000283800000033807,0.0,0.00028500000007625204,0
4676,0.00028980000001865847,0.0,0.0002910000000611035,0
4677,0.00028509999992820667,0.0,0.00028639999982260633,0
4678,0.00028460000021368614,0.0,0.0002858000000287575,0
4679,0.00028709999992315716,0.0,0.0002882999999656022,0
4680,0.0002856999999494292,0.0,0.0002868999999918742,0
4681,0.00028250000013940735,0.0,0.000283800000033807,0
4682,0.00028709999992315716,0.0,0.0002883999998175568,0
4683,0.00028909999991810764,0.0,0.00029030000018792634,0
4684,0.0002853000000868633,0.0,0.00028659999998126295,0
4685,0.0002847000000656408,0.0,0.00028589999988071213,0
4686,0.00028959999986000184,0.0,0.0002908999999817752,0
4687,0.0002855999998701009,0.0,0.0002868999999918742,0
4688,0.00028500000007625204,0.0,0.0002862999999706517,0
4689,0.00028830000019297586,0.0,0.0002895000000080472,0
4690,0.00028639999982260633,0.0,0.00028760000009242503,0
4691,0.00028640000004998,0.0,0.00028759999986505136,0
4692,0.00028620000011869706,0.0,0.0002873999999337684,0
4693,0.0002905000001192093,0.0,0.00029159999985495233,0
4694,0.0002875000000130967,0.0,0.0002886000002035871,0
4695,0.00028509999992820667,0.0,0.0002862999999706517,0
4696,0.00034269999991920486,0.0,0.00034380000010969525,0
4697,0.0004099000000223896,0.0,0.00041230000010727963,0
4698,0.0005905000000439031,0.0,0.0005920000000969594,0
4699,0.0004157000000759581,0.0001666999999088148,0.002291300000024421,1
4700,0.0006633000000419997,0.0,0.0006647000000157277,0
4701,0.0005194999998821004,0.0,0.0005208000000038737,0
4702,0.0004309000000830565,0.0,0.0004320000000461732,0
4703,0.00040770000009615615,0.0,0.00040880000005927286,0
4704,0.0004043999999794323,0.0,0.00040560000002187735,0
4705,0.0004999999998744897,0.0,0.0005012999999962631,0
4706,0.00043840000012096425,0.0,0.0004395999999360356,0
4707,0.0004700000001776061,0.0,0.0004711999999926775,0
4708,0.0004600000002028537,0.0,0.00046130000009725336,0
4709,0.0004249999999501597,0.0,0.0004261999999926047,0
4710,0.00037610000003951427,0.0,0.0003773000000819593,0
4711,0.00046939999992900994,0.0,0.00047060000019882864,0
4712,0.0004609000000073138,0.0,0.00046219999990171345,0
4713,0.0004089999999905558,0.0,0.00041020000003300083,0
4714,0.00042529999996077095,0.0,0.00044709999997394334,0
4715,0.0004022999999051535,0.0,0.0004034000000956439,0
4716,0.0004166999999597465,0.0,0.00041799999985414615,0
4717,0.0003859999999349384,0.0,0.0003871000001254288,0
4718,0.0004209999999602587,0.0,0.00042220000000270375,0
4719,0.000338300000066738,0.0,0.00033949999988180934,0
4720,0.0003411999998661486,0.0,0.00034230000005663896,0
4721,0.00036649999992732774,0.0,0.00036770000019714644,0
4722,0.00031209999997372506,0.0,0.0003131999999368418,0
4723,0.00031259999991561926,0.0,0.00031360000002678134,0
4724,0.00035049999996772385,0.0,0.00035160000015821424,0
4725,0.00031349999994745303,0.0,0.0003146000001379434,0
4726,0.0003123999999843363,0.0,0.00031370000010610966,0
4727,0.00034849999997277337,0.0,0.0003497000000152184,0
4728,0.0003134000000954984,0.0,0.00031469999998989806,0
4729,0.00039670000001024164,0.0,0.0003985000000739092,0
4730,0.0004079999998793937,0.0,0.00040970000009110663,0
4731,0.0004105999998955667,0.0,0.00041179999993801175,0
4732,0.00037229999998089625,0.0,0.0003735999998752959,0
4733,0.000326500000028318,0.0,0.0003277999999227177,0
4734,0.00036100000011174416,0.0,0.0003623000000061438,0
4735,0.00033280000002378074,0.0,0.00033400000006622577,0
4736,0.00031520000015916594,0.0,0.0003163999999742373,0
4737,0.0003492000000733242,0.0,0.0003503000000364409,0
4738,0.00040669999998499407,0.0,0.0004077999999481108,0
4739,0.0004687000000558328,0.0,0.00046989999987090414,0
4740,0.0003159000000323431,0.0,0.0003169999999954598,0
4741,0.0003139000000373926,0.0,0.0003150000000005093,0
4742,0.00034870000013143,0.0,0.00034979999986717303,0
4743,0.0003120000001217704,0.0,0.0003131999999368418,0
4744,0.0003126999999949476,0.0,0.00031399999988934724,0
4745,0.00034849999997277337,0.0,0.0003497000000152184,0
4746,0.0003128000000742759,0.0,0.0003139000000373926,0
4747,0.0003119000000424421,0.0,0.00031300000000555883,0
4748,0.0003814000001511886,0.0,0.000382400000034977,0
4749,0.0003140000001167209,0.0,0.00031519999993179226,0
4750,0.00035210000010010845,0.0,0.0003533999999945081,0
4751,0.00031459999991056975,0.0,0.0003159000000323431,0
4752,0.00031560000002173183,0.0,0.00031680000006417686,0
4753,0.00034950000008393545,0.0,0.0003506999998990068,0
4754,0.00031459999991056975,0.0,0.0003157999999530148,0
4755,0.0003126999999949476,0.0,0.0003137999999580643,0
4756,0.0003483000000414904,0.0,0.0003495999999358901,0
4757,0.00031209999997372506,0.0,0.0003133999998681247,0
4758,0.00031149999995250255,0.0,0.0003126999999949476,0
4759,0.00038070000005063775,0.0,0.0003818999998657091,0
4760,0.0003137999999580643,0.0,0.0003150000000005093,0
4761,0.0003149000001485547,0.0,0.00031609999996362603,0
4762,0.00032919999989644566,0.0,0.00033059999987017363,0
4763,0.00031199999989439675,0.0,0.0003132999997887964,0
4764,0.00034900000014204124,0.0,0.0003501999999571126,0
4765,0.0003134000000954984,0.0,0.00031469999998989806,0
4766,0.00031420000004800386,0.0,0.0003152999997837469,0
4767,0.00034939999977723346,0.0,0.00035060000004705216,0
4768,0.0003159000000323431,0.0,0.0003169999999954598,0
4769,0.00031349999994745303,0.0,0.0003146000001379434,0
4770,0.00035730000013245444,0.0,0.0003586000000268541,0
4771,0.00031469999998989806,0.0,0.00031580000018038845,0
4772,0.0003153000000111206,0.0,0.0003165000000535656,0
4773,0.00039730000003146415,0.0,0.0003985000000739092,0
4774,0.00031669999998484855,0.0,0.00031790000002729357,0
4775,0.00038080000012996607,0.0,0.0003821000000243657,0
4776,0.00032770000007076305,0.0,0.0003288999998858344,0
4777,0.00031360000002678134,0.0,0.00031469999998989806,0
4778,0.00037970000016684935,0.0,0.0003808999999819207,0
4779,0.0003143999999792868,0.0,0.00031559999979435815,0
4780,0.0003133999998681247,0.0,0.0003145000000586151,0
4781,0.00034949999985656177,0.0,0.0003507000001263805,0
4782,0.00031570000010106014,0.0,0.00031680000006417686,0
4783,0.00031199999989439675,0.0,0.00031320000016421545,0
4784,0.00047109999991334917,0.0,0.00047230000018316787,0
4785,0.00044000000002597517,0.0,0.0004410999999890919,0
4786,0.00037909999991825316,0.0,0.00038020000010874355,0
4787,0.0003163999999742373,0.0,0.0003177000000960106,0
4788,0.0003145000000586151,0.0,0.00031560000002173183,0
4789,0.0003503000000364409,0.0,0.00035149999985151226,0
4790,0.0003180999999585765,0.0,0.00031919999992169323,0
4791,0.00033849999999802094,0.0,0.00033970000004046597,0
4792,0.00031680000006417686,0.0,0.00031790000002729357,0
4793,0.0003150000000005093,0.0,0.00031620000004295434,0
4794,0.00035150000007888593,0.0,0.0003526999998939573,0
4795,0.0003159999998842977,0.0,0.00031719999992674275,0
4796,0.00031360000002678134,0.0,0.000314899999921181,0
4797,0.0003497000000152184,0.0,0.0003507999999783351,0
4798,0.0003137999999580643,0.0,0.00031510000007983763,0
4799,0.00031459999991056975,0.0001700000000255386,0.0021197000000938715,1
4800,0.0005158000001301843,0.0,0.0005169999999452557,0
4801,0.000338300000066738,0.0,0.00033949999988180934,0
4802,0.00032570000007581257,0.0,0.00032699999997021223,0
4803,0.0003891999999723339,0.0,0.0003904000000147789,0
4804,0.00031919999992169323,0.0,0.00032050000004346657,0
4805,0.0003670000000965956,0.0,0.00036819999991166696,0
4806,0.00031830000011723314,0.0,0.0003193999998529762,0
4807,0.0003171000000747881,0.0,0.00031820000003790483,0
4808,0.00035159999993084057,0.0,0.0003529000000526139,0
4809,0.0003166000001328939,0.0,0.00031790000002729357,0
4810,0.0003191000000697386,0.0,0.00032029999988480995,0
4811,0.0003865999999561609,0.0,0.00038789999985056056,0
4812,0.0003178999997999199,0.0,0.0003189999999904103,0
4813,0.0003167000002122222,0.0,0.00031779999994796526,0
4814,0.00035020000018448627,0.0,0.0003513999999995576,0
4815,0.00031300000000555883,0.0,0.00031409999996867555,0
4816,0.00033540000003995374,0.0,0.0003366999999343534,0
4817,0.0003157999999530148,0.0,0.00031690000014350517,0
4818,0.0003172999997786974,0.0,0.0003185000000485161,0
4819,0.000351199999840901,0.0,0.000352500000190048,0
4820,0.0003165000000535656,0.0,0.00031779999994796526,0
4821,0.00031609999996362603,0.0,0.0003173999998580257,0
4822,0.00035419999994701357,0.0,0.0003553999999894586,0
4823,0.00031830000011723314,0.0,0.0003196000000116328,0
4824,0.0004317999998875166,0.0,0.00043320000008861825,0
4825,0.00033140000005005277,0.0,0.0003325000000131695,0
4826,0.00031519999993179226,0.0,0.000316299999894909,0
4827,0.0003493000001526525,0.0,0.00035060000004705216,0
4828,0.00031620000004295434,0.0,0.00031730000000607106,0
4829,0.000314899999921181,0.0,0.00031609999996362603,0
4830,0.0003470999999990454,0.0,0.00034840000012081873,0
4831,0.000312299999905008,0.0,0.0003134000000954984,0
4832,0.00031420000004800386,0.0,0.0003154000000904489,0
4833,0.0003828999999768712,0.0,0.00038419999987127085,0
4834,0.00031409999996867555,0.0,0.00031519999993179226,0
4835,0.0003133999998681247,0.0,0.00031459999991056975,0
4836,0.00035150000007888593,0.0,0.00035260000004200265,0
4837,0.0003179999998792482,0.0,0.0003192000001490669,0
4838,0.0003560000000106811,0.0,0.00036980000004405156,0
4839,0.00031370000010610966,0.0,0.0003147999998418527,0
4840,0.0003153000000111206,0.0,0.00031659999990552024,0
4841,0.0003483000000414904,0.0,0.00034940000000460714,0
4842,0.0003143999999792868,0.0,0.0003155000001697772,0
4843,0.00031259999991561926,0.0,0.00031360000002678134,0
4844,0.00035000000002582965,0.0,0.0003512000000682747,0
4845,0.0003150000000005093,0.0,0.00031609999996362603,0
4846,0.00031100000001060835,0.0,0.00031220000005305337,0
4847,0.00036249999993742676,0.0,0.0003636999999798718,0
4848,0.0003153000000111206,0.0,0.0003163999999742373,0
4849,0.0003153000000111206,0.0,0.0003163999999742373,0
4850,0.0003512999999202293,0.0,0.000352500000190048,0
4851,0.0003141999998206302,0.0,0.0003154000000904489,0
4852,0.0003147999998418527,0.0,0.0003159999998842977,0
4853,0.0003268000000389293,0.0,0.000327900000002046,0
4854,0.0003150000000005093,0.0,0.00031620000004295434,0
4855,0.00036730000010720687,0.0,0.00036860000000160653,0
4856,0.0003481999999621621,0.0,0.00034940000000460714,0
4857,0.0003140000001167209,0.0,0.00031509999985246395,0
4858,0.0003492999999252788,0.0,0.0003505999998196785,0
4859,0.0003133999998681247,0.0,0.00031469999998989806,0
4860,0.0003133999998681247,0.0,0.00031459999991056975,0
4861,0.0003497000000152184,0.0,0.0003508000002057088,0
4862,0.0003137999999580643,0.0,0.00031510000007983763,0
4863,0.0003153000000111206,0.0,0.0003165000000535656,0
4864,0.0003812999998444866,0.0,0.000382400000034977,0
4865,0.00031300000000555883,0.0,0.0003142999998999585,0
4866,0.00032880000003387977,0.0,0.0003298999999969965,0
4867,0.0003277999999227177,0.0,0.0003290000001925364,0
4868,0.0003169999999954598,0.0,0.0003180999999585765,0
4869,0.0003467000001364795,0.0,0.00034789999995155085,0
4870,0.0003977000001214037,0.0,0.0003990000000158034,0
4871,0.00031560000002173183,0.0,0.00031669999998484855,0
4872,0.00035089999983028974,0.0,0.00035210000010010845,0
4873,0.0003139000000373926,0.0,0.00031519999993179226,0
4874,0.00031509999985246395,0.0,0.00031620000004295434,0
4875,0.0003486000000521017,0.0,0.0003498000000945467,0
4876,0.00031209999997372506,0.0,0.0003131999999368418,0
4877,0.0003481999999621621,0.0,0.00034940000000460714,0
4878,0.0003158999998049694,0.0,0.0003169999999954598,0
4879,0.00031519999993179226,0.0,0.0003165000000535656,0
4880,0.00034740000000965665,0.0,0.0003486000000521017,0
4881,0.00031349999994745303,0.0,0.00031459999991056975,0
4882,0.0003126999999949476,0.0,0.0003139000000373926,0
4883,0.0003477000000202679,0.0,0.00034889999983533926,0
4884,0.00031310000008488714,0.0,0.0003141999998206302,0
4885,0.0003131999999368418,0.0,0.0003143999999792868,0
4886,0.0003496999997878447,0.0,0.00035100000013699173,0
4887,0.00031370000010610966,0.0,0.000314899999921181,0
4888,0.00031259999991561926,0.0,0.0003139000000373926,0
4889,0.0003596999999899708,0.0,0.00036079999995308754,0
4890,0.00031300000000555883,0.0,0.0003141999998206302,0
4891,0.00031149999995250255,0.0,0.0003126999999949476,0
4892,0.00032570000007581257,0.0,0.0003268000000389293,0
4893,0.0003250999998272164,0.0,0.00032620000001770677,0
4894,0.0003873000000567117,0.0,0.0003884999998717831,0
4895,0.00031469999998989806,0.0,0.0003157999999530148,0
4896,0.00031620000004295434,0.0,0.00031740000008539937,0
4897,0.0003504000001157692,0.0,0.00035149999985151226,0
4898,0.00032050000004346657,0.0,0.00032179999993786623,0
4899,0.00031360000002678134,0.0002895000000080472,0.0022779999999329448,1
4900,0.0006046999999398395,0.0,0.0006060000000616128,0
4901,0.00033579999990251963,0.0,0.00033689999986563635,0
4902,0.00035830000001624285,0.0,0.00035939999997935956,0
4903,0.0003185999999004707,0.0,0.0003197000000909611,0
4904,0.0003181000001859502,0.0,0.00031930000000102154,0
4905,0.00037389999988590716,0.0,0.0003752000000076805,0
4906,0.000317499999937354,0.0,0.0003186000001278444,0
4907,0.0003493000001526525,0.0,0.00035039999988839554,0
4908,0.0003154000000904489,0.0,0.00031640000020161096,0
4909,0.0003165000000535656,0.0,0.0003176000000166823,0
4910,0.00044150000007903145,0.0,0.0004427000001214765,0
4911,0.0003172000001541164,0.0,0.0003185000000485161,0
4912,0.00031730000000607106,0.0,0.0003183999999691878,0
4913,0.0003286000001025968,0.0,0.00032970000006571354,0
4914,0.00031569999987368647,0.0,0.00031690000014350517,0
4915,0.00034940000000460714,0.0,0.0003507000001263805,0
4916,0.0003154000000904489,0.0,0.0003164999998261919,0
4917,0.0003145000000586151,0.0,0.00031570000010106014,0
4918,0.00038170000016179984,0.0,0.0003830000000561995,0
4919,0.0003128000000742759,0.0,0.00031409999996867555,0
4920,0.00031349999994745303,0.0,0.00031469999998989806,0
4921,0.0003501999999571126,0.0,0.00035150000007888593,0
4922,0.0003126999999949476,0.0,0.0003137999999580643,0
4923,0.0003133000000161701,0.0,0.0003145000000586151,0
4924,0.00036759999989044445,0.0,0.0003688999997848441,0
4925,0.0003139000000373926,0.0,0.0003150000000005093,0
4926,0.00033280000002378074,0.0,0.00033389999998689746,0
4927,0.00032079999982670415,0.0,0.00032190000001719454,0
4928,0.00031560000002173183,0.0,0.00031690000014350517,0
4929,0.000352399999883346,0.0,0.0003535000000738364,0
4930,0.0003159999998842977,0.0,0.00031730000000607106,0
4931,0.00031480000006922637,0.0,0.0003158999998049694,0
4932,0.00034949999985656177,0.0,0.0003506999998990068,0
4933,0.00031609999996362603,0.0,0.00031719999992674275,0
4934,0.0003139000000373926,0.0,0.00031509999985246395,0
4935,0.00035099999990961805,0.0,0.00035210000010010845,0
4936,0.00031659999990552024,0.0,0.0003177000000960106,0
4937,0.0003142999998999585,0.0,0.0003154999999424035,0
4938,0.0003968999999415246,0.0,0.00039819999983592425,0
4939,0.0003176000000166823,0.0,0.00031879999983175367,0
4940,0.00035099999990961805,0.0,0.0003521999999520631,0
4941,0.00031399999988934724,0.0,0.00031510000007983763,0
4942,0.0003171000000747881,0.0,0.00031820000003790483,0
4943,0.00034789999995155085,0.0,0.0003490999999939959,0
4944,0.00031430000012733217,0.0,0.00031560000002173183,0
4945,0.00031430000012733217,0.0,0.0003154999999424035,0
4946,0.00035100000013699173,0.0,0.0003521999999520631,0
4947,0.00031420000004800386,0.0,0.0003154000000904489,0
4948,0.00031510000007983763,0.0,0.0003163999999742373,0
4949,0.00038220000010369404,0.0,0.00038330000006681075,0
4950,0.00031510000007983763,0.0,0.00031620000004295434,0
4951,0.00031449999983124144,0.0,0.00031569999987368647,0
4952,0.000327900000002046,0.0,0.0003289999999651627,0
4953,0.0003141999998206302,0.0,0.00031519999993179226,0
4954,0.0003501999999571126,0.0,0.00035149999985151226,0
4955,0.0003165000000535656,0.0,0.00031769999986863695,0
4956,0.0003663999998479994,0.0,0.0003676000001178181,0
4957,0.0003529000000526139,0.0,0.00035409999986768526,0
4958,0.00031509999985246395,0.0,0.000316299999894909,0
4959,0.00031519999993179226,0.0,0.0003163999999742373,0
4960,0.00035150000007888593,0.0,0.0003527999999732856,0
4961,0.00031420000004800386,0.0,0.0003153000000111206,0
4962,0.0003140000001167209,0.0,0.00031510000007983763,0
4963,0.00035039999988839554,0.0,0.00035160000015821424,0
4964,0.00031449999983124144,0.0,0.00031570000010106014,0
4965,0.0003765999999814085,0.0,0.00037770000017189886,0
4966,0.00031420000004800386,0.0,0.0003153000000111206,0
4967,0.00031370000010610966,0.0,0.000314899999921181,0
4968,0.00035819999993691454,0.0,0.00035939999997935956,0
4969,0.0003154999999424035,0.0,0.0003165000000535656,0
4970,0.000313699999878736,0.0,0.000314899999921181,0
4971,0.0003503000000364409,0.0,0.00035150000007888593,0
4972,0.00031520000015916594,0.0,0.0003163999999742373,0
4973,0.0003146000001379434,0.0,0.00031569999987368647,0
4974,0.00035049999996772385,0.0,0.00035160000015821424,0
4975,0.00031430000012733217,0.0,0.0003154000000904489,0
4976,0.00031409999996867555,0.0,0.00031520000015916594,0
4977,0.00034849999997277337,0.0,0.0003497000000152184,0
4978,0.0003157999999530148,0.0,0.00031690000014350517,0
4979,0.00039010000000416767,0.0,0.00040389999981016445,0
4980,0.00031270000022232125,0.0,0.0003139000000373926,0
4981,0.00031510000007983763,0.0,0.00031619999981558067,0
4982,0.000418699999954697,0.0,0.000419899999997142,0
4983,0.00033589999998184794,0.0,0.00033710000002429297,0
4984,0.000314899999921181,0.0,0.00031620000004295434,0
4985,0.0003524000001107197,0.0,0.00035359999992579105,0
4986,0.0003141999998206302,0.0,0.0003154000000904489,0
4987,0.000314899999921181,0.0,0.0003160000001116714,0
4988,0.0003280000000813743,0.0,0.00032929999997577397,0
4989,0.0003143999999792868,0.0,0.0003154999999424035,0
4990,0.0003504000001157692,0.0,0.0003517000000101689,0
4991,0.0003141999998206302,0.0,0.0003155000001697772,0
4992,0.0003153999998630752,0.0,0.0003166000001328939,0
4993,0.00034949999985656177,0.0,0.0003507000001263805,0
4994,0.00039139999989856733,0.0,0.0003927999998722953,0
4995,0.0003134000000954984,0.0,0.00031459999991056975,0
4996,0.00035039999988839554,0.0,0.0003517000000101689,0
4997,0.0003141000001960492,0.0,0.0003154000000904489,0
4998,0.0003129000001536042,0.0,0.00031420000004800386,0
4999,0.0003481999999621621,0.00014529999998558196,0.002196300000150586,1
