step,step_state_sec,to_numpy_sec,total_step_sec,saved
0,0.007544599997345358,0.0007715999963693321,0.010937499988358468,1
1,0.0005270999972708523,0.0,0.0005291999550536275,0
2,0.000361400016117841,0.0,0.0003627000260166824,0
3,0.0003779999678954482,0.0,0.0003795999800786376,0
4,0.00034229998709633946,0.0,0.0003434999962337315,0
5,0.00032160000409930944,0.0,0.0003225000109523535,0
6,0.0003299000090919435,0.0,0.0003310000174678862,0
7,0.00017690000822767615,0.0,0.0001778999576345086,0
8,0.00017339998157694936,0.0,0.0001742999884299934,0
9,0.00018550001550465822,0.0,0.00018640002235770226,0
10,0.0001694000093266368,0.0,0.0001702999579720199,0
11,0.00016739999409765005,0.0,0.00016820000018924475,0
12,0.00018909998470917344,0.0,0.00018999999156221747,0
13,0.00017009995644912124,0.0,0.00017089996254071593,0
14,0.00016789999790489674,0.0,0.00016870000399649143,0
15,0.0001813999842852354,0.0,0.0001821999903768301,0
16,0.00016719999257475138,0.0,0.00016799999866634607,0
17,0.00017610000213608146,0.0,0.0001770000089891255,0
18,0.00026290002278983593,0.0,0.00026400003116577864,0
19,0.0003502999898046255,0.0005262999911792576,0.003044000011868775,1
20,0.0005466999718919396,0.0,0.0005483999848365784,0
21,0.00036200002068653703,0.0,0.0003635999746620655,0
22,0.00043830001959577203,0.0,0.0004398000310175121,0
23,0.0003573000431060791,0.0,0.00035880005452781916,0
24,0.000264100031927228,0.0,0.00026530004106462,0
25,0.0002334999735467136,0.0,0.00023449998116120696,0
26,0.00017889996524900198,0.0,0.000179799972102046,0
27,0.00017059996025636792,0.0,0.00017149996710941195,0
28,0.00025729998014867306,0.0,0.00025829998776316643,0
29,0.00020380003843456507,0.0,0.00020459998631849885,0
30,0.0002581999870017171,0.0,0.0002589999930933118,0
31,0.000195500033441931,0.0,0.00019640004029497504,0
32,0.0001716000260785222,0.0,0.0001724000321701169,0
33,0.00016850000247359276,0.0,0.00016930000856518745,0
34,0.00018169998656958342,0.0,0.0001824999926611781,0
35,0.00016830000095069408,0.0,0.00016920000780373812,0
36,0.00017630000365898013,0.0,0.00017710000975057483,0
37,0.00017680000746622682,0.0,0.0001776000135578215,0
38,0.0001919999485835433,0.0,0.000192799954675138,0
39,0.00018089998047798872,0.0003496999852359295,0.0023583999718539417,1
40,0.0005584000027738512,0.0,0.0005601000157184899,0
41,0.0005020999815315008,0.0,0.0005038999952375889,0
42,0.000528200005646795,0.0,0.0005297999596223235,0
43,0.00037369999336078763,0.0,0.00037510000402107835,0
44,0.00033350003650411963,0.0,0.00033489998895674944,0
45,0.0003589999978430569,0.0,0.00036050000926479697,0
46,0.0003358999965712428,0.0,0.0003372000064700842,0
47,0.00033409998286515474,0.0,0.0003353999927639961,0
48,0.0003456000122241676,0.0,0.00034710002364590764,0
49,0.00034989998675882816,0.0,0.0003513999981805682,0
50,0.00034989998675882816,0.0,0.0003513999981805682,0
51,0.0003868999774567783,0.0,0.0003884999896399677,0
52,0.00035770004615187645,0.0,0.00035930000012740493,0
53,0.00034600001526996493,0.0,0.00034740002593025565,0
54,0.00035769998794421554,0.0,0.00035909999860450625,0
55,0.000338299956638366,0.0,0.0003396999672986567,0
56,0.0003521000035107136,0.0,0.0003535000141710043,0
57,0.0003417999832890928,0.0,0.00034329999471083283,0
58,0.0003394000232219696,0.0,0.0003409999771974981,0
59,0.0003622000222094357,0.0004532000166364014,0.0034266000147908926,1
60,0.0004997000214643776,0.0,0.0005013999762013555,0
61,0.00026220001745969057,0.0,0.0002633000258356333,0
62,0.00021189998369663954,0.0,0.00021299999207258224,0
63,0.00021089997608214617,0.0,0.0002117999829351902,0
64,0.00016190001042559743,0.0,0.00016270001651719213,0
65,0.00020240002777427435,0.0,0.00020350003615021706,0
66,0.00018809997709468007,0.0,0.0001889999839477241,0
67,0.0001618000096641481,0.0,0.00016259995754808187,0
68,0.00019370001973584294,0.0,0.00019449996761977673,0
69,0.00017499999376013875,0.0,0.00017579999985173345,0
70,0.00016250001499429345,0.0,0.0001632000203244388,0
71,0.00021180004114285111,0.0,0.00021280004875734448,0
72,0.0001626000157557428,0.0,0.00016330002108588815,0
73,0.00016150000737980008,0.0,0.00016240001423284411,0
74,0.00020680000307038426,0.0,0.00020780001068487763,0
75,0.0001957999775186181,0.0,0.00019649998284876347,0
76,0.000188700039871037,0.0,0.0001897999900393188,0
77,0.00022330001229420304,0.0,0.00022420001914724708,0
78,0.000172999978531152,0.0,0.00017389998538419604,0
79,0.00024690001737326384,0.0003828000044450164,0.002594200021121651,1
80,0.0003111000405624509,0.0,0.00031230004969984293,0
81,0.00017119996482506394,0.0,0.00017209997167810798,0
82,0.00021540001034736633,0.0,0.0002163999597541988,0
83,0.00021249998826533556,0.0,0.0002133999951183796,0
84,0.00020020001102238894,0.0,0.00020100001711398363,0
85,0.00019919994520023465,0.0,0.00020009995205327868,0
86,0.00017449998995289207,0.0,0.0001753999968059361,0
87,0.00016039999900385737,0.0,0.00016110000433400273,0
88,0.0001935999607667327,0.0,0.00019459996838122606,0
89,0.00029989995528012514,0.0,0.0003005999606102705,0
90,0.00023199996212497354,0.0,0.00023289996897801757,0
91,0.0002030999748967588,0.0,0.00020399998174980283,0
92,0.00021440000273287296,0.0,0.00021520000882446766,0
93,0.00019370001973584294,0.0,0.00019460002658888698,0
94,0.000235699990298599,0.0,0.00023669999791309237,0
95,0.00015979999443516135,0.0,0.00016060000052675605,0
96,0.00018640002235770226,0.0,0.00018720002844929695,0
97,0.00017820001812651753,0.0,0.00017900002421811223,0
98,0.0001962999813258648,0.0,0.0001970999874174595,0
99,0.0001897999900393188,0.0004836000152863562,0.0026575999800115824,1
100,0.00034719996619969606,0.0,0.0003483999753370881,0
101,0.00024319998919963837,0.0,0.0002440999960526824,0
102,0.0002066000015474856,0.0,0.00020760000916197896,0
103,0.00019809999503195286,0.0,0.00019910000264644623,0
104,0.00017469999147579074,0.0,0.0001753999968059361,0
105,0.0002723999787122011,0.0,0.0002731999848037958,0
106,0.00019880000036209822,0.0,0.00019950000569224358,0
107,0.00017259997548535466,0.0,0.0001734999823383987,0
108,0.00028039998142048717,0.0,0.00028169999131932855,0
109,0.00027489999774843454,0.0,0.00027600000612437725,0
110,0.00030699995113536716,0.0,0.0003078999579884112,0
111,0.0002503999858163297,0.0,0.0002513999934308231,0
112,0.00019160000374540687,0.0,0.00019240000983700156,0
113,0.00019580003572627902,0.0,0.0001968000433407724,0
114,0.00021430000197142363,0.0,0.00021510000806301832,0
115,0.0001666999887675047,0.0,0.0001674999948590994,0
116,0.00019339995924383402,0.0,0.00019419996533542871,0
117,0.00018390000332146883,0.0,0.0001846000086516142,0
118,0.0001922000083141029,0.0,0.00019310001516714692,0
119,0.00027540000155568123,0.0008100999984890223,0.003288900014013052,1
120,0.0003773999633267522,0.0,0.00037919997703284025,0
121,0.00028360000578686595,0.0,0.0002847999567165971,0
122,0.0002003999543376267,0.0,0.0002014999627135694,0
123,0.00016830000095069408,0.0,0.00016930000856518745,0
124,0.000166199984960258,0.0,0.0001669999910518527,0
125,0.00017849996220320463,0.0,0.00017939996905624866,0
126,0.00016360002337023616,0.0,0.00016449997201561928,0
127,0.0001677999971434474,0.0,0.00016870000399649143,0
128,0.00017670000670477748,0.0,0.00017780001508072019,0
129,0.00016469997353851795,0.0,0.00016559998039156199,0
130,0.00016270001651719213,0.0,0.00016360002337023616,0
131,0.00017470004968345165,0.0,0.00017559999832883477,0
132,0.00016830000095069408,0.0,0.00016920000780373812,0
133,0.0001640000264160335,0.0,0.0001648000325076282,0
134,0.00017680000746622682,0.0,0.00017770001431927085,0
135,0.00016330002108588815,0.0,0.00016410002717748284,0
136,0.0001721000298857689,0.0,0.00017300003673881292,0
137,0.00016689999029040337,0.0,0.00016759999562054873,0
138,0.00016680004773661494,0.0,0.00016769999638199806,0
139,0.00017499999376013875,0.00035170000046491623,0.0024654000299051404,1
140,0.00028420001035556197,0.0,0.00028550002025440335,0
141,0.00020150002092123032,0.0,0.00020249997032806277,0
142,0.0001996000064536929,0.0,0.00020060001406818628,0
143,0.00016820000018924475,0.0,0.00016910000704228878,0
144,0.00016689999029040337,0.0,0.00016789999790489674,0
145,0.00020349997794255614,0.0,0.00020439998479560018,0
146,0.00021510000806301832,0.0,0.00021600001491606236,0
147,0.00022680003894492984,0.0,0.00022770004579797387,0
148,0.0002649999805726111,0.0,0.00026599998818710446,0
149,0.0003269000444561243,0.0,0.0003277999931015074,0
150,0.00028909998945891857,0.0,0.0002901999978348613,0
151,0.00027980003505945206,0.0,0.0002808000426739454,0
152,0.00020070001482963562,0.0,0.00020150002092123032,0
153,0.00016589998267591,0.0,0.0001666999887675047,0
154,0.00021929998183622956,0.0,0.00022009998792782426,0
155,0.00016470003174617887,0.0,0.00016550003783777356,0
156,0.00017279997700825334,0.0,0.00017359998309984803,0
157,0.00016689999029040337,0.0,0.0001677999971434474,0
158,0.00016220001270994544,0.0,0.0001629000180400908,0
159,0.00017640000442042947,0.0003640999784693122,0.002141200006008148,1
160,0.0002837000065483153,0.0,0.00028500001644715667,0
161,0.00018999999156221747,0.0,0.0001908999984152615,0
162,0.00022059999173507094,0.0,0.00022159999934956431,0
163,0.00018269999418407679,0.0,0.00018360000103712082,0
164,0.00020279997261241078,0.0,0.00020369997946545482,0
165,0.00027769996086135507,0.0,0.0002785999677143991,0
166,0.0001639999682083726,0.0,0.0001647999742999673,0
167,0.00016289995983242989,0.0,0.00016369996592402458,0
168,0.00017669994849711657,0.0,0.00017749995458871126,0
169,0.00018689996795728803,0.0,0.00018769997404888272,0
170,0.00017879996448755264,0.0,0.00017969997134059668,0
171,0.00022950000129640102,0.0,0.00023040000814944506,0
172,0.00020700000459328294,0.0,0.00020790001144632697,0
173,0.00018430000636726618,0.0,0.00019799999427050352,0
174,0.0002531000063754618,0.0,0.0002541999565437436,0
175,0.0001976999919861555,0.0,0.00019859999883919954,0
176,0.0002565000322647393,0.0,0.0002578999847173691,0
177,0.00022490002447739244,0.0,0.00022600003285333514,0
178,0.00018690002616494894,0.0,0.00018769997404888272,0
179,0.00018929998623207211,0.0005703999777324498,0.002889600000344217,1
180,0.0002930000191554427,0.0,0.0002943000290542841,0
181,0.00019829999655485153,0.0,0.0001993000041693449,0
182,0.0001916999462991953,0.0,0.00019269995391368866,0
183,0.00016170000890269876,0.0,0.00016259995754808187,0
184,0.00016060000052675605,0.0,0.00016140000661835074,0
185,0.0002753000007942319,0.0,0.00027630000840872526,0
186,0.0003674000035971403,0.0,0.00036860001273453236,0
187,0.00019530003191903234,0.0,0.0001963000395335257,0
188,0.00026539998361840844,0.0,0.00026649999199435115,0
189,0.0002668999950401485,0.0,0.00026790000265464187,0
190,0.00021510000806301832,0.0,0.00021600001491606236,0
191,0.00027080002473667264,0.0,0.000271800032351166,0
192,0.00019019999308511615,0.0,0.00019109999993816018,0
193,0.00025590002769604325,0.0,0.00025700003607198596,0
194,0.00030499999411404133,0.0,0.0003065000055357814,0
195,0.00036429997999221087,0.0,0.00036589999217540026,0
196,0.00035909999860450625,0.0,0.0003606000100262463,0
197,0.00033440004335716367,0.0,0.0003358999965712428,0
198,0.00034060003235936165,0.0,0.00034190004225820303,0
199,0.0003570999833755195,0.0004072999581694603,0.003113199956715107,1
200,0.0005029999883845448,0.0,0.0005048000020906329,0
201,0.00037830002838745713,0.0,0.0003801000420935452,0
202,0.0004187000449746847,0.0,0.00042050000047311187,0
203,0.0003768000169657171,0.0,0.00037839997094124556,0
204,0.00038949999725446105,0.0,0.00039110000943765044,0
205,0.00040069996612146497,0.0,0.00040229997830465436,0
206,0.0003869999782182276,0.0,0.000388599990401417,0
207,0.00037429999792948365,0.0,0.0003761000116355717,0
208,0.00038890005089342594,0.0,0.0003904999466612935,0
209,0.00035769998794421554,0.0,0.00035940000088885427,0
210,0.00034389999927952886,0.0,0.0003454000107012689,0
211,0.00038279994623735547,0.0,0.00038439995842054486,0
212,0.0003462000167928636,0.0,0.00034770002821460366,0
213,0.00034739996772259474,0.0,0.0003488999791443348,0
214,0.00037620001239702106,0.0,0.00037789996713399887,0
215,0.000340400030836463,0.0,0.00034199998481199145,0
216,0.00036200002068653703,0.0,0.0003636000328697264,0
217,0.00034719996619969606,0.0,0.0003486999776214361,0
218,0.0003328999737277627,0.0,0.00033439998514950275,0
219,0.00036120001459494233,0.000408699968829751,0.0028591000009328127,1
220,0.0004349999944679439,0.0,0.00043680000817403197,0
221,0.0003417999832890928,0.0,0.00034329999471083283,0
222,0.0003632999723777175,0.0,0.0003646999830380082,0
223,0.00032839999767020345,0.0,0.00032970000756904483,0
224,0.00033359997905790806,0.0,0.00033489998895674944,0
225,0.0003488999791443348,0.0,0.0003502999898046255,0
226,0.00035099999513477087,0.0,0.0003525000065565109,0
227,0.0004057000041939318,0.0,0.00040739995893090963,0
228,0.0003986000083386898,0.0,0.00040030002128332853,0
229,0.0003766999579966068,0.0,0.0003782999701797962,0
230,0.00039140001172199845,0.0,0.00039280002238228917,0
231,0.0003910000086762011,0.0,0.00039270002162083983,0
232,0.0003578999894671142,0.0,0.0003595000016503036,0
233,0.00034309999318793416,0.0,0.0003446000046096742,0
234,0.008994199975859374,0.0,0.00899619999108836,0
235,0.00039790000300854445,0.0,0.0003994000144302845,0
236,0.0003952999832108617,0.0,0.00039709999691694975,0
237,0.0003532000118866563,0.0,0.00035470002330839634,0
238,0.0003469999646767974,0.0,0.00034829997457563877,0
239,0.00036349997390061617,0.0004216000088490546,0.003283299971371889,1
240,0.0005094000371173024,0.0,0.0005115999956615269,0
241,0.0003849999629892409,0.0,0.0003865999751724303,0
242,0.0003939999733120203,0.0,0.0003958999877795577,0
243,0.00034470000537112355,0.0,0.00034630001755431294,0
244,0.00033710000570863485,0.0,0.000338599958922714,0
245,0.00037150003481656313,0.0,0.0003731000469997525,0
246,0.00033660000190138817,0.0,0.0003380999551154673,0
247,0.00033760000951588154,0.0,0.00033920002169907093,0
248,0.00038839998887851834,0.0,0.00039000000106170774,0
249,0.0003366999444551766,0.0,0.000338299956638366,0
250,0.00033760000951588154,0.0,0.0003391000209376216,0
251,0.00037480000173673034,0.0,0.00037640001391991973,0
252,0.000335100048687309,0.0,0.00033650000113993883,0
253,0.00033650000113993883,0.0,0.0003380000125616789,0
254,0.00037129997508600354,0.0,0.00037299998803064227,0
255,0.0003657999914139509,0.0,0.000367300002835691,0
256,0.0003716999781318009,0.0,0.00037349999183788896,0
257,0.00035960000241175294,0.0,0.00036130001535639167,0
258,0.00034790002973750234,0.0,0.00034960004268214107,0
259,0.0003926000208593905,0.00040770001942291856,0.002991100016515702,1
260,0.0005014999769628048,0.0,0.0005035999929532409,0
261,0.0002449000021442771,0.0,0.00024610001128166914,0
262,0.0002626000205054879,0.0,0.00026380002964287996,0
263,0.0001846000086516142,0.0,0.00018560001626610756,0
264,0.00020130001939833164,0.0,0.00020220002625137568,0
265,0.00019809999503195286,0.0,0.00019910000264644623,0
266,0.00017750001279637218,0.0,0.00017850002041086555,0
267,0.00016140000661835074,0.0,0.00016240001423284411,0
268,0.00019529997371137142,0.0,0.00019639998208731413,0
269,0.00017100002150982618,0.0,0.00017200002912431955,0
270,0.0001770000089891255,0.0,0.00017790001584216952,0
271,0.0002175000263378024,0.0,0.00021850003395229578,0
272,0.00015650002751499414,0.0,0.00015730003360658884,0
273,0.00015539996093139052,0.0,0.00015629996778443456,0
274,0.0002481999690644443,0.0,0.0002618000144138932,0
275,0.0001686000032350421,0.0,0.0001694000093266368,0
276,0.0002036000369116664,0.0,0.00020459998631849885,0
277,0.00017929996829479933,0.0,0.00018009997438639402,0
278,0.00019319995772093534,0.0,0.00019399996381253004,0
279,0.00022579997312277555,0.000395399983972311,0.002737100003287196,1
280,0.0006258999928832054,0.0,0.0006280000088736415,0
281,0.0003011999651789665,0.0,0.00030259997583925724,0
282,0.0002873000339604914,0.0,0.0002883999841287732,0
283,0.00030910002533346415,0.0,0.0003106999793089926,0
284,0.00032679998548701406,0.0,0.0003281999961473048,0
285,0.0005880999960936606,0.0,0.0005899000097997487,0
286,0.0011295999865978956,0.0,0.001131500001065433,0
287,0.00036539998836815357,0.0,0.00036700000055134296,0
288,0.0005253999843262136,0.0,0.0005271999980323017,0
289,0.0003703000256791711,0.0,0.0003719000378623605,0
290,0.0003712000325322151,0.0,0.0003727000439539552,0
291,0.00042509997729212046,0.0,0.0004268999909982085,0
292,0.0003633000305853784,0.0,0.00036479998379945755,0
293,0.00035990000469610095,0.0,0.00036129995714873075,0
294,0.0004233000217936933,0.0,0.00042500003473833203,0
295,0.00039550004294142127,0.0,0.000396900053601712,0
296,0.00044790003448724747,0.0,0.0004499000497162342,0
297,0.0003513999981805682,0.0,0.0003529000096023083,0
298,0.0003370000049471855,0.0,0.0003386000171303749,0
299,0.0003480999730527401,0.0003533000126481056,0.003283899975940585,1
300,0.00030130002414807677,0.0,0.00030280003556981683,0
301,0.00019699998665601015,0.0,0.00019799999427050352,0
302,0.00026890001026913524,0.0,0.0002701000194065273,0
303,0.00017359998309984803,0.0,0.00017469999147579074,0
304,0.00019940000493079424,0.0,0.0002004000125452876,0
305,0.0002123000449500978,0.0,0.00021330005256459117,0
306,0.00027359998784959316,0.0,0.00027459999546408653,0
307,0.0002704000216908753,0.0,0.0002713000285439193,0
308,0.00021650001872330904,0.0,0.00021760002709925175,0
309,0.00017030001617968082,0.0,0.00017120002303272486,0
310,0.00021860003471374512,0.0,0.0002196999848820269,0
311,0.0001829999964684248,0.0,0.00018400000408291817,0
312,0.0001647999742999673,0.0,0.00016579998191446066,0
313,0.00016449997201561928,0.0,0.0001653999788686633,0
314,0.00017819995991885662,0.0,0.00017909996677190065,0
315,0.00018989999080076814,0.0,0.00019099999917671084,0
316,0.00023210002109408379,0.0,0.00023309997050091624,0
317,0.00017529999604448676,0.0,0.0001762000028975308,0
318,0.00016659998800605536,0.0,0.00016759999562054873,0
319,0.0001775999553501606,0.000305499997921288,0.0024087000056169927,1
320,0.0004406999796628952,0.0,0.0004419999895617366,0
321,0.0001650999765843153,0.0,0.00016609998419880867,0
322,0.00020369997946545482,0.0,0.0002046999870799482,0
323,0.0002460000105202198,0.0,0.0002468999591656029,0
324,0.00015619996702298522,0.0,0.00015709997387602925,0
325,0.0001914000022225082,0.0,0.00019240000983700156,0
326,0.00017140002455562353,0.0,0.00017219997243955731,0
327,0.0001558999647386372,0.0,0.00015679997159168124,0
328,0.00022719998378306627,0.0,0.0002280999906361103,0
329,0.0001686000032350421,0.0,0.0001694000093266368,0
330,0.00015539996093139052,0.0,0.00015619996702298522,0
331,0.00020219996804371476,0.0,0.0002030999748967588,0
332,0.00015609996626153588,0.0,0.00015699997311457992,0
333,0.00015499995788559318,0.0,0.00015579996397718787,0
334,0.00023780000628903508,0.0,0.0002386999549344182,0
335,0.00015609996626153588,0.0,0.00015699997311457992,0
336,0.00018269999418407679,0.0,0.00018370000179857016,0
337,0.00017409998690709472,0.0,0.0001748999929986894,0
338,0.00015569996321573853,0.0,0.00015649996930733323,0
339,0.000255199964158237,0.00041010003769770265,0.002362700004596263,1
340,0.0002606000052765012,0.0,0.0002617000136524439,0
341,0.00016300001880154014,0.0,0.00016390002565458417,0
342,0.00020000000949949026,0.0,0.00020110001787543297,0
343,0.0002438000519759953,0.0,0.0002447000006213784,0
344,0.00015570002142339945,0.0,0.0001566999708302319,0
345,0.00018919998547062278,0.0,0.00019019999308511615,0
346,0.00018830003682523966,0.0,0.00018930004443973303,0
347,0.00021500000730156898,0.0,0.00021590001415461302,0
348,0.00027840002439916134,0.0,0.00027930003125220537,0
349,0.00016990001313388348,0.0,0.0001708000199869275,0
350,0.00015540001913905144,0.0,0.00015630002599209547,0
351,0.0001993000041693449,0.0,0.00020030001178383827,0
352,0.00015400000847876072,0.0,0.00015480001457035542,0
353,0.00022440002067014575,0.0,0.00022530002752318978,0
354,0.00020190002396702766,0.0,0.00020270003005862236,0
355,0.0001553000183776021,0.0,0.0001561000244691968,0
356,0.00018040003487840295,0.0,0.00018140004249289632,0
357,0.00017249997472390532,0.0,0.00017329998081550002,0
358,0.0002245999639853835,0.0,0.00022549997083842754,0
359,0.00018589996034279466,0.00041690003126859665,0.0024289999855682254,1
360,0.00025919999461621046,0.0,0.00026030000299215317,0
361,0.00016549997963011265,0.0,0.00016649998724460602,0
362,0.00034739996772259474,0.0,0.00034849997609853745,0
363,0.00023639999562874436,0.0,0.0002373000024817884,0
364,0.000258800049778074,0.0,0.00025969999842345715,0
365,0.00020539999241009355,0.0,0.00020650000078603625,0
366,0.00016200001118704677,0.0,0.0001629000180400908,0
367,0.00021790002938359976,0.0,0.00021890003699809313,0
368,0.0002229000092484057,0.0,0.00022380001610144973,0
369,0.00017310003750026226,0.0,0.00017399998614564538,0
370,0.00017800001660361886,0.0,0.00017880002269521356,0
371,0.0002542000147514045,0.0,0.00025510002160444856,0
372,0.00015490001533180475,0.0,0.00015580002218484879,0
373,0.00015430001076310873,0.0,0.00015510001685470343,0
374,0.00021850003395229578,0.0,0.0002194000408053398,0
375,0.00015490001533180475,0.0,0.00015570002142339945,0
376,0.00024339999072253704,0.0,0.0002443999983370304,0
377,0.00019770005019381642,0.0,0.00019859999883919954,0
378,0.00015440001152455807,0.0,0.00015520001761615276,0
379,0.00017850002041086555,0.00041939999209716916,0.00269649998517707,1
380,0.0003079000161960721,0.0,0.0003092000260949135,0
381,0.00017479999223724008,0.0,0.0001756999990902841,0
382,0.0002202000468969345,0.0,0.00022119999630376697,0
383,0.000185999961104244,0.0,0.00018699996871873736,0
384,0.0001558999647386372,0.0,0.00015689997235313058,0
385,0.0002090999623760581,0.0,0.00021009996999055147,0
386,0.00017009995644912124,0.0,0.00017089996254071593,0
387,0.00015310000162571669,0.0,0.00015400000847876072,0
388,0.00027359998784959316,0.0,0.0002744999947026372,0
389,0.0001672000507824123,0.0,0.00016799999866634607,0
390,0.00015390000771731138,0.0,0.00015460001304745674,0
391,0.00022009998792782426,0.0,0.0002209999947808683,0
392,0.00015430001076310873,0.0,0.0001550999586470425,0
393,0.00021919998107478023,0.0,0.00021999998716637492,0
394,0.00022029998945072293,0.0,0.00022109999554231763,0
395,0.00015410000924021006,0.0,0.00015490001533180475,0
396,0.00017610000213608146,0.0,0.00017720001051202416,0
397,0.0001970999874174595,0.0,0.00019789999350905418,0
398,0.00022749998606741428,0.0,0.00022839999292045832,0
399,0.00017980003030970693,0.000401899975258857,0.0023294000420719385,1
400,0.0002866999711841345,0.0,0.00028799998108297586,0
401,0.00016729999333620071,0.0,0.00016830000095069408,0
402,0.00022300001000985503,0.0,0.00022409996017813683,0
403,0.00016249995678663254,0.0,0.00016339996363967657,0
404,0.00016170000890269876,0.0,0.00016250001499429345,0
405,0.0001737999846227467,0.0,0.00017469999147579074,0
406,0.00016140000661835074,0.0,0.00016220001270994544,0
407,0.00019399996381253004,0.0,0.00019479996990412474,0
408,0.0001734999823383987,0.0,0.00017439998919144273,0
409,0.000159399991389364,0.0,0.00016029999824240804,0
410,0.00015839998377487063,0.0,0.000159399991389364,0
411,0.00017190002836287022,0.0,0.00017290003597736359,0
412,0.00015819998225197196,0.0,0.000159099989105016,0
413,0.00018209998961538076,0.0,0.0001829999964684248,0
414,0.0002885999856516719,0.0,0.00028959999326616526,0
415,0.00021500000730156898,0.0,0.00021599995670840144,0
416,0.0002258999738842249,0.0,0.00022679998073726892,0
417,0.0002120000426657498,0.0,0.0002128999913111329,0
418,0.00020969996694475412,0.0,0.00021059997379779816,0
419,0.00017439998919144273,0.0003858000272884965,0.002348500012885779,1
420,0.0002715999726206064,0.0,0.00027279998175799847,0
421,0.00018660002388060093,0.0,0.0001876000314950943,0
422,0.00018700002692639828,0.0,0.00018809997709468007,0
423,0.00016289995983242989,0.0,0.00016379996668547392,0
424,0.00016029999824240804,0.0,0.00016120000509545207,0
425,0.0001732000382617116,0.0,0.00017419998766854405,0
426,0.00016080000204965472,0.0,0.00016170000890269876,0
427,0.00018909998470917344,0.0,0.00018999999156221747,0
428,0.00017249997472390532,0.0,0.00017329998081550002,0
429,0.0001601999974809587,0.0,0.00016110000433400273,0
430,0.00015969999367371202,0.0,0.0001604999997653067,0
431,0.00018829997861757874,0.0,0.00018939998699352145,0
432,0.00018969998927786946,0.0,0.00019069999689236283,0
433,0.000159399991389364,0.0,0.00016029999824240804,0
434,0.00017190002836287022,0.0,0.00017280003521591425,0
435,0.0001582999830134213,0.0,0.00015929999062791467,0
436,0.00016799999866634607,0.0,0.0001688999473117292,0
437,0.00016220001270994544,0.0,0.00016310001956298947,0
438,0.00018929998623207211,0.0,0.00019019999308511615,0
439,0.00017200002912431955,0.00034550001146271825,0.002232499944511801,1
440,0.0002538000117056072,0.0,0.00025510002160444856,0
441,0.00016549997963011265,0.0,0.00016659998800605536,0
442,0.00023070001043379307,0.0,0.00023180001880973577,0
443,0.00016240001423284411,0.0,0.00016340002184733748,0
444,0.00015869998605921865,0.0,0.00015959999291226268,0
445,0.00017289997776970267,0.0,0.0001737999846227467,0
446,0.0001598999951966107,0.0,0.00016080000204965472,0
447,0.0001601999974809587,0.0,0.00016110000433400273,0
448,0.00020379998022690415,0.0,0.00020489998860284686,0
449,0.00016029999824240804,0.0,0.0001613000058569014,0
450,0.00015850004274398088,0.0,0.000159399991389364,0
451,0.00017190002836287022,0.0,0.00017290003597736359,0
452,0.00015889998758211732,0.0,0.00015979999443516135,0
453,0.00015849998453631997,0.0,0.00015929999062791467,0
454,0.00020000000949949026,0.0,0.0002009000163525343,0
455,0.00015949999215081334,0.0,0.0001604999997653067,0
456,0.0001677999971434474,0.0,0.00016870000399649143,0
457,0.00016039999900385737,0.0,0.00016120000509545207,0
458,0.00015790003817528486,0.0,0.00015870004426687956,0
459,0.00020030001178383827,0.00037379999412223697,0.0021988999797031283,1
460,0.0003347000456415117,0.0,0.0003358999965712428,0
461,0.00016559998039156199,0.0,0.00016649998724460602,0
462,0.00018450000789016485,0.0,0.00018560001626610756,0
463,0.0001621000119484961,0.0,0.00016310001956298947,0
464,0.0002327000256627798,0.0,0.00023380003403872252,0
465,0.00018400000408291817,0.0,0.00018510001245886087,0
466,0.00016380002489313483,0.0,0.00016470003174617887,0
467,0.00016060000052675605,0.0,0.00016150000737980008,0
468,0.00017389998538419604,0.0,0.0001748999929986894,0
469,0.0001922000083141029,0.0,0.00019310001516714692,0
470,0.00016930000856518745,0.0,0.0001702000154182315,0
471,0.00017390004359185696,0.0,0.00017490005120635033,0
472,0.00015889998758211732,0.0,0.00015979999443516135,0
473,0.00015860004350543022,0.0,0.000159399991389364,0
474,0.0001713000237941742,0.0,0.00017220003064721823,0
475,0.00019160000374540687,0.0,0.0001925000105984509,0
476,0.00016910000704228878,0.0,0.00017010001465678215,0
477,0.00016240001423284411,0.0,0.0001632000203244388,0
478,0.00015900004655122757,0.0,0.00015980005264282227,0
479,0.0001697000116109848,0.00037649995647370815,0.002291099983267486,1
480,0.0002759000053629279,0.0,0.0002772000152617693,0
481,0.0001640000264160335,0.0,0.0001650999765843153,0
482,0.00020050001330673695,0.0,0.00020160002168267965,0
483,0.00017449998995289207,0.0,0.00017549999756738544,0
484,0.00015740003436803818,0.0,0.00015840004198253155,0
485,0.0002528000040911138,0.0,0.0002538000117056072,0
486,0.0001721000298857689,0.0,0.00017290003597736359,0
487,0.00015869998605921865,0.0,0.00015959999291226268,0
488,0.00021380005637183785,0.0,0.0002147999475710094,0
489,0.00017259997548535466,0.0,0.00017359998309984803,0
490,0.00019779999274760485,0.0,0.00019869999960064888,0
491,0.0002258999738842249,0.0,0.00022679998073726892,0
492,0.00015869998605921865,0.0,0.00015969999367371202,0
493,0.0001580000389367342,0.0,0.00015889998758211732,0
494,0.00024069997016340494,0.0,0.00024159997701644897,0
495,0.00021309999283403158,0.0,0.00021399999968707561,0
496,0.0001818999880924821,0.0,0.00018279999494552612,0
497,0.00020180002320557833,0.0,0.00020270003005862236,0
498,0.00015840004198253155,0.0,0.00015940004959702492,0
499,0.00018269999418407679,0.0004013999714516103,0.0025206999853253365,1
500,0.00026619998971000314,0.0,0.0002674999996088445,0
501,0.00016659998800605536,0.0,0.0001674999948590994,0
502,0.00018630002159625292,0.0,0.0001873000292107463,0
503,0.0003155000158585608,0.0,0.00031670002499595284,0
504,0.0001702999579720199,0.0,0.00017129996558651328,0
505,0.00019679998513311148,0.0,0.00019779999274760485,0
506,0.0001750999945215881,0.0,0.00017600000137463212,0
507,0.0001598999951966107,0.0,0.00016070000128820539,0
508,0.00025240000104531646,0.0,0.00025340000865980983,0
509,0.00015979999443516135,0.0,0.00016060000052675605,0
510,0.0001582999830134213,0.0,0.00015919998986646533,0
511,0.0001857000170275569,0.0,0.00018660002388060093,0
512,0.00017180002760142088,0.0,0.0001727000344544649,0
513,0.00019789999350905418,0.0,0.00019869999960064888,0
514,0.0002253999700769782,0.0,0.0002261999761685729,0
515,0.00015840004198253155,0.0,0.00015930004883557558,0
516,0.000179799972102046,0.0,0.00018069997895509005,0
517,0.00020059995586052537,0.0,0.0002014999627135694,0
518,0.00019719998817890882,0.0,0.00019809999503195286,0
519,0.00018670002464205027,0.00037839997094124556,0.00250400003278628,1
520,0.00024090002989396453,0.0,0.00024229998234659433,0
521,0.00021109997760504484,0.0,0.00021219998598098755,0
522,0.00018669996643438935,0.0,0.00018779997481033206,0
523,0.0001632000203244388,0.0,0.00016410002717748284,0
524,0.000159399991389364,0.0,0.00016029999824240804,0
525,0.00017309997929260135,0.0,0.00017389998538419604,0
526,0.00016150000737980008,0.0,0.00016230001347139478,0
527,0.00018929998623207211,0.0,0.00019019999308511615,0
528,0.00017230003140866756,0.0,0.00017319998005405068,0
529,0.00015969999367371202,0.0,0.0001604999997653067,0
530,0.0001583000412210822,0.0,0.00015920004807412624,0
531,0.00017030001617968082,0.0,0.00017110002227127552,0
532,0.00015849998453631997,0.0,0.00015929999062791467,0
533,0.00018839997937902808,0.0,0.00018929998623207211,0
534,0.00017190002836287022,0.0,0.00017280003521591425,0
535,0.00015979999443516135,0.0,0.00016070000128820539,0
536,0.00016739999409765005,0.0,0.00016830000095069408,0
537,0.00016150000737980008,0.0,0.00016240001423284411,0
538,0.0001922000083141029,0.0,0.0001933000166900456,0
539,0.0001705000177025795,0.00037239998346194625,0.0022711000056006014,1
540,0.00027000001864507794,0.0,0.0002712999703362584,0
541,0.00016689999029040337,0.0,0.00016789999790489674,0
542,0.00021139997988939285,0.0,0.00021249998826533556,0
543,0.0001841000048443675,0.0,0.00018500001169741154,0
544,0.00015840004198253155,0.0,0.00015940004959702492,0
545,0.00017389998538419604,0.0,0.00017479999223724008,0
546,0.00015930004883557558,0.0,0.00016030005645006895,0
547,0.00015929999062791467,0.0,0.00016009999671950936,0
548,0.00020810001296922565,0.0,0.00020900001982226968,0
549,0.000159099989105016,0.0,0.0001598999951966107,0
550,0.0001577999792061746,0.0,0.0001585999852977693,0
551,0.00017089996254071593,0.0,0.00017169996863231063,0
552,0.00015729997539892793,0.0,0.0001582999830134213,0
553,0.00015809998149052262,0.0,0.00015899998834356666,0
554,0.00021580001339316368,0.0,0.00021680002100765705,0
555,0.00015820004045963287,0.0,0.00015899998834356666,0
556,0.00016679998952895403,0.0,0.00016789999790489674,0
557,0.00016080000204965472,0.0,0.00016160000814124942,0
558,0.00015649996930733323,0.0,0.0001571999746374786,0
559,0.00019620003877207637,0.0003809999907389283,0.0023268000222742558,1
560,0.0002475999644957483,0.0,0.00024889997439458966,0
561,0.0001642999704927206,0.0,0.00016529997810721397,0
562,0.00018550001550465822,0.0,0.0001865000231191516,0
563,0.00016270001651719213,0.0,0.0001637000241316855,0
564,0.00019099999917671084,0.0,0.00019190000602975488,0
565,0.00017329998081550002,0.0,0.0001742999884299934,0
566,0.00016060000052675605,0.0,0.00016140000661835074,0
567,0.00015919998986646533,0.0,0.00016009999671950936,0
568,0.00017230003140866756,0.0,0.00017309997929260135,0
569,0.00015929999062791467,0.0,0.0001601999974809587,0
570,0.0001933000166900456,0.0,0.00019420002354308963,0
571,0.0001716000260785222,0.0,0.0001724000321701169,0
572,0.0001583000412210822,0.0,0.000159099989105016,0
573,0.0001582999830134213,0.0,0.000159099989105016,0
574,0.0001808000379242003,0.0,0.00018180004553869367,0
575,0.0002373000024817884,0.0,0.00023830001009628177,0
576,0.0001808000379242003,0.0,0.0001818999880924821,0
577,0.00016459997277706861,0.0,0.00016559998039156199,0
578,0.0001604999997653067,0.0,0.00016139994841068983,0
579,0.00017279997700825334,0.0003037999849766493,0.002464400022290647,1
580,0.0003177000326104462,0.0,0.00031890004174783826,0
581,0.00016409996896982193,0.0,0.0001650999765843153,0
582,0.00018749997252598405,0.0,0.00018849998014047742,0
583,0.0001632000203244388,0.0,0.0001640000264160335,0
584,0.00016390002565458417,0.0,0.0001648000325076282,0
585,0.00017180002760142088,0.0,0.0001727000344544649,0
586,0.00016009999671950936,0.0,0.0001610000035725534,0
587,0.0001601999974809587,0.0,0.00016120000509545207,0
588,0.00017169996863231063,0.0,0.00017259997548535466,0
589,0.00016000005416572094,0.0,0.00016090000281110406,0
590,0.00016010005492717028,0.0,0.00016379996668547392,0
591,0.000172699976246804,0.0,0.00017369998386129737,0
592,0.00015839998377487063,0.0,0.00015929999062791467,0
593,0.00015849998453631997,0.0,0.00015949999215081334,0
594,0.00017139996634796262,0.0,0.000172399973962456,0
595,0.00016189995221793652,0.0,0.00016289995983242989,0
596,0.0001674999948590994,0.0,0.00016840000171214342,0
597,0.00016080000204965472,0.0,0.0001618000096641481,0
598,0.00015850004274398088,0.0,0.00015950005035847425,0
599,0.00016930000856518745,0.0003850999637506902,0.002544799994211644,1
600,0.00031079998007044196,0.0,0.000311999989207834,0
601,0.0001648000325076282,0.0,0.0001659000408835709,0
602,0.00018540001474320889,0.0,0.00018640002235770226,0
603,0.0001613000058569014,0.0,0.00016220001270994544,0
604,0.00016390002565458417,0.0,0.0001648000325076282,0
605,0.00017289997776970267,0.0,0.00017389998538419604,0
606,0.00015899998834356666,0.0,0.0001598999951966107,0
607,0.00015899998834356666,0.0,0.0001598999951966107,0
608,0.00017149996710941195,0.0,0.000172399973962456,0
609,0.00015949999215081334,0.0,0.00016039999900385737,0
610,0.00016310001956298947,0.0,0.00016410002717748284,0
611,0.00017220003064721823,0.0,0.00017329998081550002,0
612,0.0001601999974809587,0.0,0.00016110000433400273,0
613,0.00015979999443516135,0.0,0.00016080000204965472,0
614,0.00017129996558651328,0.0,0.00017229997320100665,0
615,0.0001583000412210822,0.0,0.00015920004807412624,0
616,0.00017369998386129737,0.0,0.00017469999147579074,0
617,0.0001634999644011259,0.0,0.0001642999704927206,0
618,0.0001574999769218266,0.0,0.00015839998377487063,0
619,0.0001700000138953328,0.0004057000041939318,0.0025486000231467187,1
620,0.00029609998455271125,0.0,0.0002972999936901033,0
621,0.00020780001068487763,0.0,0.000208800018299371,0
622,0.0001876000314950943,0.0,0.00018859998090192676,0
623,0.0001629000180400908,0.0,0.00016379996668547392,0
624,0.0002004000125452876,0.0,0.00020130001939833164,0
625,0.00017549999756738544,0.0,0.00017640000442042947,0
626,0.0001621000119484961,0.0,0.00016300001880154014,0
627,0.0001604999997653067,0.0,0.0001613000058569014,0
628,0.00017249997472390532,0.0,0.00017359998309984803,0
629,0.00016070000128820539,0.0,0.00016170000890269876,0
630,0.00016339996363967657,0.0,0.0001642999704927206,0
631,0.000172699976246804,0.0,0.00017359998309984803,0
632,0.00015979999443516135,0.0,0.00016060000052675605,0
633,0.00015959999291226268,0.0,0.00016039999900385737,0
634,0.00017290003597736359,0.0,0.00017380004283040762,0
635,0.0001613000058569014,0.0,0.0001621000119484961,0
636,0.0001732000382617116,0.0,0.00017409998690709472,0
637,0.00016270001651719213,0.0,0.00016359996516257524,0
638,0.00016110000433400273,0.0,0.00016190001042559743,0
639,0.00017170002683997154,0.0003418000414967537,0.002618699974846095,1
640,0.0003530000103637576,0.0,0.00035420001950114965,0
641,0.0001928000128827989,0.0,0.00019370001973584294,0
642,0.0001803000341169536,0.0,0.00018130004173144698,0
643,0.0001970999874174595,0.0,0.0001981999957934022,0
644,0.00015820004045963287,0.0,0.00015920004807412624,0
645,0.00017070001922547817,0.0,0.0001716000260785222,0
646,0.00015650002751499414,0.0,0.00015729997539892793,0
647,0.00015570002142339945,0.0,0.00015649996930733323,0
648,0.00016689999029040337,0.0,0.00016769999638199806,0
649,0.00018590001855045557,0.0,0.00018670002464205027,0
650,0.00015490001533180475,0.0,0.00015570002142339945,0
651,0.0001677999971434474,0.0,0.00016870000399649143,0
652,0.0001677999971434474,0.0,0.00016870000399649143,0
653,0.00015600002370774746,0.0,0.0001569000305607915,0
654,0.00015580002218484879,0.0,0.00015670002903789282,0
655,0.00020279997261241078,0.0,0.00020379998022690415,0
656,0.00015579996397718787,0.0,0.0001566999708302319,0
657,0.00015539996093139052,0.0,0.00015619996702298522,0
658,0.00016689999029040337,0.0,0.00016769999638199806,0
659,0.0001553000183776021,0.00039980001747608185,0.0026917000068351626,1
660,0.00028959999326616526,0.0,0.0002908000024035573,0
661,0.00016039999900385737,0.0,0.00016140000661835074,0
662,0.00020140002015978098,0.0,0.00020250002853572369,0
663,0.000172399973962456,0.0,0.00017339998157694936,0
664,0.00015699997311457992,0.0,0.0001577999792061746,0
665,0.00016930000856518745,0.0,0.00017030001617968082,0
666,0.00015760003589093685,0.0,0.00015850004274398088,0
667,0.00015410000924021006,0.0,0.00015490001533180475,0
668,0.00020220002625137568,0.0,0.0002031000331044197,0
669,0.00015510001685470343,0.0,0.00015590002294629812,0
670,0.0001669999910518527,0.0,0.00016799999866634607,0
671,0.00017019995721057057,0.0,0.00017119996482506394,0
672,0.00015879998682066798,0.0,0.00015969999367371202,0
673,0.00015790003817528486,0.0,0.00015870004426687956,0
674,0.0001750999945215881,0.0,0.00017610000213608146,0
675,0.00015850004274398088,0.0,0.00015949999215081334,0
676,0.00016789999790489674,0.0,0.0001689000055193901,0
677,0.00016160000814124942,0.0,0.0001626000157557428,0
678,0.00015820004045963287,0.0,0.00015900004655122757,0
679,0.00016920000780373812,0.00035609997576102614,0.002569700009189546,1
680,0.0002856999635696411,0.0,0.0002869999734684825,0
681,0.00016440002946183085,0.0,0.0001653000363148749,0
682,0.00018659996567294002,0.0,0.00018759997328743339,0
683,0.00016639998648315668,0.0,0.00016729999333620071,0
684,0.0001585999852977693,0.0,0.000159399991389364,0
685,0.000172399973962456,0.0,0.00017329998081550002,0
686,0.00015899998834356666,0.0,0.00015999999595806003,0
687,0.00015760003589093685,0.0,0.00015849998453631997,0
688,0.0001705000177025795,0.0,0.00017139996634796262,0
689,0.00016270001651719213,0.0,0.00016359996516257524,0
690,0.0001577999792061746,0.0,0.00015869998605921865,0
691,0.00017099996330216527,0.0,0.0001718999701552093,0
692,0.0001585999852977693,0.0,0.000159399991389364,0
693,0.00015630002599209547,0.0,0.0001572000328451395,0
694,0.00016950001008808613,0.0,0.00017040001694113016,0
695,0.0001610000035725534,0.0,0.00016200001118704677,0
696,0.0001667000469751656,0.0,0.00016769999638199806,0
697,0.00016160000814124942,0.0,0.00016250001499429345,0
698,0.00015809998149052262,0.0,0.00015889998758211732,0
699,0.00016830000095069408,0.00034509995020926,0.0024167000083252788,1
700,0.000318799982778728,0.0,0.00031999999191612005,0
701,0.00016500003403052688,0.0,0.0001659000408835709,0
702,0.00018749997252598405,0.0,0.00018859998090192676,0
703,0.0001626999583095312,0.0,0.0001634999644011259,0
704,0.00016920000780373812,0.0,0.00017009995644912124,0
705,0.00020050001330673695,0.0,0.0002014999627135694,0
706,0.00016070000128820539,0.0,0.00016150000737980008,0
707,0.00015899998834356666,0.0,0.0001598999951966107,0
708,0.0001710999640636146,0.0,0.00017209997167810798,0
709,0.0001647999742999673,0.0,0.00016559998039156199,0
710,0.00016060000052675605,0.0,0.00016150000737980008,0
711,0.00017229997320100665,0.0,0.00017329998081550002,0
712,0.00015979999443516135,0.0,0.00016080000204965472,0
713,0.0001582999830134213,0.0,0.000159099989105016,0
714,0.00017170002683997154,0.0,0.00017250003293156624,0
715,0.00018150004325434566,0.0,0.00018239999189972878,0
716,0.00018199998885393143,0.0,0.00018289999570697546,0
717,0.00017339998157694936,0.0,0.0001745999907143414,0
718,0.00016119994688779116,0.0,0.00016199995297938585,0
719,0.00017499999376013875,0.00032539997482672334,0.0027028999757021666,1
720,0.00032900000223889947,0.0,0.00033030001213774085,0
721,0.00016689999029040337,0.0,0.00016789999790489674,0
722,0.0001928000128827989,0.0,0.00019390002125874162,0
723,0.00016240001423284411,0.0,0.00016340002184733748,0
724,0.00019430002430453897,0.0,0.00019529997371137142,0
725,0.0002248000237159431,0.0,0.00022570003056898713,0
726,0.00016080000204965472,0.0,0.00016170000890269876,0
727,0.00015999999595806003,0.0,0.00016090000281110406,0
728,0.00017720001051202416,0.0,0.0001781000173650682,0
729,0.00016080000204965472,0.0,0.00016170000890269876,0
730,0.0002050000475719571,0.0,0.0002057999954558909,0
731,0.00017389998538419604,0.0,0.0001748999929986894,0
732,0.00016090000281110406,0.0,0.0001618000096641481,0
733,0.00020369997946545482,0.0,0.00020479998784139752,0
734,0.0003033000393770635,0.0,0.0003043000469915569,0
735,0.0001621000119484961,0.0,0.0001629000180400908,0
736,0.00017040001694113016,0.0,0.0001713000237941742,0
737,0.0001637000241316855,0.0,0.00016460003098472953,0
738,0.00020070001482963562,0.0,0.000201700022444129,0
739,0.00017100002150982618,0.0003865999751724303,0.002884900022763759,1
740,0.0002730999840423465,0.0,0.0002742999931797385,0
741,0.00019910000264644623,0.0,0.00020000000949949026,0
742,0.000188700039871037,0.0,0.00018969998927786946,0
743,0.00016230001347139478,0.0,0.0001632000203244388,0
744,0.00016460003098472953,0.0,0.00016559998039156199,0
745,0.0001742999884299934,0.0,0.00017529999604448676,0
746,0.0001604999997653067,0.0,0.0001613000058569014,0
747,0.00015959999291226268,0.0,0.0001604999997653067,0
748,0.00022109999554231763,0.0,0.000222100003156811,0
749,0.00016220001270994544,0.0,0.00016300001880154014,0
750,0.0001639999682083726,0.0,0.0001647999742999673,0
751,0.0001743000466376543,0.0,0.00017530005425214767,0
752,0.00016070000128820539,0.0,0.00016160000814124942,0
753,0.0001998000079765916,0.0,0.00020070001482963562,0
754,0.000174800050444901,0.0,0.00017579999985173345,0
755,0.00019509997218847275,0.0,0.00019589997828006744,0
756,0.00016979995416477323,0.0,0.00017069996101781726,0
757,0.00016199995297938585,0.0,0.00016279995907098055,0
758,0.00015819998225197196,0.0,0.00015899998834356666,0
759,0.00017100002150982618,0.00032599997939541936,0.0027647000388242304,1
760,0.0003079000161960721,0.0,0.0003092000260949135,0
761,0.00024850002955645323,0.0,0.00026220001745969057,0
762,0.00019380002049729228,0.0,0.000194900028873235,0
763,0.00016200001118704677,0.0,0.0001629000180400908,0
764,0.00015860004350543022,0.0,0.00015949999215081334,0
765,0.0002174999681301415,0.0,0.00021849997574463487,0
766,0.0001601999974809587,0.0,0.00016110000433400273,0
767,0.00016190001042559743,0.0,0.0001629000180400908,0
768,0.0001737999846227467,0.0,0.00017469999147579074,0
769,0.00016029999824240804,0.0,0.00016110000433400273,0
770,0.00015819998225197196,0.0,0.00015899998834356666,0
771,0.00017179996939375997,0.0,0.00017279997700825334,0
772,0.00015929999062791467,0.0,0.00016009999671950936,0
773,0.0001613000058569014,0.0,0.0001621000119484961,0
774,0.00017110002227127552,0.0,0.00017200002912431955,0
775,0.00015870004426687956,0.0,0.00015959999291226268,0
776,0.00016659998800605536,0.0,0.0001674999948590994,0
777,0.00016350002260878682,0.0,0.00016430002870038152,0
778,0.00015790003817528486,0.0,0.0001588000450283289,0
779,0.0001737999846227467,0.0003360999980941415,0.0027119999867863953,1
780,0.0003449000068940222,0.0,0.00034609995782375336,0
781,0.00017199997091665864,0.0,0.00017309997929260135,0
782,0.00018560001626610756,0.0,0.00018660002388060093,0
783,0.00016270001651719213,0.0,0.00016360002337023616,0
784,0.00015929999062791467,0.0,0.00016009999671950936,0
785,0.000172999978531152,0.0,0.00017389998538419604,0
786,0.00016420002793893218,0.0,0.00016520003555342555,0
787,0.00016060000052675605,0.0,0.00016150000737980008,0
788,0.00017199997091665864,0.0,0.00017289997776970267,0
789,0.00015940004959702492,0.0,0.00016039999900385737,0
790,0.000159399991389364,0.0,0.0001601999974809587,0
791,0.00017110002227127552,0.0,0.00017190002836287022,0
792,0.00018010003259405494,0.0,0.00018100003944709897,0
793,0.00016009999671950936,0.0,0.00016090000281110406,0
794,0.0001713000237941742,0.0,0.00017220003064721823,0
795,0.00015889998758211732,0.0,0.00015979999443516135,0
796,0.00016689999029040337,0.0,0.00016769999638199806,0
797,0.00016140000661835074,0.0,0.00016230001347139478,0
798,0.0001629000180400908,0.0,0.0001637000241316855,0
799,0.0001697000116109848,0.0003215000033378601,0.002734700043220073,1
800,0.00031100003980100155,0.0,0.0003124999930150807,0
801,0.00017770001431927085,0.0,0.00017870002193376422,0
802,0.00024309998843818903,0.0,0.00024399999529123306,0
803,0.0001949999714270234,0.0,0.00019599997904151678,0
804,0.00016840000171214342,0.0,0.00016920000780373812,0
805,0.00022190000163391232,0.0,0.0002229000092484057,0
806,0.00018999999156221747,0.0,0.00019079999765381217,0
807,0.0001742999884299934,0.0,0.0001750999945215881,0
808,0.0001705000177025795,0.0,0.00017140002455562353,0
809,0.00015539996093139052,0.0,0.00015629996778443456,0
810,0.00015689997235313058,0.0,0.00015789997996762395,0
811,0.00016769999638199806,0.0,0.00016850000247359276,0
812,0.0001550000160932541,0.0,0.00015590002294629812,0
813,0.00015480001457035542,0.0,0.0001556000206619501,0
814,0.0001666999887675047,0.0,0.00016759999562054873,0
815,0.00015409995103254914,0.0,0.00015489995712414384,0
816,0.0001666999887675047,0.0,0.00016759999562054873,0
817,0.00015810003969818354,0.0,0.00015890004578977823,0
818,0.00015360000543296337,0.0,0.0001545000122860074,0
819,0.0001648000325076282,0.00037269998574629426,0.002884400018956512,1
820,0.0003410999779589474,0.0,0.00034219998633489013,0
821,0.00019180000526830554,0.0,0.00019259995315223932,0
822,0.00022479996550828218,0.0,0.00022569997236132622,0
823,0.00015899998834356666,0.0,0.00015999999595806003,0
824,0.00015630002599209547,0.0,0.00015710003208369017,0
825,0.0001700000138953328,0.0,0.00017089996254071593,0
826,0.00015599996550008655,0.0,0.00015689997235313058,0
827,0.0001545000122860074,0.0,0.0001553000183776021,0
828,0.00024359999224543571,0.0,0.00024449999909847975,0
829,0.00015660002827644348,0.0,0.00015750003512948751,0
830,0.00016880000475794077,0.0,0.00016960001084953547,0
831,0.00017069996101781726,0.0,0.0001715999678708613,0
832,0.00015949999215081334,0.0,0.00016029999824240804,0
833,0.00015919998986646533,0.0,0.00015999999595806003,0
834,0.00021959998412057757,0.0,0.00022059999173507094,0
835,0.00021410000044852495,0.0,0.00021490000654011965,0
836,0.00022620003437623382,0.0,0.00022710004122927785,0
837,0.00022390001686289907,0.0,0.00022460002219304442,0
838,0.00019510003039613366,0.0,0.00019590003648772836,0
839,0.00017100002150982618,0.0003295999485999346,0.00274089997401461,1
840,0.0002982000005431473,0.0,0.00029960001120343804,0
841,0.00016599998343735933,0.0,0.00016689999029040337,0
842,0.00018809997709468007,0.0,0.00018919998547062278,0
843,0.0001610000035725534,0.0,0.00016190001042559743,0
844,0.00016029999824240804,0.0,0.00016110000433400273,0
845,0.00017849996220320463,0.0,0.000179499969817698,0
846,0.00016090000281110406,0.0,0.00016170000890269876,0
847,0.00015889998758211732,0.0,0.00015969999367371202,0
848,0.00017409998690709472,0.0,0.0001750999945215881,0
849,0.0001598999951966107,0.0,0.00016080000204965472,0
850,0.00015879998682066798,0.0,0.00015959999291226268,0
851,0.0001748999929986894,0.0,0.00017579999985173345,0
852,0.00015979999443516135,0.0,0.00016069994308054447,0
853,0.00015839998377487063,0.0,0.00015929999062791467,0
854,0.00017329998081550002,0.0,0.00017409998690709472,0
855,0.0001598999951966107,0.0,0.00016070000128820539,0
856,0.00016850000247359276,0.0,0.00016939995111897588,0
857,0.00016789999790489674,0.0,0.00016880000475794077,0
858,0.00015919998986646533,0.0,0.00015999999595806003,0
859,0.00017099996330216527,0.0003337000380270183,0.0027673000004142523,1
860,0.0003218000056222081,0.0,0.0003231999580748379,0
861,0.0001680999994277954,0.0,0.00016910000704228878,0
862,0.00018859998090192676,0.0,0.0001897999900393188,0
863,0.0001621000119484961,0.0,0.00016300001880154014,0
864,0.0001626999583095312,0.0,0.00016369996592402458,0
865,0.0001718999701552093,0.0,0.00017279997700825334,0
866,0.0001583000412210822,0.0,0.0001591000473126769,0
867,0.00015709997387602925,0.0,0.00015789997996762395,0
868,0.00017129996558651328,0.0,0.00017219997243955731,0
869,0.00015819998225197196,0.0,0.000159099989105016,0
870,0.00016200001118704677,0.0,0.00016280001727864146,0
871,0.0001705000177025795,0.0,0.00017150002531707287,0
872,0.0001588000450283289,0.0,0.0001596000511199236,0
873,0.00015789997996762395,0.0,0.00015879998682066798,0
874,0.00017019995721057057,0.0,0.00017119996482506394,0
875,0.00015919998986646533,0.0,0.00015999999595806003,0
876,0.00017140002455562353,0.0,0.0001724000321701169,0
877,0.00016150000737980008,0.0,0.00016230001347139478,0
878,0.0001585999852977693,0.0,0.00015949999215081334,0
879,0.0001680999994277954,0.0003510999958962202,0.002743599994573742,1
880,0.00042069994378834963,0.0,0.00042209995444864035,0
881,0.00016979995416477323,0.0,0.0001707999617792666,0
882,0.00021729996660724282,0.0,0.0002182999742217362,0
883,0.00016650004545226693,0.0,0.00016730005154386163,0
884,0.00016110000433400273,0.0,0.00016200001118704677,0
885,0.00017549999756738544,0.0,0.0001765000051818788,0
886,0.0001618000096641481,0.0,0.0001626000157557428,0
887,0.00021889997879043221,0.0,0.00021999998716637492,0
888,0.0002049999893642962,0.0,0.0002060999977402389,0
889,0.00016379996668547392,0.0,0.00016469997353851795,0
890,0.00018100003944709897,0.0,0.00018199998885393143,0
891,0.0002300000051036477,0.0,0.00023120001424103975,0
892,0.00016280001727864146,0.0,0.0001637000241316855,0
893,0.0001694000093266368,0.0,0.00017030001617968082,0
894,0.00017600000137463212,0.0,0.00017689995002001524,0
895,0.00016090000281110406,0.0,0.00016170000890269876,0
896,0.0001697000116109848,0.0,0.0001708000199869275,0
897,0.00016430002870038152,0.0,0.00016520003555342555,0
898,0.000159099989105016,0.0,0.0001598999951966107,0
899,0.00018090003868564963,0.0003512999974191189,0.0025635999627411366,1
900,0.00038619997212663293,0.0,0.0003874999820254743,0
901,0.00020830001449212432,0.0,0.00020940002286806703,0
902,0.000188700039871037,0.0,0.00018969998927786946,0
903,0.00016379996668547392,0.0,0.0001647999742999673,0
904,0.0001613000058569014,0.0,0.00016219995450228453,0
905,0.0001748999929986894,0.0,0.00017579999985173345,0
906,0.00016610004240646958,0.0,0.00016689999029040337,0
907,0.000159399991389364,0.0,0.0001601999974809587,0
908,0.00017260003369301558,0.0,0.00017340003978461027,0
909,0.00015899998834356666,0.0,0.00015979999443516135,0
910,0.000159099989105016,0.0,0.00015979999443516135,0
911,0.00017070001922547817,0.0,0.00017170002683997154,0
912,0.0001629000180400908,0.0,0.00016380002489313483,0
913,0.00015879998682066798,0.0,0.00015959999291226268,0
914,0.0001715999678708613,0.0,0.00017249997472390532,0
915,0.00015970005188137293,0.0,0.00016060000052675605,0
916,0.0001674999948590994,0.0,0.00016840000171214342,0
917,0.00016170000890269876,0.0,0.0001626000157557428,0
918,0.00016280001727864146,0.0,0.00016360002337023616,0
919,0.00017040001694113016,0.00036509998608380556,0.003172400000039488,1
920,0.0003594999434426427,0.0,0.00036099995486438274,0
921,0.00016659998800605536,0.0,0.00016759999562054873,0
922,0.0001897999900393188,0.0,0.00019069999689236283,0
923,0.0001664000446908176,0.0,0.00016740005230531096,0
924,0.00015919998986646533,0.0,0.00015999999595806003,0
925,0.0001713000237941742,0.0,0.00017230003140866756,0
926,0.00015809998149052262,0.0,0.000159099989105016,0
927,0.00015789997996762395,0.0,0.00015889998758211732,0
928,0.00017520005349069834,0.0,0.00017610000213608146,0
929,0.00015819998225197196,0.0,0.00015899998834356666,0
930,0.00015730003360658884,0.0,0.00015820004045963287,0
931,0.00017010001465678215,0.0,0.00017090002074837685,0
932,0.0001583000412210822,0.0,0.00015919998986646533,0
933,0.0001571999746374786,0.0,0.00015799998072907329,0
934,0.0002494999789632857,0.0,0.0002510999911464751,0
935,0.00023819995112717152,0.0,0.0002391999587416649,0
936,0.000228599994443357,0.0,0.00022950000129640102,0
937,0.0001710999640636146,0.0,0.00017199997091665864,0
938,0.00016140000661835074,0.0,0.00016230001347139478,0
939,0.00017770001431927085,0.00030049995984882116,0.002571800025179982,1
940,0.0002713000285439193,0.0,0.0002728999825194478,0
941,0.00020190002396702766,0.0,0.00020290003158152103,0
942,0.0001897999900393188,0.0,0.0001908999984152615,0
943,0.00016250001499429345,0.0,0.00016340002184733748,0
944,0.0001610000035725534,0.0,0.0001618000096641481,0
945,0.0001922000083141029,0.0,0.00019329995848238468,0
946,0.00020680000307038426,0.0,0.00020780001068487763,0
947,0.00016420002793893218,0.0,0.00016499997582286596,0
948,0.0002106999745592475,0.0,0.00021169998217374086,0
949,0.00016060000052675605,0.0,0.0001615999499335885,0
950,0.00016029999824240804,0.0,0.00016110000433400273,0
951,0.00017200002912431955,0.0,0.00017290003597736359,0
952,0.0002242999617010355,0.0,0.00022519996855407953,0
953,0.00015949999215081334,0.0,0.00016029999824240804,0
954,0.00017120002303272486,0.0,0.00017200002912431955,0
955,0.00015919998986646533,0.0,0.00015999999595806003,0
956,0.00016759999562054873,0.0,0.00016849994426593184,0
957,0.00016090000281110406,0.0,0.00016160000814124942,0
958,0.00016170000890269876,0.0,0.0001626000157557428,0
959,0.0001694000093266368,0.00034149998100474477,0.002702400030102581,1
960,0.00030470005003735423,0.0,0.00030610000248998404,0
961,0.0001653999788686633,0.0,0.00016649998724460602,0
962,0.00018710002768784761,0.0,0.00018800003454089165,0
963,0.00016170000890269876,0.0,0.00016250001499429345,0
964,0.00015999999595806003,0.0,0.00016090000281110406,0
965,0.00017319998005405068,0.0,0.00017409998690709472,0
966,0.00016230001347139478,0.0,0.0001632000203244388,0
967,0.00015899998834356666,0.0,0.00015979999443516135,0
968,0.00017469999147579074,0.0,0.00017559999832883477,0
969,0.000159399991389364,0.0,0.00016039999900385737,0
970,0.00015769997844472528,0.0,0.00015849998453631997,0
971,0.00017449998995289207,0.0,0.0001753999968059361,0
972,0.0001598999951966107,0.0,0.00016080000204965472,0
973,0.00015879998682066798,0.0,0.00015969999367371202,0
974,0.0001710999640636146,0.0,0.00017199997091665864,0
975,0.00015869998605921865,0.0,0.00015959999291226268,0
976,0.00016739999409765005,0.0,0.00016830000095069408,0
977,0.00016729999333620071,0.0,0.00016820000018924475,0
978,0.00015899998834356666,0.0,0.00015999999595806003,0
979,0.00017139996634796262,0.00033870001789182425,0.002888799994252622,1
980,0.0004618000239133835,0.0,0.0004631999763660133,0
981,0.0002190999803133309,0.0,0.00022009998792782426,0
982,0.0002437999937683344,0.0,0.00024480000138282776,0
983,0.00016620004316791892,0.0,0.0001672000507824123,0
984,0.00016070000128820539,0.0,0.00016150000737980008,0
985,0.0001727000344544649,0.0,0.0001737999846227467,0
986,0.0001585999852977693,0.0,0.00015949999215081334,0
987,0.00015870004426687956,0.0,0.0001596000511199236,0
988,0.0001810999820008874,0.0,0.00018199998885393143,0
989,0.00016080000204965472,0.0,0.00016170000890269876,0
990,0.00015889998758211732,0.0,0.00015969999367371202,0
991,0.00017030001617968082,0.0,0.00017110002227127552,0
992,0.000159399991389364,0.0,0.0001601999974809587,0
993,0.0001571999746374786,0.0,0.00015799998072907329,0
994,0.00017749995458871126,0.0,0.0001783999614417553,0
995,0.00015649996930733323,0.0,0.00015729997539892793,0
996,0.00016710005002096295,0.0,0.00016799999866634607,0
997,0.0001604999997653067,0.0,0.0001613000058569014,0
998,0.00028690003091469407,0.0,0.0002881000400520861,0
999,0.0002161000156775117,0.00038410001434385777,0.002928100002463907,1
1000,0.00030800001695752144,0.0,0.0003093000268563628,0
1001,0.00016620004316791892,0.0,0.00016709999181330204,0
1002,0.0001905999961309135,0.0,0.00019160000374540687,0
1003,0.0001708000199869275,0.0,0.00017180002760142088,0
1004,0.00016200001118704677,0.0,0.0001629000180400908,0
1005,0.00018070003716275096,0.0,0.00018179998733103275,0
1006,0.00016190001042559743,0.0,0.0001626999583095312,0
1007,0.0001601999974809587,0.0,0.0001610000035725534,0
1008,0.0001721000298857689,0.0,0.00017290003597736359,0
1009,0.00019039999460801482,0.0,0.0001914000022225082,0
1010,0.00015849998453631997,0.0,0.000159399991389364,0
1011,0.00019689998589456081,0.0,0.00019779999274760485,0
1012,0.00017369998386129737,0.0,0.00017449998995289207,0
1013,0.00023300002794712782,0.0,0.00023380003403872252,0
1014,0.00024969998048618436,0.0,0.0002505999873392284,0
1015,0.00015959999291226268,0.0,0.00016039999900385737,0
1016,0.00017230003140866756,0.0,0.00017330003902316093,0
1017,0.00016280001727864146,0.0,0.0001637000241316855,0
1018,0.0001598999951966107,0.0,0.00016070000128820539,0
1019,0.00017200002912431955,0.00035559997195377946,0.0026526000001467764,1
1020,0.0002941000275313854,0.0,0.0002953999792225659,0
1021,0.00016579998191446066,0.0,0.00016689999029040337,0
1022,0.00018800003454089165,0.0,0.00018910004291683435,0
1023,0.00016679998952895403,0.0,0.00016769999638199806,0
1024,0.0001832999987527728,0.0,0.00018420000560581684,0
1025,0.0001737999846227467,0.0,0.00017479999223724008,0
1026,0.0001604999997653067,0.0,0.0001613000058569014,0
1027,0.00015929999062791467,0.0,0.00016009999671950936,0
1028,0.00017120002303272486,0.0,0.0001721000298857689,0
1029,0.00016300001880154014,0.0,0.00016390002565458417,0
1030,0.00015979999443516135,0.0,0.00016080000204965472,0
1031,0.00017100002150982618,0.0,0.00017200002912431955,0
1032,0.0001588000450283289,0.0,0.00015959999291226268,0
1033,0.00015879998682066798,0.0,0.00015959999291226268,0
1034,0.00017120002303272486,0.0,0.0001721000298857689,0
1035,0.00021020002895966172,0.0,0.00021160003961995244,0
1036,0.00029520003590732813,0.0,0.0002964999875985086,0
1037,0.00016840000171214342,0.0,0.00016929995035752654,0
1038,0.0001610000035725534,0.0,0.0001618000096641481,0
1039,0.0001727000344544649,0.00034659996163100004,0.003031600033864379,1
1040,0.0003076000139117241,0.0,0.00030910002533346415,0
1041,0.00016840000171214342,0.0,0.00016950001008808613,0
1042,0.0003046999918296933,0.0,0.0003056999994441867,0
1043,0.00020999996922910213,0.0,0.0002109999768435955,0
1044,0.00016220001270994544,0.0,0.00016310001956298947,0
1045,0.0002392000169493258,0.0,0.00024019996635615826,0
1046,0.0001753999968059361,0.0,0.00017630000365898013,0
1047,0.00035829999251291156,0.0,0.00035930000012740493,0
1048,0.00018770003225654364,0.0,0.000188700039871037,0
1049,0.00016559998039156199,0.0,0.00016659998800605536,0
1050,0.0001674999948590994,0.0,0.00016840000171214342,0
1051,0.00017409998690709472,0.0,0.0001750999945215881,0
1052,0.00016009999671950936,0.0,0.00016090000281110406,0
1053,0.00015879998682066798,0.0,0.00015969999367371202,0
1054,0.00017039995873346925,0.0,0.00017119996482506394,0
1055,0.0001585999852977693,0.0,0.00015959999291226268,0
1056,0.00016639998648315668,0.0,0.00016739999409765005,0
1057,0.00016230001347139478,0.0,0.00016310001956298947,0
1058,0.00015790003817528486,0.0,0.0001588000450283289,0
1059,0.00017060001846402884,0.00035499996738508344,0.0027230000123381615,1
1060,0.00033179996535182,0.0,0.0003330999752506614,0
1061,0.00017770001431927085,0.0,0.00019670004257932305,0
1062,0.00019890000112354755,0.0,0.00020000000949949026,0
1063,0.0001618000096641481,0.0,0.00016270001651719213,0
1064,0.00015999999595806003,0.0,0.00016090000281110406,0
1065,0.00017529999604448676,0.0,0.0001762000028975308,0
1066,0.00015889998758211732,0.0,0.00015979999443516135,0
1067,0.00018510001245886087,0.0,0.0001860000193119049,0
1068,0.00018800003454089165,0.0,0.00018880004063248634,0
1069,0.00017339998157694936,0.0,0.0001742999884299934,0
1070,0.00022489996626973152,0.0,0.00022579997312277555,0
1071,0.0002060999977402389,0.0,0.00020710000535473228,0
1072,0.00022330001229420304,0.0,0.0002243000199086964,0
1073,0.00017409998690709472,0.0,0.00017499999376013875,0
1074,0.00021519995061680675,0.0,0.00021599995670840144,0
1075,0.0001577999792061746,0.0,0.00015869998605921865,0
1076,0.00016729999333620071,0.0,0.00016820000018924475,0
1077,0.00016160000814124942,0.0,0.00016230001347139478,0
1078,0.00016039999900385737,0.0,0.0001613000058569014,0
1079,0.00017100002150982618,0.0002598999999463558,0.0034296000376343727,1
1080,0.0004132000030949712,0.0,0.0004146000137552619,0
1081,0.00017149996710941195,0.0,0.000172399973962456,0
1082,0.0001922999508678913,0.0,0.00019339995924383402,0
1083,0.0001962999813258648,0.0,0.00019729998894035816,0
1084,0.0001621000119484961,0.0,0.0001629000180400908,0
1085,0.00020790001144632697,0.0,0.0002212999970652163,0
1086,0.00020219996804371476,0.0,0.00020299997413530946,0
1087,0.00019160000374540687,0.0,0.00019239995162934065,0
1088,0.00020439998479560018,0.0,0.00020539999241009355,0
1089,0.00024330004816874862,0.0,0.00024419999681413174,0
1090,0.0002204999909736216,0.0,0.00022149999858811498,0
1091,0.00019940000493079424,0.0,0.00020030001178383827,0
1092,0.0001963000395335257,0.0,0.00019720004638656974,0
1093,0.000272100034635514,0.0,0.0002728999825194478,0
1094,0.00020539999241009355,0.0,0.00020640000002458692,0
1095,0.00025729998014867306,0.0,0.00025809998624026775,0
1096,0.00018389994511380792,0.0,0.00018479995196685195,0
1097,0.00020489998860284686,0.0,0.00020589999621734023,0
1098,0.00021399999968707561,0.0,0.00021490000654011965,0
1099,0.0002196999848820269,0.0002772999578155577,0.002666399988811463,1
1100,0.00029660004656761885,0.0,0.00029779999749735,0
1101,0.00019559997599571943,0.0,0.00019669998437166214,0
1102,0.00018960004672408104,0.0,0.00019069999689236283,0
1103,0.00016039999900385737,0.0,0.00016140000661835074,0
1104,0.00015949999215081334,0.0,0.0001604999997653067,0
1105,0.00017190002836287022,0.0,0.00017279997700825334,0
1106,0.0001583000412210822,0.0,0.00015919998986646533,0
1107,0.0001618000096641481,0.0,0.00016270001651719213,0
1108,0.00017100002150982618,0.0,0.00017190002836287022,0
1109,0.0001571999746374786,0.0,0.00015809998149052262,0
1110,0.00015799998072907329,0.0,0.00015879998682066798,0
1111,0.00017220003064721823,0.0,0.00017310003750026226,0
1112,0.00015799998072907329,0.0,0.00015879998682066798,0
1113,0.00016070000128820539,0.0,0.00016170000890269876,0
1114,0.00017060001846402884,0.0,0.00017150002531707287,0
1115,0.00015799998072907329,0.0,0.00015889998758211732,0
1116,0.0001666999887675047,0.0,0.00016759999562054873,0
1117,0.00015999999595806003,0.0,0.00016090000281110406,0
1118,0.00015670002903789282,0.0,0.00015750003512948751,0
1119,0.00019270001212134957,0.0002510999911464751,0.002399599994532764,1
1120,0.00035579997347667813,0.0,0.00035719998413696885,0
1121,0.00016470003174617887,0.0,0.00016580004012212157,0
1122,0.00021670002024620771,0.0,0.00021760002709925175,0
1123,0.0001598999951966107,0.0,0.00016080000204965472,0
1124,0.00015740003436803818,0.0,0.0001583000412210822,0
1125,0.00017070001922547817,0.0,0.0001716000260785222,0
1126,0.00015799998072907329,0.0,0.00015889998758211732,0
1127,0.00015679997159168124,0.0,0.00015759997768327594,0
1128,0.0003155999584123492,0.0,0.00031679996754974127,0
1129,0.000327400048263371,0.0,0.00032839999767020345,0
1130,0.00027189997490495443,0.0,0.00027299998328089714,0
1131,0.0003066000062972307,0.0,0.00030800001695752144,0
1132,0.0002313000150024891,0.0,0.00023239996517077088,0
1133,0.00027469999622553587,0.0,0.00027570000384002924,0
1134,0.00019370001973584294,0.0,0.00019460002658888698,0
1135,0.0001922000083141029,0.0,0.0001933000166900456,0
1136,0.0001705000177025795,0.0,0.00017140002455562353,0
1137,0.00016240001423284411,0.0,0.0001632000203244388,0
1138,0.00016090000281110406,0.0,0.0001618000096641481,0
1139,0.00017139996634796262,0.0003014000249095261,0.0026117999805137515,1
1140,0.00041969999438151717,0.0,0.0004214000073261559,0
1141,0.0002769000129774213,0.0,0.00027810002211481333,0
1142,0.00027650000993162394,0.0,0.000277700019069016,0
1143,0.00019599997904151678,0.0,0.0001970999874174595,0
1144,0.00017690000822767615,0.0,0.00017790001584216952,0
1145,0.0001781000173650682,0.0,0.00017900002421811223,0
1146,0.00016029999824240804,0.0,0.0001613000058569014,0
1147,0.00016289995983242989,0.0,0.00016379996668547392,0
1148,0.00017199997091665864,0.0,0.00017289997776970267,0
1149,0.00015790003817528486,0.0,0.0001588000450283289,0
1150,0.0001564000267535448,0.0,0.00015729997539892793,0
1151,0.00017259997548535466,0.0,0.0001734999823383987,0
1152,0.00015799998072907329,0.0,0.00015899998834356666,0
1153,0.0001621000119484961,0.0,0.00016300001880154014,0
1154,0.0001702000154182315,0.0,0.00017110002227127552,0
1155,0.00015900004655122757,0.0,0.0001598999951966107,0
1156,0.00016679998952895403,0.0,0.0001677999971434474,0
1157,0.00016150000737980008,0.0,0.00016240001423284411,0
1158,0.00015889998758211732,0.0,0.0001598999951966107,0
1159,0.0001715999678708613,0.0002938000252470374,0.00275419995887205,1
1160,0.00035089999437332153,0.0,0.0003524000057950616,0
1161,0.00016639998648315668,0.0,0.00016739999409765005,0
1162,0.00018959998851642013,0.0,0.0001905999961309135,0
1163,0.00016120000509545207,0.0,0.0001621000119484961,0
1164,0.00015929999062791467,0.0,0.0001601999974809587,0
1165,0.0002041999832727015,0.0,0.0002052999916486442,0
1166,0.00015919998986646533,0.0,0.00015999999595806003,0
1167,0.00015899998834356666,0.0,0.00015999999595806003,0
1168,0.00017190002836287022,0.0,0.0001727000344544649,0
1169,0.000159099989105016,0.0,0.00015999999595806003,0
1170,0.00015819998225197196,0.0,0.00015899998834356666,0
1171,0.0001724000321701169,0.0,0.00017330003902316093,0
1172,0.00015620002523064613,0.0,0.00015710003208369017,0
1173,0.0001571999746374786,0.0,0.00015809998149052262,0
1174,0.00017039995873346925,0.0,0.00017129996558651328,0
1175,0.00015889998758211732,0.0,0.00015969999367371202,0
1176,0.00016719999257475138,0.0,0.00016820000018924475,0
1177,0.0001653999788686633,0.0,0.00016629998572170734,0
1178,0.00015850004274398088,0.0,0.000159399991389364,0
1179,0.00017010001465678215,0.0002867999719455838,0.0026704000192694366,1
1180,0.0003540999605320394,0.0,0.0003554999711923301,0
1181,0.00016550003783777356,0.0,0.00016660004621371627,0
1182,0.00018769997404888272,0.0,0.00018859998090192676,0
1183,0.000222400005441159,0.0,0.0002231999533250928,0
1184,0.0001613000058569014,0.0,0.00016230001347139478,0
1185,0.00017110002227127552,0.0,0.00017200002912431955,0
1186,0.00015839998377487063,0.0,0.00015929999062791467,0
1187,0.00015789997996762395,0.0,0.00015869998605921865,0
1188,0.00017110002227127552,0.0,0.00017190002836287022,0
1189,0.00015810003969818354,0.0,0.00015889998758211732,0
1190,0.00016110000433400273,0.0,0.00016200001118704677,0
1191,0.0001990000018849969,0.0,0.0002001000102609396,0
1192,0.00024140003370121121,0.0,0.00024230004055425525,0
1193,0.00021600001491606236,0.0,0.0002169000217691064,0
1194,0.00022660003742203116,0.0,0.00022749998606741428,0
1195,0.0001727000344544649,0.0,0.00017360004130750895,0
1196,0.00018759997328743339,0.0,0.00018859998090192676,0
1197,0.00016300001880154014,0.0,0.00016380002489313483,0
1198,0.00015650002751499414,0.0,0.00015740003436803818,0
1199,0.00016960001084953547,0.00027600000612437725,0.003212600015103817,1
1200,0.00045190000673756003,0.0,0.0004533999599516392,0
1201,0.00022159999934956431,0.0,0.00022259994875639677,0
1202,0.00024269998539239168,0.0,0.00024369999300688505,0
1203,0.0002305000089108944,0.0,0.00023150001652538776,0
1204,0.00021510000806301832,0.0,0.00021600001491606236,0
1205,0.00022139999782666564,0.0,0.00022229994647204876,0
1206,0.00016439997125416994,0.0,0.00016529997810721397,0
1207,0.00016120000509545207,0.0,0.00016220001270994544,0
1208,0.00021249998826533556,0.0,0.00021349999587982893,0
1209,0.00016250001499429345,0.0,0.00016340002184733748,0
1210,0.00016070000128820539,0.0,0.00016160000814124942,0
1211,0.00017330003902316093,0.0,0.00017420004587620497,0
1212,0.000159399991389364,0.0,0.00016029999824240804,0
1213,0.00015959999291226268,0.0,0.00016060000052675605,0
1214,0.00021109997760504484,0.0,0.00021219998598098755,0
1215,0.00016029999824240804,0.0,0.00016120000509545207,0
1216,0.0001697000116109848,0.0,0.0001708000199869275,0
1217,0.00019589997828006744,0.0,0.00019679998513311148,0
1218,0.00021279999054968357,0.0,0.0002142000012099743,0
1219,0.00039080000715330243,0.00034639996010810137,0.0038716000271961093,1
1220,0.00030970002990216017,0.0,0.00031109998235478997,0
1221,0.00021319999359548092,0.0,0.00021430000197142363,0
1222,0.00020700000459328294,0.0,0.0002080000122077763,0
1223,0.00024939997820183635,0.0,0.0002503999858163297,0
1224,0.00022149999858811498,0.0,0.00022249994799494743,0
1225,0.00026050000451505184,0.0,0.00026160001289099455,0
1226,0.00017319998005405068,0.0,0.00017409998690709472,0
1227,0.00016820000018924475,0.0,0.00016910000704228878,0
1228,0.00027789996238425374,0.0,0.0002787999692372978,0
1229,0.0001748999929986894,0.0,0.00017590000061318278,0
1230,0.00016569998115301132,0.0,0.00016649998724460602,0
1231,0.00025379995349794626,0.0,0.00025479996111243963,0
1232,0.00018929998623207211,0.0,0.00019019999308511615,0
1233,0.00020399998174980283,0.0,0.0002049999893642962,0
1234,0.0002924999571405351,0.0,0.0002934999647550285,0
1235,0.00016460003098472953,0.0,0.00016540003707632422,0
1236,0.00017409998690709472,0.0,0.00017499999376013875,0
1237,0.00025260000256821513,0.0,0.0002535999519750476,0
1238,0.000166199984960258,0.0,0.00016709999181330204,0
1239,0.00024070002837106586,0.0003203999949619174,0.0038636000244878232,1
1240,0.0004292999510653317,0.0,0.0004308999632485211,0
1241,0.0004591000033542514,0.0,0.0004786000354215503,0
1242,0.00047389999963343143,0.0,0.0004754000110551715,0
1243,0.0001750999945215881,0.0,0.00017600000137463212,0
1244,0.0001647999742999673,0.0,0.00016579998191446066,0
1245,0.0001973999897018075,0.0,0.00019839999731630087,0
1246,0.0001848999527283013,0.0,0.00018589996034279466,0
1247,0.00016220001270994544,0.0,0.00016309996135532856,0
1248,0.00020780001068487763,0.0,0.00020860001677647233,0
1249,0.0001626000157557428,0.0,0.00016350002260878682,0
1250,0.0001610000035725534,0.0,0.00016200001118704677,0
1251,0.00021239998750388622,0.0,0.00021329999435693026,0
1252,0.00016099994536489248,0.0,0.00016179995145648718,0
1253,0.0001598999951966107,0.0,0.00016090000281110406,0
1254,0.00020549999317154288,0.0,0.00020650000078603625,0
1255,0.00016179995145648718,0.0,0.0001626999583095312,0
1256,0.00018689996795728803,0.0,0.00018779997481033206,0
1257,0.00018229999113827944,0.0,0.00018319999799132347,0
1258,0.000159099989105016,0.0,0.0001598999951966107,0
1259,0.00018939998699352145,0.000415199960116297,0.0030177999869920313,1
1260,0.0003391000209376216,0.0,0.00034039997262880206,0
1261,0.00016430002870038152,0.0,0.00016520003555342555,0
1262,0.00019480002811178565,0.0,0.0001957999775186181,0
1263,0.00016220001270994544,0.0,0.00016309996135532856,0
1264,0.00015839998377487063,0.0,0.00015929999062791467,0
1265,0.00017410004511475563,0.0,0.00017500005196779966,0
1266,0.00015929999062791467,0.0,0.0001601999974809587,0
1267,0.00015780003741383553,0.0,0.0001588000450283289,0
1268,0.00021000002743676305,0.0,0.00021109997760504484,0
1269,0.00019150000298395753,0.0,0.00019240000983700156,0
1270,0.00015740003436803818,0.0,0.00015839998377487063,0
1271,0.0003032999811694026,0.0,0.00030419998802244663,0
1272,0.00015899998834356666,0.0,0.00015999999595806003,0
1273,0.0002332000294700265,0.0,0.00023399997735396028,0
1274,0.00017199997091665864,0.0,0.000172999978531152,0
1275,0.0001585999852977693,0.0,0.000159399991389364,0
1276,0.00016709999181330204,0.0,0.00016799999866634607,0
1277,0.00016179995145648718,0.0,0.0001626999583095312,0
1278,0.00015889998758211732,0.0,0.00015969999367371202,0
1279,0.0001713000237941742,0.00040579994674772024,0.0027547000208869576,1
1280,0.00031940004555508494,0.0,0.0003205999964848161,0
1281,0.00016489997506141663,0.0,0.00016589998267591,0
1282,0.00018660002388060093,0.0,0.0001876000314950943,0
1283,0.00022580003133043647,0.0,0.00022690003970637918,0
1284,0.00022769998759031296,0.0,0.00022869999520480633,0
1285,0.00021009996999055147,0.0,0.00021109997760504484,0
1286,0.00024419999681413174,0.0,0.0002457000082358718,0
1287,0.0002576999831944704,0.0,0.00026030000299215317,0
1288,0.0002364999963901937,0.0,0.00023750000400468707,0
1289,0.0002462000120431185,0.0,0.0002471000188961625,0
1290,0.00016119994688779116,0.0,0.00016199995297938585,0
1291,0.0001996000064536929,0.0,0.00020049995509907603,0
1292,0.00020870001753792167,0.0,0.00020949996542185545,0
1293,0.0002039000391960144,0.0,0.00020490004681050777,0
1294,0.00021869997726753354,0.0,0.0002196999848820269,0
1295,0.00019160000374540687,0.0,0.0001925000105984509,0
1296,0.0001677999971434474,0.0,0.00016870000399649143,0
1297,0.00016190001042559743,0.0,0.00016280001727864146,0
1298,0.00015839998377487063,0.0,0.00015929999062791467,0
1299,0.0002012000186368823,0.000394799979403615,0.0032281000167131424,1
1300,0.0003415000392124057,0.0,0.0003429000498726964,0
1301,0.00016629998572170734,0.0,0.00016729999333620071,0
1302,0.00018880004063248634,0.0,0.0001897999900393188,0
1303,0.00016579998191446066,0.0,0.00016679998952895403,0
1304,0.00015950005035847425,0.0,0.0001604999997653067,0
1305,0.00017249997472390532,0.0,0.00017339998157694936,0
1306,0.00015889998758211732,0.0,0.00015979999443516135,0
1307,0.0001572000328451395,0.0,0.00015799998072907329,0
1308,0.0001700000138953328,0.0,0.00017089996254071593,0
1309,0.00023790000705048442,0.0,0.00023910001618787646,0
1310,0.00017149996710941195,0.0,0.00017229997320100665,0
1311,0.00017660000594332814,0.0,0.00017740001203492284,0
1312,0.0001601999974809587,0.0,0.00016110000433400273,0
1313,0.00015900004655122757,0.0,0.00015979999443516135,0
1314,0.00017119996482506394,0.0,0.00017209997167810798,0
1315,0.0001634999644011259,0.0,0.0001642999704927206,0
1316,0.00016870000399649143,0.0,0.00016960001084953547,0
1317,0.00016230001347139478,0.0,0.0001632000203244388,0
1318,0.0001574999769218266,0.0,0.00015839998377487063,0
1319,0.00016959995264187455,0.0003019000287167728,0.00254089996451512,1
1320,0.0002962999860756099,0.0,0.00029749999521300197,0
1321,0.0001667000469751656,0.0,0.00016759999562054873,0
1322,0.0001867999671958387,0.0,0.00018779997481033206,0
1323,0.0001666999887675047,0.0,0.00016759999562054873,0
1324,0.0001613000058569014,0.0,0.0001621000119484961,0
1325,0.0001740000443533063,0.0,0.0001748999929986894,0
1326,0.0001598999951966107,0.0,0.00016090000281110406,0
1327,0.00020820001373067498,0.0,0.00020920002134516835,0
1328,0.00021159998141229153,0.0,0.0002125999890267849,0
1329,0.00015850004274398088,0.0,0.000159399991389364,0
1330,0.00023830001009628177,0.0,0.0002392000169493258,0
1331,0.00032839999767020345,0.0,0.0003293000045232475,0
1332,0.0001702000154182315,0.0,0.00017100002150982618,0
1333,0.00020190002396702766,0.0,0.0002028000308200717,0
1334,0.00017120002303272486,0.0,0.00017220003064721823,0
1335,0.000159099989105016,0.0,0.00015999999595806003,0
1336,0.0001677999971434474,0.0,0.00016870000399649143,0
1337,0.00016160000814124942,0.0,0.00016250001499429345,0
1338,0.0001577000366523862,0.0,0.00015849998453631997,0
1339,0.00017409998690709472,0.0004715999821200967,0.0036957000265829265,1
1340,0.00036200002068653703,0.0,0.00036340003134682775,0
1341,0.00019920000340789557,0.0,0.00020030001178383827,0
1342,0.00018749997252598405,0.0,0.0001886999816633761,0
1343,0.00016199995297938585,0.0,0.00016289995983242989,0
1344,0.00015789997996762395,0.0,0.00015879998682066798,0
1345,0.0001716000260785222,0.0,0.0001727000344544649,0
1346,0.00016799999866634607,0.0,0.00016900000628083944,0
1347,0.0001583000412210822,0.0,0.00015930004883557558,0
1348,0.00017120002303272486,0.0,0.00017219997243955731,0
1349,0.00015799998072907329,0.0,0.00015899998834356666,0
1350,0.00015689997235313058,0.0,0.00015789997996762395,0
1351,0.00017710000975057483,0.0,0.0001781000173650682,0
1352,0.00015999999595806003,0.0,0.00016090000281110406,0
1353,0.00017169996863231063,0.0,0.00017259997548535466,0
1354,0.00015919998986646533,0.0,0.00016009999671950936,0
1355,0.00015710003208369017,0.0,0.00015789997996762395,0
1356,0.0001697000116109848,0.0,0.00017070001922547817,0
1357,0.0002541000139899552,0.0,0.0002552999649196863,0
1358,0.00021759996889159083,0.0,0.0002185999765060842,0
1359,0.00019160000374540687,0.00037560000782832503,0.003091400023549795,1
1360,0.00039140001172199845,0.0,0.00039279996417462826,0
1361,0.00025159999495372176,0.0,0.00025260000256821513,0
1362,0.00019609997980296612,0.0,0.0001970999874174595,0
1363,0.00016279995907098055,0.0,0.00016359996516257524,0
1364,0.0001612999476492405,0.0,0.0001620999537408352,0
1365,0.00017389998538419604,0.0,0.0001748999929986894,0
1366,0.00015949999215081334,0.0,0.00016039999900385737,0
1367,0.00016299996059387922,0.0,0.00016379996668547392,0
1368,0.00016979995416477323,0.0,0.0001707999617792666,0
1369,0.00015769997844472528,0.0,0.0001585999852977693,0
1370,0.00015759997768327594,0.0,0.00015849998453631997,0
1371,0.0001702000154182315,0.0,0.00017110002227127552,0
1372,0.00015840004198253155,0.0,0.00015919998986646533,0
1373,0.0001626000157557428,0.0,0.0001634999644011259,0
1374,0.0001700000138953328,0.0,0.00017100002150982618,0
1375,0.00015889998758211732,0.0,0.00015979999443516135,0
1376,0.00016689999029040337,0.0,0.00016789999790489674,0
1377,0.00015949999215081334,0.0,0.00016039999900385737,0
1378,0.00015740003436803818,0.0,0.00015820004045963287,0
1379,0.00019240000983700156,0.0003350999904796481,0.002739700023084879,1
1380,0.0004276999970898032,0.0,0.00042910000775009394,0
1381,0.00024339999072253704,0.0,0.00024449999909847975,0
1382,0.0003525000065565109,0.0,0.00035390001721680164,0
1383,0.00024079997092485428,0.0,0.00024179997853934765,0
1384,0.000261999957729131,0.0,0.0002630999661050737,0
1385,0.000328000052832067,0.0,0.00032920000376179814,0
1386,0.0002660999889485538,0.0,0.00026699999580159783,0
1387,0.00018450000789016485,0.0,0.00018530001398175955,0
1388,0.00022600003285333514,0.0,0.00022680003894492984,0
1389,0.0002245000214315951,0.0,0.00022550002904608846,0
1390,0.0001585999852977693,0.0,0.000159399991389364,0
1391,0.00018820003606379032,0.0,0.0001892000436782837,0
1392,0.00019759999122470617,0.0,0.0001984999980777502,0
1393,0.00017170002683997154,0.0,0.00017250003293156624,0
1394,0.00033299997448921204,0.0,0.00033409998286515474,0
1395,0.0002919000107795,0.0,0.0002930000191554427,0
1396,0.00020410004071891308,0.0,0.00020510004833340645,0
1397,0.00016549997963011265,0.0,0.00016629998572170734,0
1398,0.0001615999499335885,0.0,0.00016259995754808187,0
1399,0.00017339998157694936,0.00039220001781359315,0.0029338999884203076,1
1400,0.0002896999940276146,0.0,0.000291000003926456,0
1401,0.0001770000089891255,0.0,0.00017800001660361886,0
1402,0.00019310001516714692,0.0,0.0001941000227816403,0
1403,0.00016170000890269876,0.0,0.0001626000157557428,0
1404,0.00015840004198253155,0.0,0.00015930004883557558,0
1405,0.00017229997320100665,0.0,0.00017319998005405068,0
1406,0.00015889998758211732,0.0,0.00015969999367371202,0
1407,0.0001572000328451395,0.0,0.00015820004045963287,0
1408,0.0001762000028975308,0.0,0.00017710000975057483,0
1409,0.00015850004274398088,0.0,0.000159399991389364,0
1410,0.00015849998453631997,0.0,0.000159399991389364,0
1411,0.0001708000199869275,0.0,0.00017170002683997154,0
1412,0.00015790003817528486,0.0,0.00015879998682066798,0
1413,0.00015789997996762395,0.0,0.00015879998682066798,0
1414,0.00017339998157694936,0.0,0.00017439998919144273,0
1415,0.00015780003741383553,0.0,0.00015869998605921865,0
1416,0.00016639998648315668,0.0,0.00016729999333620071,0
1417,0.00022250000620260835,0.0,0.00022350001381710172,0
1418,0.0001582999830134213,0.0,0.000159099989105016,0
1419,0.00019749999046325684,0.00043180002830922604,0.002891200012527406,1
1420,0.00029099994571879506,0.0,0.0002921999548561871,0
1421,0.00017739995382726192,0.0,0.0001783999614417553,0
1422,0.0001889999839477241,0.0,0.0001900999923236668,0
1423,0.00017100002150982618,0.0,0.00017200002912431955,0
1424,0.00015919998986646533,0.0,0.00015999999595806003,0
1425,0.0001783999614417553,0.0,0.00017929996829479933,0
1426,0.0001588000450283289,0.0,0.0001596000511199236,0
1427,0.00015670002903789282,0.0,0.0001574999769218266,0
1428,0.0001700000138953328,0.0,0.00017090002074837685,0
1429,0.0001585999852977693,0.0,0.000159399991389364,0
1430,0.00015649996930733323,0.0,0.00015729997539892793,0
1431,0.00017290003597736359,0.0,0.00017380004283040762,0
1432,0.00015750003512948751,0.0,0.00015839998377487063,0
1433,0.00015579996397718787,0.0,0.0001566999708302319,0
1434,0.00016960001084953547,0.0,0.0001705000177025795,0
1435,0.00026210001669824123,0.0,0.00026319996686652303,0
1436,0.00020129996119067073,0.0,0.00020219996804371476,0
1437,0.00018120004096999764,0.0,0.00018199998885393143,0
1438,0.00016709999181330204,0.0,0.0001680999994277954,0
1439,0.00020670000230893493,0.0005315000307746232,0.0033790000015869737,1
1440,0.0005720999906770885,0.0,0.0005737000028602779,0
1441,0.00018639996415004134,0.0,0.0001873999717645347,0
1442,0.00019120000069960952,0.0,0.00019240000983700156,0
1443,0.00016110000433400273,0.0,0.00016200001118704677,0
1444,0.00016490003326907754,0.0,0.00016589998267591,0
1445,0.00017449998995289207,0.0,0.0001753999968059361,0
1446,0.0001591000473126769,0.0,0.00015999999595806003,0
1447,0.00017780001508072019,0.0,0.00017879996448755264,0
1448,0.0002940999693237245,0.0,0.00029559998074546456,0
1449,0.000355200027115643,0.0,0.0003565000370144844,0
1450,0.00031749997287988663,0.0,0.00031839997973293066,0
1451,0.0002884000423364341,0.0,0.00028950005071237683,0
1452,0.00018309999722987413,0.0,0.00018420000560581684,0
1453,0.0001928000128827989,0.0,0.00019380002049729228,0
1454,0.00020680000307038426,0.0,0.0002077000099234283,0
1455,0.0001598999951966107,0.0,0.00016080000204965472,0
1456,0.00017040001694113016,0.0,0.0001713000237941742,0
1457,0.00016719999257475138,0.0,0.0001680999994277954,0
1458,0.00016030005645006895,0.0,0.00016110000433400273,0
1459,0.00017149996710941195,0.00036260002525523305,0.0029340999899432063,1
1460,0.00034849997609853745,0.0,0.0003497999859973788,0
1461,0.00016659998800605536,0.0,0.00016769999638199806,0
1462,0.00018929998623207211,0.0,0.00019039999460801482,0
1463,0.00016789999790489674,0.0,0.00016880000475794077,0
1464,0.00016090000281110406,0.0,0.00016190001042559743,0
1465,0.00017359998309984803,0.0,0.0001745999907143414,0
1466,0.0001598999951966107,0.0,0.00016070000128820539,0
1467,0.00016009999671950936,0.0,0.00016110000433400273,0
1468,0.00017060001846402884,0.0,0.00017170002683997154,0
1469,0.0001632000203244388,0.0,0.00016409996896982193,0
1470,0.000159099989105016,0.0,0.0001598999951966107,0
1471,0.00023310002870857716,0.0,0.0002340000355616212,0
1472,0.00015929999062791467,0.0,0.00016009999671950936,0
1473,0.00015869998605921865,0.0,0.00015949999215081334,0
1474,0.0002442999975755811,0.0,0.00024530000519007444,0
1475,0.00015899998834356666,0.0,0.0001598999951966107,0
1476,0.0002049999893642962,0.0,0.00020589999621734023,0
1477,0.00017710000975057483,0.0,0.0001781000173650682,0
1478,0.00015879998682066798,0.0,0.00015969999367371202,0
1479,0.0001710999640636146,0.0003513999981805682,0.003438599989749491,1
1480,0.0005554999806918204,0.0,0.0005568999913521111,0
1481,0.00021979998564347625,0.0,0.00022079999325796962,0
1482,0.00018799997633323073,0.0,0.0001889999839477241,0
1483,0.00016230001347139478,0.0,0.00016340002184733748,0
1484,0.00016009999671950936,0.0,0.0001610000035725534,0
1485,0.0001715999678708613,0.0,0.000172399973962456,0
1486,0.00015819998225197196,0.0,0.00015899998834356666,0
1487,0.0002466000150889158,0.0,0.0002476000227034092,0
1488,0.00024119997397065163,0.0,0.00024229998234659433,0
1489,0.00015849998453631997,0.0,0.00015929999062791467,0
1490,0.00015810003969818354,0.0,0.00015890004578977823,0
1491,0.00017030001617968082,0.0,0.00017110002227127552,0
1492,0.0001621000119484961,0.0,0.00016310001956298947,0
1493,0.00015809998149052262,0.0,0.00015899998834356666,0
1494,0.00017129996558651328,0.0,0.00017219997243955731,0
1495,0.00015659997006878257,0.0,0.0001574999769218266,0
1496,0.000166199984960258,0.0,0.00016709999181330204,0
1497,0.00016009999671950936,0.0,0.00016090000281110406,0
1498,0.00016090000281110406,0.0,0.00016190001042559743,0
1499,0.00016910000704228878,0.00034089997643604875,0.003251899965107441,1
1500,0.0003162999637424946,0.0,0.0003176999744027853,0
1501,0.00016679998952895403,0.0,0.0001677999971434474,0
1502,0.00025460001779720187,0.0,0.00025560002541169524,0
1503,0.0001604999997653067,0.0,0.00016140000661835074,0
1504,0.00015979999443516135,0.0,0.00016080000204965472,0
1505,0.00017309997929260135,0.0,0.00017389998538419604,0
1506,0.00015929999062791467,0.0,0.0001601999974809587,0
1507,0.00015919998986646533,0.0,0.00015999999595806003,0
1508,0.00017549999756738544,0.0,0.00017640000442042947,0
1509,0.00015869998605921865,0.0,0.00015959999291226268,0
1510,0.00015670002903789282,0.0,0.00015750003512948751,0
1511,0.00016950001008808613,0.0,0.00017040001694113016,0
1512,0.00015849998453631997,0.0,0.00015929999062791467,0
1513,0.00015799998072907329,0.0,0.00015889998758211732,0
1514,0.00017330003902316093,0.0,0.0001743000466376543,0
1515,0.00016549997963011265,0.0,0.00016629998572170734,0
1516,0.0001680999994277954,0.0,0.00016899994807317853,0
1517,0.00016070000128820539,0.0,0.00016160000814124942,0
1518,0.00015730003360658884,0.0,0.00015809998149052262,0
1519,0.00016950001008808613,0.0003284999984316528,0.0028386000194586813,1
1520,0.00033359997905790806,0.0,0.00033489998895674944,0
1521,0.0001642999704927206,0.0,0.00016529997810721397,0
1522,0.00018849998014047742,0.0,0.00018939998699352145,0
1523,0.00016240001423284411,0.0,0.00016330002108588815,0
1524,0.00015970005188137293,0.0,0.0001604999997653067,0
1525,0.000172699976246804,0.0,0.00017359998309984803,0
1526,0.0002630999661050737,0.0,0.00026409997371956706,0
1527,0.00017499999376013875,0.0,0.00017590000061318278,0
1528,0.00021379999816417694,0.0,0.00021470000501722097,0
1529,0.0002750999992713332,0.0,0.00027629995020106435,0
1530,0.0001886999816633761,0.0,0.00018959998851642013,0
1531,0.000278900028206408,0.0,0.0002797000342980027,0
1532,0.0002101999707520008,0.0,0.00021109997760504484,0
1533,0.00015959999291226268,0.0,0.00016039999900385737,0
1534,0.0001873000292107463,0.0,0.0001881999778561294,0
1535,0.0001776000135578215,0.0,0.0001783999614417553,0
1536,0.00022759998682886362,0.0,0.00022849999368190765,0
1537,0.00016170000890269876,0.0,0.00016250001499429345,0
1538,0.00015849998453631997,0.0,0.000159399991389364,0
1539,0.0001697000116109848,0.00044809997780248523,0.0031481999903917313,1
1540,0.0003083999617956579,0.0,0.00030969997169449925,0
1541,0.00018159998580813408,0.0,0.00018259999342262745,0
1542,0.00019099999917671084,0.0,0.0001919999485835433,0
1543,0.00016060000052675605,0.0,0.00016160000814124942,0
1544,0.00015969999367371202,0.0,0.0001604999997653067,0
1545,0.00019559997599571943,0.0,0.0001965999836102128,0
1546,0.00016009999671950936,0.0,0.00016110000433400273,0
1547,0.00015839998377487063,0.0,0.00015919998986646533,0
1548,0.00017100002150982618,0.0,0.00017200002912431955,0
1549,0.00015789997996762395,0.0,0.00015869998605921865,0
1550,0.0001571999746374786,0.0,0.00015799998072907329,0
1551,0.000206699944101274,0.0,0.00020759995095431805,0
1552,0.00016039999900385737,0.0,0.00016139994841068983,0
1553,0.00015889998758211732,0.0,0.00015969999367371202,0
1554,0.0001721000298857689,0.0,0.00017310003750026226,0
1555,0.00015949999215081334,0.0,0.00016039999900385737,0
1556,0.00016799999866634607,0.0,0.0001689000055193901,0
1557,0.00016529997810721397,0.0,0.00016609998419880867,0
1558,0.00015789997996762395,0.0,0.00015879998682066798,0
1559,0.0001689000055193901,0.00036260002525523305,0.003182700020261109,1
1560,0.00033879996044561267,0.0,0.00034009997034445405,0
1561,0.0001648000325076282,0.0,0.00016580004012212157,0
1562,0.00019249995239078999,0.0,0.00019349996000528336,0
1563,0.00016199995297938585,0.0,0.00016289995983242989,0
1564,0.00016709999181330204,0.0,0.00016799999866634607,0
1565,0.00017610000213608146,0.0,0.00017710000975057483,0
1566,0.000159399991389364,0.0,0.00016029999824240804,0
1567,0.00016220001270994544,0.0,0.0001632000203244388,0
1568,0.00017010001465678215,0.0,0.00017100002150982618,0
1569,0.00015819998225197196,0.0,0.00015899998834356666,0
1570,0.0001577999792061746,0.0,0.0001585999852977693,0
1571,0.00016899994807317853,0.0,0.00016989995492622256,0
1572,0.0001604999997653067,0.0,0.00016140000661835074,0
1573,0.0001626000157557428,0.0,0.00016360002337023616,0
1574,0.00017090002074837685,0.0,0.00017190002836287022,0
1575,0.00015869998605921865,0.0,0.00015949999215081334,0
1576,0.0001669999910518527,0.0,0.00016789999790489674,0
1577,0.0001610000035725534,0.0,0.00016190001042559743,0
1578,0.0001577000366523862,0.0,0.00015860004350543022,0
1579,0.000172399973962456,0.00034550001146271825,0.003833900031168014,1
1580,0.0003502999898046255,0.0,0.0003515999997034669,0
1581,0.0002120999852195382,0.0,0.00021309999283403158,0
1582,0.00021250004647299647,0.0,0.00021359999664127827,0
1583,0.00024510000366717577,0.0,0.00024580000899732113,0
1584,0.00018710002768784761,0.0,0.00018809997709468007,0
1585,0.000256099971011281,0.0,0.0002570999786257744,0
1586,0.00016090000281110406,0.0,0.00016179995145648718,0
1587,0.00015889998758211732,0.0,0.00015979999443516135,0
1588,0.00017190002836287022,0.0,0.00017290003597736359,0
1589,0.000159099989105016,0.0,0.00015999999595806003,0
1590,0.00019729998894035816,0.0,0.0001981999957934022,0
1591,0.00017439998919144273,0.0,0.00017519999528303742,0
1592,0.00016080000204965472,0.0,0.00016160000814124942,0
1593,0.00015889998758211732,0.0,0.00015979999443516135,0
1594,0.00017149996710941195,0.0,0.00017249997472390532,0
1595,0.00022310001077130437,0.0,0.0002243000199086964,0
1596,0.00022149999858811498,0.0,0.00022260000696405768,0
1597,0.00018580001778900623,0.0,0.0001868000254034996,0
1598,0.00017850002041086555,0.0,0.00017950002802535892,0
1599,0.00019260001135990024,0.0003369000041857362,0.0030712999869138002,1
1600,0.0003513999981805682,0.0,0.00035280000884085894,0
1601,0.00016649998724460602,0.0,0.00016739999409765005,0
1602,0.0001908999984152615,0.0,0.00019200000679120421,0
1603,0.00016309996135532856,0.0,0.0001639999682083726,0
1604,0.00015979999443516135,0.0,0.00016080000204965472,0
1605,0.00017419998766854405,0.0,0.00017519999528303742,0
1606,0.00016120000509545207,0.0,0.0001621000119484961,0
1607,0.00015920004807412624,0.0,0.00016009999671950936,0
1608,0.00017179996939375997,0.0,0.000172699976246804,0
1609,0.00015799998072907329,0.0,0.00015879998682066798,0
1610,0.0001572000328451395,0.0,0.00015810003969818354,0
1611,0.00017339998157694936,0.0,0.0001742999884299934,0
1612,0.00015809998149052262,0.0,0.00015889998758211732,0
1613,0.00015780003741383553,0.0,0.0001588000450283289,0
1614,0.00017060001846402884,0.0,0.0001716000260785222,0
1615,0.00015879998682066798,0.0,0.00015969999367371202,0
1616,0.00016739999409765005,0.0,0.00016830000095069408,0
1617,0.00022839999292045832,0.0,0.00022929999977350235,0
1618,0.0001580000389367342,0.0,0.00015890004578977823,0
1619,0.0001976999919861555,0.00044790003448724747,0.0032892000162974,1
1620,0.0003184000379405916,0.0,0.0003197999903932214,0
1621,0.00031849998049438,0.0,0.00031969998963177204,0
1622,0.00021500000730156898,0.0,0.0002161000156775117,0
1623,0.00022109999554231763,0.0,0.000222100003156811,0
1624,0.0001765000051818788,0.0,0.0001773000112734735,0
1625,0.00021199998445808887,0.0,0.00021299999207258224,0
1626,0.00041589996544644237,0.0,0.00041719997534528375,0
1627,0.00022079999325796962,0.0,0.000221800000872463,0
1628,0.0002031000331044197,0.0,0.00020410004071891308,0
1629,0.00017140002455562353,0.0,0.00017230003140866756,0
1630,0.00018640002235770226,0.0,0.0001873000292107463,0
1631,0.0001727000344544649,0.0,0.00017360004130750895,0
1632,0.00015919998986646533,0.0,0.00015999999595806003,0
1633,0.00015750003512948751,0.0,0.00015840004198253155,0
1634,0.00018919998547062278,0.0,0.00018999999156221747,0
1635,0.00015959999291226268,0.0,0.00016029999824240804,0
1636,0.00016769999638199806,0.0,0.0001686000032350421,0
1637,0.00016140000661835074,0.0,0.00016220001270994544,0
1638,0.00015759997768327594,0.0,0.00015839998377487063,0
1639,0.00016930000856518745,0.00037620001239702106,0.0031252000480890274,1
1640,0.00036910001654177904,0.0,0.0003703000256791711,0
1641,0.0002033999771811068,0.0,0.00020439998479560018,0
1642,0.00019120000069960952,0.0,0.0001922000083141029,0
1643,0.00016189995221793652,0.0,0.00016289995983242989,0
1644,0.0001601999974809587,0.0,0.0001610000035725534,0
1645,0.00018289999570697546,0.0,0.0001838000025600195,0
1646,0.00016010005492717028,0.0,0.00016099994536489248,0
1647,0.00015899998834356666,0.0,0.0001598999951966107,0
1648,0.0001713000237941742,0.0,0.00017220003064721823,0
1649,0.00015900004655122757,0.0,0.00015979999443516135,0
1650,0.00016820000018924475,0.0,0.00016900000628083944,0
1651,0.0002060999977402389,0.0,0.00020710000535473228,0
1652,0.0001585999852977693,0.0,0.00015949999215081334,0
1653,0.00015740003436803818,0.0,0.00015819998225197196,0
1654,0.00017030001617968082,0.0,0.00017129996558651328,0
1655,0.00015799998072907329,0.0,0.00015879998682066798,0
1656,0.00017559999832883477,0.0,0.0001765000051818788,0
1657,0.00016160000814124942,0.0,0.00016240001423284411,0
1658,0.00015839998377487063,0.0,0.00015929999062791467,0
1659,0.0001686000032350421,0.00028220005333423615,0.0028435999993234873,1
1660,0.0003277999931015074,0.0,0.0003291000030003488,0
1661,0.0001637000241316855,0.0,0.00016470003174617887,0
1662,0.00018720002844929695,0.0,0.00018810003530234098,0
1663,0.00016519997734576464,0.0,0.000166199984960258,0
1664,0.00015899998834356666,0.0,0.0001598999951966107,0
1665,0.00017399998614564538,0.0,0.0001748999929986894,0
1666,0.0001601999974809587,0.0,0.00016120000509545207,0
1667,0.0001598999951966107,0.0,0.00016080000204965472,0
1668,0.00017169996863231063,0.0,0.00017259997548535466,0
1669,0.00016300001880154014,0.0,0.00016390002565458417,0
1670,0.0001577000366523862,0.0,0.00015850004274398088,0
1671,0.00017150002531707287,0.0,0.0001724000321701169,0
1672,0.00015879998682066798,0.0,0.00015959999291226268,0
1673,0.0001577000366523862,0.0,0.00015850004274398088,0
1674,0.0003554000286385417,0.0,0.00035659997956827283,0
1675,0.000242499983869493,0.0,0.00024339999072253704,0
1676,0.0002853000187315047,0.0,0.0002865000278688967,0
1677,0.00022360001457855105,0.0,0.00022469996474683285,0
1678,0.0002739999908953905,0.0,0.0002750999992713332,0
1679,0.0002639999729581177,0.0004089000285603106,0.0036142999888397753,1
1680,0.00030690000858157873,0.0,0.00032190000638365746,0
1681,0.00016549997963011265,0.0,0.00016659998800605536,0
1682,0.0001895000459626317,0.0,0.00019040005281567574,0
1683,0.00016070000128820539,0.0,0.00016170000890269876,0
1684,0.000159399991389364,0.0,0.00016029999824240804,0
1685,0.00017600000137463212,0.0,0.00017699995078146458,0
1686,0.00016009999671950936,0.0,0.0001610000035725534,0
1687,0.0001604999997653067,0.0,0.00016140000661835074,0
1688,0.00017149996710941195,0.0,0.00017249997472390532,0
1689,0.00015930004883557558,0.0,0.00016029999824240804,0
1690,0.00015889998758211732,0.0,0.00015969999367371202,0
1691,0.00017380004283040762,0.0,0.00017470004968345165,0
1692,0.00015919998986646533,0.0,0.00016009999671950936,0
1693,0.00015929999062791467,0.0,0.00016009999671950936,0
1694,0.00017149996710941195,0.0,0.000172399973962456,0
1695,0.00015849998453631997,0.0,0.000159399991389364,0
1696,0.00016830000095069408,0.0,0.00016920000780373812,0
1697,0.00017279997700825334,0.0,0.00017359998309984803,0
1698,0.00015820004045963287,0.0,0.000159099989105016,0
1699,0.00016950001008808613,0.00035149999894201756,0.003256900003179908,1
1700,0.00033900002017617226,0.0,0.00034030003007501364,0
1701,0.0001686000032350421,0.0,0.00016960001084953547,0
1702,0.0001917000045068562,0.0,0.0001928000128827989,0
1703,0.0001621000119484961,0.0,0.00016300001880154014,0
1704,0.00016529997810721397,0.0,0.00016629998572170734,0
1705,0.00018269999418407679,0.0,0.00018360000103712082,0
1706,0.00016179995145648718,0.0,0.0001626999583095312,0
1707,0.00016250001499429345,0.0,0.00016329996287822723,0
1708,0.00017249997472390532,0.0,0.00017339998157694936,0
1709,0.00016060000052675605,0.0,0.00016139994841068983,0
1710,0.00015949999215081334,0.0,0.00016039999900385737,0
1711,0.00017090002074837685,0.0,0.00017180002760142088,0
1712,0.00016150000737980008,0.0,0.00016250001499429345,0
1713,0.00016280001727864146,0.0,0.0001637000241316855,0
1714,0.00017110002227127552,0.0,0.00017200002912431955,0
1715,0.00015930004883557558,0.0,0.00016029999824240804,0
1716,0.0001680999994277954,0.0,0.00016900000628083944,0
1717,0.0001621000119484961,0.0,0.00016300001880154014,0
1718,0.00015810003969818354,0.0,0.00015890004578977823,0
1719,0.00017369998386129737,0.00035280000884085894,0.003566599974874407,1
1720,0.0005538000259548426,0.0,0.0005553000373765826,0
1721,0.0002894000499509275,0.0,0.0002906000008806586,0
1722,0.0002883999841287732,0.0,0.0002894999925047159,0
1723,0.00025020004250109196,0.0,0.0002511999919079244,0
1724,0.0001650999765843153,0.0,0.00016589998267591,0
1725,0.00023969996254891157,0.0,0.00024069997016340494,0
1726,0.000194900028873235,0.0,0.00019570003496482968,0
1727,0.000159399991389364,0.0,0.00016029999824240804,0
1728,0.0002022999688051641,0.0,0.00020329997641965747,0
1729,0.00027089996729046106,0.0,0.0002717999741435051,0
1730,0.00015930004883557558,0.0,0.0001601999974809587,0
1731,0.00017129996558651328,0.0,0.00017219997243955731,0
1732,0.00015799998072907329,0.0,0.00015899998834356666,0
1733,0.0001583000412210822,0.0,0.00015900004655122757,0
1734,0.00017469999147579074,0.0,0.0001756999990902841,0
1735,0.000159399991389364,0.0,0.00016029999824240804,0
1736,0.0001677999971434474,0.0,0.00016880000475794077,0
1737,0.0001610000035725534,0.0,0.00016190001042559743,0
1738,0.0001571999746374786,0.0,0.00015809998149052262,0
1739,0.0001702000154182315,0.00036040000850334764,0.003139900043606758,1
1740,0.00030620000325143337,0.0,0.0003073000116273761,0
1741,0.00016709999181330204,0.0,0.0001680999994277954,0
1742,0.00018919998547062278,0.0,0.00019029999384656549,0
1743,0.0001598999951966107,0.0,0.00016090000281110406,0
1744,0.0001577000366523862,0.0,0.00015860004350543022,0
1745,0.00018070003716275096,0.0,0.00018159998580813408,0
1746,0.00015879998682066798,0.0,0.00015969999367371202,0
1747,0.00015710003208369017,0.0,0.00015790003817528486,0
1748,0.0001702000154182315,0.0,0.00017110002227127552,0
1749,0.00015799998072907329,0.0,0.00015889998758211732,0
1750,0.00015549996169283986,0.0,0.00015629996778443456,0
1751,0.0001750999945215881,0.0,0.00017600000137463212,0
1752,0.00015700003132224083,0.0,0.00015790003817528486,0
1753,0.00015729997539892793,0.0,0.00015799998072907329,0
1754,0.00017010001465678215,0.0,0.0001710999640636146,0
1755,0.00015599996550008655,0.0,0.00015689997235313058,0
1756,0.0001650999765843153,0.0,0.00016609998419880867,0
1757,0.0001678000553511083,0.0,0.00016870000399649143,0
1758,0.0001558999647386372,0.0,0.00015689997235313058,0
1759,0.00016830000095069408,0.0004477999755181372,0.0035444999812170863,1
1760,0.0003293000045232475,0.0,0.0003307999577373266,0
1761,0.00028709997422993183,0.0,0.0002882999833673239,0
1762,0.00023210002109408379,0.0,0.0002332000294700265,0
1763,0.00023100001271814108,0.0,0.00023200002033263445,0
1764,0.00019310001516714692,0.0,0.00019400002202019095,0
1765,0.00024560000747442245,0.0,0.00024640001356601715,0
1766,0.00016070000128820539,0.0,0.00016160000814124942,0
1767,0.00015930004883557558,0.0,0.00018150004325434566,0
1768,0.00020650000078603625,0.0,0.00020740000763908029,0
1769,0.00017860002117231488,0.0,0.00017950002802535892,0
1770,0.00018440000712871552,0.0,0.00018530001398175955,0
1771,0.0001993000041693449,0.0,0.00020020001102238894,0
1772,0.00021109997760504484,0.0,0.00021199998445808887,0
1773,0.00022460002219304442,0.0,0.0002256000298075378,0
1774,0.0002445999998599291,0.0,0.0002455000067129731,0
1775,0.0001914000022225082,0.0,0.0001922000083141029,0
1776,0.00021329999435693026,0.0,0.0002142000012099743,0
1777,0.00016330002108588815,0.0,0.00016410002717748284,0
1778,0.00015839998377487063,0.0,0.00015929999062791467,0
1779,0.0002655999851413071,0.0003534999559633434,0.0031706999870948493,1
1780,0.00033540005097165704,0.0,0.00033680000342428684,0
1781,0.00016379996668547392,0.0,0.0001647999742999673,0
1782,0.00018820003606379032,0.0,0.00018910004291683435,0
1783,0.00016009999671950936,0.0,0.00016090000281110406,0
1784,0.00016070000128820539,0.0,0.00016160000814124942,0
1785,0.00017150002531707287,0.0,0.0001724000321701169,0
1786,0.00016009999671950936,0.0,0.00016090000281110406,0
1787,0.00015819998225197196,0.0,0.00015899998834356666,0
1788,0.00017040001694113016,0.0,0.00017140002455562353,0
1789,0.00016330002108588815,0.0,0.00016410002717748284,0
1790,0.00015769997844472528,0.0,0.0001585999852977693,0
1791,0.00017059996025636792,0.0,0.00017149996710941195,0
1792,0.00015729997539892793,0.0,0.00015809998149052262,0
1793,0.00015879998682066798,0.0,0.00015959999291226268,0
1794,0.00017030001617968082,0.0,0.00017110002227127552,0
1795,0.00016240001423284411,0.0,0.00016340002184733748,0
1796,0.00016769999638199806,0.0,0.0001686000032350421,0
1797,0.00016220001270994544,0.0,0.00016300001880154014,0
1798,0.00015839998377487063,0.0,0.00015919998986646533,0
1799,0.0001702000154182315,0.0003501999890431762,0.00287580001167953,1
1800,0.0003223999519832432,0.0,0.00032359996112063527,0
1801,0.00016579998191446066,0.0,0.0001666999887675047,0
1802,0.00021269998978823423,0.0,0.0002136999974027276,0
1803,0.00016359996516257524,0.0,0.00016439997125416994,0
1804,0.0001613000058569014,0.0,0.00016219995450228453,0
1805,0.000172699976246804,0.0,0.0001734999823383987,0
1806,0.00016759999562054873,0.0,0.00016850000247359276,0
1807,0.00016029999824240804,0.0,0.00016120000509545207,0
1808,0.00017800001660361886,0.0,0.0001789000234566629,0
1809,0.00015999999595806003,0.0,0.00016090000281110406,0
1810,0.00015879998682066798,0.0,0.00015959999291226268,0
1811,0.00017110002227127552,0.0,0.00017190002836287022,0
1812,0.00015949999215081334,0.0,0.00016039999900385737,0
1813,0.00016300001880154014,0.0,0.00016390002565458417,0
1814,0.0003294000052846968,0.0,0.0003305000136606395,0
1815,0.00022360001457855105,0.0,0.00022440002067014575,0
1816,0.0001925000105984509,0.0,0.00019350001821294427,0
1817,0.00034820003202185035,0.0,0.0003497000434435904,0
1818,0.0003291000030003488,0.0,0.00033030001213774085,0
1819,0.0003532000118866563,0.00044710002839565277,0.003396900021471083,1
1820,0.000368200009688735,0.0,0.00036939996061846614,0
1821,0.0001647999742999673,0.0,0.00016579998191446066,0
1822,0.00018999999156221747,0.0,0.00019099999917671084,0
1823,0.0001618000096641481,0.0,0.0001626999583095312,0
1824,0.00015969999367371202,0.0,0.00016070000128820539,0
1825,0.00017600000137463212,0.0,0.00017680000746622682,0
1826,0.00015949999215081334,0.0,0.00016029999824240804,0
1827,0.00015959999291226268,0.0,0.0001604999997653067,0
1828,0.00017110002227127552,0.0,0.0001721000298857689,0
1829,0.00015950005035847425,0.0,0.0001604999997653067,0
1830,0.00015769997844472528,0.0,0.00015849998453631997,0
1831,0.00017479999223724008,0.0,0.0001756999990902841,0
1832,0.000159399991389364,0.0,0.0001601999974809587,0
1833,0.00015790003817528486,0.0,0.00015870004426687956,0
1834,0.0001700000138953328,0.0,0.00017090002074837685,0
1835,0.0001582999830134213,0.0,0.00015919998986646533,0
1836,0.00016689999029040337,0.0,0.00016789999790489674,0
1837,0.00016279995907098055,0.0,0.00016379996668547392,0
1838,0.00015759997768327594,0.0,0.00015839998377487063,0
1839,0.0001702999579720199,0.00034030003007501364,0.002993699978105724,1
1840,0.00032299995655193925,0.0,0.00032429996645078063,0
1841,0.00016540003707632422,0.0,0.00016630004392936826,0
1842,0.00019200000679120421,0.0,0.00019290001364424825,0
1843,0.0001613000058569014,0.0,0.0001621000119484961,0
1844,0.00016739999409765005,0.0,0.00016830000095069408,0
1845,0.0001750999945215881,0.0,0.00017610000213608146,0
1846,0.00015879998682066798,0.0,0.00015969999367371202,0
1847,0.0001574999769218266,0.0,0.0001582999830134213,0
1848,0.0001914000022225082,0.0,0.00019240000983700156,0
1849,0.00015949999215081334,0.0,0.0001604999997653067,0
1850,0.000159399991389364,0.0,0.00016039999900385737,0
1851,0.00017069996101781726,0.0,0.0001715999678708613,0
1852,0.00015899998834356666,0.0,0.0001598999951966107,0
1853,0.00015889998758211732,0.0,0.00015969999367371202,0
1854,0.0001745999907143414,0.0,0.00017549999756738544,0
1855,0.00015799998072907329,0.0,0.00015879998682066798,0
1856,0.00016789999790489674,0.0,0.00016870000399649143,0
1857,0.00016280001727864146,0.0,0.0001637000241316855,0
1858,0.00015849998453631997,0.0,0.00015929999062791467,0
1859,0.0001694000093266368,0.0003529000096023083,0.003374299965798855,1
1860,0.0005416999920271337,0.0,0.0005436000064946711,0
1861,0.0004064000095240772,0.0,0.00040799996349960566,0
1862,0.00033439998514950275,0.0,0.00033599999733269215,0
1863,0.0003453000099398196,0.0,0.0003465000190772116,0
1864,0.00018480001017451286,0.0,0.0001857000170275569,0
1865,0.00018069997895509005,0.0,0.00018159998580813408,0
1866,0.00039409997407346964,0.0,0.00039519998244941235,0
1867,0.00021730002481490374,0.0,0.00021820003166794777,0
1868,0.00036369997542351484,0.0,0.0003645999822765589,0
1869,0.00020750000840052962,0.0,0.0002082999562844634,0
1870,0.0001621000119484961,0.0,0.0001629000180400908,0
1871,0.00024830002803355455,0.0,0.0002491999766789377,0
1872,0.00016719999257475138,0.0,0.0001680999994277954,0
1873,0.00016300001880154014,0.0,0.00016380002489313483,0
1874,0.0002445999998599291,0.0,0.0002455000067129731,0
1875,0.0001618000096641481,0.0,0.00016280001727864146,0
1876,0.00017209997167810798,0.0,0.00017309997929260135,0
1877,0.00023639999562874436,0.0,0.0002373000024817884,0
1878,0.00016329996287822723,0.0,0.00016419996973127127,0
1879,0.00023989996407181025,0.00032049999572336674,0.0031719999969936907,1
1880,0.000395399983972311,0.0,0.0003968999953940511,0
1881,0.00022280000848695636,0.0,0.00022390001686289907,0
1882,0.0002843000111170113,0.0,0.0002853000187315047,0
1883,0.00017280003521591425,0.0,0.00017370004206895828,0
1884,0.00016200001118704677,0.0,0.00016300001880154014,0
1885,0.0002471000188961625,0.0,0.0002482000272721052,0
1886,0.00018649996491149068,0.0,0.00018749997252598405,0
1887,0.00018289999570697546,0.0,0.00018390000332146883,0
1888,0.00024560000747442245,0.0,0.0002465000143274665,0
1889,0.00016550003783777356,0.0,0.00016639998648315668,0
1890,0.00016060000052675605,0.0,0.00016150000737980008,0
1891,0.00024510000366717577,0.0,0.00024610001128166914,0
1892,0.0001800000318326056,0.0,0.00018100003944709897,0
1893,0.00016170000890269876,0.0,0.0001626000157557428,0
1894,0.00024610001128166914,0.0,0.0002471000188961625,0
1895,0.0001632000203244388,0.0,0.0001640000264160335,0
1896,0.00017680000746622682,0.0,0.00017780001508072019,0
1897,0.00025890005053952336,0.0,0.0002597999991849065,0
1898,0.00016459997277706861,0.0,0.0001653999788686633,0
1899,0.00024149997625499964,0.00043129996629431844,0.0033510999637655914,1
1900,0.0003575999871827662,0.0,0.00035909999860450625,0
1901,0.0002785999677143991,0.0,0.0002796999760903418,0
1902,0.00021460000425577164,0.0,0.0002158999559469521,0
1903,0.00030419998802244663,0.0,0.00030559999868273735,0
1904,0.00025099999038502574,0.0,0.0002519999979995191,0
1905,0.00024970003869384527,0.0,0.000250800047069788,0
1906,0.00022250000620260835,0.0,0.00022350001381710172,0
1907,0.00027380004758015275,0.0,0.00027469999622553587,0
1908,0.0002142000012099743,0.0,0.00021520000882446766,0
1909,0.00015949999215081334,0.0,0.00016029999824240804,0
1910,0.0001588000450283289,0.0,0.00015959999291226268,0
1911,0.000185999961104244,0.0,0.00018689996795728803,0
1912,0.00016199995297938585,0.0,0.00016289995983242989,0
1913,0.0001582999830134213,0.0,0.00015919998986646533,0
1914,0.00017100002150982618,0.0,0.00017190002836287022,0
1915,0.00015780003741383553,0.0,0.0001585999852977693,0
1916,0.000166199984960258,0.0,0.00016709999181330204,0
1917,0.00015940004959702492,0.0,0.0001601999974809587,0
1918,0.0001604999997653067,0.0,0.00016150000737980008,0
1919,0.00016920000780373812,0.0003656999906525016,0.0030263999942690134,1
1920,0.00033179996535182,0.0,0.00033299997448921204,0
1921,0.00016490003326907754,0.0,0.00016580004012212157,0
1922,0.00018989999080076814,0.0,0.00019099999917671084,0
1923,0.00016220001270994544,0.0,0.0001632000203244388,0
1924,0.0001639999682083726,0.0,0.0001647999742999673,0
1925,0.00017260003369301558,0.0,0.00017360004130750895,0
1926,0.00015999999595806003,0.0,0.00016080000204965472,0
1927,0.00015850004274398088,0.0,0.000159399991389364,0
1928,0.00017220003064721823,0.0,0.00017309997929260135,0
1929,0.00015899998834356666,0.0,0.00015979999443516135,0
1930,0.00018010003259405494,0.0,0.00018090003868564963,0
1931,0.00017150002531707287,0.0,0.0001724000321701169,0
1932,0.00015899998834356666,0.0,0.00015999999595806003,0
1933,0.00015900004655122757,0.0,0.0001598999951966107,0
1934,0.0001716000260785222,0.0,0.00017249997472390532,0
1935,0.00015769997844472528,0.0,0.0001585999852977693,0
1936,0.00017120002303272486,0.0,0.0001721000298857689,0
1937,0.00016240001423284411,0.0,0.00016330002108588815,0
1938,0.00015820004045963287,0.0,0.00015900004655122757,0
1939,0.00016930000856518745,0.0003774999640882015,0.003193699987605214,1
1940,0.0003733999910764396,0.0,0.00037480000173673034,0
1941,0.00021250004647299647,0.0,0.0002136999974027276,0
1942,0.0001852000132203102,0.0,0.00018610002007335424,0
1943,0.00015889998758211732,0.0,0.00015979999443516135,0
1944,0.00015670002903789282,0.0,0.00015760003589093685,0
1945,0.00021269998978823423,0.0,0.00021359999664127827,0
1946,0.00015599996550008655,0.0,0.00015679997159168124,0
1947,0.00015419995179399848,0.0,0.0001550999586470425,0
1948,0.00016639998648315668,0.0,0.00016719999257475138,0
1949,0.00015460001304745674,0.0,0.00015540001913905144,0
1950,0.00015360000543296337,0.0,0.00015439995331689715,0
1951,0.00021929998183622956,0.0,0.0002201999886892736,0
1952,0.00023329997202381492,0.0,0.0002340999781154096,0
1953,0.0001998000079765916,0.0,0.00020060001406818628,0
1954,0.00027600000612437725,0.0,0.0002769000129774213,0
1955,0.00030340004013851285,0.0,0.000304899993352592,0
1956,0.0005201000021770597,0.0,0.0005218000151216984,0
1957,0.00027679995400831103,0.0,0.00027789996238425374,0
1958,0.00017969997134059668,0.0,0.00018069997895509005,0
1959,0.00025260000256821513,0.00045980000868439674,0.003460100037045777,1
1960,0.00029420002829283476,0.0,0.0002954000374302268,0
1961,0.00017149996710941195,0.0,0.00017249997472390532,0
1962,0.0001886999816633761,0.0,0.0001897999900393188,0
1963,0.00016140000661835074,0.0,0.00016220001270994544,0
1964,0.0001577000366523862,0.0,0.0001585999852977693,0
1965,0.00017180002760142088,0.0,0.0001727000344544649,0
1966,0.0001582999830134213,0.0,0.000159099989105016,0
1967,0.00016110000433400273,0.0,0.00016200001118704677,0
1968,0.00017090002074837685,0.0,0.00017179996939375997,0
1969,0.00015849998453631997,0.0,0.000159399991389364,0
1970,0.00015790003817528486,0.0,0.00015879998682066798,0
1971,0.0001697000116109848,0.0,0.00017060001846402884,0
1972,0.00015809998149052262,0.0,0.00015899998834356666,0
1973,0.00017640000442042947,0.0,0.0001773000112734735,0
1974,0.00017139996634796262,0.0,0.00017229997320100665,0
1975,0.00015870004426687956,0.0,0.0001596000511199236,0
1976,0.0001677999971434474,0.0,0.0001686000032350421,0
1977,0.00016220001270994544,0.0,0.00016300001880154014,0
1978,0.0001623999560251832,0.0,0.00016329996287822723,0
1979,0.0001699999556876719,0.00033660000190138817,0.0029748999513685703,1
1980,0.0003117000451311469,0.0,0.0003128000535070896,0
1981,0.0001626999583095312,0.0,0.00016369996592402458,0
1982,0.00018729997100308537,0.0,0.00018829997861757874,0
1983,0.00016150000737980008,0.0,0.00016250001499429345,0
1984,0.00016389996744692326,0.0,0.00016469997353851795,0
1985,0.00018159998580813408,0.0,0.00018259999342262745,0
1986,0.00016140000661835074,0.0,0.00016220001270994544,0
1987,0.00015899998834356666,0.0,0.00015979999443516135,0
1988,0.00017129996558651328,0.0,0.00017229997320100665,0
1989,0.00015819998225197196,0.0,0.00015899998834356666,0
1990,0.00024050002684816718,0.0,0.0002416000352241099,0
1991,0.0001805999781936407,0.0,0.00018159998580813408,0
1992,0.00016219995450228453,0.0,0.00016299996059387922,0
1993,0.0001618000096641481,0.0,0.0001626999583095312,0
1994,0.00017259997548535466,0.0,0.0001734999823383987,0
1995,0.00016379996668547392,0.0,0.00016469997353851795,0
1996,0.00016770005458965898,0.0,0.00016859994502738118,0
1997,0.0001626000157557428,0.0,0.00016339996363967657,0
1998,0.00016639998648315668,0.0,0.00016729999333620071,0
1999,0.00016609998419880867,0.0003806999884545803,0.0035663999733515084,1
